Date,Open,High,Low,Close,Volume,EMA20,EMA50,RSI,EMA12,EMA26,MACD,MACD_Signal,MACD_Hist,BB_Middle,BB_Std,BB_Upper,BB_Lower
2012-01-01,83.27,83.84,81.17,83.84,799,83.84,83.84,,83.84,83.84,0.0,0.0,0.0,,,,
2012-01-02,83.84,87.08,84.12,85.84,1002,84.0304761904762,83.91843137254902,100.0,84.14769230769231,83.98814814814816,0.15954415954415424,0.03190883190883085,0.1276353276353234,,,,
2012-01-03,85.84,87.37,85.08,85.08,2653,84.13043083900227,83.96398308342947,97.15994020926755,84.29112426035503,84.06902606310015,0.2220981972548799,0.06994670497804066,0.15215149227683922,,,,
2012-01-04,85.08,83.46,80.31,82.5,490,83.97515171147825,83.9065719821185,88.02083333333333,84.01556668183888,83.95280191027793,0.06276477156094984,0.06851031829462251,-0.0057455467336726684,,,,
2012-01-05,82.5,83.46,81.84,81.84,121,83.7718039294327,83.82552994360405,85.79752253307716,83.68086411540212,83.79629806507215,-0.11543394967003451,0.031721464701691106,-0.1471554143717256,,,,
2012-01-08,81.84,80.6,77.64,79.17,4835,83.33353688853435,83.6429601418941,77.29199547089095,82.98688502072487,83.45360931951124,-0.46672429878637445,-0.06796768799592201,-0.39875661079045244,,,,
2012-01-09,79.17,80.69,79.17,80.69,195,83.0817714705787,83.52715778338845,78.59305787667012,82.6335180944595,83.24889751806596,-0.6153794236064556,-0.17745003511802873,-0.4379293884884269,,,,
2012-01-10,80.69,82.22,80.6,80.6,658,82.84541228290453,83.41236728207909,78.30696755436958,82.32066915685036,83.05268288709811,-0.7320137302477576,-0.2883627741439745,-0.44365095610378313,,,,
2012-01-11,80.6,83.36,80.6,83.36,969,82.89442063691362,83.41031366317402,80.63499382250488,82.4805662096426,83.07544711768344,-0.5948809080408353,-0.34966640092334667,-0.2452145071174886,,,,
2012-01-12,83.36,86.22,82.03,86.22,773,83.21114248101709,83.52049744108876,82.70609925175246,83.05586371585143,83.30837696081801,-0.252513244966579,-0.33023576973199315,0.07772252476541414,,,,
2012-01-16,86.22,84.51,82.69,83.84,235,83.27103367330119,83.53302695320292,75.47228012673779,83.1765000672589,83.34775644520187,-0.17125637794296722,-0.29843989137418797,0.12718351343122075,,,,
2012-01-17,83.84,82.5,78.21,82.12,2244,83.16141141870108,83.47761413150869,70.66218834338905,83.0139615953729,83.25681152333506,-0.24284992796215477,-0.2873218986917814,0.04447197072962661,,,,
2012-01-18,82.12,84.12,79.17,84.12,1617,83.25270556930097,83.50280573419462,72.83055579191324,83.18412134993092,83.32075141049542,-0.13663006056449944,-0.25718353106632497,0.12055347050182552,,,,
2012-01-22,84.12,82.98,79.74,79.74,1273,82.9181621817485,83.35524472501052,62.01962478992329,82.65425652686463,83.05551056527354,-0.40125403840890783,-0.28599763253484156,-0.11525640587406627,,,,
2012-01-23,79.74,80.4,78.78,79.64,1255,82.60595625967721,83.20954885344149,61.794093393385715,82.19052475350084,82.80250978266068,-0.6119850291598397,-0.3511951118598412,-0.26078991729999845,,,,
2012-01-25,79.64,80.12,78.69,80.12,442,82.36919852066033,83.08839007487516,62.49902399856416,81.87198248373147,82.60380535431544,-0.7318228705839687,-0.4273206636046667,-0.30450220697930197,,,,
2012-01-26,80.12,79.17,78.78,79.17,408,82.06451294726412,82.9347277189977,60.13417054799024,81.45629287084971,82.34944940214393,-0.893156531294224,-0.5204878371425782,-0.37266869415164583,,,,
2012-01-29,79.17,79.17,78.5,79.17,496,81.78884504752469,82.78709133786055,60.13417054799024,81.10455550610361,82.11393463161475,-1.0093791255111455,-0.6182660948162917,-0.3911130306948538,,,,
2012-01-31,79.17,80.6,80.31,80.31,143,81.64800266204615,82.68995050108171,62.12848784709632,80.98231619747229,81.98030984408773,-0.9979936466154413,-0.6942116051761217,-0.30378204143931964,,,,
2012-02-01,80.31,80.12,79.36,79.36,250,81.43009764661318,82.55936420692164,59.4590791669696,80.73272909016886,81.78621281859975,-1.0534837284308907,-0.7660660298270755,-0.28741769860381516,81.8365,2.3692221130684645,86.57494422613694,77.09805577386307
2012-02-02,79.36,81.07,79.45,81.07,382,81.39580263265002,82.50095776743451,62.57603912953879,80.78461692245058,81.73316001722199,-0.9485430947714093,-0.8025614428159422,-0.14598165195546708,81.69800000000001,2.326516709589674,86.35103341917936,77.04496658082066
2012-02-05,81.07,80.12,78.59,79.07,1035,81.17429762001669,82.3664104040057,57.05118457046569,80.52082970361204,81.53588890483518,-1.0150592012231385,-0.8450609944973815,-0.16999820672575705,81.3595,2.180047017841576,85.71959403568314,76.99940596431685
2012-02-06,79.07,79.07,78.59,78.59,545,80.92817403715796,82.21831587835842,55.77834310737585,80.22377897997941,81.31767491188442,-1.0938959319050099,-0.8948279819789072,-0.19906794992610266,81.035,2.0777201574397637,85.19044031487952,76.87955968512047
2012-02-07,78.59,79.45,78.21,79.17,816,80.76072889076197,82.09877407920712,57.025976819333486,80.06165913690566,81.15858788137447,-1.096928744468812,-0.9352481344768883,-0.1616806099919238,80.86850000000001,2.087545209091274,85.04359041818256,76.69340958181746
2012-02-08,79.17,80.21,79.17,80.21,187,80.70827852021321,82.0247045074735,59.24626591994475,80.08448080815094,81.08832211238376,-1.0038413042328216,-0.9489667684280749,-0.05487453580474666,80.787,2.079423249997823,84.94584649999565,76.62815350000436
2012-02-09,80.21,80.12,79.17,80.12,437,80.65225199447862,81.95001021306278,58.96236144665525,80.08994529920464,81.01659454850349,-0.9266492492988476,-0.9445032646022296,0.01785401530338193,80.8345,2.0512011243735975,84.9369022487472,76.73209775125281
2012-02-12,80.12,80.4,78.97,80.4,1780,80.62822799500447,81.88922549882503,59.61081157980986,80.13764602240393,80.97092087824399,-0.8332748558400596,-0.9222575828497956,0.08898272700973608,80.82000000000001,2.053300295929236,84.92660059185847,76.71339940814154
2012-02-13,80.4,83.55,79.36,83.55,885,80.90649199548022,81.95435391063582,66.10051096212341,80.6626235574187,81.16196377615184,-0.4993402187331384,-0.8376741100264643,0.3383338912933259,80.9675,2.1407595184395203,85.24901903687905,76.68598096312095
2012-02-14,83.55,82.98,82.03,82.03,447,81.01349275781544,81.95732042394422,61.00657138981827,80.87298916396968,81.22626275569614,-0.3532735917264631,-0.7407940063664641,0.387520414640001,80.901,2.082389568690115,85.06577913738023,76.73622086261976
2012-02-15,82.03,82.03,80.4,80.4,182,80.95506487611874,81.89624903476995,56.02085674407047,80.80022160028203,81.16505810712604,-0.36483650684401425,-0.665602506461974,0.3007659996179598,80.60999999999999,1.664745910752852,83.93949182150568,77.28050817849429
2012-02-16,80.4,81.07,79.45,81.07,1286,80.96601107839315,81.86384711183779,57.55630732539829,80.84172596946941,81.15801676585744,-0.3162907963880315,-0.5957401644471855,0.279449368059154,80.4715,1.4876908104066302,83.44688162081327,77.49611837918674
2012-02-21,81.07,81.07,79.74,81.07,170,80.97591478521285,81.83271585255002,57.55630732539829,80.8768450510895,81.15149700542355,-0.2746519543340469,-0.5315225224245578,0.2568705680905109,80.41900000000001,1.4443497899710391,83.3076995799421,77.53030042005793
2012-02-23,81.07,81.07,80.6,81.07,79,80.98487528185925,81.80280542695982,57.556307325398286,80.90656119707573,81.14546019020699,-0.23889899313125795,-0.47299781656589784,0.2340988234346399,80.2665,1.1674996900709196,82.60149938014183,77.93150061985816
2012-02-26,81.07,81.64,79.45,80.5,1025,80.93869668358694,81.75171501805944,55.497495901865705,80.84401332060254,81.09764832426573,-0.2536350036631916,-0.4291252539853566,0.17549025032216503,80.30449999999999,1.161815616315986,82.62813123263196,77.98086876736802
2012-02-27,80.5,80.79,79.26,80.79,1055,80.9245350946739,81.71400070362574,56.35293001862288,80.83570357897138,81.07485955950531,-0.23915598053393694,-0.3911313992950727,0.15197541876113574,80.362,1.1556388071674848,82.67327761433496,78.05072238566503
2012-02-28,80.79,82.69,80.6,82.69,825,81.09267460946685,81.75227518583651,61.565624097533856,81.12097995143732,81.19449959213455,-0.07351964069722783,-0.3276090475755037,0.25408940687827586,80.4905,1.2650212188775498,83.0205424377551,77.9604575622449
2012-02-29,82.69,82.88,82.03,82.12,602,81.19051512285095,81.7666957667841,59.27839576032821,81.27467534352388,81.26305517790236,0.01162016562152246,-0.25976320493609845,0.2713833705576209,80.638,1.2748935972113322,83.18778719442267,78.08821280557734
2012-03-01,82.12,84.6,82.5,84.6,497,81.51522796829371,81.87780573671412,65.3159678023305,81.78626375221252,81.51023627583552,0.27602747637699565,-0.15260506867347962,0.42863254505047527,80.90950000000001,1.5035028398621733,83.91650567972435,77.90249432027566
2012-03-04,84.6,83.55,82.98,83.36,590,81.69092054274192,81.93593100194101,60.48700133613246,82.0283770211029,81.64725581095881,0.3811212101440873,-0.04585981290996624,0.4269810230540535,81.06199999999998,1.5915950291585,84.24519005831698,77.87880994168299
2012-03-05,83.36,84.6,82.6,84.22,571,81.93178525295697,82.02550233519823,62.55472860554122,82.36554978708706,81.83782945459149,0.5277203324955764,0.06885621617114229,0.4588641163244341,81.30499999999999,1.6862524628361555,84.67750492567231,77.93249507432768
2012-03-06,84.22,84.41,83.46,84.12,301,82.14018665743725,82.10763949852378,62.14747681851555,82.63546520445827,82.00687912462173,0.6285860798365377,0.18080218890422137,0.4477838909323163,81.45750000000001,1.7980892636351373,85.05367852727028,77.86132147272974
2012-03-11,84.12,84.41,82.79,84.41,361,82.35635935672894,82.1979281456405,62.90176752027623,82.90847055761853,82.18488807835345,0.723582479265076,0.28935824697639234,0.4342242322886837,81.72449999999999,1.821229992123585,85.36695998424716,78.08204001575282
2012-03-12,84.41,84.12,83.93,83.93,256,82.50622989418333,82.26585253208599,60.744141161737005,83.06562893336952,82.31415562810504,0.7514733052644829,0.38178125863401047,0.3696920466304724,81.9915,1.7264818958917736,85.44446379178355,78.53853620821646
2012-03-13,83.93,83.93,82.31,83.93,501,82.64182704711826,82.33111321710223,60.744141161737005,83.19860909746652,82.43384780380096,0.7647612936655577,0.45837726564032,0.3063840280252377,82.2295,1.6431371631248726,85.51577432624974,78.94322567375026
2012-03-14,83.93,83.46,82.03,82.03,389,82.58355780453556,82.31930485564725,52.48014434767829,83.01882308247167,82.40393315166754,0.6148899308041251,0.4896797986730811,0.12521013213104404,82.32050000000001,1.5743652856410186,85.46923057128205,79.17176942871797
2012-03-15,82.03,81.26,79.74,81.26,446,82.45750468029408,82.27776348875912,49.53875420055075,82.74823491593756,82.31919736265513,0.4290375532824271,0.47755134959495027,-0.04851379631252317,82.3775,1.5098165625768998,85.3971331251538,79.3578668748462
2012-03-18,81.26,82.88,81.07,82.69,168,82.47964709169463,82.29392962645485,54.625072684996184,82.73927569810101,82.34666422468068,0.392611473420331,0.4605633743600264,-0.06795190093969544,82.492,1.437034959102998,85.366069918206,79.61793008179401
2012-03-19,82.69,84.12,81.36,84.12,281,82.6358711781999,82.36554022933898,59.06822169801054,82.95169482147008,82.47802243025988,0.47367239121020077,0.46318517773006135,0.010487213480139423,82.5205,1.4645116843795252,85.44952336875905,79.59147663124095
2012-03-20,84.12,83.36,80.79,83.36,307,82.70483582789515,82.40453865171784,55.93343041724453,83.01451100278238,82.54335410209248,0.47115690068990546,0.4647795223220302,0.006377378367875275,82.587,1.47124759088474,85.52949518176948,79.64450481823053
2012-03-21,83.36,83.74,81.07,83.74,900,82.80342289190514,82.45690968498381,57.15771408744855,83.12612469466202,82.63199453897451,0.4941301556875146,0.4706496489951271,0.023480506692387493,82.754,1.3976574386413174,85.54931487728264,79.95868512271737
2012-03-25,83.74,83.74,80.6,83.74,521,82.89262071172371,82.50722695223935,57.15771408744855,83.2205670493294,82.71406901756899,0.5064980317604153,0.4778193255481848,0.02867870621223051,82.8875,1.3552116750568721,85.59792335011375,80.17707664988626
2012-03-26,83.74,82.12,82.12,82.12,50,82.81903778679764,82.4920415815633,50.25453896373009,83.05124904174026,82.67006390515647,0.38118513658379527,0.45849248775530693,-0.07730735117151166,82.94,1.3003238463025593,85.54064769260512,80.33935230739488
2012-03-27,82.12,83.27,81.07,82.69,342,82.80674847376929,82.49980465679612,52.43143943574409,82.99567226608791,82.67154065292266,0.32413161316524963,0.4316203128372955,-0.10748869967204588,83.021,1.226041555061149,85.4730831101223,80.5689168898777
2012-03-28,82.69,82.69,81.07,82.69,317,82.79562957150554,82.50726329770607,52.43143943574409,82.94864576361284,82.67290801196543,0.2757377516474122,0.4004438005993189,-0.12470604895190668,83.13050000000001,1.0778803517234603,85.28626070344693,80.9747392965531
2012-03-29,82.69,82.69,81.07,82.69,64,82.78556961231453,82.51442944289408,52.43143943574409,82.9088541076724,82.67417408515318,0.23468002251921405,0.36729104498329795,-0.1326110224640839,83.2255,0.9350005629043688,85.09550112580874,81.35549887419126
2012-04-01,82.69,81.26,79.64,81.26,981,82.64027726828458,82.46523613140805,46.1089824496313,82.65518424495356,82.56942044921591,0.08576379573764825,0.31098559513416807,-0.22522179939651982,83.154,1.0281429349739035,85.2102858699478,81.0977141300522
2012-04-02,81.26,83.93,81.26,83.93,270,82.76310800463844,82.522677851745,56.62582237045729,82.85130974572994,82.67020411964435,0.18110562608558212,0.28500960132445086,-0.10390397523886874,83.24449999999999,1.0118689066328863,85.26823781326576,81.22076218673422
2012-04-03,83.93,84.98,82.69,83.46,145,82.82947867086335,82.55943558304911,54.60569793499959,82.94495440023303,82.72870751818921,0.21624688204381926,0.27125705746832457,-0.055010175424505314,83.1875,0.9623921675753794,85.11228433515076,81.26271566484924
2012-04-04,83.46,86.03,83.74,86.03,106,83.13429022601922,82.69553614841973,62.486510709207636,83.41957680019718,82.97324770202705,0.4463290981701249,0.3062714656086846,0.14005763256144027,83.321,1.1537440197711963,85.62848803954239,81.0135119604576
2012-04-08,86.03,85.36,83.84,85.36,318,83.34626258544596,82.80002492691308,59.58239455490523,83.71810344632068,83.15004416854356,0.5680592777771238,0.3586290280423725,0.20943024973475133,83.37800000000001,1.2263707690408294,85.83074153808167,80.92525846191836
2012-04-09,85.36,85.94,84.32,85.94,906,83.59328519635586,82.92316120428904,61.26087168081045,84.05993368534827,83.35670756346626,0.7032261218820111,0.42754844681030024,0.2756776750717108,83.469,1.3460151715731719,86.16103034314634,80.77696965685365
2012-04-10,85.94,85.08,84.89,84.89,249,83.71678184432197,83.00029213745418,56.67245487945897,84.18763619529469,83.47028478098728,0.7173514143074016,0.48550904030972053,0.23184237399768104,83.49300000000001,1.3677799915421522,86.22855998308431,80.75744001691571
2012-04-11,84.89,88.23,84.41,86.8,1173,84.01042166867227,83.14930028892657,62.21632044157828,84.5895383190955,83.716930352766,0.8726079663294968,0.5629288255136758,0.30967914081582093,83.6365,1.5539263512995203,86.74435270259904,80.52864729740095
2012-04-12,86.8,94.24,87.75,94.24,1316,84.98466722403681,83.58422968936082,75.41327146181246,86.07422473154234,84.49641699330185,1.5778077382404945,0.7659046080590396,0.8119031301814549,84.152,2.836902684637791,89.82580536927559,78.47819463072442
2012-04-15,94.24,102.53,96.05,102.53,1840,86.65565129793808,84.32720107409178,82.67463319207742,88.60588246515121,85.83223795676096,2.773644508390248,1.1674525881252813,1.6061919202649668,85.17699999999999,4.947874716534978,95.07274943306994,75.28125056693004
2012-04-17,102.53,112.74,94.81,95.38,2664,87.4865416505154,84.76064416922543,64.87757794749581,89.64805439358949,86.53947958959348,3.1085748039960066,1.5556770312994264,1.5528977726965802,85.88300000000001,5.350540651481643,96.5840813029633,75.18191869703672
2012-04-18,95.38,103.11,90.71,103.11,1741,88.97449006475205,85.48022675082444,71.91622893759396,91.71912294842187,87.76692554591989,3.95219740250198,2.034981105539937,1.9172162969620432,86.904,6.527927373176981,99.95985474635395,73.84814525364604
2012-04-19,103.11,109.11,102.82,107.78,3104,90.76549101096614,86.35472766255683,75.15556607431402,94.19002711020312,89.24937550548137,4.940651604721751,2.6161152053762997,2.324536399345451,88.087,7.979347750682091,104.04569550136418,72.12830449863583
2012-04-22,107.78,114.46,107.78,114.46,3423,93.02211091468365,87.45689520520166,78.90396517409738,97.30848447786417,91.116829171742,6.191655306122172,3.3312232255254743,2.8604320805966976,89.642,9.826280337093856,109.29456067418771,69.98943932581228
2012-04-24,114.46,125.9,116.74,125.9,880,96.15333844661853,88.96446794225258,83.49628957735248,101.70717917357737,93.69336034420556,8.013818829371814,4.267742346294742,3.746076483077072,91.75,12.61889894270951,116.98779788541901,66.51220211458099
2012-04-25,125.9,138.49,128.38,138.3,3631,100.16730621360725,90.89919468961523,86.84024128004417,107.33684391610393,96.9975558742644,10.339288041839524,5.4820514854037,4.857236556435824,94.478,16.18868727814189,126.85537455628378,62.10062544371621
2012-04-26,138.3,147.84,133.53,147.84,6246,104.70756276469227,93.13216744688522,88.73189134784337,113.56809869824178,100.76366284654111,12.804435851700674,6.946528358663095,5.85790749303758,97.764,19.812576123048167,137.38915224609633,58.13884775390366
2012-04-29,147.84,146.69,139.35,143.07,4632,108.36112821567396,95.09051382151718,82.35733661102394,118.10685274466611,103.89746559864918,14.209387146016937,8.399100116133864,5.810287029883073,100.783,21.886484918900575,144.55596983780114,57.01003016219885
2012-04-30,143.07,140.21,131.62,133.53,2746,110.75816362370502,96.59794465204591,71.32149996830877,120.4796446301021,106.09246814689739,14.387176483204712,9.596715389548034,4.790461093656678,103.325,22.614760317335346,148.5545206346707,58.09547936532931
2012-05-02,133.53,130.86,120.18,120.18,956,111.65548137382835,97.52273113627942,59.33869398160925,120.43354545624024,107.13598902490499,13.297556431335252,10.336883597905478,2.960672833429774,105.19950000000001,22.36671998516403,149.93293997032808,60.46606002967196
2012-05-03,120.18,132.2,122.56,132.2,522,113.6121021953685,98.88262403289592,65.03484395818437,122.24376923220328,108.99258243046759,13.251186801735685,10.919744238671521,2.3314425630641633,107.7465,22.397504859858103,152.5415097197162,62.95149028028379
2012-05-07,132.2,145.36,134.77,145.36,1302,116.6357115100953,100.70526622768432,69.99141871220122,125.80011242724893,111.68646521339592,14.113647213853014,11.558524833707821,2.5551223801451926,110.81800000000001,23.15870158163811,157.13540316327624,64.50059683672379
2012-05-08,145.36,151.18,140.21,145.36,4092,119.37135803294338,102.45643225797122,69.99141871220122,128.80932589997985,114.18080112351474,14.628524776465113,12.17252482225928,2.455999954205833,113.91300000000001,23.44455140381907,160.80210280763816,67.02389719236187
2012-05-09,145.36,148.22,134.96,139.16,6781,121.25599060123449,103.89578785569783,64.95992567477845,130.40173729998295,116.03111215140254,14.370625148580416,12.612144887523508,1.7584802610569081,116.56949999999999,23.126769969248304,162.8230399384966,70.31596006150338
2012-05-10,139.16,138.59,132.29,135.44,3591,122.60684863921216,105.13281578292538,62.07645892168572,131.1768546384471,117.46880754759495,13.708047090852162,12.831325328189239,0.8767217626629229,119.07350000000001,22.26487067226375,163.6032413445275,74.54375865547252
2012-05-13,135.44,132.77,123.04,124.18,1788,122.75667257833481,105.87976418359497,54.22975595373178,130.1004154633014,117.96593291443978,12.134482548861627,12.691956772323717,-0.5574742234620906,120.9855,20.867876969412226,162.72125393882445,79.24974606117556
2012-05-14,124.18,121.7,114.46,116.27,2577,122.13889423754102,106.2872244116893,49.496524326481286,127.97265923817811,117.84030825411091,10.132350984067202,12.180035614672414,-2.0476846306052128,122.5545,19.11738406323029,160.78926812646057,84.31973187353942
2012-05-15,116.27,127.81,116.27,127.81,2424,122.6789995482514,107.13125482691717,55.58691383715877,127.94763473999687,118.57880393899158,9.368830801005288,11.61779465193899,-2.248963850933702,124.60499999999999,17.181933749389792,158.96886749877956,90.2411325012204
2012-05-16,127.81,140.59,127.81,140.59,1090,124.3848091150846,108.44336248076357,61.17142296102932,129.89261401076658,120.2092629064737,9.683351104292882,11.23090594240977,-1.5475548381168878,126.92249999999999,15.952609050757644,158.82771810151527,95.0172818984847
2012-05-17,140.59,149.08,135.53,138.3,6367,125.71006538983845,109.61421101092971,59.72231742427163,131.18605800911018,121.54931750599415,9.63674050311603,10.912072854551022,-1.275332351434992,128.711,15.053776899747364,158.81855379949474,98.60344620050529
2012-05-20,138.3,139.06,132.58,138.3,1648,126.90910678128242,110.73914391246188,59.72231742427163,132.28051062309322,122.79010880184643,9.490401821246792,10.627738647890176,-1.1373368266433843,130.857,12.96674860840925,156.7904972168185,104.9235027831815
2012-05-21,138.3,139.25,133.53,137.82,3948,127.94823946877932,111.80113826883593,59.38036207969146,133.13273975800195,123.90343407578374,9.229305682218211,10.348052054755783,-1.1187463725375721,132.5925,11.269294506942726,155.13108901388546,110.05391098611454
2012-05-22,137.82,137.16,131.62,137.16,1664,128.82554999556226,112.79560343476393,58.88113709267031,133.75231825677088,124.88540192202197,8.866916334748908,10.051824910754409,-1.1849085760055011,134.0615,9.665417612890707,153.3923352257814,114.73066477421858
2012-05-23,137.16,134.49,126.38,126.38,617,128.59264047217536,113.32832486869476,51.29549714811695,132.6181154480369,124.99611289076108,7.622002557275806,9.565860440058689,-1.9438578827828827,134.6575,8.713776071316703,152.0850521426334,117.2299478573666
2012-05-24,126.38,133.53,123.99,130.57,3006,128.78096042720628,114.00446899149105,53.78753762474926,132.3030207637235,125.40899341737138,6.894027346352132,9.031493821317378,-2.1374664749652457,134.89100000000002,8.52732876048957,151.94565752097915,117.83634247902089
2012-05-27,130.57,138.11,130.86,135.44,4735,129.41515467223425,114.84507805064827,56.56907366505523,132.7856329539199,126.15203094201054,6.63360201190936,8.551915459435774,-1.9183134475264136,134.748,8.491055727553551,151.73011145510708,117.76588854489289
2012-05-29,135.44,132.77,127.62,127.62,30,129.2441875605929,115.3460553819954,51.236159144027376,131.99092019177837,126.2607693907505,5.730150801027875,7.987562527754195,-2.2574117267263194,133.73700000000002,8.042086728416166,149.82117345683235,117.65282654316769
2012-05-30,127.62,125.14,114.93,114.93,399,127.88093160244121,115.32973948466224,43.9889799580866,129.36616323919708,125.42145313958379,3.944710099613289,7.178992042126014,-3.234281942512725,132.32999999999998,8.753445637365603,149.8368912747312,114.82310872526878
2012-05-31,114.93,117.13,106.16,114.46,5417,126.60274764030395,115.29563205389117,43.74219768983837,127.07290735624369,124.60949364776276,2.463413708480928,6.235876375396997,-3.772462666916069,131.37650000000002,9.612346925753974,150.60119385150796,112.15180614849207
2012-06-03,114.46,125.9,115.41,125.23,2718,126.4720097697988,115.68521511060132,50.58358011211398,126.78938314759083,124.65545708126182,2.1339260663290105,5.415486313583401,-3.28156024725439,131.629,9.365923058451918,150.36084611690382,112.89715388309615
2012-06-04,125.23,125.23,120.66,123.04,2280,126.14515169648462,115.97363804744049,49.27147165748369,126.21255497103839,124.53579359376093,1.676761377277458,4.667741326322212,-2.990979949044754,131.171,9.558516125754826,150.28803225150963,112.05396774849034
2012-06-05,123.04,120.66,116.08,118.46,1088,125.4132324872956,116.07114243773694,46.55188153216751,125.01985420626326,124.0857348090379,0.9341193972253592,3.9210169405028417,-2.9868975432774825,129.826,9.34710954477932,148.52021908955862,111.13178091044135
2012-06-06,118.46,116.46,113.5,115.03,4535,124.42435320279125,116.03031332253157,44.56787466509376,123.48295355914584,123.41493963799805,0.06801392114779503,3.1504163366318325,-3.0824024154840375,128.30949999999999,9.15257138157012,146.61464276314024,110.00435723685975
2012-06-07,115.03,119.99,115.41,116.84,1504,123.70203385014447,116.06206574125582,45.87869547206492,122.46096070389262,122.9279070722204,-0.4669463683277826,2.4269437956399096,-2.893890163967692,127.1935,9.120620520787506,145.43474104157502,108.95225895842499
2012-06-10,116.84,115.41,113.31,114.93,1572,122.86660205489262,116.01767100630461,44.678048130696666,121.30235136483222,122.3354695113152,-1.0331181464829768,1.7349314072153326,-2.7680495536983094,126.168,9.295964942410555,144.7599298848211,107.5760701151789
2012-06-11,114.93,119.51,114.46,114.46,602,122.06597328775999,115.95658586880246,44.37033481991464,120.2496819240888,121.75210139936591,-1.502419475277108,1.0874612307168445,-2.5898807059939526,125.68199999999999,9.652612190762818,144.98722438152564,106.37677561847435
2012-06-12,114.46,115.41,113.98,115.41,1025,121.43207106987809,115.93515112884944,45.19202161049062,119.50511547422899,121.282316110524,-1.7772006362950066,0.5145288573144744,-2.291729493609481,125.63900000000001,9.698553283323935,145.03610656664787,106.24189343335215
2012-06-13,115.41,116.36,114.55,116.36,197,120.94901668227065,115.95181186889457,46.05019379063679,119.02125155511683,120.91770010233702,-1.8964485472201886,0.0323333764075418,-1.9287819236277304,125.06649999999999,9.899516880822219,144.86553376164443,105.26746623835555
2012-06-14,116.36,115.89,114.07,115.6,903,120.4395865220544,115.93801532501635,45.43725458487948,118.49490516202192,120.5237963910528,-2.028891229030876,-0.3799115446801417,-1.648979684350734,123.81700000000001,9.401620297083173,142.62024059416635,105.01375940583367
2012-06-17,115.6,114.93,113.88,114.93,306,119.91486399614446,115.89848531227061,44.870245163260975,117.94645821401855,120.10944110282666,-2.1629828888081164,-0.7365258135057366,-1.4264570753023798,122.64849999999998,8.948191393266372,140.54488278653272,104.75211721346724
2012-06-18,114.93,116.74,114.46,115.41,320,119.48582932984499,115.8793290255149,45.3959646197819,117.5562338734003,119.76133435446913,-2.2051004810688255,-1.0302407470183543,-1.1748597340504712,121.50399999999999,8.27984642623916,138.0636928524783,104.94430714752167
2012-06-19,115.41,115.5,113.12,115.5,624,119.10622653652642,115.8644533774555,45.500905145105676,117.23989020056949,119.44567995784179,-2.2057897572722993,-1.2653505490691435,-0.9404392082031559,120.38799999999999,7.425022842424566,135.2380456848491,105.53795431515086
2012-06-20,115.5,119.99,113.98,115.6,226,118.77230019971438,115.85408265677097,45.62594612879841,116.98759940048188,119.16081477577943,-2.173215375297545,-1.4469235143148238,-0.7262918609827211,119.31000000000002,6.348939405833682,132.00787881166738,106.61212118833265
2012-06-21,115.6,115.6,114.46,114.93,730,118.40636684736063,115.81784412121132,44.88292068044724,116.6710456465616,118.84742108868465,-2.17637544212306,-1.5928138998764712,-0.583561542246589,118.7375,6.192168122122655,131.12183624424532,106.3531637557547
2012-06-25,114.93,120.56,114.17,120.56,721,118.61147476665961,116.00381101841873,51.962258847277624,117.26934631632136,118.97427878581912,-1.7049324694977628,-1.6152376138007296,-0.08969485569703317,118.237,5.557448392165187,129.35189678433036,107.12210321566963
2012-06-26,120.56,118.18,116.17,116.94,358,118.45228669364441,116.04052431181407,47.71825404866656,117.21867765227192,118.82359146835104,-1.6049138160791188,-1.6131728542564074,0.00825903817728868,117.31200000000001,3.8075127950160685,124.92702559003214,109.69697440996788
2012-06-27,116.94,120.56,118.27,119.13,1302,118.51683081805922,116.1616802211547,50.35970427783521,117.51272724423009,118.84628839662133,-1.3335611523912405,-1.557250513883374,0.2236893614921336,116.8875,2.981452974994883,122.85040594998976,110.92459405001024
2012-06-28,119.13,123.8,119.22,120.85,1238,118.73903740681548,116.34553589875647,52.394040301785886,118.02615382204084,118.9947114783531,-0.9685576563122567,-1.4395119423691507,0.47095428605689404,117.18350000000001,3.0694543917703743,123.32240878354075,111.04459121645927
2012-07-01,120.85,120.18,119.22,120.18,1135,118.87627193949973,116.49590703998172,51.50852016491984,118.3575147724961,119.08251062810471,-0.7249958556086114,-1.2966087250170428,0.5716128694084315,117.4695,3.0688168043967505,123.6071336087935,111.33186639120649
2012-07-02,120.18,119.22,118.46,118.75,790,118.86424604049975,116.58430284233538,49.5823716669836,118.417897115189,119.05788021120806,-0.6399830960190513,-1.1652835992174446,0.5253005031983933,117.1455,2.494730182647228,122.13496036529446,112.15603963470554
2012-07-03,118.75,122.09,119.22,122.09,1302,119.17146070330931,116.8002125347928,53.91695151032608,118.98283602054454,119.28248167704449,-0.2996456564999477,-0.9921560106739453,0.6925103541739976,117.098,2.383139459664725,121.86427891932945,112.33172108067055
2012-07-04,122.09,126.38,122.18,124.18,784,119.64846444585127,117.08961596480094,56.44061166089969,119.78239970969153,119.64526081207822,0.13713889761331188,-0.7662970290164939,0.9034359266298058,117.38399999999999,2.852251926571722,123.08850385314344,111.67949614685654
2012-07-05,124.18,123.33,121.7,123.33,789,119.99908687957972,117.33433690735777,55.11857061587461,120.32818436973899,119.91820445562799,0.40997991411100543,-0.531041640390994,0.9410215545019994,117.79899999999998,3.0859663674533304,123.97093273490664,111.62706726509332
2012-07-08,123.33,122.18,120.66,122.18,1230,120.20679289104832,117.5243629109908,53.29953887679777,120.61307908208684,120.08574486632222,0.5273342157646255,-0.3193664691598701,0.8467006849244956,118.066,3.2264391321834447,124.51887826436689,111.61312173563311
2012-07-09,122.18,122.56,120.18,121.61,907,120.34043166332944,117.6845839733049,52.37687480302466,120.76645153099656,120.19865265400206,0.5677988769945017,-0.14193339992899578,0.7097322769234975,118.4,3.2304684359686746,124.86093687193735,111.93906312806266
2012-07-10,121.61,124.18,122.85,123.99,955,120.68800960015521,117.93185519003804,55.81617624283855,121.2623820646894,120.47949319815005,0.7828888665393521,0.04303105336467379,0.7398578131746782,118.87650000000001,3.320320648751668,125.51714129750334,112.23585870249667
2012-07-11,123.99,125.52,124.95,124.95,1338,121.09391344775949,118.20707655513459,57.16011538030793,121.82970790089104,120.81064185013894,1.0190660507521017,0.23823805284215938,0.7808279979099423,119.35349999999998,3.4776448095015366,126.30878961900305,112.39821038099691
2012-07-12,124.95,125.81,124.09,125.81,1100,121.54306454797288,118.50523041571755,58.38139667865546,122.4420605315232,121.18096467605457,1.261095855468625,0.4428096133674525,0.8182862421011724,119.82600000000002,3.6852942466254763,127.19658849325097,112.45541150674907
2012-07-15,125.81,130.19,127.62,129.24,1155,122.27610601959451,118.92620177196392,62.921538992121995,123.48789737282732,121.7779302556061,1.7099671172212254,0.6962411141382071,1.0137260030830184,120.508,4.100759364851994,128.70951872970397,112.306481270296
2012-07-16,129.24,129.05,127.81,128.76,904,122.89361973201407,119.31184091816141,61.90381230942643,124.29899008470004,122.29512060704268,2.0038694776573607,0.9577667868420379,1.0461026908153228,121.19950000000001,4.273087722503572,129.74567544500715,112.65332455499288
2012-07-17,128.76,130.77,128.76,130.77,2701,123.64375118610798,119.76118048999821,64.49367673780847,125.29453007166927,122.92288945096544,2.371640620703829,1.2405415536143962,1.1310990670894328,121.96750000000002,4.549181389633711,131.06586277926743,112.8691372207326
2012-07-18,130.77,133.05,130.48,131.81,2406,124.4214891683834,120.23368321588065,65.7895894907656,126.29691006064323,123.5811939360791,2.715716124564125,1.535576467804342,1.1801396567597828,122.78300000000002,4.784577306304101,132.35215461260822,113.21384538739181
2012-07-19,131.81,137.63,133.53,136.39,1362,125.56134734282307,120.86726426623827,70.8374998799023,127.84969312823658,124.52999438525843,3.3196987429781473,1.8924009228391032,1.427297820139044,123.82249999999999,5.365068180270174,134.55263636054033,113.09236363945965
2012-07-22,136.39,140.97,136.39,140.68,4131,127.00121902445896,121.64423429501323,74.61577635408503,129.82358649312326,125.72629109746151,4.097295395661746,2.3333798174036318,1.7639155782581142,125.10999999999999,6.150912640884244,137.41182528176847,112.8081747182315
2012-07-23,140.68,143.26,140.97,141.45,3631,128.37729340308192,122.42093098932645,75.23594367807776,131.6122654941812,126.89101027542732,4.721255218753882,2.810954897673682,1.9103003210802,126.15450000000001,7.046142262931807,140.24678452586363,112.0622154741364
2012-07-24,141.45,141.73,138.01,140.59,3187,129.54040831707414,123.13344349954895,73.0881893302645,132.99345541815333,127.9057502550253,5.087705163128035,3.2663049507645527,1.8214002123634825,127.33699999999999,7.394253885708539,142.12550777141706,112.54849222858292
2012-07-25,140.59,142.12,139.44,140.21,2707,130.55655990592422,123.80311238191958,72.10866212871483,134.10369304612973,128.81717616206046,5.286516884069272,3.670347337425497,1.6161695466437749,128.391,7.660444469721337,143.71188893944267,113.07011106055731
2012-07-26,140.21,139.73,138.3,138.3,1828,131.2940303910743,124.37161777870705,67.2314019945448,134.74927873134055,129.5196075574634,5.229671173877165,3.9822121047158303,1.2474590691613345,129.2635,7.749574708194942,144.76264941638988,113.76435058361011
2012-07-29,138.3,138.3,136.49,137.35,943,131.87078940144818,124.88057394424796,64.88079739273536,135.1493896957497,130.09963662728092,5.049753068468789,4.195720297466422,0.854032771002367,130.122,7.640623149014947,145.4032462980299,114.84075370197012
2012-07-30,137.35,138.78,135.44,138.3,2028,132.4830951727388,125.40682594643431,66.15513608551602,135.63409897332667,130.70707095118604,4.927028022140632,4.341981842401264,0.5850461797393685,131.0995,7.354377482689786,145.80825496537958,116.39074503462044
2012-07-31,138.3,139.44,137.44,138.3,651,133.03708610866846,125.91244061520159,66.15513608551602,136.04423759281488,131.2695101399871,4.77472745282779,4.428530964486569,0.34619648834122074,131.91,7.200834746932561,146.3116694938651,117.50833050613488
2012-08-01,138.3,140.21,138.3,139.25,2222,133.6287921935572,126.4354821597035,67.5219202362496,136.5374318093049,131.86065753702508,4.676774272279829,4.478179626045222,0.1985946462346071,132.6635,7.1375797718834395,146.93865954376687,118.38834045623312
2012-08-05,139.25,140.21,137.35,140.21,969,134.25557388940888,126.97565932991121,68.88917969153992,137.10244230018108,132.4791273490973,4.623314951083785,4.507206691052935,0.11610826003084984,133.5075,6.971915748954937,147.45133149790988,119.56366850209012
2012-08-06,140.21,141.26,140.21,140.97,897,134.8950430427985,127.52445700324803,69.96709580630343,137.6974511770763,133.1080808787938,4.589370298282489,4.523639412498846,0.06573088578364317,134.447,6.622402251369727,147.69180450273944,121.20219549726055
2012-08-07,140.97,141.73,140.21,141.16,975,135.49170561015103,128.05918417959126,70.24465979152544,138.23015099598763,133.70451933221648,4.525631663771151,4.524037862753307,0.0015938010178437878,135.4245,6.045588626602426,147.51567725320484,123.33332274679515
2012-08-08,141.16,140.68,139.25,140.11,1167,135.93154317108903,128.5317651921563,66.58242828016276,138.51935853506646,134.17899938168193,4.340359153384526,4.487302120879551,-0.14694296749502556,136.2305,5.489929033190953,147.2103580663819,125.2506419336181
2012-08-12,140.11,139.25,138.4,138.4,508,136.166634297652,128.91875479246391,61.004347931052244,138.50099568351777,134.49166609414993,4.009329589367837,4.391707614577209,-0.3823780252093716,136.90300000000002,4.8180527842249905,146.53910556845,127.26689443155004
2012-08-13,138.4,143.07,138.78,139.35,3040,136.4698119835899,129.32782323197515,62.86563481944055,138.63161173220735,134.85154267976844,3.780069052438904,4.269379902149549,-0.48931084971064465,137.57999999999998,4.070598042186411,145.72119608437282,129.43880391562715
2012-08-14,139.35,140.49,138.3,138.78,1350,136.68982988991465,129.6984968307212,60.98478314192223,138.65444069648314,135.14253951830412,3.5119011781790164,4.1178841573554426,-0.6059829791764262,138.057,3.5700465867517965,145.1970931735036,130.9169068264964
2012-08-15,138.78,139.25,137.82,138.3,2545,136.8431794242085,130.03581068049687,59.37381387557997,138.59991135856265,135.37642547991123,3.2234858786514167,3.9390045016146376,-0.7155186229632209,138.534,2.8212882462485513,144.1765764924971,132.89142350750288
2012-08-16,138.3,140.68,138.01,140.11,2466,137.1543051933315,130.43087692832052,63.30967160174399,138.83223268801456,135.72706062954745,3.1051720584671045,3.7722380129851314,-0.6670659545180269,139.001,2.1652273491906984,143.3314546983814,134.6705453016186
2012-08-19,140.11,138.4,137.44,138.4,385,137.27294279396662,130.74339155858246,57.629274366292044,138.76573535139693,135.92505613846987,2.840679212927057,3.585926252973517,-0.7452470400464599,139.3305,1.3679661237723109,142.0664322475446,136.5945677524554
2012-08-21,138.4,139.73,136.39,139.73,2488,137.5069482421603,131.09580757589296,60.5909965190819,138.9140837588743,136.20690383191655,2.707179926957764,3.4101769877703663,-0.7029970608126024,139.4975,1.1812253896068245,141.85995077921365,137.13504922078636
2012-08-22,139.73,140.4,138.4,139.44,1036,137.6910484095736,131.42303080821088,59.61252770210236,138.99499394981672,136.44639243695977,2.5486015128569477,3.2378618927876825,-0.6892603799307349,139.4355,1.1479660502953657,141.73143210059072,137.13956789940926
2012-08-23,139.44,140.02,137.44,139.73,1546,137.8852342753285,131.7487943059281,60.30289844163992,139.10807180369108,136.68962262681458,2.418449176876493,3.073979349605445,-0.6555301727289522,139.34949999999998,1.0492928696579227,141.44808573931581,137.25091426068414
2012-08-26,139.73,139.73,136.39,137.25,569,137.82473577291626,131.96452786255838,52.100906326818155,138.82221460312323,136.73113206186534,2.09108254125789,2.8773999879359344,-0.7863174466780443,139.1825,1.1057404044821888,141.3939808089644,136.97101919103562
2012-08-27,137.25,138.3,136.97,138.3,1059,137.8699990326385,132.2129777503012,54.897953012357114,138.74187389495043,136.84734450172718,1.8945293932232516,2.680825868993398,-0.7862964757701465,139.08700000000002,1.0947535170791023,141.27650703415821,136.89749296584182
2012-08-28,138.3,138.4,137.06,137.06,1216,137.79285626762533,132.40305705421096,51.10276018280791,138.48312406495808,136.8630967608585,1.6200273040995796,2.468666156014635,-0.8486388519150552,139.025,1.173920556802453,141.37284111360492,136.6771588863951
2012-08-29,137.06,137.35,135.73,137.35,1265,137.75067948023244,132.59705481679092,51.939569199577335,138.30879728573376,136.89916366746158,1.4096336182721814,2.2568596484661443,-0.8472260301939629,139.025,1.173920556802453,141.37284111360492,136.6771588863951
2012-08-30,137.35,137.06,134.01,137.06,1420,137.68490048211507,132.77207227495597,50.999642849676455,138.1166746263901,136.91107746987183,1.2055971565182801,2.0466071500765715,-0.8410099935582913,138.963,1.2448297283688052,141.4526594567376,136.4733405432624
2012-09-02,137.06,139.64,137.35,139.44,1427,137.85205281715173,133.0335596367224,57.75615503367982,138.320263145407,137.09840506469615,1.2218580807108594,1.881657336203429,-0.6597992554925696,139.02,1.2389596654575767,141.49791933091515,136.54208066908487
2012-09-03,139.44,140.11,138.3,139.25,731,137.98519064408967,133.2773416117529,57.079503865982566,138.46329958457517,137.25778246731124,1.2055171172639234,1.746429292415528,-0.5409121751516046,139.02,1.2389596654575767,141.49791933091515,136.54208066908487
2012-09-04,139.25,139.16,136.58,138.78,683,138.06088677322398,133.49313213678218,55.35196222808522,138.51202272540974,137.3705393215845,1.141483403825248,1.6254401146974722,-0.48395671087222425,138.94850000000002,1.2075345696257653,141.36356913925155,136.5334308607485
2012-09-05,138.78,139.25,137.35,138.4,681,138.09318327101218,133.6855583274966,53.930761858928115,138.49478845996208,137.44679566813377,1.0479927918283067,1.5099506501236393,-0.46195785829533254,138.82,1.1142332742621155,141.04846654852423,136.59153345147575
2012-09-06,138.4,138.4,137.35,137.63,2276,138.04907057853484,133.8402423146536,51.06938706063676,138.36174408150637,137.46036635938313,0.9013777221232431,1.38823606452356,-0.486858342400317,138.6435,0.9975299758056346,140.63855995161126,136.64844004838872
2012-09-09,137.63,138.2,136.87,138.11,1031,138.05487338057912,134.00768379251033,52.75227160159956,138.3230142228131,137.50848736979918,0.8145268530139163,1.2734942222216312,-0.45896736920771497,138.5435,0.9414505884673565,140.42640117693472,136.66059882306527
2012-09-10,138.11,137.44,136.01,136.01,524,137.86012353480967,134.08620599672562,45.396054843360254,137.96716588084186,137.39748830536962,0.569677575472241,1.1327308928717532,-0.5630533173995123,138.424,1.0991068144056388,140.6222136288113,136.22578637118872
2012-09-11,136.01,144.98,138.68,142.12,7009,138.265826055304,134.40125674195207,61.99979399050887,138.6060634376354,137.74730398645335,0.8587594511820669,1.0779366045338161,-0.21917715335174925,138.5625,1.3644350093485809,141.29137001869717,135.83362998130283
2012-09-12,142.12,143.55,141.16,141.16,5042,138.54146166908455,134.66630549716965,58.96591916088069,138.99897675492227,138.0000962837531,0.9988804711691728,1.0621253778608875,-0.06324490669171468,138.6815,1.4830348507099433,141.64756970141988,135.71543029858012
2012-09-13,141.16,142.02,140.97,141.26,1771,138.8003700815527,134.92488175218259,59.18993983398782,139.3468264849342,138.24157063310471,1.1052558518294973,1.0707514726546095,0.0345043791748878,138.8295,1.5870113421142267,142.00352268422844,135.65547731577155
2012-09-16,141.26,142.21,141.16,141.64,1019,139.07081102616672,135.18821972268523,60.08177157887137,139.69962241032894,138.49330614176364,1.2063162685653026,1.097864431836748,0.10845183672855452,138.906,1.6857870253196385,142.2775740506393,135.53442594936072
2012-09-17,141.64,141.92,141.26,141.92,1287,139.34216235700796,135.45221110610933,60.762195401069775,140.04121896258602,138.7471353164478,1.2940836461382048,1.1371082746970393,0.15697537144116547,139.082,1.809395362806747,142.7007907256135,135.4632092743865
2012-09-18,141.92,143.07,141.73,141.73,897,139.56957546586435,135.69839890586977,60.01463604558666,140.30103142988048,138.9680882559702,1.3329431739102802,1.1762752545396875,0.15666791937059266,139.182,1.9000875326095215,142.98217506521902,135.38182493478095
2012-09-19,141.73,142.12,141.16,141.35,998,139.7391397072106,135.92003032132584,58.46537138084476,140.46241120989885,139.14452616293536,1.3178850469634824,1.2045972130244467,0.11328783393903574,139.2775,1.9607675054747076,143.19903501094942,135.3559649890506
2012-09-20,141.35,140.21,137.82,140.21,350,139.7839835446191,136.0882644263719,53.96463456875455,140.42357871606825,139.22345015086609,1.2001285652021636,1.2037034834599902,-0.0035749182578266314,139.3015,1.9695157700359356,143.24053154007188,135.36246845992812
2012-09-23,140.21,139.25,137.54,138.49,921,139.66074701656015,136.18245013514164,47.96508799123388,140.12610506744238,139.1691205100612,0.9569845573811904,1.1543596982442303,-0.19737514086303998,139.3635,1.9204420406714016,143.2043840813428,135.52261591865718
2012-09-24,138.49,136.97,134.49,136.97,898,139.40448539593538,136.21333444356745,43.37569297752904,139.64055044168202,139.0062226945011,0.6343277471809188,1.0503533080315681,-0.41602556085064935,139.297,1.9812704589677146,143.25954091793542,135.33445908206457
2012-09-25,136.97,136.77,134.96,136.01,1942,139.08120107251295,136.20536054381972,40.725319811332604,139.0820042198848,138.7842802726862,0.2977239471985911,0.8998274358649727,-0.6021034886663816,139.2445,2.056162688115704,143.3568253762314,135.13217462376858
2012-09-26,136.01,138.49,133.53,134.49,6206,138.64394382751172,136.13809150288563,36.882596417148896,138.3755420322102,138.4661854376724,-0.09064340546220251,0.7017332675995377,-0.7923766730617402,139.10150000000002,2.2819134975992217,143.66532699519846,134.53767300480158
2012-09-27,134.49,135.44,134.49,135.34,1035,138.32928251060582,136.10679379689012,40.276355015333806,137.90853556571633,138.234616145993,-0.32608058027665265,0.4961704980242997,-0.8222510783009523,139.01550000000003,2.3926278770201463,143.80075575404032,134.23024424595974
2012-09-30,135.34,137.73,133.53,133.53,1097,137.87220798578622,136.00574305975718,35.8552674134845,137.23491470945228,137.88612606110462,-0.6512113516523357,0.26669412808897264,-0.9179054797413083,138.72,2.6845836685943323,144.08916733718866,133.35083266281134
2012-10-01,133.53,136.2,133.53,133.72,4518,137.47675960618753,135.91610607702162,36.641486618420394,136.69415860030577,137.57752413065242,-0.8833655303466514,0.03668219640184783,-0.9200477267484992,138.4435,2.9030188914662127,144.24953778293244,132.63746221706757
2012-10-02,133.72,134.77,131.15,132.1,5576,136.96468726274108,135.76645485831492,32.93481606093418,135.9873649694895,137.17178160245595,-1.184416632966446,-0.20753756947181096,-0.9768790634946352,138.1095,3.228316287576354,144.5661325751527,131.6528674248473
2012-10-03,158.52,129.45,128.19,128.19,218,136.12900276152763,135.46933898151826,26.077886103089327,134.7877703587988,136.50646444671847,-1.7186940879196584,-0.5097688731613805,-1.2089252147582779,137.599,3.9143351925964622,145.42767038519293,129.77032961480705
2012-10-04,128.19,128.76,126.02,128.76,723,135.42719297471547,135.20622764890973,28.41760392972448,133.86042107282975,135.93265226548004,-2.0722311926502925,-0.8222613370591629,-1.2499698555911296,137.15550000000002,4.384851284761305,145.92520256952264,128.3857974304774
2012-10-07,128.76,131.05,129.68,131.05,1039,135.010317453314,135.04323832934463,37.039496530136816,133.42804860008673,135.57097431988893,-2.142925719802207,-1.0863942136077718,-1.0565315061944354,136.8025,4.5836401013764725,145.96978020275296,127.63521979724706
2012-10-08,131.05,132.77,131.05,131.62,570,134.6874300768079,134.90899368897817,39.00869003753245,133.14988727699645,135.27830955545272,-2.12842227845627,-1.2947998265774716,-0.8336224518787985,136.583,4.7264764888867425,146.0359529777735,127.1300470222265
2012-10-09,131.62,133.0,130.48,133.0,514,134.52672245044525,134.8341311913712,43.60735315863317,133.12682769592007,135.10954588467845,-1.9827181887583833,-1.432383499013654,-0.5503346897447294,136.127,4.602475420901141,145.3319508418023,126.92204915819772
2012-10-10,133.0,131.85,130.82,131.85,224,134.2717965027838,134.7171064387684,40.84364866877039,132.93039266577853,134.86809804136894,-1.9377053755904114,-1.5334478743290054,-0.404257501261406,135.6615,4.536986334561646,144.73547266912328,126.5875273308767
2012-10-11,131.85,130.48,129.91,129.91,377,133.85638731204247,134.5285924607775,36.6265264875109,132.46571687104336,134.50083151978606,-2.035114648742706,-1.6337812292117457,-0.40133341953096013,135.094,4.5096159248291645,144.11323184965832,126.07476815034167
2012-10-14,129.91,132.42,129.91,132.42,177,133.71958852041936,134.44590256035485,44.59695966366946,132.45868350626745,134.34669585165375,-1.8880123453863007,-1.684627452446657,-0.2033848929396438,134.63299999999998,4.270127694380452,143.17325538876088,126.09274461123908
2012-10-15,132.42,132.77,132.77,132.77,26,133.62915151847466,134.38018089132134,45.62393774327262,132.50657835145708,134.22990356634605,-1.7233252148889733,-1.6923670049351203,-0.03095820995385301,134.1755,3.924485182462479,142.02447036492495,126.32652963507505
2012-10-17,132.77,132.77,132.77,132.77,211,133.5473275643342,134.3170365426421,45.62393774327262,132.54710475892523,134.12176256143152,-1.5746578025062945,-1.668825164449355,0.09416736194306052,133.7275,3.5057920120249713,140.73908402404993,126.71591597595005
2012-10-18,132.77,133.34,130.14,133.34,636,133.52758208201666,134.2787213841071,47.4632970257062,132.6690886421675,134.0638542235477,-1.3947655813801987,-1.6140132478355238,0.21924766645532512,133.327,3.011911615394207,139.35082323078842,127.30317676921159
2012-10-30,133.34,140.09,135.63,140.09,291,134.15257426468176,134.5066146631617,63.29678311300073,133.81076731260328,134.5102353921738,-0.6994680795705221,-1.4311042141825236,0.7316361346120015,133.321,2.9975637476210246,139.31612749524206,127.32587250475795
2012-10-31,140.09,142.84,140.09,142.73,806,134.9694719537597,134.82910036264556,67.43108223621115,135.18295695681815,135.11910684460537,0.06385011221277637,-1.1321133489034636,1.19596346111624,133.53300000000002,3.4916005981270617,140.51620119625414,126.54979880374589
2012-11-01,142.73,142.95,139.64,142.95,1358,135.72952224387782,135.14756701509083,67.7570212592879,136.3778866557692,135.69917300426422,0.6787136515049781,-0.7699479488217753,1.4486616003267534,133.832,4.017809824951003,141.867619649902,125.79638035009799
2012-11-04,142.95,147.65,143.07,144.79,602,136.59242488731803,135.52570164195004,70.42305798334668,137.67205793949702,136.37256759654096,1.2994903429560622,-0.3560602904662078,1.65555063342227,134.27100000000002,4.691497236041876,143.65399447208375,124.88800552791626
2012-11-05,144.79,149.94,146.5,146.5,521,137.53600346947823,135.9560662834422,72.68362317669954,139.0302028718821,137.12274777457498,1.9074550973071212,0.09664278708845803,1.810812310218663,134.8715,5.431299422886907,145.73409884577381,124.00890115422618
2012-11-06,146.5,152.11,148.79,150.62,2280,138.78209837714698,136.53112250762095,77.20429154995801,140.81324858390022,138.12254423571756,2.6907043481826634,0.6154550993072991,2.075249248875364,135.6355,6.475065921225007,148.58563184245003,122.68536815754999
2012-11-07,150.62,165.62,153.6,165.62,1661,141.3380890078949,137.67186280143974,86.17495838861953,144.6296718786848,140.1593928108496,4.470279067835207,1.3864198930128808,3.0838591748223267,137.24,9.289926066217545,155.8198521324351,118.66014786756492
2012-11-08,165.62,180.27,168.82,172.14,5562,144.27160434047633,139.02355445628524,88.32551293427515,148.86203005119484,142.52832667671257,6.333703374482269,2.375876589306759,3.9578267851755102,139.161,12.077745040493122,163.31649008098626,115.00550991901376
2012-11-11,172.14,172.26,157.49,161.38,3220,145.90097535566906,139.90027781094074,69.19563933421716,150.78787158178025,143.924746922882,6.8631246588982435,3.2733262032250563,3.5897984556731872,140.625,12.921884537481287,166.46876907496258,114.78123092503742
2012-11-12,161.38,166.53,160.24,166.53,1858,147.86564436941484,140.94458064188424,72.28917436944664,153.2097374922756,145.59921011377963,7.610527378495959,4.140766438279237,3.469760940216722,142.54199999999997,13.794485778554211,170.1309715571084,114.95302844289155
2012-11-18,166.53,172.14,166.53,172.03,5211,150.1670115723277,142.1636166951437,75.15838724236369,156.10516249346395,147.55704640164782,8.548116091816127,5.022236368986615,3.5258797228295116,144.7055,14.870410207416574,174.44632041483314,114.96467958516685
2012-11-20,172.03,179.92,175.0,177.41,3483,152.76158189877268,143.5458278051381,77.60146448569296,159.3828298021618,149.76837629782207,9.614453504339735,5.94067979605724,3.6737737082824955,147.02349999999998,16.184954115994227,179.39340823198845,114.65359176801152
2012-11-21,177.41,179.12,174.54,175.69,2159,154.9452407655562,144.8063835774856,75.05992765897527,161.89162521721383,151.6884965720575,10.20312864515634,6.79316956587706,3.4099590792792807,149.227,16.958919745884888,183.14483949176977,115.30916050823024
2012-11-22,175.69,172.83,169.39,172.83,3477,156.64855116883658,145.90534892738813,70.90172582341299,163.57445210687322,153.25453386301618,10.319918243857046,7.498519301473057,2.821398942383989,151.2185,17.288509806104887,185.79551961220977,116.64148038779024
2012-11-25,172.83,173.63,169.39,171.8,5926,158.09154629561405,146.9208254400396,69.41038215496818,164.83992101350813,154.62827209538537,10.211648918122762,8.041145224803,2.1705036933197626,153.216,17.240738291677076,187.69747658335416,118.73452341664586
2012-11-26,171.8,170.77,168.25,169.17,14328,159.1466371246032,147.79334208944982,65.6152333158672,165.50608701142997,155.7054371253568,9.80064988607316,8.393046157057032,1.4076037290161274,155.17900000000003,16.67319181390151,188.52538362780305,121.83261637219701
2012-11-27,169.17,169.97,167.91,169.97,2331,160.1774335889267,148.66301494868708,66.2202669423033,166.19284285582535,156.76207141236742,9.430771443457928,8.60059121433721,0.8301802291207174,157.0565,16.079101596727618,189.21470319345525,124.89829680654476
2012-11-28,169.97,171.57,167.1,171.57,1685,161.26243991379084,149.56132808795425,67.45373871775527,167.02009780108298,157.85895501145131,9.161142789631668,8.712701529396103,0.4484412602355654,158.99650000000003,15.317255929523402,189.63101185904682,128.36198814095323
2012-11-29,171.57,168.25,166.19,167.1,513,161.81839801723933,150.2491191433286,60.776721502013466,167.0323904470702,158.54347686245492,8.48891358461529,8.66794394043994,-0.17903035582465066,160.71300000000002,14.098634163036893,188.9102683260738,132.51573167392624
2012-12-02,167.1,167.22,163.21,165.39,3251,162.15855058702604,150.8428791769236,58.395345499351336,166.7797149936748,159.0506267244953,7.729088269179499,8.480172806187852,-0.751084537008353,162.3155,12.561200275786298,187.43790055157257,137.1930994484274
2012-12-03,165.39,167.1,160.58,167.1,1078,162.62916481683308,151.48041332684818,60.0798327910195,166.8289896100325,159.64687659675488,7.182113013277615,8.220560847605805,-1.0384478343281902,163.666,11.448587318046703,186.5631746360934,140.7688253639066
2012-12-04,167.1,170.42,167.1,167.79,1708,163.12067292951565,152.12000496108945,60.7700429002783,166.97683736233517,160.25007092292117,6.726766439414007,7.921801965967446,-1.195035526553439,164.91899999999998,10.355837357182335,185.63067471436466,144.2073252856353
2012-12-05,167.79,172.83,168.82,172.03,6029,163.96918026956178,152.90078908026243,64.79777459836487,167.754246998899,161.12265826196403,6.631588736934958,7.663759320160949,-1.0321705832259909,166.373,9.070690277220084,184.51438055444015,148.23161944555983
2012-12-06,172.03,171.68,168.82,171.45,2285,164.68163929150828,153.62820911633057,63.83232373621045,168.32282438368375,161.88764653885556,6.435177844828189,7.418043025094398,-0.9828651802662085,167.706,7.566140919983194,182.83828183996638,152.5737181600336
2012-12-09,171.45,168.82,165.96,165.96,718,164.80338793041224,154.1118087588274,55.41580045700142,167.9593129400401,162.1893023507922,5.770010589247903,7.0884365379251,-1.3184259486771968,168.679,5.722084548391316,180.12316909678265,157.23483090321736
2012-12-10,165.96,165.96,162.53,165.96,1548,164.9135414608492,154.5764437094616,55.41580045700142,167.65172633388008,162.46861328777052,5.183113046109554,6.707371839561991,-1.5242587934524368,169.446,3.917588409641777,177.28117681928356,161.61082318071644
2012-12-11,165.96,167.56,165.39,165.96,742,165.01320417886356,155.02285768163958,55.41580045700142,167.39146074405235,162.72723452571344,4.664226218338911,6.298742715317375,-1.6345164969784642,169.463,3.9008138152241765,177.26462763044836,161.66137236955163
2012-12-13,165.96,172.71,167.68,170.54,601,165.53956568563845,155.63137306667332,60.80113568558667,167.87585139881355,163.30595789417913,4.569893504634422,5.952972873180785,-1.3830793685463636,169.38299999999998,3.8592078543593735,177.10141570871872,161.66458429128124
2012-12-16,170.54,175.57,171.68,174.89,4987,166.43008323938716,156.38661333856848,65.1115755311732,168.95495118361146,164.1640350872029,4.7909160964085515,5.720561517826338,-0.9296454214177867,170.05849999999998,3.5550501884075074,177.168600376815,162.94839962318497
2012-12-17,174.89,180.73,175.69,178.44,11942,167.57388483563602,157.25145203117364,68.18616998704994,170.41418946305586,165.2215139696323,5.192675493423565,5.614984312945784,-0.4223088195222191,170.654,3.9124368500020528,178.4788737000041,162.8291262999959
2012-12-18,178.44,174.89,171.68,174.2,2787,168.2049434227183,157.91610097112763,61.24404345624684,170.99662185335498,165.8865870089188,5.110034844436171,5.513994419243862,-0.40395957480769074,170.7625,3.982074142161972,178.72664828432394,162.79835171567603
2012-12-19,174.2,177.98,174.32,177.06,4192,169.04828214436415,158.6668421095148,63.912944867148575,171.92944926053116,166.71424723048037,5.21520203005079,5.454235941405249,-0.23903391135445862,170.745,3.951978185534198,178.6489563710684,162.8410436289316
2012-12-20,177.06,178.44,175.12,178.09,4104,169.9093981306152,159.42853457580833,64.85170409674924,172.87722629737252,167.55689558377813,5.320330713594387,5.427454895843077,-0.10712418224868969,170.86499999999998,4.141907137639965,179.1488142752799,162.58118572472006
2012-12-23,178.09,180.27,176.83,180.27,4289,170.89612211817564,160.24584694538447,66.81911337703923,174.01457609777674,168.49860702201678,5.515969075759955,5.445157731826453,0.07081134393350208,171.237,4.632707631611421,180.50241526322284,161.97158473677715
2012-12-24,180.27,180.73,177.41,179.35,6737,171.70125334501606,160.99502941811448,65.16144681381874,174.8354105442726,169.3024139092748,5.532996634997801,5.462725512460723,0.07027112253707823,171.6145,4.975896084334547,181.5662921686691,161.6627078313309
2012-12-26,179.35,185.76,178.55,184.85,5465,172.953514931205,161.93051846054138,69.95948202688461,176.3761166143845,170.45408695303223,5.922029661352269,5.554586342239032,0.3674433191132369,172.39849999999998,5.746124804000373,183.89074960800073,160.90625039199924
2012-12-27,184.85,194.69,172.37,194.69,7127,175.02365636632834,163.21520401110837,76.25913872100683,179.19363713524842,172.24933977132616,6.94429736392226,5.832528546575679,1.1117688173465812,173.6345,7.5665485944100785,188.76759718882016,158.50140281117984
2012-12-31,194.69,194.0,184.27,193.77,3896,176.809022426678,164.4134313047904,74.68223853128802,181.43615449905636,173.84346275122792,7.5926917478284395,6.184561186826231,1.4081305610022081,174.7445,8.778966175197008,192.302432350394,157.18656764960596
2013-01-01,193.77,194.35,190.0,190.0,2821,178.06530600508964,165.41682615558292,68.4370995074307,182.75366919150923,175.040243288174,7.713425903335235,6.490334130128033,1.2230917732072024,175.8895,9.212137574103004,194.313775148206,157.465224851794
2013-01-02,190.0,192.74,187.13,190.11,3397,179.2124197188906,166.38518591418753,68.51981713092496,183.8854123928155,176.15652156312407,7.728890829691437,6.7380454700407135,0.9908453596507236,177.12550000000002,9.38597861033541,195.89745722067084,158.3535427793292
2013-01-03,190.11,193.43,190.0,193.32,5596,180.55599879328196,167.441453133239,70.91524747069236,185.33688740930543,177.427890336226,7.9089970730794334,6.972235790648458,0.9367612824309752,178.4365,9.736561737783703,197.9096234755674,158.9633765244326
2013-01-06,193.32,194.35,191.71,191.71,1363,181.6182846224932,168.39316085350416,68.11563056277825,186.3173662694123,178.48582438539444,7.8315418840178666,7.144097009322341,0.687444874695526,179.6325,9.828641216255882,199.28978243251174,159.97521756748824
2013-01-07,191.71,192.63,188.85,190.57,4852,182.4708289441605,169.2628408200334,66.12501040764528,186.97161761257965,179.38094850499485,7.590669107584802,7.233411428974833,0.3572576786099688,180.5595,9.947456419131239,200.4544128382625,160.66458716173753
2013-01-08,190.57,190.57,189.19,189.31,619,183.12217856852618,170.04900392513014,63.90217338266357,187.33136874910588,180.11643380092116,7.21493494818472,7.229716132816811,-0.014781184632091104,181.45250000000001,9.888124655894822,201.22874931178967,161.67625068821036
2013-01-09,189.31,188.85,187.71,188.85,1314,183.6676853715237,170.78629788885053,63.06863184177823,187.56500432616653,180.76336463048256,6.801639695683974,7.144100845390244,-0.34246114970626973,182.597,9.308267462738879,201.21353492547777,163.98046507452224
2013-01-10,188.85,188.39,185.42,187.71,2114,184.0526677170929,171.44997248144463,60.94687899681314,187.58731135291015,181.27793021340977,6.309381139500374,6.97715690421227,-0.6677757647118963,183.6845,8.497469886599927,200.67943977319987,166.68956022680015
2013-01-13,187.71,190.57,188.39,188.85,1896,184.50955650594122,172.13232650178014,62.31229733575414,187.78157114477014,181.83882427167572,5.942746873094421,6.770274897988701,-0.8275280248942796,184.829,7.463101443628036,199.75520288725608,169.90279711274394
2013-01-15,188.85,190.91,188.85,188.85,1850,184.92293207680396,172.78792154092602,62.31229733575414,187.9459448148055,182.35817062192194,5.587774192883558,6.533774756967673,-0.9460005640841151,185.7445,6.702277283838802,199.14905456767758,172.3399454323224
2013-01-16,188.85,190.22,187.71,188.85,1823,185.29693854567978,173.41780697069365,62.31229733575414,188.08503022791237,182.83904687214994,5.245983355762434,6.276216476726625,-1.0302331209641915,186.44250000000002,6.22207350359977,198.88664700719957,173.99835299280048
2013-01-17,188.85,187.13,185.07,185.42,2605,185.30865868418647,173.88848120713703,55.076010440115816,187.6750255774643,183.03022858532404,4.644796992140272,5.949932579809355,-1.305135587669083,186.79149999999998,5.938896118408781,198.66929223681754,174.91370776318243
2013-01-20,185.42,181.98,176.26,177.41,2151,184.5564054761687,174.02657998332776,42.6266665239873,186.09579087323903,182.61391535678152,3.4818755164575066,5.456321167138985,-1.9744456506814787,186.952,5.615255161281942,198.18251032256387,175.72148967743613
2013-01-21,177.41,184.5,180.95,181.98,468,184.3110335260574,174.338478807511,49.6232002691875,185.4625922773561,182.5669586636866,2.895633613669503,4.944183656445089,-2.0485500427755863,187.198,5.255320712331584,197.70864142466317,176.68735857533684
2013-01-22,181.98,185.42,181.98,183.13,1194,184.19855414262335,174.68324434447135,51.23477125084231,185.10373192699365,182.60866542933942,2.4950664976542214,4.454360224686916,-1.9592937270326942,187.45,4.904736700909723,197.25947340181943,177.64052659818054
2013-01-23,183.13,183.13,180.27,181.18,1800,183.91107279570684,174.9380190760607,48.40697408930111,184.5000808613023,182.50283836049948,1.9972425008028267,3.962936679910098,-1.9656941791072713,187.4955,4.838396292595115,197.17229258519023,177.81870741480975
2013-01-24,181.18,183.24,180.61,183.24,3866,183.84716110087763,175.26358695543087,51.45517563650741,184.3062222672558,182.5574429263884,1.7487793408674008,3.520105212101559,-1.7713258712341582,187.69,4.564133629667439,196.81826725933487,178.56173274066512
2013-01-27,183.24,183.7,181.98,183.7,1580,183.8331457579369,175.59442668266888,52.13523049231483,184.2129573030626,182.64207678369297,1.5708805193696378,3.1302602735551748,-1.559379754185537,187.6325,4.6088209189710865,196.85014183794218,178.4148581620578
2013-01-28,183.7,184.27,182.1,183.7,2032,183.82046520956197,175.91229230295636,52.13523049231483,184.13404079489914,182.72044146638237,1.4135993285167672,2.7869280845474935,-1.3733287560307263,187.083,4.372164464570249,195.8273289291405,178.3386710708595
2013-01-30,183.7,183.82,180.84,181.41,6011,183.5908970943656,176.12788868323258,48.234002507880845,183.71495759568387,182.62337172813181,1.0915858675520553,2.447859641148406,-1.3562737735963508,186.46499999999997,4.24901908184495,194.96303816368987,177.96696183631008
2013-01-31,181.41,182.33,180.84,180.84,2399,183.32890689490222,176.31267736232152,47.285535130358994,183.2726564271171,182.49127011864056,0.7813863084765558,2.1145649746140363,-1.3331786661374805,186.007,4.340617346340983,194.68823469268196,177.32576530731805
2013-02-03,180.84,185.99,182.56,185.42,4537,183.52805861919725,176.6698272696815,54.95086514191492,183.6030169767914,182.70821307281534,0.8948039039760545,1.87061276048644,-0.9758088565103855,185.77249999999998,4.232632470645992,194.23776494129197,177.307235058708
2013-02-04,185.42,185.88,183.13,185.65,1449,183.7301482745118,177.02199090616458,55.302371012463894,183.91793744190042,182.92612321556976,0.9918142263306606,1.6948530536552842,-0.7030388273246235,185.389,3.842266189850999,193.07353237970202,177.704467620298
2013-02-05,185.65,185.99,183.13,183.7,2714,183.7272770102726,177.28387361572675,51.62452410507846,183.88440860468498,182.98344742182385,0.9009611828611241,1.5360746794964522,-0.635113496635328,184.9885,3.555476539233607,192.0994530784672,177.87754692153277
2013-02-06,183.7,184.16,182.56,184.04,4577,183.7570601521514,177.54881974844335,52.221166931797725,183.90834574242575,183.06171057576285,0.8466351666629066,1.3981867769297431,-0.5515516102668365,184.66199999999998,3.307100176731176,191.27620035346234,178.0477996465376
2013-02-07,184.04,184.39,183.13,183.82,1056,183.76305442337508,177.7947483857593,51.776179625390604,183.89475408974488,183.11788016274338,0.7768739270015033,1.2739242069440952,-0.497050279942592,184.3875,3.1237576477846845,190.63501529556936,178.13998470443062
2013-02-10,183.82,193.09,187.36,189.42,4707,184.3018111449584,178.2506406059256,60.90768653991468,184.74479192209182,183.58470385439202,1.160088067699803,1.2511569790952368,-0.09106891139543372,184.416,3.168888897088898,190.75377779417778,178.07822220582221
2013-02-12,189.42,198.58,193.2,198.01,5007,185.60735294067666,179.0255174449089,70.22225054081203,186.78559316484692,184.65324430962224,2.132348855224677,1.4273953543211249,0.7049535009035524,184.93099999999998,4.349453565193844,193.62990713038766,176.2320928696123
2013-02-13,198.01,197.89,192.51,195.83,5548,186.58093837489793,179.68451676079485,65.92891250575806,188.1770403702551,185.48115213853913,2.695888231715969,1.6810939298000938,1.0147943019158754,185.28,4.922722823802693,195.12544564760537,175.43455435239463
2013-02-14,195.83,200.87,198.81,200.18,5508,187.8760871010981,180.488261201548,69.88544097237883,190.02364954406198,186.56995568383255,3.4536938602294356,2.0356139158859623,1.4180799443434733,185.84650000000002,5.908412624117417,197.66332524823486,174.02967475176519
2013-02-17,200.18,220.1,204.07,216.32,3388,190.58503118670782,181.89342742893825,79.43008525639394,194.0692419218986,188.77366267021534,5.29557925168325,2.68760698304542,2.6079722686378304,187.21999999999997,9.017995459371834,205.25599091874363,169.1840090812563
2013-02-19,216.32,228.91,213.12,213.57,11302,192.7740758355928,183.13564596113676,75.0646025168081,197.0693585492988,190.61042839834752,6.458930150951289,3.441871616626594,3.017058534324695,188.6275,10.75228733315496,210.1320746663099,167.1229253336901
2013-02-20,213.57,214.03,207.51,210.6,3753,194.4717828988697,184.2126794528569,70.55455865938926,199.15099569556054,192.09113740587733,7.059858289683206,4.165468951237917,2.894389338445289,190.28699999999998,11.467348658828923,213.22169731765783,167.35230268234213
2013-02-21,210.6,216.78,208.31,211.74,4683,196.11637500373922,185.29218221941153,71.26813826479754,201.08776558855124,193.5466087091457,7.541156879405548,4.840606536871443,2.7005503425341058,191.775,12.237654789085596,216.2503095781712,167.2996904218288
2013-02-24,211.74,212.89,210.6,211.86,1719,197.61576786052595,186.33405742649344,71.34685331236534,202.74503242108182,194.90315621217192,7.841876208909895,5.440860471279134,2.401015737630761,193.2115,12.84081538442281,218.89313076884562,167.52986923115438
2013-02-25,211.86,223.19,211.74,215.75,2323,199.3428375880949,187.48762380192508,73.84806716469747,204.74579666399228,196.44736686312217,8.29842980087011,6.012374337197329,2.2860554636727812,194.94,13.44837497520319,221.83674995040639,168.0432500495936
2013-02-26,215.75,219.98,215.18,217.35,4719,201.05780543684776,188.6586973783202,74.82162393806438,206.68490486953192,197.99571005844646,8.689194811085457,6.547738431974955,2.141456379110502,196.6455,14.036532213439843,224.71856442687968,168.57243557312032
2013-02-27,217.35,214.6,213.12,214.03,1777,202.29325253810038,189.65365042230766,69.07538611941558,207.81491950498855,199.1834352393023,8.631484265686254,6.9644875987172155,1.6669966669690384,198.16199999999998,14.201741776052367,226.56548355210472,169.75851644789523
2013-02-28,214.03,216.21,213.8,216.09,1426,203.6072284868527,190.69037001358973,70.58491158623289,209.08800881191337,200.43577336972436,8.65223544218901,7.302037167411575,1.3501982747774353,199.7815,14.312137019069452,228.4057740381389,171.1572259618611
2013-03-03,216.09,216.21,214.15,215.98,3654,204.78558767858104,191.68212020913523,70.38733257216055,210.14831514854208,201.5871975645596,8.56111758398248,7.553853250725756,1.0072643332567237,201.51000000000002,14.061955392962624,229.63391078592525,173.3860892140748
2013-03-04,215.98,215.86,214.6,215.18,2969,205.77553170919236,192.60360569112993,68.87729753963202,210.92242051030485,202.59407181903669,8.328348691268161,7.708752338834238,0.6195963524339234,203.227,13.490135616344064,230.20727123268813,176.24672876731188
2013-03-05,215.18,216.09,212.31,213.8,5639,206.53976678450738,193.43483684049738,66.23750227267632,211.36512504718104,203.42414057318214,7.9409844739988955,7.75519876586717,0.1857857081317258,204.64600000000002,13.002265551574858,230.65053110314972,178.6414688968503
2013-03-06,213.8,216.89,212.89,216.32,1309,207.47121756693525,194.3322942193014,68.60384045861906,212.12741350146086,204.37938941961312,7.7480240818477455,7.753763829063286,-0.0057397472155402696,206.17950000000002,12.440428777091268,231.06035755418256,181.29864244581748
2013-03-07,216.32,220.33,211.74,220.33,4043,208.69586351294143,195.35181209305426,71.97040940920695,213.38934988585152,205.56091612927142,7.828433756580097,7.768697814566648,0.05973594201344845,208.01100000000002,11.62651683369512,231.26403366739027,184.75796633260978
2013-03-11,220.33,221.93,215.18,217.47,2354,209.53149555932796,196.2191920109737,66.4939547806891,214.01714221110512,206.44307049006613,7.57407172103899,7.729772595861117,-0.15570087482212713,209.68249999999998,10.329639457201527,230.34177891440302,189.02322108559693
2013-03-13,217.47,218.72,214.26,218.38,3412,210.3742102679634,197.088243304661,67.34538704597163,214.68835110170434,207.32728749080198,7.361063610902363,7.6560307988693665,-0.2949671879670035,211.4105,8.505061944759445,228.4206238895189,194.40037611048112
2013-03-14,218.38,228.68,217.47,219.87,2905,211.27857119482402,197.98164552800765,68.74582703792045,215.4855278552883,208.25637730629813,7.229150548990162,7.570654748893526,-0.34150419990336367,212.933,6.943404367492271,226.81980873498455,199.04619126501544
2013-03-17,219.87,219.3,217.47,217.92,2533,211.9110882238884,198.76354178181126,64.82740145094107,215.86006203139777,208.9722012095353,6.887860821862461,7.434095963487313,-0.5462351416248525,213.92849999999999,6.062656422288915,226.0538128445778,201.80318715542217
2013-03-18,217.92,218.5,213.0,215.18,1067,212.22241315494668,199.40732445703435,59.67992720735439,215.75543710349044,209.43203815697717,6.323398946513265,7.211956560092505,-0.8885576135792395,214.89600000000002,4.314294965879777,223.52458993175958,206.26741006824045
2013-03-19,215.18,220.1,212.89,216.32,1872,212.61265952114223,200.07056663518986,61.06512972584295,215.8422929337227,209.94225755275664,5.900035380966045,6.949572324267213,-1.0495369433011676,215.70299999999997,2.5761233625219164,220.8552467250438,210.55075327495615
2013-03-20,216.32,217.58,214.6,214.95,688,212.83526337627154,200.65407382596675,58.46561153529279,215.70501709776534,210.31320143773763,5.391815660027703,6.638020991419312,-1.246205331391609,215.63450000000003,2.5770678462536445,220.7886356925073,210.48036430749275
2013-03-21,214.95,217.47,214.03,215.18,498,213.05857162615044,201.22371798965432,58.78283814709254,215.62424523657066,210.67370503494226,4.9505402016283995,6.30052483346113,-1.3499846318327302,215.715,2.533970256956808,220.78294051391362,210.6470594860864
2013-03-24,215.18,211.86,208.88,210.03,2994,212.77013623318373,201.5690623822169,49.64041581910181,214.7635921232521,210.62602318050207,4.137568942750022,5.867933655318908,-1.7303647125688864,215.68649999999997,2.596950184955759,220.88040036991148,210.49259963008845
2013-03-25,210.03,211.97,206.02,211.97,2653,212.69393278240435,201.97694228879664,52.62923933365462,214.33380871967483,210.72557701898342,3.6082317006914195,5.4159932643934106,-1.807761563701991,215.698,2.5790014387426177,220.85600287748525,210.53999712251476
2013-03-27,211.97,216.09,210.71,211.63,2300,212.5926058507468,202.35549357158894,52.04623826352143,213.91783814741714,210.79257131387354,3.1252668335436056,4.95784797822345,-1.8325811446798443,215.68649999999997,2.597462881551245,220.88142576310247,210.49157423689746
2013-03-28,211.63,211.97,208.88,211.97,4364,212.53331005543757,202.73253303936977,52.611564721136624,213.6181707401222,210.87978825358658,2.7383824865356132,4.513954879885883,-1.77557239335027,215.4975,2.7268969737133553,220.9512939474267,210.0437060525733
2013-03-31,211.97,209.45,204.3,204.3,2556,211.74918528825305,202.7940023319435,40.89819395064368,212.18460601087264,210.39239653109868,1.792209479773959,3.9696057998634986,-2.1773963200895396,214.84500000000003,3.661467206632768,222.16793441326556,207.5220655867345
2013-04-01,204.3,207.28,200.3,205.45,3861,211.14926287984798,202.89815910323983,42.94912081341302,211.1485127784307,210.02629308435064,1.1222196940800586,3.4001285787068105,-2.277908884626752,214.416,4.221757429016709,222.8595148580334,205.9724851419666
2013-04-02,205.45,212.43,201.44,209.45,2688,210.98742831986246,203.1550940403677,49.51186644303676,210.8872031202106,209.98360470773207,0.9035984124785159,2.900822545461152,-1.9972241329826361,214.084,4.342542791351742,222.7690855827035,205.3989144172965
2013-04-03,209.45,210.6,208.31,208.88,1741,210.78672086082793,203.3796001564317,48.65298684857475,210.57840264017818,209.901856210863,0.6765464293151808,2.455967322231958,-1.779420892916777,213.72899999999998,4.467792225294864,222.6645844505897,204.79341554941027
2013-04-04,208.88,208.88,206.13,206.94,2424,210.42036649313002,203.51922367970892,45.74446017430624,210.0186483878431,209.68245945450278,0.33618893334030986,2.032011644453628,-1.6958227111133182,213.317,4.700797356774477,222.71859471354895,203.91540528645106
2013-04-07,206.94,206.94,203.73,204.88,1811,209.89271254140334,203.57258745697524,42.81738511714716,209.2280870974057,209.32672171713222,-0.09863461972651066,1.6058823916176004,-1.704517011344111,212.871,5.0618479047192455,222.9946958094385,202.74730419056152
2013-04-08,204.88,208.31,204.53,206.02,785,209.52388277555542,203.66856441944682,44.917911147457936,208.73453523626637,209.08177936771503,-0.3472441314486616,1.215257087004348,-1.5625012184530096,212.356,5.214150180542129,222.78430036108426,201.92769963891573
2013-04-09,206.02,211.74,206.13,211.74,2545,209.73494155883586,203.98509130495873,54.040449361092755,209.19691443068692,209.27868459973612,-0.0817701690492072,0.955851635793637,-1.037621804842844,211.92649999999998,4.864832203520018,221.65616440704002,202.19683559295993
2013-04-11,211.74,212.89,210.03,211.17,3477,209.8716137913277,204.26685243025446,53.096743427996785,209.50046605673506,209.4187820367927,0.08168401994237229,0.781018112623384,-0.6993340926810118,211.61149999999998,4.687736829103334,220.98697365820664,202.23602634179332
2013-04-15,211.17,211.63,207.74,210.03,1900,209.88669819215363,204.49285821730334,51.17203434608342,209.58193281723734,209.46405744147472,0.11787537576262253,0.6483895652512318,-0.5305141894886093,211.19400000000002,4.4172215606389855,220.02844312127797,202.35955687872206
2013-04-16,210.03,211.17,207.74,209.45,3250,209.84510788813898,204.68725593427183,50.17548993555555,209.5616354607393,209.46301614951363,0.09861931122566148,0.5384355144461178,-0.43981620322045634,210.673,3.927399166179929,218.52779833235985,202.81820166764015
2013-04-17,209.45,209.0,206.59,206.59,1167,209.5350976130781,204.7618733486141,45.472878021472766,209.1044607744717,209.25020013843854,-0.14573936396683962,0.4016005387635263,-0.5473399027303659,210.1065,3.63316778553913,217.37283557107827,202.84016442892175
2013-04-18,206.59,209.45,206.71,207.74,1755,209.36413593564208,204.8786626290606,47.59954301850742,208.8945437322453,209.13833346151716,-0.24378972927186737,0.27252248515644756,-0.516312214428315,209.73449999999997,3.463269637052821,216.6610392741056,202.80796072589433
2013-04-21,207.74,210.03,206.59,208.31,1114,209.2637420370095,205.01322487890135,48.66819125549091,208.80461392728446,209.0769754273307,-0.2723615000462303,0.163545688115912,-0.43590718816214225,209.334,3.1063845967849115,215.54676919356982,203.1212308064302
2013-04-22,208.31,208.31,200.3,202.01,3818,208.57290946205623,204.89545135423856,39.161852192353805,207.75928870770224,208.55349576604695,-0.7942070583447105,-0.02800486117621251,-0.766202197168498,208.68699999999998,3.220593439918783,215.12818687983756,202.2458131201624
2013-04-23,202.01,210.14,204.88,206.48,1983,208.37358475138421,204.95759051681745,47.06282413739061,207.56247506036345,208.3999034870805,-0.8374284267170538,-0.18988957428438077,-0.647538852432673,208.252,2.865397189329318,213.98279437865864,202.52120562134138
2013-04-25,206.48,206.02,203.73,203.73,1273,207.93133858458572,204.90944971223638,43.334227140144655,206.97286351261522,208.05398471025973,-1.0811211976445065,-0.36813589895640597,-0.7129852986881006,207.93699999999998,3.0026498823163315,213.94229976463265,201.93170023536732
2013-04-28,203.73,203.39,202.59,202.59,1757,207.42263967176802,204.81849089999182,41.85389166265471,206.2985768183667,207.64924510209232,-1.3506682837256108,-0.564642375910247,-0.7860259078153637,207.46800000000002,3.071330244970256,213.61066048994053,201.3253395100595
2013-04-29,202.59,205.45,202.59,202.59,1506,206.96238827445677,204.73109909999212,41.85389166265471,205.728026538618,207.27448620564104,-1.5464596670230435,-0.7610058341328063,-0.7854538328902372,207.016,3.091711159652812,213.19942231930563,200.83257768069436
2013-04-30,202.59,204.3,202.47,202.59,515,206.54597034355612,204.6471344294042,41.85389166265471,205.24525322498445,206.9274872274454,-1.6822340024609446,-0.945251467798434,-0.7369825346625105,206.54699999999997,3.0110587401821034,212.56911748036418,200.52488251963575
2013-05-02,202.59,202.7,199.15,202.59,1071,206.16921126321745,204.56646249099617,41.85389166265471,204.836752728833,206.60619187726425,-1.7694391484312462,-1.1100890039249967,-0.6593501445062495,206.46150000000003,3.1011513566459543,212.66380271329194,200.25919728670812
2013-05-05,202.59,203.73,196.86,198.58,1168,205.4464292381491,204.33169925605515,36.030481121528545,203.87417538593564,206.01165914561506,-2.1374837596794123,-1.3155679550758799,-0.8219158046035324,206.118,3.5648925576170405,213.24778511523408,198.9882148847659
2013-05-06,198.58,196.29,192.06,192.06,848,204.17153121546826,203.85045614797457,28.97204328437435,202.05660994194554,204.97820291260652,-2.9215929706609813,-1.6367729581929003,-1.284820012468081,205.2485,4.661518021325549,214.5715360426511,195.9254639573489
2013-05-07,192.06,198.92,191.71,195.03,3840,203.30090919494748,203.50455590687753,35.19949619493546,200.97559302780007,204.24129899315417,-3.265705965354101,-1.9625595596251406,-1.3031464057289606,204.55599999999998,5.101620382417804,214.7592407648356,194.35275923516437
2013-05-08,195.03,194.57,193.43,193.43,234,202.3608226049525,203.1094752830784,33.49569715599536,199.81473256198467,203.4404620306983,-3.6257294687136437,-2.2951935414428415,-1.3305359272708022,203.88049999999998,5.635799550989403,215.1520991019788,192.60890089802118
2013-05-09,193.43,194.8,192.86,192.86,998,201.4559823568618,202.70753507589887,32.885009074958944,198.74477370629472,202.65672410249846,-3.9119503962037356,-2.6185449123950204,-1.2934054838087152,203.2795,6.141793390583615,215.56308678116724,190.99591321883278
2013-05-12,192.86,196.63,190.0,192.4,3800,200.5935078466845,202.30331801409892,32.37206678120003,197.76865467455707,201.89696676157266,-4.128312087015587,-2.9204983473191337,-1.2078137396964532,202.5985,6.562608816139295,215.72371763227858,189.47328236772142
2013-05-13,192.4,196.63,192.29,196.63,2165,200.21603090890503,202.0808349547225,41.420681151041634,197.59347703231754,201.50682107553024,-3.913344043212703,-3.1190674864978476,-0.7942765567148555,201.84300000000002,6.320098350332828,214.48319670066567,189.20280329933436
2013-05-14,196.63,197.09,193.43,193.43,3704,199.56974225091406,201.74158652512554,37.34937638098365,196.9529421042687,200.90853803289838,-3.955595928629691,-3.2863731749242167,-0.6692227537054745,200.956,6.185634801273179,213.32726960254635,188.58473039745363
2013-05-15,193.43,197.21,193.43,194.0,9162,199.03929060796986,201.43799489668925,38.50879151927927,196.49864331899659,200.3967944749059,-3.898151155909318,-3.408728771121237,-0.48942238478808076,200.1545,5.9832216942121015,212.12094338842422,188.1880566115758
2013-05-16,194.0,200.3,194.57,200.3,1993,199.1593581691156,201.39336764583868,49.60870230198089,197.08346742376636,200.38962451380178,-3.3061570900354127,-3.3882144349040724,0.08205734486865968,199.697,5.570640235337769,210.83828047067553,188.55571952932448
2013-05-19,200.3,202.01,196.86,197.55,10617,199.00608596253315,201.2426473460019,45.728369262122754,197.15524166626386,200.17928195722385,-3.024040290959988,-3.315379606115256,0.2913393151552679,199.245,5.344050799473514,209.93310159894702,188.556898401053
2013-05-20,197.55,201.44,198.01,199.72,2532,199.07407777562526,201.1829356853744,49.11094291956739,197.54981987145402,200.14526107150357,-2.5954412000495495,-3.1713919249021147,0.5759507248525653,198.844,4.96017444514816,208.7643488902963,188.92365110970368
2013-05-21,199.72,200.64,199.15,200.3,3286,199.19083227318475,201.14831075653618,50.00781286633496,197.97292450661496,200.15672321435517,-2.183798707740209,-2.973873281469734,0.7900745737295249,198.4435,4.4530891406665,207.349678281333,189.537321718667
2013-05-22,200.3,201.78,198.58,199.72,2178,199.24122919954812,201.09229857000537,49.07635745108963,198.24170535175114,200.12437334662516,-1.8826679948740264,-2.7556322241505926,0.8729642292765663,198.329,4.385486710069429,207.09997342013887,189.55802657986115
2013-05-23,199.72,199.72,197.44,199.72,3462,199.28682641863878,201.0384829398091,49.07635745108963,198.4691352976356,200.09441976539367,-1.625284467758064,-2.529562672872087,0.9042782051140228,197.991,3.964504216695397,205.92000843339082,190.0619915666092
2013-05-26,199.72,200.3,199.15,199.27,1188,199.28522390257797,200.96913066765973,48.26738841422081,198.5923452518455,200.03335163462376,-1.441006382778255,-2.311851414853321,0.8708450320750658,197.768,3.7440037674275075,205.25600753485503,190.27999246514497
2013-05-27,199.27,206.48,201.44,206.48,1415,199.970440673761,201.1852431904966,59.7231200916086,199.80583059771544,200.51088114317014,-0.7050505454546965,-1.990491240973596,1.2854406955188995,197.9625,4.092511614616936,206.14752322923388,189.77747677076613
2013-05-28,206.48,204.3,201.44,201.56,1016,200.12182727625995,201.19993953596733,51.364476339417855,200.07570281345153,200.58859365108344,-0.5128908376319146,-1.6949711603052597,1.1820803226733452,197.911,4.037323110022517,205.98564622004503,189.83635377995498
2013-05-30,201.56,201.56,199.72,199.72,2567,200.08355801185422,201.1419026914196,48.62366930523995,200.02097930368973,200.5242533806328,-0.5032740769430859,-1.4566317436328249,0.953357666689739,197.7675,3.911300598062758,205.59010119612552,189.9448988038745
2013-06-02,199.72,200.75,198.01,198.01,1852,199.88607629643954,201.01908297803058,46.15858889852691,199.71159787235285,200.33801238947484,-0.6264145171219866,-1.2905882983306574,0.6641737812086708,197.5385,3.7446147648092096,205.02772952961843,190.04927047038157
2013-06-03,198.01,201.44,200.18,200.3,669,199.92549760154054,200.9908836455588,49.82699595899896,199.80212127660627,200.33519665692117,-0.533075380314898,-1.1390857147275055,0.6060103344126075,197.6245,3.7892777745391815,205.20305554907839,190.04594445092164
2013-06-04,200.3,200.87,199.15,200.3,590,199.9611644966319,200.96379016926238,49.82699595899896,199.87871800328224,200.33258949714926,-0.45387149386701253,-1.002042870555407,0.5481713766883944,198.03650000000002,3.5954185394289313,205.2273370788579,190.84566292114215
2013-06-05,200.3,200.3,199.61,199.61,357,199.92772025885745,200.91070035870308,48.66824593478494,199.83737677200804,200.2790643492123,-0.4416875772042488,-0.8899718118851754,0.4482842346809266,198.2655,3.5392661668748624,205.34403233374974,191.18696766625027
2013-06-06,199.61,200.3,198.12,199.84,746,199.91936594849008,200.8687121093422,49.0932216308607,199.83778034554524,200.24654106408545,-0.4087607185402078,-0.7937295932161819,0.38496887467597407,198.586,3.36424137064883,205.31448274129767,191.85751725870236
2013-06-09,199.84,199.15,199.15,199.15,1721,199.84609300101485,200.80131163446603,47.81430632006579,199.73196798469212,200.16531580007913,-0.43334781538700895,-0.7216532376503474,0.28830542226333844,198.90050000000002,3.083035884180244,205.06657176836052,192.73442823163953
2013-06-10,199.15,199.38,198.58,199.15,3401,199.77979842948963,200.73655431546737,47.81430632006579,199.64243444858565,200.0901072222955,-0.44767277370985425,-0.6668571448622489,0.21918437115239464,199.238,2.6766506958050442,204.5913013916101,193.8846986083899
2013-06-11,199.15,200.87,199.61,200.53,630,199.85124619810966,200.72845414623336,50.78796385341368,199.7789829949571,200.12269187249584,-0.34370887753874513,-0.6022274913975482,0.25851861385880304,199.433,2.6180730157454937,204.66914603149098,194.196853968509
2013-06-12,200.53,199.5,198.58,198.69,812,199.7406513220992,200.6485147679497,46.946750358809126,199.61144714957908,200.01656654860724,-0.40511939902816607,-0.5628058729236718,0.15768647389550572,199.696,2.216736339753845,204.1294726795077,195.2625273204923
2013-06-13,198.69,198.58,197.44,197.78,1716,199.5539226247564,200.536023992736,45.12884964539124,199.32968604964384,199.85089495241414,-0.5212089027702973,-0.5544864788929968,0.03327757612269955,199.88500000000002,1.833557083630798,203.5521141672616,196.21788583273843
2013-06-16,197.78,199.15,197.44,198.92,1064,199.49354904144627,200.47265050282482,47.853065700185255,199.2666574266217,199.78193977075384,-0.5152823441321459,-0.5466456519408267,0.031363307808680796,199.81599999999997,1.8430592416974412,203.50211848339487,196.12988151660508
2013-06-17,198.92,198.12,196.86,196.86,1445,199.24273484702283,200.3309779340866,43.63707036857317,198.89640243791064,199.56549978773504,-0.6690973498243977,-0.5711359915175409,-0.09796135830685682,199.7815,1.8934770994921148,203.56845419898423,195.99454580101576
2013-06-18,196.86,196.98,194.69,196.75,1011,199.00533152825875,200.19054742686754,43.417101444917066,198.56618667823207,199.35694424790282,-0.7907575696707454,-0.6150603071481818,-0.17569726252256357,199.63299999999998,2.011349638527895,203.65569927705576,195.6103007229442
2013-06-19,196.75,197.09,195.26,196.98,1715,198.81244281128173,200.06464360620606,44.052152960540454,198.32215795850405,199.1808743036137,-0.8587163451096558,-0.6637915147404767,-0.19492483036917907,199.467,2.0889108217053765,203.64482164341078,195.28917835658925
2013-06-20,196.98,196.29,195.26,195.83,1816,198.5284006387787,199.89857915106074,41.54164205265297,197.93874904181112,198.93266139223493,-0.9939123504238125,-0.729815681877144,-0.2640966685466686,199.27249999999998,2.239767081402106,203.7520341628042,194.79296583719577
2013-06-23,195.83,196.63,194.57,196.29,528,198.31521962556167,199.757066243176,42.94236868877792,197.68509534307094,198.7369086965138,-1.051813353442867,-0.7942152161902886,-0.2575981372525785,199.101,2.3330731935155575,203.76714638703112,194.43485361296888
2013-06-24,196.29,196.98,195.15,196.41,812,198.13377013741294,199.6258087434436,43.323886601463556,197.48892682875234,198.56454508936463,-1.0756182606122877,-0.8504958250746885,-0.22512243553759925,198.95800000000003,2.4085955724371826,203.77519114487438,194.14080885512567
2013-06-25,196.41,198.01,195.6,198.01,1982,198.12198250527837,199.5624436946811,48.28877447993561,197.56909193202122,198.52346767533763,-0.9543757433164046,-0.8712718087230318,-0.08310393459337284,198.5345,1.6376571037487115,201.80981420749742,195.2591857925026
2013-06-26,198.01,204.3,198.01,202.01,2051,198.49226988572806,199.6584262948897,58.15732774364566,198.2523085578641,198.78172932901634,-0.5294207711522461,-0.8029016012088748,0.2734808300566287,198.55700000000002,1.683852412580555,201.92470482516111,195.18929517483892
2013-06-27,202.01,204.3,200.3,202.93,1651,198.91491084899206,199.78672330293324,60.04593706096551,198.97195339511578,199.0890086379781,-0.11705524286233526,-0.6657323295395668,0.5486770866772316,198.7175,1.934821833218957,202.58714366643792,194.84785633356208
2013-06-30,202.93,202.7,198.01,200.3,1692,199.046824101469,199.80685180085743,52.72018456510451,199.17626825740567,199.1787117018316,-0.0024434444259213706,-0.5330745525168378,0.5306311080909164,198.83200000000002,1.9583655913691629,202.74873118273834,194.9152688172617
2013-07-01,200.3,201.33,199.72,199.95,1948,199.13284085371006,199.81246545572577,51.814213136829636,199.2953039101125,199.23584416836258,0.05945974174991875,-0.4145676936634865,0.47402743541340525,198.8145,1.9460823669445155,202.70666473388903,194.922335266111
2013-07-02,199.95,200.07,199.15,200.07,869,199.22209410573765,199.82256484961889,52.118026940883254,199.41448792394135,199.2976334892246,0.11685443471674262,-0.30828326798744066,0.4251377027041833,198.803,1.9375027334407189,202.67800546688144,194.92799453311855
2013-07-03,200.07,200.64,197.44,199.5,1706,199.24856133376264,199.80991524767305,50.48959821472457,199.42764362795037,199.31262360113388,0.11502002681649515,-0.2236226090266535,0.3386426358431487,198.7975,1.935246142371543,202.6679922847431,194.92700771525693
2013-07-04,199.5,199.84,198.58,199.27,1636,199.25060311149954,199.7887421007055,49.81326078266693,199.40339076211185,199.30946629734618,0.09392446476567784,-0.16011319426818726,0.2540376590338651,198.769,1.9232453383705184,202.61549067674105,194.92250932325896
2013-07-07,199.27,199.95,198.01,199.27,2216,199.2524504342139,199.76839927322686,49.813260782666944,199.38286910640232,199.30654286791312,0.07632623848920161,-0.11282530771670948,0.1891515462059111,198.775,1.9246831591570805,202.62436631831417,194.92563368168584
2013-07-08,199.27,200.75,198.69,200.3,2866,199.35221705952685,199.7892463605513,53.077777096515405,199.52396616695583,199.38013228510476,0.14383388185106583,-0.06149346980315442,0.20532735165422025,198.83249999999998,1.953439274711401,202.73937854942278,194.92562145057718
2013-07-09,200.3,203.62,200.64,203.62,1603,199.75867257766717,199.93947199347087,61.721004494960674,200.1541252181934,199.6941965602822,0.4599286579112061,0.042790955739717675,0.4171377021714884,198.98700000000002,2.2012415157159335,203.3894830314319,194.58451696856815
2013-07-10,203.62,207.05,203.73,206.59,5003,200.4092751893179,200.20027701333476,67.49019380785734,201.1442598000098,200.2049968150761,0.9392629849336913,0.22208536157851244,0.7171776233551789,199.382,2.7783061859959033,204.9386123719918,193.8253876280082
2013-07-11,206.59,205.45,204.42,204.42,632,200.79124898081145,200.3657563461452,60.33514521144779,201.64821983077752,200.51721927321861,1.131000557558906,0.4038684007745912,0.7271321567843148,199.714,2.967111655959831,205.64822331191965,193.77977668808035
2013-07-14,204.42,206.02,204.65,204.88,1240,201.18065383978177,200.54278550904147,61.27243710652026,202.14541677988868,200.84038821594316,1.3050285639455126,0.5841004334087755,0.7209281305367371,200.012,3.175169452583123,206.36233890516624,193.66166109483376
2013-07-15,204.88,208.65,207.16,207.74,553,201.80535347408826,200.82502921456927,66.56286643969841,203.00612189067505,201.35147057031776,1.6546513203572886,0.7982106107984781,0.8564407095588105,200.55599999999998,3.5200215310325893,207.59604306206515,193.51595693793482
2013-07-16,207.74,208.19,205.45,206.02,2427,202.20674838131796,201.02875355909597,61.15243839328667,203.4697954459558,201.69728756510904,1.7725078808467742,0.9930700648081374,0.7794378160386368,201.01950000000002,3.6018525569616386,208.2232051139233,193.81579488607673
2013-07-17,206.02,208.88,206.13,208.88,3409,202.8422961545258,201.33664557638633,66.08838399941322,204.30213460811646,202.22934033806393,2.072794270052526,1.2090149058570152,0.8637793641955109,201.6145,3.8721875702157575,209.3588751404315,193.87012485956848
2013-07-18,208.88,214.26,207.28,213.46,5092,203.85350604457096,201.81207124005746,72.18362937389537,205.71103697609854,203.0612410537629,2.6497959223356418,1.4971711091527407,1.152624813182901,202.496,4.449704188865528,211.39540837773106,193.59659162226896
2013-07-21,213.46,225.48,216.32,218.61,5250,205.25888642127848,202.47081354436892,77.15579127751242,207.69549282592953,204.2130009757064,3.4824918502231412,1.8942352573668209,1.5882565928563204,203.61200000000002,5.488911885264444,214.5898237705289,192.63417622947114
2013-07-22,218.61,219.18,215.75,215.75,1031,206.25804009544242,202.99156595439368,69.70422780279779,208.93464777578652,205.06759349602441,3.867054279762101,2.288799061845877,1.5782552179162241,204.579,5.8453552411058745,216.26971048221176,192.88828951778825
2013-07-23,215.75,219.75,214.03,219.75,898,207.54298865778122,203.64875944637825,73.55154369355724,210.59854811797322,206.15517916298558,4.443368954987648,2.719713040474231,1.7236559145134165,205.666,6.5396421920459415,218.7452843840919,192.5867156159081
2013-07-24,219.75,217.47,210.94,216.32,2886,208.37889449989729,204.1456708406379,65.83136278402549,211.47877148443888,206.90812885461628,4.570642629822601,3.0898989583439054,1.4807436714786952,206.38150000000002,6.891925309641124,220.16535061928226,192.59764938071777
2013-07-25,216.32,218.04,215.18,216.21,1962,209.12471407133563,204.61878178806387,65.59358007587225,212.2066527945252,207.5971563468669,4.609496447658302,3.393818456206785,1.2156779914515168,207.0455,7.175773184086968,221.39704636817393,192.69395363182608
2013-07-28,216.21,219.53,215.18,218.04,2279,209.97378892168464,205.1451040708849,67.68478937886762,213.1040908261367,208.37070032117308,4.733390504963637,3.6617328659581556,1.0716576390054815,207.93249999999998,7.391262889740251,222.71502577948047,193.14997422051948
2013-07-29,218.04,218.61,216.32,217.47,2562,210.6877137862861,205.62843332300707,66.33242921831672,213.77576916057723,209.0447225196047,4.731046640972522,3.8755956209610294,0.8554510200114929,208.8085,7.433496928023575,223.67549385604715,193.94150614395286
2013-07-30,217.47,219.18,217.47,218.61,2927,211.44221723521125,206.13751436916365,67.72151512975277,214.5194969820269,209.75326159222658,4.766235389800329,4.05372357472889,0.7125118150714389,209.7355,7.442417883145058,224.6203357662901,194.8506642337099
2013-07-31,218.61,221.47,217.47,220.33,2384,212.2886727366197,206.694082433118,69.74947133767411,215.41342052325354,210.5367236965061,4.876696826747434,4.218318225132599,0.6583786016148352,210.777,7.391978653989879,225.56095730797975,195.99304269202023
2013-08-01,220.33,223.19,217.47,218.61,2696,212.89070390456067,207.16137331809378,65.32930938478415,215.90520198121453,211.13474416343158,4.770457817782955,4.32874614366267,0.44171167412028467,211.744,7.065217544234444,225.87443508846889,197.6135649115311
2013-08-04,218.61,219.18,216.44,219.18,3186,213.4896844850787,207.63269201150186,66.09610211230266,216.40901706102767,211.73068904021443,4.67832802081324,4.398662519092784,0.2796655017204559,212.7395,6.602637810195385,225.94477562039077,199.5342243796092
2013-08-05,219.18,217.58,216.32,216.89,1105,213.81352405792836,207.9957236973253,60.32379465194609,216.48301443625417,212.11286022242075,4.370154213833416,4.392960858040911,-0.022806644207494564,213.56900000000002,5.969332943425429,225.50766588685087,201.63033411314916
2013-08-06,216.89,218.04,215.75,217.81,2029,214.19414081431614,208.38059727782235,61.768348367423414,216.68716606144585,212.5348705763155,4.152295485130338,4.344827783458796,-0.19253229832845786,214.27849999999998,5.553384245569363,225.3852684911387,203.17173150886126
2013-08-07,217.81,219.75,216.32,216.32,635,214.39660359390507,208.69194640418226,58.08014881171814,216.63067897506957,212.8152505336255,3.8154284414440838,4.238947915055854,-0.42351947361177,214.76500000000001,5.262991444735513,225.29098288947105,204.23901711052898
2013-08-08,216.32,220.44,215.18,217.47,2663,214.68930801353315,209.0361838000967,60.06226065241083,216.75980528659733,213.16004679039398,3.59975849620335,4.111110031285353,-0.511351535082003,215.41750000000002,4.690782534872473,224.79906506974496,206.03593493025508
2013-08-11,217.47,214.6,211.74,214.03,867,214.62651677414905,209.23201972950469,52.12295156754407,216.33983524250544,213.2244877688833,3.115347473622137,3.91195751975271,-0.796610046130573,215.875,4.005033017800884,223.88506603560177,207.86493396439823
2013-08-12,214.03,214.03,210.83,211.74,1648,214.35161041470627,209.3303718969751,47.61113634155611,215.63216828212,213.114525711929,2.517642570191015,3.633094529840371,-1.1154519596493562,216.075,3.6626529068122986,223.40030581362458,208.7496941863754
2013-08-13,211.74,211.74,207.39,209.45,2663,213.88479037521043,209.33506319513293,43.55130355135897,214.68106546948616,212.84307936289719,1.8379861065889713,3.274072845190091,-1.4360867386011198,216.24649999999997,3.220696680107322,222.68789336021462,209.80510663978532
2013-08-14,209.45,212.89,208.19,208.19,1105,213.34242938709514,209.2901587561081,41.45664380779106,213.68244001264213,212.4984068174974,1.1840331951447354,2.8560649151810202,-1.6720317200362849,216.212,3.306317079708191,222.82463415941638,209.5993658405836
2013-08-15,208.19,211.17,208.08,211.17,651,213.13553135022894,209.36387802057445,47.84564945107162,213.29591077992794,212.4000063124976,0.8959044674303414,2.4640328256308845,-1.5681283582005432,216.0975,3.44344514602387,222.98439029204775,209.21060970795224
2013-08-18,211.17,211.17,208.54,208.88,1294,212.73024265020712,209.34490241192447,43.88241238001738,212.61653989070825,212.13926510416445,0.47727478654380207,2.066681217813468,-1.589406431269666,215.61100000000002,3.744012623684225,223.09902524736847,208.12297475263156
2013-08-19,208.88,211.74,209.45,210.37,1782,212.50545763590168,209.3851023173392,46.96091207013081,212.2709183690608,212.00820842978192,0.2627099392788921,1.705886962106553,-1.443177022827661,215.342,3.922516109791001,223.18703221958202,207.496967780418
2013-08-20,210.37,212.31,209.45,212.31,807,212.48684262295865,209.49980418724746,50.749285655140255,212.27693092766683,212.03056336090918,0.24636756675764104,1.4139830830367708,-1.1676155162791297,214.96999999999997,3.834273416381499,222.63854683276296,207.30145316723699
2013-08-25,212.31,214.03,211.74,212.89,1577,212.52523856362924,209.6327530426495,51.856434348299295,212.3712492464873,212.09422533417518,0.2770239123121314,1.1865912488918429,-0.9095673365797114,214.79849999999996,3.847398676890432,222.49329735378083,207.1037026462191
2013-08-26,212.89,212.89,210.6,211.86,1868,212.46188250995027,209.72009606058484,49.718920094885746,212.2925955162585,212.07687530942147,0.21572020683703386,0.9924170404808811,-0.7766968336438472,214.581,3.8861656112272884,222.35333122245456,206.80866877754542
2013-08-27,211.86,212.77,210.6,212.09,1193,212.42646512805027,209.81303346997367,50.21243756028421,212.26142697529565,212.0778475087236,0.18357946657204138,0.8306495256991132,-0.6470700591270718,214.2835,3.8348379160136647,221.95317583202734,206.61382416797267
2013-08-29,212.09,212.43,209.45,209.91,1962,212.18680178252168,209.8168360789943,45.63991269229201,211.8996689790963,211.9172662117811,-0.01759723268480684,0.6610001740223292,-0.6785974067071361,213.9055,3.8765807981004605,221.65866159620091,206.15233840379906
2013-09-01,209.91,210.6,209.45,209.45,787,211.9261539937101,209.8024503504063,44.71461748485359,211.52279682846608,211.73450575164918,-0.21170892318309598,0.4864583545812442,-0.6981672777643402,213.4475,3.83236614419192,221.11223228838384,205.78276771161615
2013-09-02,209.45,208.88,208.31,208.31,802,211.58175837526153,209.74392288568447,42.419360449493475,211.02852039331745,211.48083865893443,-0.45231826561698085,0.29870303054159925,-0.75102129615858,212.84650000000002,3.6335762794989948,220.113652558998,205.57934744100203
2013-09-03,208.31,209.22,206.02,208.31,3564,211.27016233952233,209.68769061565763,42.419360449493475,210.61028648665322,211.24596172123557,-0.6356752345823509,0.11182737751680924,-0.7475026120991601,212.3315,3.501218246627387,219.33393649325478,205.32906350674523
2013-09-04,208.31,210.6,206.36,208.31,2269,210.9882421167107,209.63366353269066,42.419360449493475,210.25639625793733,211.0284830752181,-0.7720868172807798,-0.06495546144270858,-0.7071313558380712,211.788,3.2140703820922636,218.21614076418453,205.3598592358155
2013-09-05,208.31,208.31,205.91,208.31,3902,210.73317143892874,209.58175515885964,42.419360449493475,209.95695067979312,210.82711395853528,-0.8701632787421545,-0.22599702490259777,-0.6441662538395567,211.359,3.0664567243147642,217.49191344862953,205.22608655137049
2013-09-08,208.31,229.14,212.43,229.14,9905,212.48620273045933,210.34874515262987,74.5393189637193,212.908189036748,212.18362403568082,0.7245650010671909,-0.035884619708640014,0.7604496207758309,211.9255,4.849254391953965,221.62400878390793,202.22699121609207
2013-09-09,229.14,233.37,224.45,224.91,8448,213.66942151803462,210.91977475448752,66.43475573638662,214.75462149263294,213.12631855155632,1.6283029410766119,0.2969528924484104,1.3313500486282015,212.35500000000002,5.583746619947906,223.52249323989582,201.1875067601042
2013-09-10,224.91,224.91,220.44,222.04,5604,214.466619468698,211.35586201901745,61.5452501337353,215.8754489553048,213.78659125144105,2.088857703863738,0.6553338547314759,1.433523849132262,212.58350000000002,5.889232167804733,224.36196433560949,200.80503566439054
2013-09-11,222.04,224.1,222.04,224.1,5974,215.38408428120295,211.85563213591874,63.61519899669771,217.14076450064252,214.55054745503801,2.590217045604504,1.0423104929060816,1.5479065526984226,213.087,6.425464226521393,225.9379284530428,200.2360715469572
2013-09-12,224.1,226.05,224.33,224.91,3529,216.29131434965979,212.36756813058858,64.42605573113032,218.33603150054367,215.31791431022037,3.018117190323295,1.4374718323895244,1.5806453579337707,213.7455,6.934815654210664,227.61513130842133,199.87586869157866
2013-09-15,224.91,228.34,224.33,227.77,9143,217.38452250683503,212.97158506664394,67.20510393857985,219.7874112696908,216.24029102798184,3.547120241708967,1.859401514253413,1.687718727455554,214.6615,7.522583035520882,229.70666607104175,199.61633392895823
2013-09-16,227.77,229.14,227.77,228.45,4647,218.43837750618408,213.57858173069712,67.84823058160381,221.12011722819992,217.144713914798,3.9754033134019267,2.2826018740831158,1.6928014393188109,215.6745,7.956840469881805,231.58818093976362,199.76081906023637
2013-09-17,228.45,229.25,227.19,228.91,9843,219.4356748865475,214.1798138196894,68.30109490336166,222.3185607315538,218.01621658777592,4.302344143777873,2.6865503280220673,1.6157938157558056,216.56149999999997,8.40447078705837,233.3704415741167,199.75255842588322
2013-09-19,228.91,227.88,224.91,226.62,2291,220.11989632592392,214.66766425813296,63.50555737159724,222.98032061900705,218.65353387757028,4.326786741436763,3.0145976107050068,1.3121891307317561,217.44849999999997,8.486832075880962,234.42216415176188,200.47483584823806
2013-09-22,226.62,226.62,223.19,226.05,2397,220.68466810440736,215.1140303656572,62.33242317191361,223.45257898531366,219.20142025700952,4.251158728304148,3.261909834224835,0.9892488940793127,218.2325,8.522686674862944,235.27787334972587,201.1871266502741
2013-09-23,226.05,226.05,222.16,225.48,3089,221.14136638017808,215.52053897876868,61.116574151629685,223.76448991065,219.66650023797177,4.0979896726782385,3.429125801915516,0.6688638707627224,218.89100000000002,8.549747241569698,235.9904944831394,201.79150551686064
2013-09-24,225.48,227.77,224.45,226.62,4740,221.6631410106373,215.95581195999344,62.6843062070739,224.20379915516543,220.1815742944183,4.022224860747116,3.5477456136818364,0.47447924706527944,219.57750000000001,8.593648741029769,236.76479748205955,202.39020251794048
2013-09-25,226.62,227.31,226.16,226.62,2790,222.13522281914803,216.37401541254272,62.6843062070739,224.57552236206305,220.658494717054,3.917027645009057,3.6216020199472805,0.2954256250617764,220.31550000000001,8.529543996572496,237.374587993145,203.25641200685502
2013-09-26,226.62,228.91,226.51,226.62,837,222.56234445541963,216.7758187296979,62.6843062070739,224.8900573832841,221.10008770097593,3.7899696823081683,3.6552755524194582,0.1346941298887101,221.042,8.410022592121404,237.86204518424282,204.2219548157572
2013-09-29,226.62,227.77,225.48,226.05,2802,222.89450212633207,217.13951211284703,61.14476730383025,225.0685100935481,221.466747871274,3.6017622222740897,3.644572886390385,-0.04281066411629508,221.84900000000002,8.052377158003063,237.95375431600615,205.74424568399388
2013-09-30,226.05,226.62,226.05,226.05,1938,223.19502573334807,217.48894301038246,61.14476730383024,225.21950854069456,221.8062480289574,3.4132605117371497,3.598310411459738,-0.18504989972258823,222.679,7.546731533723595,237.7724630674472,207.5855369325528
2013-10-01,226.05,230.28,225.94,226.62,2887,223.5212137587435,217.84702367664195,62.22086866060052,225.4349687652031,222.16282224903463,3.272146516168476,3.533077632401486,-0.2609311162330097,223.5945,6.783922537882715,237.16234507576544,210.02665492423458
2013-10-02,226.62,227.19,223.19,226.97,1303,223.84966959124412,218.20478745402855,62.90030977003729,225.67112741671033,222.51890948984686,3.1522179268634716,3.4569056912938834,-0.3046877644304118,224.52749999999997,5.780087301288765,236.0876746025775,212.96732539742246
2013-10-03,226.97,226.62,224.33,226.16,2340,224.06970105874467,218.51675657347843,60.20187735697226,225.74633858337026,222.78861989800635,2.957718685363915,3.3570682901078897,-0.39934960474397485,225.42000000000002,4.343812296031158,234.10762459206234,216.7323754079377
2013-10-06,226.16,226.62,225.48,226.62,1379,224.31258667219754,218.8345308254989,61.21936963258323,225.88074803208252,223.07242583148735,2.808322200595171,3.2473190722053458,-0.43899687161017464,226.3355,1.6291827948211477,229.5938655896423,223.0771344103577
2013-10-07,226.62,228.34,226.62,228.0,1594,224.66376889389304,219.1939609892048,64.17821139344471,226.20678679637751,223.43743132545126,2.769355470926257,3.151726351949528,-0.3823708810232711,226.27850000000004,1.5435921025132364,229.3656842050265,223.19131579497358
2013-10-08,228.0,230.06,228.34,230.06,2489,225.17769566590323,219.62008016609875,68.0918548029922,226.79958882770404,223.92799196801042,2.871596859693625,3.095700453498348,-0.2241035938047231,226.53599999999997,1.7224780191078626,229.9809560382157,223.09104396178424
2013-10-09,230.06,230.51,228.91,229.83,2821,225.62077226915054,220.0204691791929,67.20896501733532,227.2658059311342,224.3651777481578,2.9006281829763907,3.056685999393957,-0.1560578164175661,226.92549999999997,1.5213203233737076,229.96814064674737,223.88285935325257
2013-10-10,229.83,232.92,230.63,232.34,1255,226.26069871970762,220.50358803491085,71.54506679363969,228.04645117249817,224.95590532236832,3.0905458501298426,3.063457969541134,0.02708788058870848,227.3375,1.8051443301370202,230.94778866027406,223.72721133972595
2013-10-17,232.34,236.35,232.92,236.35,3332,227.22158455592594,221.12501595511043,76.8189724887392,229.32392022288306,225.79991233552624,3.5240078873568166,3.155567953104271,0.3684399342525455,227.90950000000004,2.6227857327647794,233.1550714655296,222.66392853447047
2013-10-20,236.35,246.19,234.63,246.08,8573,229.01762412202822,222.10364278040024,84.38267675025541,231.90177865013183,227.30214105141317,4.599637598718658,3.4443818822271486,1.1552557164915096,228.825,4.834557074361417,238.49411414872282,219.15588585127716
2013-10-21,246.08,256.38,243.1,251.8,6354,231.18737420564457,223.26820580861985,87.05644265711939,234.96304347318846,229.11679726982703,5.8462462033614315,3.9247547464540053,1.9214914569074262,229.9925,7.050699013498071,244.09389802699616,215.89110197300386
2013-10-22,251.8,251.8,240.36,246.08,7336,232.60571951939272,224.1627859729877,73.50413541805445,236.67334447731332,230.3733308053954,6.300013671917924,4.39980653154679,1.9002071403711343,230.85100000000003,7.905461736239922,246.66192347247988,215.04007652752017
2013-10-23,246.08,247.22,241.62,244.93,2544,233.77946051754577,224.97718652306662,71.10743458217735,237.9435991731113,231.45160259758833,6.491996575522961,4.818244540342024,1.6737520351809367,231.76650000000004,8.432344541921909,248.63118908384385,214.90181091615622
2013-10-24,244.93,247.22,242.42,247.22,3527,235.05951189682713,225.84945371824048,72.99567668938984,239.3707377618634,232.619632034804,6.751105727059411,5.204816777685502,1.546288949373909,232.825,8.987441823250498,250.79988364650097,214.850116353499
2013-10-27,247.22,251.92,242.3,251.8,3228,236.6538440971293,226.8671221998781,76.32782561455284,241.28293195234596,234.04040003222593,7.2425319201200296,5.6123598061724085,1.630172113947621,234.141,9.749959730011149,253.6409194600223,214.64108053997768
2013-10-28,251.8,255.24,250.77,251.57,5747,238.0744303735932,227.83586250576525,75.82184660225485,242.8655578058312,235.3388889187277,7.5266688871035115,5.995221622358629,1.531447264744882,235.38849999999996,10.316700959328422,256.0219019186568,214.75509808134314
2013-10-29,251.57,252.26,250.66,251.92,2987,239.39305605229862,228.7803384859313,76.08168603911645,244.2585489126264,236.5671193691923,7.691429543434083,6.33446320657372,1.3569663368603626,236.65349999999998,10.7278571338459,258.10921426769175,215.19778573230818
2013-10-30,251.92,252.49,251.23,251.8,8171,240.5746697616035,229.68307031001245,75.78098145527585,245.41877215683772,237.6954808974003,7.723291259437417,6.61222881714646,1.1110624422909572,237.9125,10.963324445383122,259.83914889076624,215.98585110923375
2013-10-31,251.8,252.72,251.23,251.57,5454,241.62184407002223,230.5413812782473,75.1677523523775,246.3651149019396,238.72322305314842,7.641891848791175,6.818161423475404,0.8237304253157713,239.18849999999998,10.995070797503034,261.17864159500607,217.1983584049939
2013-11-06,251.57,251.8,250.77,251.12,1535,242.52643034906774,231.3483859340023,73.90760588189075,247.09663568625658,239.64150282698927,7.455132859267309,6.945555710633785,0.5095771486335234,240.442,10.84642875983171,262.13485751966346,218.7491424803366
2013-11-07,251.12,251.69,248.94,248.94,3254,243.13724650629936,232.03825315227672,67.96340779931532,247.38023019606325,240.33028039536043,7.049949800702819,6.966434528647593,0.08351527205522657,241.558,10.491887893937246,262.5417757878745,220.5742242121255
2013-11-10,248.94,251.34,248.37,248.37,1502,243.63560398188991,232.67871381297178,66.4583379343499,247.532502473592,240.9258151808893,6.606687292702702,6.894485081458615,-0.28779778875591333,242.62800000000001,10.00581441489213,262.6396288297843,222.61637117021576
2013-11-11,248.37,252.95,246.08,251.92,10578,244.42459407885278,233.43327405560035,70.79605495466626,248.20750209303938,241.74019924156417,6.4673028514752104,6.809048635461934,-0.34174578398672395,243.916,9.414930695443303,262.7458613908866,225.0861386091134
2013-11-12,251.92,257.52,251.8,252.37,3891,245.18129940467634,234.17589075930232,71.30268019079138,248.84788638641794,242.5275918903372,6.320294496080749,6.711297807585698,-0.3910033115049494,245.2035,8.655217030329528,262.51393406065904,227.89306593934094
2013-11-13,252.37,256.38,252.37,253.29,8998,245.95355660423095,234.92546367070224,72.3584463641716,249.5312884808152,243.32480730586778,6.206481174947413,6.610334481058041,-0.4038533061106282,246.468,7.816294451168656,262.1005889023373,230.83541109766267
2013-11-14,253.29,258.67,251.8,255.12,9683,246.82655121335182,235.7174062718512,74.3777068508827,250.39109025299746,244.1985252832109,6.1925649697865595,6.526780578803746,-0.3342156090171864,247.721,7.015130939994289,261.7512618799886,233.69073812001142
2013-11-21,255.12,280.53,260.16,280.53,10177,250.03640347874688,237.47476288864135,87.75439205822143,255.02784559869013,246.88974563260268,8.138099966087452,6.849044456260487,1.289055509826965,250.25600000000003,9.06946084395335,268.39492168790673,232.11707831209333
2013-11-24,280.53,293.81,274.69,288.77,7026,253.72531743315196,239.48634081457698,89.64274220865752,260.21894627581474,249.99198669685433,10.226959578960418,7.524627480800474,2.7023320981599444,253.07750000000001,11.621158505071863,276.31981701014377,229.8351829898563
2013-11-25,288.77,283.62,272.4,280.07,4977,256.2343348204708,241.07785686106413,76.2696810470482,263.272954541074,252.21998768227252,11.052966858801483,8.230295356400676,2.822671502400807,255.26349999999996,12.395222031514045,280.05394406302804,230.4730559369719
2013-11-26,280.07,279.27,272.4,273.55,5083,257.88344578994975,242.3512742390616,68.07357981798273,264.85403845783185,253.7999885946968,11.054049863135049,8.79504625774755,2.2590036053874982,256.637,12.838097948971017,282.313195897942,230.96080410205798
2013-11-27,273.55,273.55,270.69,272.4,1841,259.2659747623355,243.52965564145137,66.71184278381165,266.0149556181654,255.17776721731184,10.837188400853563,9.203474686368754,1.6337137144848093,257.66700000000003,13.249381355965083,284.1657627119302,231.16823728806986
2013-11-28,272.4,272.4,267.02,272.4,3395,260.5168343087797,244.6618260084533,66.71184278381165,266.9972701384476,256.4534881641776,10.543781974270019,9.471536143949008,1.0722458303210107,258.983,13.344704488850356,285.67240897770074,232.2935910222993
2013-12-01,272.4,285.57,277.78,283.16,5618,262.67332627937213,246.17155832184727,72.64892268889305,269.48384396330187,258.43174830016443,11.052095663137436,9.787648047786695,1.2644476153507416,260.8945,13.950109403457292,288.7947188069146,232.9942811930854
2013-12-02,283.16,286.14,282.71,285.11,5399,264.8101523480033,247.698556034716,73.56895790239543,271.8878679689477,260.4079150927449,11.479952876202844,10.126109013469925,1.3538438627329192,262.78900000000004,14.55501610044515,291.89903220089036,233.67896779910976
2013-12-03,285.11,298.16,285.11,294.72,6324,267.6587092672411,249.54253422943304,77.57281241370181,275.4005036660327,262.94955101180085,12.450952654231855,10.591077741622312,1.859874912609543,264.935,15.947026946144547,296.8290538922891,233.0409461077109
2013-12-04,294.72,311.89,298.73,310.75,6447,271.76264171798005,251.9428270047494,82.3702121412017,280.83888771741226,266.4903250109267,14.348562706485552,11.34257473459496,3.005987971890592,267.894,18.605493076819737,305.10498615363946,230.68301384636052
2013-12-05,310.75,320.48,308.46,311.32,9860,275.5300091734105,254.27134359279847,82.51345111911718,285.52828960704113,269.811041676784,15.717247930257145,12.217509373727399,3.4997385565297456,270.86400000000003,20.55973822278588,311.9834764455718,229.74452355442827
2013-12-08,311.32,319.33,309.03,314.75,18668,279.26524639499047,256.64305560876716,83.38810696041509,290.02393735980405,273.13985340442963,16.88408395537442,13.150824290056804,3.733259665317618,274.0115,22.237667966289926,318.4868359325799,229.53616406742015
2013-12-09,393.44,343.37,321.05,327.63,5002,283.87141340499136,259.42685734959986,86.1829362307051,295.80948545829574,277.1761605596571,18.633324898638648,14.247324411773173,4.386000486865475,277.8145,24.578370995439958,326.97124199087995,228.6577580091201
2013-12-10,327.63,327.63,320.48,322.62,1767,287.5617549854684,261.90501980647826,80.50896723137367,299.9341800031733,280.5423708885714,19.391809114601926,15.276221352338926,4.115587762263001,281.3895,25.667052498239446,332.7236049964789,230.0553950035211
2013-12-11,322.62,329.77,323.34,327.63,2056,291.3777783201857,264.4824700101458,81.79940188134059,304.1950753873005,284.0303434153439,20.1647319719566,16.25392347626246,3.9108084956941376,285.32399999999996,26.450312981931187,338.2246259638623,232.42337403613757
2013-12-12,327.63,329.06,320.48,321.19,1285,294.2170375277871,266.7062947156303,74.9318717971041,306.80967917386965,286.78291056976286,20.026768604106792,17.008492501831327,3.0182761022754647,288.96500000000003,26.10545042908236,341.17590085816477,236.7540991418353
2013-12-15,321.19,329.06,317.04,329.06,1243,297.5354149060931,269.15153806011534,77.42607104916614,310.23280545481276,289.91454682385455,20.318258630958212,17.670445727656706,2.6478129033015065,292.822,26.04262126025868,344.90724252051734,240.73675747948263
2013-12-16,329.06,341.36,330.49,341.36,716,301.7091849150366,271.9832424499147,80.66415086106848,315.0216046156108,293.7253211331987,21.296283482412093,18.395613278607783,2.90067020380431,297.2715,26.36760018918782,350.0067003783756,244.53629962162438
2013-12-18,341.36,344.8,341.36,344.8,900,305.81307206598547,274.8388015695259,81.46492980451261,319.60289621320914,297.50863067888764,22.094265534321494,19.135343729750524,2.95892180457097,301.84700000000004,26.273499175926013,354.3939983518521,249.300001648148
2013-12-19,344.8,343.37,322.91,343.22,3807,309.37563663112974,277.5204171942504,79.82963201050069,323.2362967957923,300.8946580360071,22.341638759785212,19.776602735757464,2.565036024027748,306.252,25.397752200581106,357.0475044011622,255.4564955988378
2013-12-22,343.22,344.08,337.21,337.21,3302,312.026528380546,279.8611851474171,73.76404346745841,325.38609728874735,303.58468336667323,21.80141392207412,20.181564973020794,1.619848949053324,309.08599999999996,25.53842912368105,360.16285824736207,258.00914175263785
2013-12-23,337.21,333.35,321.19,321.19,1786,312.89923996335114,281.4819229847733,60.5559941735685,324.7405438597093,304.8887808950678,19.851762964641523,20.11560457134494,-0.2638416067034157,310.707,25.207799565757135,361.1225991315143,260.2914008684857
2013-12-24,321.19,326.2,321.19,323.05,2047,313.86597901446055,283.11204365203713,61.41975608785895,324.4804601889848,306.234056384322,18.246403804662805,19.741764418008515,-1.49536061334571,312.85600000000005,24.27321447712785,361.40242895425575,264.30957104574435
2013-12-26,323.05,331.92,323.34,324.77,4278,314.90445720355956,284.74568899901607,62.24315245951088,324.52500477529486,307.6070892447426,16.91791553055225,19.176994640517265,-2.2590791099650147,315.41700000000003,22.548657586370556,360.51431517274114,270.3196848272589
2013-12-29,324.77,325.48,317.61,321.91,3809,315.5716517556015,286.20311295983896,59.95191902192766,324.12269634832643,308.6665641155024,15.456132232824018,18.432822158978617,-2.9766899261545987,317.8925,20.169716715126157,358.2319334302523,277.55306656974767
2013-12-31,321.91,321.91,314.75,316.18,2064,315.62958968363944,287.37867715749235,55.54066463870123,322.90074306396855,309.2231149217615,13.677628142207027,17.481783355624298,-3.804155213417271,320.0815,17.11733909320014,354.3161781864003,285.8468218135997
2014-01-01,316.18,311.89,306.45,307.74,433,314.8782001899595,288.17716040621815,49.73569786951222,320.56832105412724,309.11325455718656,11.455066496940674,16.276439983887574,-4.8213734869469,321.3105,15.089154862804726,351.4888097256094,291.13219027439055
2014-01-02,307.74,307.6,299.01,304.02,10110,313.84408588615383,288.7984482334253,47.38490762193307,318.0224255073384,308.7359764418394,9.286449065499028,14.878441800209865,-5.591992734710837,322.25600000000003,13.172089871351735,348.6001797427035,295.91182025729654
2014-01-05,304.02,304.02,300.45,304.02,5113,312.9084586589011,289.3953718321145,47.38490762193307,315.8682061985171,308.38664485355497,7.481561344962131,13.399065709160318,-5.917504364198187,322.721,12.283002761626538,347.2870055232531,298.15499447674694
2014-01-06,304.02,303.02,299.73,301.88,3381,311.8581292628153,289.8849650936002,45.93632874645435,313.7161744756683,307.904671160699,5.811503314969286,11.881553230322112,-6.070049915352826,322.27750000000003,12.883444241596873,348.04438848319376,296.5106115168063
2014-01-07,301.88,305.45,296.15,304.17,4731,311.1259264758805,290.44516254091,47.77615718394398,312.2475322486424,307.6280288524991,4.61950339614333,10.429143263486356,-5.8096398673430265,321.91999999999996,13.296097963412096,348.5121959268242,295.32780407317574
2014-01-08,304.17,311.89,300.45,310.17,2502,311.03488585913,291.21868557852144,52.35147922360396,311.9279119026974,307.8163230115732,4.1115888911242,9.165632389013924,-5.054043497889724,321.691,13.464461956925472,348.6199239138509,294.762076086149
2014-01-09,310.17,310.75,304.02,310.75,1115,311.0077538725462,291.984619477403,52.78212550579461,311.7466946868978,308.0336324181234,3.713062268774422,8.075118364966023,-4.362056096191601,320.84700000000004,13.600948148064354,348.04889629612876,293.6451037038713
2014-01-12,310.75,318.33,301.16,318.33,1788,311.7051106465894,293.01777165475977,58.11058284033665,312.7595108889135,308.7963263130772,3.9631845758362942,7.2527316071400785,-3.2895470313037842,320.6325,13.605342555505574,347.84318511101117,293.4218148889888
2014-01-13,318.33,323.34,318.33,321.91,1385,312.67700487072375,294.1508002173182,60.38442110278464,314.1672784444653,309.76770954914554,4.39956889531976,6.682099064776016,-2.2825301694562556,320.3465,13.510293648685193,347.3670872973704,293.3259127026296
2014-01-14,321.91,321.91,317.61,317.61,287,313.14681393065484,295.0707688362469,56.422739800397366,314.69692791454753,310.3486199529125,4.348307961635044,6.215340844147821,-1.8670328825127775,320.1675,13.522240500668294,347.2119810013366,293.12301899866344
2014-01-16,317.61,319.04,314.61,314.61,163,313.2861649848782,295.83701319560976,53.77210934154518,314.6835543892325,310.66427773417826,4.019276655054227,5.776128006329103,-1.756851351274876,319.44500000000005,13.407652763686785,346.26030552737365,292.62969447262645
2014-01-19,314.61,319.04,313.32,316.18,1484,313.5617683196517,296.6347773840172,54.9644853372987,314.913776790889,311.0728497538688,3.840927037020208,5.3890878124673245,-1.5481607754471165,318.18600000000004,12.38468765940713,342.9553753188143,293.4166246811858
2014-01-20,316.18,314.75,309.89,312.61,1001,313.47112371778013,297.261256702291,51.69902263941406,314.5593495922907,311.18671273506374,3.3726368572269507,4.98579762141925,-1.6131607641922994,316.5765,10.724311424344869,338.02512284868976,295.12787715131026
2014-01-21,312.61,311.46,300.45,304.59,1824,312.62530241132487,297.54865840024036,45.20204358623353,313.02560350116903,310.6980673472812,2.32753615388782,4.454145327912964,-2.126609174025144,314.64500000000004,9.015753756036766,332.67650751207356,296.6134924879265
2014-01-22,304.59,302.59,296.15,299.01,2490,311.32860694357964,297.6059659139564,41.312037650076434,310.8693568086815,309.83228458081595,1.0370722278655649,3.770730707903484,-2.7336584800379193,312.735,7.969364037231037,328.6737280744621,296.79627192553795
2014-01-23,299.01,300.45,293.29,297.58,1919,310.0192158060959,297.6049476428209,40.35360617524243,308.8248403765767,308.92470794519994,-0.09986756862326729,2.9966110525981344,-3.0964786212214017,311.5545,8.388651152474448,328.3318023049489,294.77719769505114
2014-01-26,297.58,300.45,291.15,298.3,2305,308.9031000150391,297.63220459800436,41.09461030247896,307.2056341647957,308.13769254185183,-0.932058377056137,2.21087716666728,-3.142935543723417,310.31699999999995,8.42904446104844,327.17508892209685,293.45891107790305
2014-01-27,298.3,301.16,296.87,296.87,700,307.7570904897973,297.602314221612,40.030907996637396,305.615536600981,307.30304864986283,-1.6875120488818425,1.4311993235574554,-3.118711372439298,308.922,8.217244768105813,325.35648953621165,292.4875104637884
2014-01-28,296.87,298.3,291.86,294.29,3039,306.47451044314994,297.4724195462547,38.114055275903816,303.87314635467624,306.33911912024337,-2.4659727655671304,0.6517649057325383,-3.1177376712996687,307.54100000000005,8.24047513959784,324.0219502791957,291.0600497208044
2014-01-29,294.29,294.72,289.72,293.29,1516,305.2188427818976,297.3084030934604,37.367179118245666,302.24496999241836,305.372517703929,-3.1275477115106582,-0.10409761771610104,-3.0234500937945574,306.3965,8.560817272225512,323.518134544451,289.274865455549
2014-02-02,293.29,294.87,289.0,294.72,3221,304.2189529931454,297.2068970897953,39.20191706211793,301.08728230127707,304.5834423184528,-3.4961600171757254,-0.7825100976080259,-2.7136499195676995,305.7455,8.939927866776726,323.6253557335534,287.86564426644657
2014-02-03,294.72,289.72,285.42,287.43,1729,302.62000508903634,296.8234893607837,33.770795368503926,298.98616194723445,303.31281696153036,-4.326655014295909,-1.4913390809456026,-2.8353159333503064,304.916,9.833462419611283,324.5829248392226,285.2490751607774
2014-02-04,287.43,289.0,286.14,288.28,701,301.2542903186519,296.4884505623216,34.90324180779312,297.3390601091984,302.1992749643799,-4.860214855181539,-2.1651142357927897,-2.6951006193887492,304.129,10.515174448587276,325.1593488971746,283.09865110282544
2014-02-05,288.28,294.72,287.57,294.72,1667,300.63197695497075,296.4190995598776,42.87325814265358,296.93612778470634,301.6452545966481,-4.709126811941758,-2.6739167510225834,-2.0352100609191743,303.771,10.715745866419944,325.2024917328399,282.3395082671601
2014-02-06,294.72,297.16,293.29,297.16,3009,300.3013124830688,296.4481544790981,45.59130418064936,296.9705696639823,301.3130135154149,-4.34244385143262,-3.007622171104591,-1.3348216803280288,303.4205,10.816182065483915,325.0528641309678,281.7881358690322
2014-02-09,297.16,300.45,296.87,300.45,884,300.31547319896697,296.60508959756487,49.10741548626112,297.50586663875424,301.24908658834715,-3.7432199495929126,-3.1547417268022557,-0.5884782227906569,302.9345,10.714845321476611,324.36419064295325,281.5048093570468
2014-02-10,300.45,318.62,306.45,308.31,3551,301.0768567038273,297.06410569177797,56.36282968775216,299.16804100202285,301.77211721143254,-2.6040762094096976,-3.0446086233237444,0.44053241391404674,302.8125,10.634765666881659,324.0820313337633,281.5429686662367
2014-02-11,308.31,304.74,300.45,304.74,2034,301.425727493939,297.3651211548455,52.68869162352412,300.0252654632501,301.9919603809561,-1.9666949177059792,-2.8290258822001917,0.8623309644942125,302.133,10.00672042600478,322.14644085200956,282.1195591479904
2014-02-12,304.74,303.88,299.01,300.73,1982,301.3594677326115,297.49707718798885,48.837649436513686,300.1336861612116,301.8984818342186,-1.764795673007029,-2.6161798403615593,0.8513841673545302,301.074,8.858429467551732,318.7908589351035,283.35714106489655
2014-02-13,300.73,300.87,298.87,299.73,902,301.20428032950565,297.58464278845986,47.89746363321783,300.07158059794824,301.73785355020243,-1.6662729522541895,-2.4261984627400857,0.7599255104858962,300.17999999999995,7.958266142823402,316.09653228564673,284.26346771435317
2014-02-16,299.73,300.45,296.87,297.58,1096,300.8591107743147,297.5844607183242,45.85358377554824,299.6882605059562,301.4298643983356,-1.7416038923794304,-2.2892795486679547,0.5476756562885243,299.32849999999996,7.208839803726958,313.7461796074539,284.91082039254604
2014-02-17,297.58,300.45,297.58,298.73,687,300.65633831961804,297.62938382740947,47.15258821021387,299.54083581273215,301.2298744429034,-1.6890386301712397,-2.1692313649686117,0.480192734797372,298.456,6.019879698046751,310.4957593960935,286.41624060390654
2014-02-18,298.73,301.16,298.3,301.16,814,300.70430609870203,297.7678393635895,49.88831688598746,299.78993799538875,301.22469855824386,-1.4347605628551037,-2.0223372045459103,0.5875766416908066,297.8835,5.072946071279778,308.0293921425596,287.7376078574405
2014-02-20,301.16,306.17,300.16,300.16,466,300.65246742263514,297.8616495846252,48.76945718490806,299.8468706114828,301.145831998374,-1.2989613868911647,-1.8776620410149611,0.5787006541237965,297.662,4.856817888289359,307.3756357765787,287.94836422342127
2014-02-23,300.16,307.6,300.45,301.59,4237,300.74175623952704,298.007859404836,50.47978752518616,300.1150443635624,301.17873333182774,-1.0636889682653532,-1.7148674264650396,0.6511784581996864,297.791,4.92824394902081,307.6474878980416,287.9345121019584
2014-02-24,301.59,306.17,301.45,305.17,2640,301.1634937405245,298.2887276634699,54.568959697033655,300.89272984609124,301.4743827146553,-0.5816528685640492,-1.4882245148848416,0.9065716463207925,298.1705,5.196096181396536,308.5626923627931,287.7783076372069
2014-02-25,305.17,304.74,300.45,304.74,1845,301.5041133842841,298.5417187354907,53.992253702967346,301.48461756207723,301.71628029134746,-0.23166272927022646,-1.2369121577619187,1.0052494284916922,298.4925,5.400081748894636,309.2926634977893,287.6923365022107
2014-02-26,304.74,311.89,300.45,307.46,1200,302.0713406810189,298.89145525566755,57.08207020087666,302.4039071679115,302.1417410105069,0.2621661574045788,-0.9370964947286192,1.1992626521331982,299.022,5.741047584581539,310.50409516916307,287.5399048308369
2014-03-03,307.46,304.74,294.58,295.44,1114,301.4397844256838,298.75610406917076,43.25673400549273,301.33253683438664,301.64531575046936,-0.31277891608272057,-0.8122329789994395,0.4994540629167189,299.0795,5.696747433035626,310.47299486607125,287.68600513392875
2014-03-04,295.44,295.44,282.56,288.28,2767,300.1864716232377,298.34527645861505,37.43970021818584,299.324454244481,300.65529236154566,-1.3308381170646726,-0.9159540066124862,-0.4148841104521864,298.829,6.063096221361004,310.955192442722,286.702807557278
2014-03-05,288.28,299.01,286.14,299.01,1527,300.07442670673885,298.3713440484733,48.59591520304713,299.276076668407,300.533418853283,-1.2573421848760518,-0.9842316422651993,-0.27311054261085244,299.04350000000005,5.985465971396496,311.01443194279307,287.07256805720704
2014-03-06,299.01,293.29,286.28,288.28,1631,298.9511479727637,297.97560506618026,40.76685026767557,297.5843725655751,299.62575819748423,-2.0413856319091224,-1.195662440193984,-0.8457231917151384,299.086,5.901086786615372,310.88817357323074,287.2838264267693
2014-03-09,288.28,294.01,284.71,286.14,1254,297.73103864202426,297.511463691036,39.40339010690858,295.82369986317894,298.6268131458187,-2.8031132826397425,-1.5171526086831357,-1.2859606739566067,298.979,6.12258106907348,311.22416213814694,286.73383786185303
2014-03-10,286.14,286.85,281.13,283.28,904,296.3547492475457,296.9533670757013,37.59376719896419,293.8938998842283,297.4900121720544,-3.596112287826088,-1.9329445445117264,-1.6631677433143617,298.40700000000004,7.0113059824083805,312.4296119648168,284.3843880351833
2014-03-11,283.28,283.42,280.42,283.13,1671,295.09524931920805,296.41127424920325,37.49650251788582,292.2379152866547,296.426307566717,-4.188392280062317,-2.3840340916218445,-1.8043581884404722,297.70550000000003,7.800133247850209,313.3057664957004,282.10523350429963
2014-03-12,283.13,281.85,267.54,279.7,4854,293.6290350983311,295.75593016099924,35.25058796620441,290.30900524255395,295.1873218210343,-4.878316578480337,-2.8828905889935434,-1.9954259894867938,296.668,8.739315642242467,314.14663128448495,279.18936871551506
2014-03-13,279.7,276.12,271.83,272.83,2402,291.64817461277573,294.85687407625414,31.21741616019129,287.6199275129303,293.53122390836506,-5.911296395434761,-3.4885717502817872,-2.4227246451529734,294.894,9.789655335043884,314.47331067008776,275.31468932991226
2014-03-17,272.83,269.69,263.25,265.39,1944,289.14739607822565,293.70131038698923,27.542222552834147,284.19993866478717,291.44668880404174,-7.246750139254573,-4.240207428076345,-3.006542711178228,292.92650000000003,11.50979183816542,315.9460836763309,269.9069163236692
2014-03-18,265.39,266.82,257.38,257.38,2968,286.1219297850613,292.276945273774,24.234282044776634,280.0737942548199,288.9232303741127,-8.849436119292761,-5.1620531663196285,-3.687382952973133,290.75899999999996,13.814044683810707,318.38708936762134,263.1309106323786
2014-03-19,257.38,268.4,256.09,263.96,5212,284.01126980553164,291.16647683166525,31.511333994223037,277.5947489848476,287.0741021982525,-9.479353213404863,-6.025513175736676,-3.4538400376681873,288.9705,14.866886013447601,318.70427202689524,259.2367279731048
2014-03-20,263.96,273.26,263.25,273.26,2633,282.98733934786196,290.4642620539529,40.24679229478168,276.9278645256403,286.0508353687523,-9.122970843112,-6.645004709211741,-2.477966133900259,287.7545,15.118105031280974,317.99071006256196,257.51828993743806
2014-03-23,273.26,271.12,269.11,269.83,1880,281.7342594099703,289.65507530673904,38.30621015741859,275.83588536784947,284.849292008104,-9.013406640254516,-7.118685095420297,-1.8947215448342192,286.30949999999996,15.392497309437884,317.09449461887573,255.5245053811242
2014-03-24,269.83,277.55,273.26,273.98,1043,280.9957585137827,289.0403664711807,41.95306683989543,275.55036454202644,284.04415926676296,-8.493794724736517,-7.393707021283541,-1.1000877034529761,284.95050000000003,15.211131822313162,315.37276364462633,254.5282363553737
2014-03-25,273.98,273.26,268.97,271.83,1319,280.1228291315176,288.36545013897756,40.613624441933425,274.97800076633007,283.1394067284842,-8.161405962154106,-7.547246809457655,-0.6141591526964509,283.534,15.038339214015187,313.6106784280304,253.45732157196963
2014-03-26,271.83,271.12,267.68,267.83,781,278.9520834999445,287.5601383688216,38.17182776632027,273.87830834074083,282.00537660044836,-8.127068259707528,-7.663211099507629,-0.46385716019989864,281.846,14.79774321342692,311.4414864268538,252.25051357314618
2014-03-27,267.83,272.55,268.54,271.83,2287,278.2737898332831,286.9432701974953,41.93160615085397,273.5631839806269,281.2516450004151,-7.688461019788235,-7.668261083563751,-0.02019993622448446,280.179,13.881499198573428,307.94199839714685,252.41600160285313
2014-03-31,271.83,273.41,271.12,271.12,1049,277.59247651582757,286.32274979759353,41.44979015327979,273.1873095220689,280.5011527781621,-7.313843256093207,-7.597377518069642,0.2835342619764347,278.498,12.73935452384476,303.9767090476895,253.01929095231048
2014-04-01,271.12,274.69,268.97,271.83,2849,277.0436692286059,285.75440666827615,42.16545831889848,272.97849267251985,279.8588451649649,-6.88035249244507,-7.453972512944728,0.573620020499658,276.7165,10.823273789676946,298.36304757935386,255.0699524206461
2014-04-02,271.83,274.69,271.83,271.83,4093,276.547129302072,285.20835150481435,42.16545831889848,272.8018014921322,279.264115893486,-6.462314401353808,-7.255640890626545,0.7933264892727365,275.53599999999994,9.923811555519633,295.3836231110392,255.68837688896068
2014-04-03,271.83,278.99,273.98,278.99,1392,276.7797836542556,284.96449458305693,49.39922435005967,273.75383203180417,279.2438110124871,-5.489978980682906,-6.902508508637817,1.412529527954911,275.07149999999996,9.50447001484822,294.0804400296964,256.06255997030354
2014-04-06,278.99,286.14,281.13,281.13,438,277.1940899728979,284.81412224646647,51.35752018969149,274.88862710383427,279.3835287152658,-4.494901611431544,-6.420987129196563,1.926085517765019,274.17749999999995,7.82718936918247,289.8318787383649,258.523121261635
2014-04-07,281.13,278.99,270.83,278.27,3054,277.2965575945267,284.557490001507,48.64781874670346,275.40883831862897,279.3010451067276,-3.8922067880986333,-5.915231060976978,2.0230242728783443,273.677,7.170447464565614,288.0178949291313,259.33610507086877
2014-04-09,278.27,280.42,271.83,280.42,1858,277.59402829980985,284.395235491644,50.75144229378319,276.1797862696091,279.3839306543774,-3.2041443847683126,-5.373013725735245,2.168869340966932,273.39099999999996,6.748866493520114,286.8887329870402,259.8932670129597
2014-04-10,280.42,286.14,280.56,284.56,2242,278.2574541760184,284.40169684491286,54.607469476548566,277.46904992043847,279.76734319849766,-2.298293278059191,-4.758069636200034,2.459776358140843,273.455,6.852848428130998,287.160696856262,259.74930314373796
2014-04-13,284.56,287.43,281.85,285.42,4388,278.93960139735003,284.4416303019751,55.38886803764347,278.69227300960176,280.1860585171275,-1.493785507525729,-4.105212810465173,2.611427302939444,273.56949999999995,7.0395966354233614,287.64869327084665,259.49030672915325
2014-04-15,285.42,286.57,285.42,285.42,572,279.55678221665005,284.4799977411134,55.38886803764347,279.7273079312015,280.5737578862292,-0.8464499550277083,-3.45346023937768,2.607010284349972,273.8555,7.408309328399671,288.67211865679934,259.03888134320067
2014-04-16,285.42,284.85,281.85,284.71,606,280.0475648626834,284.4890174375403,54.49073607641867,280.49387594178586,280.8801461909529,-0.38627024916706887,-2.840022241335558,2.453751992168489,274.4495,7.788283017996444,290.02606603599287,258.87293396400713
2014-04-17,284.71,283.28,277.98,277.98,1617,279.8506539233802,284.2337618517544,46.752164817274554,280.10712579689573,280.6653205471786,-0.5581947502828939,-2.3836567431250253,1.8254619928421314,275.079,7.5217375512221105,290.12247510244424,260.0355248975558
2014-04-20,277.98,278.99,278.13,278.99,2145,279.76868688305825,284.0281241320778,47.94691089225824,279.935260289681,280.5412227288691,-0.6059624391880902,-2.0281178823376385,1.4221554431495482,276.15950000000004,6.2980610842579425,288.7556221685159,263.56337783148416
2014-04-21,278.99,278.99,274.69,276.12,1235,279.42119289419554,283.71800161709433,44.86628491896064,279.34829716819166,280.21372474895287,-0.8654275807612066,-1.7955798220223522,0.9301522412611456,276.76750000000004,5.607449814402677,287.9823996288054,265.55260037119467
2014-04-22,276.12,280.42,276.12,276.12,382,279.1067935709388,283.42004076936513,44.86628491896063,278.85163606539294,279.91048587866004,-1.058849813267102,-1.6482338202713023,0.5893840070042002,276.9105,5.549462254649682,288.0094245092994,265.81157549070065
2014-04-23,276.12,277.55,274.41,277.55,699,278.95852751656366,283.1898430921351,46.840010346174324,278.6513843630248,279.73563507283336,-1.0842507098085434,-1.5354371981787507,0.45118648837020725,277.29650000000004,5.29363895832015,287.8837779166403,266.70922208335975
2014-04-27,277.55,276.12,270.4,271.83,1374,278.2796201340338,282.7443590493063,40.58185863827339,277.60194061486715,279.15003247484566,-1.5480918599785127,-1.5379681305387032,-0.010123729439809548,277.18899999999996,5.385565405492193,287.96013081098437,266.41786918901556
2014-04-28,271.83,274.69,270.4,273.26,1057,277.8015610736496,282.3724234003139,42.64498209285266,276.93394975104144,278.71373377300523,-1.779784021963792,-1.586331308823721,-0.19345271314007095,277.2605,5.3197640183112,287.90002803662236,266.6209719633776
2014-04-29,273.26,273.26,273.26,273.26,45,277.36903144758776,282.0150734630467,42.64498209285266,276.3687267124197,278.3097534935233,-1.9410267811036306,-1.657270403279703,-0.2837563778239276,277.532,4.938001513503285,287.40800302700654,267.6559969729934
2014-04-30,273.26,277.55,273.26,277.55,326,277.3862665478175,281.8399725429272,48.82709391348371,276.55046106435515,278.25347545696604,-1.7030143926108963,-1.6664192011459418,-0.03659519146495449,277.818,4.752533507176412,287.32306701435283,268.31293298564714
2014-05-04,277.55,277.55,272.4,276.84,3143,277.33424116231106,281.6438951883027,47.90675469663386,276.5950055159928,278.1487735712648,-1.5537680552720303,-1.6438889719711596,0.09012091669912925,278.104,4.4932831742728006,287.09056634854556,269.1174336514544
2014-05-05,276.84,281.13,277.55,280.42,1684,277.62812295637667,281.5958992985653,52.74354796053005,277.1834662058401,278.317012565986,-1.1335463601458855,-1.5418204496061048,0.40827408946021926,278.5335,4.266846826650559,287.0671936533011,269.9998063466989
2014-05-06,280.42,297.16,286.0,290.43,2557,278.84734934148366,281.9423346201902,63.068885525054405,279.2213944818647,279.2142708944314,0.007123587433284229,-1.2320316421982271,1.2391552296315114,279.4635,4.7306695587070156,288.924839117414,270.002160882586
2014-05-07,290.43,302.02,291.86,291.86,2142,280.08664940419953,282.3312626743004,64.26994222037635,281.1657953308086,280.15099156891796,1.0148037618906187,-0.782664561380458,1.7974683232710769,280.107,5.479015566590467,291.065031133181,269.1489688668191
2014-05-08,291.86,289.0,286.14,287.86,1301,280.8269685085615,282.5480759027592,58.535405194607925,282.19567297222267,280.72202923047956,1.4736437417431034,-0.3314029007557458,1.8050466424988492,280.4435,5.745343446286125,291.9341868925722,268.95281310742774
2014-05-11,287.86,291.86,285.42,288.0,1554,281.510114364889,282.7618768477491,58.67438844637381,283.0886463611115,281.26113817636997,1.8275081847415322,0.10037931634370978,1.7271288683978225,280.92999999999995,5.95957169072038,292.8491433814407,269.0108566185592
2014-05-12,288.0,291.86,285.42,288.28,2015,282.1548653777567,282.97827383411186,58.970595188007586,283.88731615170974,281.78105386700923,2.106262284700506,0.501555910015069,1.6047063746854369,281.323,6.179281256108926,293.68156251221785,268.9644374877821
2014-05-13,288.28,290.43,284.71,286.14,1034,282.5344020084466,283.1022630955193,55.685426853240074,284.23388289760055,282.10393876574926,2.129944131851289,0.827233554382313,1.302710577468976,281.402,6.232712174697743,293.8674243493955,268.9365756506045
2014-05-15,286.14,290.29,280.42,280.42,1801,282.3330303885945,282.99707630745974,47.98989171151031,283.6471316825851,281.97920256087895,1.6679291217061518,0.9953726678470809,0.6725564538590709,281.152,6.162950933645345,293.47790186729065,268.8260981327093
2014-05-18,280.42,281.13,277.7,278.99,3500,282.0146465420617,282.83993606010836,46.26839422864356,282.9306498852643,281.757780148962,1.1728697363022889,1.0308720815381225,0.14199765476416637,280.8305,6.095936934160054,293.0223738683201,268.63862613167987
2014-05-19,278.99,278.99,269.26,275.41,4777,281.3856325856749,282.5485660185355,42.188213247240675,281.7736268259929,281.28757421200186,0.48605261399103483,0.921908188028705,-0.43585557403767017,280.3655,6.138983693533236,292.6434673870665,268.0875326129335
2014-05-20,275.41,277.55,272.26,273.98,3836,280.68033424418206,282.2125438217302,40.646321301333856,280.57460731430166,280.7462724185202,-0.17166510421856174,0.7031935295792516,-0.8748586337978134,280.16549999999995,6.284229614049638,292.73395922809925,267.59704077190065
2014-05-21,273.98,275.55,270.4,273.98,3692,280.0422071733076,281.8896989659761,40.646321301333856,279.5600523428706,280.24506705418537,-0.68501471131475,0.42555188140045136,-1.1105665927152013,279.915,6.431676952478701,292.77835390495744,267.0516460950426
2014-05-22,273.98,275.41,265.97,265.97,21890,278.7019969663259,281.26539704574174,32.84747090660177,277.46927505935207,279.18765467980126,-1.7183796204491841,-0.0032344189694757386,-1.7151452014797084,279.40749999999997,7.111416969618805,293.6303339392376,265.18466606076237
2014-05-25,265.97,278.27,255.81,274.98,27558,278.34752106477106,281.0189108870852,45.51195558822888,277.0863096656056,278.8759765553715,-1.789666889765897,-0.36052091312876,-1.429145976637137,279.3505,7.143649719560882,293.63779943912175,265.0632005608783
2014-05-26,274.98,284.56,271.83,284.56,8695,278.93918572526906,281.1577771268074,55.188861690424446,278.23610817858935,279.2970153290477,-1.0609071504583767,-0.5005981605946834,-0.5603089898636933,279.70099999999996,7.2221988924494624,294.1453977848989,265.25660221510105
2014-05-27,284.56,280.42,275.41,278.99,5571,278.9440251800053,281.07276625908946,49.66594630201441,278.35209153572947,279.274273452822,-0.9221819170925301,-0.5849149118942528,-0.33726700519827724,280.059,6.985068963227621,294.0291379264553,266.08886207354476
2014-05-28,278.99,284.56,277.55,283.99,3993,279.424594210481,281.1871675822624,54.105852109289664,279.21946206869416,279.62358653039075,-0.4041244616965969,-0.5487568218547216,0.14463236015812475,280.5955,6.8460603154002895,294.2876206308006,266.90337936919946
2014-06-01,283.99,293.29,281.85,291.15,6733,280.54129952376854,281.57786689276196,59.6013428370471,281.0549294427412,280.477394935547,0.5775345071941729,-0.32349855604494276,0.9010330632391157,281.49,7.004087528383487,295.49817505676697,267.48182494323305
2014-06-02,291.15,295.44,289.0,293.29,8876,281.7554614738858,282.0371662303007,61.10060456485336,282.93724799001177,281.42647679217316,1.5107711978386078,0.04335539473176736,1.4674158031068405,282.277,7.410577859419654,297.0981557188393,267.4558442811607
2014-06-03,293.29,299.01,294.29,296.01,5985,283.11303657161096,282.58512049577917,62.981106450787586,284.94844060693305,282.5067377705307,2.441702836402328,0.5230248830658796,1.9186779533364486,283.2355,7.8942900584099895,299.02408011681996,267.44691988318004
2014-06-04,296.01,296.87,293.29,296.87,5664,284.4232235647909,283.14531184888585,63.58059107041633,286.7825266674049,283.5706831208618,3.2118435465430935,1.0607886157613224,2.151054930781771,284.058,8.424647173620711,300.9072943472414,267.20870565275857
2014-06-05,296.87,296.73,291.15,293.58,4170,285.29529751100125,283.5545153057923,59.60398957565447,287.82829179549645,284.312114000798,3.5161777946984785,1.5518664515487537,1.9643113431497248,284.21549999999996,8.578089883687806,301.37167976737555,267.0593202326244
2014-06-08,293.58,300.3,293.29,297.3,4816,286.4386025099535,284.09355392125144,62.4627740221962,289.2854776731124,285.2741796303685,4.011298042743874,2.043752769787778,1.9675452729560963,284.4875,8.91295619634083,302.3134123926817,266.6615876073183
2014-06-09,297.3,302.59,297.3,301.88,6302,287.90921179471985,284.7910616106141,65.6828178059904,291.22309649263354,286.50424039848934,4.718856094144201,2.5787734346590625,2.140082659485138,285.18850000000003,9.708033176596103,304.60456635319224,265.7724336468078
2014-06-10,301.88,307.6,302.59,306.6,6260,289.6892868618894,285.6463140964724,68.66598035038102,293.5887739553053,287.99281518378643,5.5959587715188945,3.1822105020310287,2.413748269487866,286.11850000000004,10.818896857375185,307.7562937147504,264.48070628524965
2014-06-11,306.6,313.32,304.74,309.03,7131,291.53125954170946,286.5633213868068,70.10672733368803,295.96434719295064,289.5511251701726,6.413222022778029,3.8284128061804292,2.5848092165976,287.156,11.970706965887796,311.0974139317756,263.21458606822443
2014-06-12,309.03,312.61,304.31,309.03,5552,293.1978062520229,287.4443676069321,70.10672733368803,297.9744476248044,290.99400478719684,6.980442837607541,4.458818812465852,2.521624025141689,288.3005,12.924682007693542,314.1498640153871,262.4511359846129
2014-06-15,309.03,339.93,309.03,333.35,9465,297.02182470421116,289.2445884850916,80.5090649570631,303.41684029791145,294.13148591407116,9.285354383840286,5.424125926740739,3.8612284570995463,290.947,16.224050730482254,323.3951014609645,258.4988985390355
2014-06-16,333.35,340.51,330.78,338.07,11146,300.9311747323815,291.15931050528405,81.83055034727059,308.7480956366943,297.386190661177,11.361904975517291,6.61168173649605,4.750223239021241,293.901,19.062586089538136,332.0261721790763,255.77582782092372
2014-06-17,338.07,345.23,330.49,337.64,6689,304.42725332929757,292.98208264233176,81.28982463798539,313.19300400027976,300.3679543159046,12.82504968437513,7.854355326071866,4.970694358303264,297.0125,20.877860314596216,338.7682206291924,255.25677937080755
2014-06-18,337.64,339.07,334.07,334.07,2313,307.25037205984063,294.59337351910307,76.75507720387695,316.4048495386983,302.8644021443561,13.540447394342152,8.991573739725924,4.548873654616228,300.017,21.696516601325264,343.41003320265054,256.62396679734945
2014-06-19,334.07,327.63,324.05,324.77,3475,308.9189080541415,295.776770636001,66.36837837168282,317.69179576351394,304.487039022552,13.204756740961955,9.834210339973131,3.3705464009888235,302.55649999999997,21.45968344177188,345.47586688354374,259.6371331164562
2014-06-23,324.77,319.76,312.75,314.47,7097,309.4475834775566,296.50983845419705,57.14504392687839,317.1961348768195,305.226517613474,11.96961726334547,10.261291724647599,1.7083255386978706,304.9815,19.782487277760197,344.5464745555204,265.4165254444796
2014-06-24,314.47,322.62,302.88,322.48,4796,310.6887660035036,297.52827616187557,61.612834157419485,318.00903720346264,306.50455334580926,11.504483857653383,10.509930151248756,0.994553706404627,307.3565,18.818921406253487,344.99434281250694,269.718657187493
2014-06-25,322.48,330.35,321.91,327.63,2781,312.3022168603128,298.70873592023344,64.19727834801827,319.48918532600686,308.0694012461197,11.419784079887165,10.691900936976438,0.7278831429107271,309.51000000000005,18.535126538264684,346.5802530765294,272.4397469234707
2014-06-26,327.63,334.07,329.2,329.2,1527,313.91152954028297,299.90447176649883,64.97152519239624,320.9831568143135,309.6346307834442,11.348526030869266,10.823225955755005,0.5253000751142611,312.02049999999997,17.55838515383855,347.13727030767706,276.9037296923229
2014-06-29,329.2,334.78,326.2,332.64,4526,315.69519339358936,301.1882179717342,66.67217110023523,322.77651730441914,311.33873220689276,11.437785097526387,10.94613778410928,0.491647313417106,314.453,16.82534838929244,348.10369677858483,280.8023032214151
2014-06-30,332.64,334.78,329.06,330.49,2748,317.1042225941999,302.33730746303877,64.56239201052949,323.9632069498931,312.7573446360118,11.205862313881312,10.998082690063688,0.20777962381762372,316.42,16.247312976224173,348.9146259524484,283.92537404755166
2014-07-01,330.49,336.93,331.92,334.07,3169,318.7200109185618,303.58172677821375,66.4652928356013,325.5180981883711,314.33605984815904,11.182038340212046,11.03487382009336,0.14716452011868597,318.459,15.742840611729847,349.9446812234597,286.9733187765403
2014-07-02,334.07,336.93,329.06,335.5,4313,320.318105116794,304.83342376730343,67.222415751618,327.0537753901602,315.9037591186658,11.150016271494394,11.057902310373567,0.09211396112082681,320.4335,15.247723997543979,350.9289479950879,289.93805200491204
2014-07-03,335.5,343.37,336.21,337.64,3317,321.96780939138506,306.11995616858565,68.37318884162784,328.6824253301355,317.5138510358017,11.168574294333837,11.080036707165622,0.08853758716821503,322.47200000000004,14.645071238439344,351.76214247687875,293.1818575231213
2014-07-06,337.64,346.23,337.64,341.94,4442,323.8699227826817,307.5246637698176,70.606281059716,330.7220522024224,319.3231954035201,11.398856798902273,11.143800725512952,0.255056073389321,324.89,13.577080144978686,352.04416028995735,297.7358397100426
2014-07-07,341.94,350.52,343.37,346.94,3657,326.06707299385494,309.0703632298248,72.99407346592973,333.2171210943574,321.368884632889,11.848236461468446,11.284687872704051,0.5635485887643945,327.372,12.78196286713662,352.93592573427327,301.80807426572676
2014-07-08,346.94,350.52,343.37,350.52,7731,328.39592318491634,310.6958391815964,74.58596460603941,335.8791024644563,323.52822651193424,12.350875952522074,11.497925488667656,0.8529504638544179,329.804,12.294389563409002,354.39277912681797,305.215220873182
2014-07-09,350.52,351.95,348.8,348.8,1438,330.3391685958767,312.1901199980044,72.37849893055318,337.8669328545399,325.40020973327245,12.466723121267478,11.691685015187621,0.7750381060798563,331.914,11.709799494890811,355.3335989897816,308.4944010102184
2014-07-10,348.8,357.67,347.66,357.67,3612,332.9421049200789,313.97364470396496,76.27768355870064,340.9135585692261,327.79056456784485,13.122994001381244,11.977946812426348,1.145047188954896,334.346,11.75779759183435,357.8615951836687,310.8304048163313
2014-07-13,357.67,380.71,360.53,365.4,4717,336.03333302292856,315.99036451949576,79.05286686199085,344.68070340472974,330.57644867393043,14.104254730799312,12.40320839610094,1.701046334698372,337.1645,12.120540406139574,361.40558081227914,312.9234191877208
2014-07-14,365.4,372.7,361.97,364.83,1345,338.7758727350306,317.90564434226064,78.32522732598258,347.7805951886175,333.1137487721578,14.666846416459691,12.85593600017269,1.8109104162870011,338.7385,13.557911760880058,365.8543235217601,311.6226764782399
2014-07-15,364.83,363.4,359.82,363.11,2092,341.09340866502765,319.67836417197594,76.05045083408658,350.1389651595995,335.3356933075535,14.803271852045953,13.245403170547345,1.5578686814986078,339.9905,14.608388893120699,369.2072777862414,310.7737222137586
2014-07-16,363.11,368.26,359.82,362.68,1482,343.1492745064536,321.3647028318985,75.46041154788132,352.0683551350457,337.361197506994,14.707157628051675,13.537754062048212,1.1694035660034636,341.24249999999995,15.445377395672718,372.1332547913454,310.3517452086545
2014-07-17,362.68,365.54,356.24,361.68,4066,344.91410550583896,322.94569487770644,74.02208766031278,353.547069729654,339.1625902842537,14.384479445400302,13.70709913871863,0.6773803066816715,342.623,15.994678424237172,374.61235684847435,310.63364315152563
2014-07-20,361.68,376.13,364.83,374.84,3391,347.76419069575905,324.980765666816,79.54709738680361,356.8229051558611,341.805361374309,15.017543781552149,13.969188067285335,1.0483557142668136,345.1265,16.943591017814647,379.0136820356293,311.23931796437074
2014-07-21,374.84,376.99,370.55,373.41,6600,350.20664872473435,326.87995132694084,77.61538941408858,359.3747659011133,344.14644571695277,15.22832018416051,14.221014490660371,1.0073056935001379,348.0735,16.449379215610854,380.97225843122175,315.1747415687783
2014-07-22,373.41,380.14,366.11,380.14,11797,353.0574440842835,328.9685806866687,80.0685186221234,362.569417300942,346.81263492310444,15.756782377837567,14.528168068095813,1.2286143097417543,350.9565,16.77726979702386,384.5110395940477,317.4019604059523
2014-07-23,380.14,383.43,371.98,383.43,2677,355.9500684572089,331.10432262052484,81.15573408604453,365.7787377161817,349.52503233620786,16.253705379973837,14.873275530471417,1.3804298495024199,353.74649999999997,17.32473050599309,388.3959610119862,319.09703898801376
2014-07-24,383.43,382.0,373.41,379.42,2761,358.1853000327128,332.9990550667788,75.733279022702,367.87739345215374,351.73947438537766,16.137919066776078,15.12620423773235,1.0117148290437274,356.2575,17.21883145219131,390.69516290438264,321.81983709561734
2014-07-27,379.42,374.84,371.98,371.98,856,359.49908098197824,334.5277195739639,66.81349773854004,368.50856369028395,353.23877257905343,15.269791111230518,15.154921612431986,0.11486949879853192,358.22450000000003,16.615312998937387,391.4551259978748,324.99387400212527
2014-07-28,371.98,373.41,366.26,373.41,281,360.823930412266,336.0525148847888,67.60329579469118,369.26263081485564,354.73293757319766,14.52969324165798,15.029875938277186,-0.5001826966192056,360.3705,15.58439586489355,391.53929172978707,329.2017082702129
2014-07-30,373.41,373.41,368.55,369.12,1885,361.61403227776447,337.349279006954,62.776513521438275,369.2406876125701,355.79864590110896,13.442041711461172,14.712309092913983,-1.2702673814528112,362.123,14.396649500565498,390.916299001131,333.329700998869
2014-07-31,369.12,373.7,366.97,367.83,2070,362.2060292036917,338.5446013988382,61.35785742939619,369.0236587490978,356.6898573158416,12.333801433256212,14.23660756098243,-1.9028061277262172,363.7395,12.997026167956825,389.73355233591366,337.7454476640864
2014-08-03,367.83,371.98,368.4,369.55,2243,362.9054549938163,339.7604993831975,62.572352850123124,369.1046343261597,357.6424604776311,11.462173848528607,13.681720818491666,-2.2195469699630586,365.335,11.496444988275721,388.32788997655143,342.3421100234485
2014-08-04,369.55,366.26,353.38,354.81,1906,362.13445928011953,340.3506758779741,48.50342983558654,366.9054598144428,357.4326485903992,9.472811224043596,12.839938899602053,-3.367127675558457,365.9785,10.428615629478227,386.83573125895646,345.12126874104354
2014-08-05,354.81,364.83,357.67,357.67,4958,361.7092726820129,341.02986505922996,50.81427413984248,365.48461984299007,357.4502301762956,8.034389666694494,11.878829053020542,-3.844439386326048,366.515,9.644126928372293,385.80325385674456,347.2267461432554
2014-08-06,357.67,358.39,354.81,356.1,3605,361.1750562361069,341.62085074318173,49.5010905400184,364.04083217483776,357.3502131261996,6.690619048638155,10.841187052144065,-4.15056800350591,366.794,9.2288160841908,385.2516321683816,348.33636783161836
2014-08-07,356.1,357.67,353.38,353.67,2121,360.4602889755253,342.0933664003119,47.45685929626468,362.445319532555,357.07760474648114,5.367714786073861,9.746492598930026,-4.378777812856164,367.0375,8.782516648674225,384.6025332973485,349.47246670265156
2014-08-12,353.67,353.38,345.51,345.51,1179,359.0364519302372,342.22735203167224,41.290436513119275,359.83988575831575,356.22074513563064,3.6191406226851086,8.521022203681042,-4.9018815809959335,366.4295,9.82426988046642,386.0780397609329,346.78096023906716
2014-08-13,345.51,358.39,341.22,350.52,3685,358.2253612702146,342.55255391278314,45.93537286206781,358.40605718011335,355.79846771817654,2.6075894619368114,7.338335655332196,-4.730746193395385,365.6855,10.449857453070956,386.5852149061419,344.78578509385807
2014-08-14,350.52,364.83,346.94,359.53,3681,358.34961257781316,343.21833611228186,53.11893902277666,358.5789714600959,356.07487751683016,2.5040939432657296,6.371487312918903,-3.8673933696531737,365.4205,10.539511361390097,386.49952272278017,344.34147727721984
2014-08-18,359.53,365.54,356.24,358.39,7582,358.35345899897385,343.8133033235649,52.17433765095036,358.5498989277735,356.24636807113905,2.3035308566344384,5.557896021662011,-3.254365165027573,365.18449999999996,10.646275096064418,386.4770501921288,343.89194980787113
2014-08-19,358.39,359.25,354.1,354.1,2987,357.9483676657382,344.216703193229,48.667050452512896,357.8652990927314,356.0873778436473,1.7779212490841019,4.801901067146429,-3.023979818062327,364.75550000000004,10.921810855734943,386.59912171146993,342.91187828853015
2014-08-20,354.1,354.81,343.37,345.94,5743,356.8047136023346,344.28428346016125,42.77672289896757,356.0306376938496,355.33572022559935,0.694917468250253,3.980504347367194,-3.285586879116941,363.9685,11.69482579020253,387.3581515804051,340.5788484195949
2014-08-21,345.94,357.96,324.77,349.23,4752,356.0833123068741,344.47823312839023,45.63381162997458,354.9843857409497,354.88344465333273,0.10094108761694542,3.2045916954171445,-3.103650607800199,362.688,11.84294220200487,386.37388440400974,339.00211559599023
2014-08-24,349.23,360.53,348.95,353.38,2179,355.8258539919337,344.8273220253161,49.08697247376782,354.73755716541893,354.7720783827155,-0.03452121729657165,2.5567691128744015,-2.591290330170973,361.68649999999997,11.734940752884603,385.15638150576916,338.2166184942308
2014-08-25,353.38,360.39,326.2,337.64,4877,354.09386789746384,344.54546625961746,38.97537931604872,352.10716375535446,353.5030355395514,-1.3958717841969133,1.7662409334601383,-3.1621127176570516,359.56149999999997,12.060937065367844,383.6833741307357,335.43962586926426
2014-08-26,337.64,344.37,318.04,318.04,7014,350.6601661929435,343.5060362102207,30.53918141850832,346.8660616391461,350.8761440181031,-4.010082378957009,0.6109762709767089,-4.621058649933717,356.29200000000003,13.963099716188962,384.21819943237796,328.3658005676221
2014-08-27,318.04,343.37,324.34,338.36,7514,349.4887217936156,343.3042308686434,44.05819988252358,345.5574367715852,349.94902223898436,-4.391585467399182,-0.3895360766984692,-4.002049390700712,354.23900000000003,13.390395183037711,381.0197903660754,327.45820963392464
2014-08-28,338.36,361.97,344.8,345.08,7784,349.06884352755696,343.37386887379466,47.68451681422957,345.48398496057206,349.58835392498554,-4.1043689644134815,-1.1325026542414718,-2.9718663101720098,352.894,12.854887827307397,378.6037756546148,327.1842243453852
2014-08-31,345.08,368.83,351.95,352.24,28055,349.3708584296944,343.7215602905086,51.306362724596184,346.5233718897148,349.7847721527644,-3.261400263049609,-1.5582821760030994,-1.7031180870465095,351.8355,11.91378612099722,375.6630722419945,328.00792775800556
2014-09-01,352.24,351.95,340.51,343.65,8973,348.82601476972354,343.71875400460635,47.09396107550017,346.0813146759125,349.330344585893,-3.249029909980493,-1.8964317227985783,-1.3525981871819146,350.562,11.315197326000954,373.1923946520019,327.93160534799813
2014-09-03,343.65,355.96,343.37,346.8,6112,348.6330609821308,343.83958718089633,48.755490218552886,346.19188164884906,349.1429116536046,-2.9510300047555234,-2.1073513791899674,-0.843678625565556,349.5105,10.579264463041383,370.6690289260828,328.3519710739172
2014-09-04,346.8,344.8,340.08,342.94,4050,348.09086469811837,343.80430925223374,46.81526718247273,345.69159216441074,348.68343671630055,-2.9918445518898125,-2.2842500137299364,-0.707594538159876,348.18,9.549541736043853,367.27908347208773,329.0809165279123
2014-09-07,342.94,339.79,319.04,319.04,3957,345.3241156792499,342.8331598697932,36.99780266221054,341.5913472160399,346.4876265891672,-4.8962793731272996,-2.806655885609409,-2.0896234875178905,346.39150000000006,11.410727305110775,369.21295461022163,323.5700453897785
2014-09-09,319.04,341.51,321.91,338.36,2375,344.66086656694046,342.6577418356836,46.72389152362762,341.0942168751107,345.8855801751548,-4.791363300044111,-3.2035973684963497,-1.5877659315477612,345.42600000000004,11.221562608141632,367.8691252162833,322.9828747837168
2014-09-10,338.36,346.94,331.92,331.92,4288,343.4474507034223,342.23665392055875,44.270534621666165,339.68279889432443,344.85109275477294,-5.1682938604485,-3.59653666688678,-1.5717571935617203,344.217,11.3132200730417,366.84344014608337,321.5905598539166
2014-09-11,331.92,331.92,321.91,323.34,2728,341.53245539833443,341.49560866877215,41.16898995011757,337.16852214135145,343.2576784766416,-6.08915633529017,-4.095060600567458,-1.9940957347227117,342.70050000000003,11.991849194568946,366.6841983891379,318.71680161086215
2014-09-14,323.34,326.91,317.61,325.63,3404,340.0179358365883,340.8734279366634,42.33028862310786,335.39336488883583,341.9519245154089,-6.5585596265730715,-4.587760405768581,-1.9707992208044907,341.7065,12.557305391055483,366.82111078211096,316.59188921788905
2014-09-15,325.63,335.64,323.34,329.06,2930,338.9743228997704,340.41015625287264,44.10986290612444,334.41900105978414,340.99696714389717,-6.577966084113029,-4.985801541437471,-1.5921645426755582,340.6335,12.68082276718084,365.9951455343617,315.27185446563834
2014-09-16,329.06,335.64,326.91,332.64,3472,338.37105405217324,340.1054442429561,45.98342869272209,334.1453085890481,340.37793254064553,-6.232623951597418,-5.235166023469461,-0.9974579281279574,339.28900000000004,11.977889235016995,363.244778470034,315.33322152996607
2014-09-17,332.64,336.21,329.06,329.06,3375,337.4842869995853,339.6722895667617,44.38122495525923,333.36295342150225,339.5395671672644,-6.176613745762154,-5.423455567927999,-0.7531581778341545,337.8225,11.292052573195429,360.40660514639086,315.2383948536091
2014-09-21,321.48,316.9,309.75,313.32,2116,335.1829263329581,338.6388664464966,38.09623197354895,330.2794221258865,337.59737700672633,-7.317954880839807,-5.802355430510361,-1.5155994503294457,335.7835,11.865393410649872,359.5142868212997,312.0527131787003
2014-09-22,313.32,311.18,306.17,311.03,2830,332.8826476345812,337.55616580153594,37.26929552700535,327.3179725680578,335.62942315437624,-8.311450586318415,-6.3041744616719715,-2.0072761246464434,334.038,12.821875878850614,359.68175175770125,308.3942482422988
2014-09-23,311.03,324.77,314.04,316.61,2415,331.33287166938294,336.73474753480906,40.64990444987153,325.670592172972,334.2205769947928,-8.549984821820772,-6.753336533701732,-1.79664828811904,332.407,12.86231668582045,358.1316333716409,306.6823666283591
2014-09-24,316.61,335.64,321.91,335.35,2407,331.7154553199179,336.6804437099146,50.330920704536446,327.1597318386687,334.30423795814147,-7.144506119472794,-6.831570450855945,-0.3129356686168494,331.50550000000004,11.911703875203814,355.32890775040767,307.6820922495924
2014-09-28,335.35,339.79,333.35,335.5,2614,332.07588814659243,336.63415179972185,50.40066067744181,328.44285001733505,334.3928129242051,-5.9499629068700415,-6.655248942058765,0.7052860351887231,331.3985,11.863211722313663,355.1249234446273,307.6720765553727
2014-09-29,335.5,347.23,337.64,343.22,4217,333.1372321326313,336.8924203565955,53.981913223160795,330.71625770697585,335.04667863352324,-4.33042092654739,-6.1902833389564895,1.8598624124090994,332.6575,11.705996607677923,356.06949321535586,309.2455067846442
2014-09-30,343.22,344.37,337.21,342.65,2574,334.04321002476166,337.11820779359175,53.673762398392526,332.5522180597488,335.60988762363263,-3.0576695638838487,-5.563760583941962,2.506091020058113,332.87199999999996,11.854353231042825,356.58070646208563,309.1632935379143
2014-10-08,342.65,342.51,339.07,339.07,433,334.5219519271653,337.1947486644313,51.67842127204174,333.55495374286437,335.8661922441043,-2.3112385012399272,-4.913256167401555,2.602017666161628,332.57149999999996,11.602091587750285,355.77568317550055,309.36731682449937
2014-10-09,339.07,340.51,334.78,340.51,704,335.09224221981617,337.32475852072815,52.44423376530478,334.62496085934674,336.2101780038003,-1.5852171444535657,-4.247648362811958,2.6624312183583925,331.985,10.826022013260381,353.63704402652075,310.3329559734793
2014-10-12,340.51,337.64,331.92,337.64,1152,335.3348858179289,337.33712093168003,50.718968676940854,335.08881303483184,336.31609074425955,-1.2272777094277103,-3.6435742321351086,2.4162965227073983,331.6845,10.56546782036542,352.81543564073087,310.55356435926916
2014-10-13,337.64,331.21,321.91,325.05,2487,334.35537288288805,336.85527305200634,43.89684057678413,333.54438026024235,335.481565503944,-1.9371852437016628,-3.3022964344484196,1.3651111907467568,330.59700000000004,10.033727910876026,350.6644558217521,310.529544178248
2014-10-14,325.05,330.49,326.2,327.63,1237,333.71486117975587,336.4934976382022,45.51421773627122,332.63447560482047,334.8999680592074,-2.2654924543869583,-3.0949356384361275,0.8294431840491692,329.83149999999995,9.617888637436176,349.0672772748723,310.5957227251276
2014-10-15,327.63,334.78,328.77,334.78,845,333.8163029721601,336.42630165239035,49.830728247849,332.96455628100193,334.89108153630315,-1.9265252553012147,-2.861253561809145,0.9347283065079304,330.6185,9.327987471216757,349.27447494243347,311.9625250575665
2014-10-16,334.78,339.79,333.07,334.78,1374,333.9080836414782,336.36174080327703,49.830728247849,333.2438553146939,334.8828532743548,-1.6389979596608555,-2.616802441379487,0.9778044817186315,330.4395,9.205153290699833,348.84980658139966,312.02919341860036
2014-10-19,334.78,332.49,328.34,331.21,2320,333.6511232946707,336.15971175216816,47.6449888377942,332.9309544970487,334.610790068847,-1.6798355717983213,-2.4294090674632542,0.7495734956649329,330.404,9.200511084203155,348.8050221684063,312.0029778315937
2014-10-20,331.21,331.92,329.06,331.92,1595,333.486254409464,335.9934485462008,48.13226286804822,332.77542303596425,334.4114722859694,-1.6360492500051578,-2.270737103971635,0.6346878539664771,330.83299999999997,9.052641429004256,348.9382828580085,312.72771714199143
2014-10-21,331.92,337.79,330.49,332.49,1935,333.3913730371341,335.8560584071341,48.546293869853926,332.7315117996621,334.2691410055272,-1.5376292058651302,-2.124115524350334,0.5864863184852038,331.176,8.974752540204872,349.1255050804097,313.22649491959027
2014-10-22,332.49,338.5,331.06,336.21,1509,333.6598137002642,335.86993846959945,51.27966494399737,333.2666638304833,334.41290833845113,-1.1462445079678218,-1.9285413210738316,0.7822968131060097,331.5335,9.028274460652003,349.590048921304,313.476951078696
2014-10-26,336.21,337.5,336.21,336.21,428,333.9026885859533,335.8832742158897,51.27966494399737,333.71948477963974,334.54602623930657,-0.8265414596668279,-1.7081413487924308,0.8815998891256029,331.712,9.086407199190054,349.8848143983801,313.53918560161986
2014-10-27,336.21,339.79,336.07,338.22,185,334.3138611015768,335.9749105211489,52.8492785648645,334.41187173661825,334.8181724438024,-0.4063007071841298,-1.4477732204707707,1.041472513286641,332.17,9.176109713473542,350.5222194269471,313.8177805730529
2014-10-28,338.22,338.22,334.78,336.21,1392,334.49444575856944,335.984129716398,51.077155496059156,334.6885068540616,334.9212707812985,-0.23276392723693107,-1.2047713618240028,0.9720074345870717,333.3145,8.061018268577195,349.4365365371544,317.19246346284564
2014-10-30,336.21,339.93,329.92,332.64,2519,334.31783187680094,335.8529873745785,47.998645021786196,334.37335195343667,334.75228776046157,-0.37893580702490226,-1.0396042508641827,0.6606684438392805,334.395,6.135001823018534,346.66500364603706,322.1249963539629
2014-11-02,332.64,332.64,326.2,327.63,1073,333.6808955075818,335.53051728145783,43.99148447523652,333.3359131913695,334.22471088931627,-0.8887976979467567,-1.0094429402806977,0.12064524233394103,334.946,4.804130240578507,344.55426048115703,325.337739518843
2014-11-03,327.63,322.62,314.75,314.75,3592,331.8779530782883,334.71559503512617,35.73238664677055,330.4765419311588,332.7821397123299,-2.305597781171116,-1.2686739084587813,-1.0369238727123347,333.916,6.589508726997596,347.0950174539952,320.7369825460048
2014-11-04,314.75,316.18,309.03,316.18,2684,330.3829099279751,333.9887089553173,37.14336381597705,328.2770739417498,331.55235158549067,-3.2752776437408784,-1.6699946555152008,-1.6052829882256776,332.95,7.6722480065299985,348.29449601306,317.60550398694
2014-11-05,316.18,317.33,310.46,315.61,6995,328.97596612531083,333.26797527079503,36.796580039211385,326.32829333532675,330.3714366532321,-4.043143317905333,-2.144624387993227,-1.8985189299121057,331.56949999999995,8.193358976378883,347.9562179527577,315.1827820472422
2014-11-06,315.61,319.76,313.46,317.61,7739,327.89349316099555,332.6539370248815,38.95035587421319,324.98701743758414,329.42614504928895,-4.439127611704805,-2.6035250327355426,-1.8356025789692625,330.3175,8.323181245932966,346.96386249186594,313.67113750813405
2014-11-09,317.61,322.19,314.75,317.18,11263,326.873160478996,332.04711596508224,38.64543910411699,323.78593783180196,328.51902319378604,-4.733085361984081,-3.0294370985852503,-1.7036482633988306,329.223,8.5478856111363,346.31877122227263,312.1272287777274
2014-11-10,317.18,321.76,311.89,314.75,6328,325.7185737667107,331.3687976919417,36.888010792715434,322.39579354998625,327.4990955498019,-5.103301999815642,-3.444210078831329,-1.659091920984313,327.935,8.69710508399911,345.3292101679982,310.5407898320018
2014-11-11,314.75,314.75,311.18,314.75,6449,324.6739476936906,330.717080135395,36.888010792715434,321.2195176192191,326.55471810166847,-5.335200482449352,-3.822408159554934,-1.512792322894418,326.79049999999995,8.857386732939894,344.5052734658797,309.0757265341202
2014-11-12,314.75,316.04,310.46,310.46,11776,323.32023838952955,329.9226848359678,33.745904777170125,319.56420721626233,325.36251676080417,-5.798309544541837,-4.217588436552315,-1.5807211079895218,326.06100000000004,9.579652724175693,345.22030544835144,306.90169455164863
2014-11-13,310.4,314.18,309.03,309.03,99,321.95926330481245,329.1033638620083,32.7446616817692,317.94355995222196,324.1527007044483,-6.209140752226347,-4.615898899687122,-1.593241852539225,325.131,10.295426629028118,345.7218532580562,304.5401467419437
2014-11-16,309.03,303.02,286.71,293.41,2309,319.2402858472113,327.70362410271383,24.27295683607211,314.16916611341856,321.87546361522993,-7.7062975018113775,-5.233978620111973,-2.4723188816994046,323.0625,12.229096396881783,347.52069279376354,298.60430720623646
2014-11-17,293.41,288.08,276.58,280.7,3945,315.56978243319116,325.8603447261368,19.786963147889864,309.02006363443104,318.82542927336107,-9.805365638930027,-6.148256023875584,-3.657109615054443,320.3585,15.13537935295679,350.62925870591357,290.0877412940864
2014-11-18,280.7,286.2,268.51,286.2,2897,312.77266029669676,324.30503708981774,26.147624394285046,305.50928461374934,316.40873080866766,-10.899446194918312,-7.09849405808413,-3.800952136834182,318.108,16.70213903729304,351.5122780745861,284.7037219254139
2014-11-19,286.2,293.58,280.53,293.58,2153,310.9447878874875,323.10013367453075,33.740147593560835,303.67401005778794,314.7177137117293,-11.04370365394135,-7.887535977255574,-3.156167676685776,316.191,17.22547253954275,350.6419450790855,281.7400549209145
2014-11-20,293.58,303.02,291.86,298.56,2401,309.76528427915537,322.1377754912158,38.346301612034935,302.8872392796667,313.52084602937896,-10.633606749712271,-8.436750131746914,-2.1968566179653575,314.4945,17.206568046748398,348.9076360934968,280.0813639065032
2014-11-23,298.56,304.39,291.0,299.07,4018,308.7466857763787,321.2331568445015,38.81539109541227,302.29997169817955,312.45041299016566,-10.150441291986112,-8.779488363794753,-1.3709529281913593,312.6375,16.737347106334045,346.1121942126681,279.1628057873319
2014-11-24,299.07,295.98,293.58,294.44,2010,307.38414427386647,320.1824448113838,36.1279705817634,301.09074528307497,311.1163083242275,-10.025563041152509,-9.028703299266304,-0.9968597418862046,310.549,16.239792875267597,343.02858575053517,278.0694142494648
2014-11-25,294.44,293.58,286.02,291.17,3089,305.83994005730773,319.04470187760404,34.32063649322912,299.5644767779865,309.63880400391434,-10.074327225927846,-9.237828084598613,-0.8364991413292326,308.19649999999996,15.406872791405094,339.01024558281017,277.38275441718974
2014-11-30,291.17,291.86,288.43,288.43,2125,304.18185052804034,317.8441253333843,32.83824698714278,297.851480350604,308.06778148510585,-10.216301134501862,-9.433522694579263,-0.7827784399225983,305.8075,14.512924865715604,334.8333497314312,276.7816502685688
2014-12-01,288.43,292.03,286.71,290.49,3262,302.8778647634651,316.77141453599666,35.107600592766985,296.71894491204955,306.76572359732023,-10.04677868527068,-9.556173892717547,-0.4906047925531336,303.7,13.43147599366622,330.56295198733244,276.83704801266754
2014-12-02,290.49,288.43,280.7,288.43,3265,301.5018776431351,315.65998651497716,33.87494039832191,295.44372261788806,305.4075218493706,-9.96379923148254,-9.637698960470546,-0.32610027101199357,301.74,12.589432494212206,326.91886498842445,276.5611350115756
2014-12-03,288.43,293.58,285.85,285.85,2392,300.0112226295032,314.49096743595845,32.34327673793878,293.96776529205914,303.95881652719504,-9.991051235135899,-9.708369415403617,-0.28268181973228224,300.29499999999996,12.675824275077396,325.64664855015474,274.9433514498452
2014-12-04,285.85,295.3,289.63,294.27,3338,299.46443952193147,313.69798832082284,41.620579269777096,294.0142629394346,303.24112641406947,-9.226863474634854,-9.612068227249864,0.3852047526150102,299.1995,12.167296319924635,323.5340926398493,274.8649073601507
2014-12-07,294.27,294.95,291.86,292.03,3015,298.7563976626999,312.8482632886337,40.047304217836995,293.7089917179831,302.4106726056199,-8.701680887636769,-9.429990759327247,0.7283098716904775,298.02049999999997,11.623739988308346,321.2679799766167,274.77302002338325
2014-12-08,292.03,293.06,291.86,293.06,1571,298.2138835995856,312.0722529635892,41.148906836458295,293.60914683829344,301.7180301903888,-8.108883352095347,-9.165769277880868,1.0568859257855205,296.793,10.706216148132587,318.2054322962652,275.3805677037348
2014-12-09,293.06,295.3,291.86,294.44,2452,297.8544661139108,311.38079206305633,42.66887077604135,293.7369704016329,301.1789168429526,-7.441946441319715,-8.821004710568637,1.3790582692489224,295.656,9.574884031179423,314.8057680623589,276.50623193764113
2014-12-10,294.44,299.59,288.77,295.3,1666,297.6111836268717,310.7501727664659,43.645680575487965,293.97743649368937,300.74344152125246,-6.7660050275630965,-8.410004773967529,1.6439997464044325,294.6835,8.455830921852419,311.59516184370483,277.77183815629513
2014-12-11,295.3,309.03,289.46,309.03,4183,298.698689948122,310.68271501091823,56.41376253716361,296.2932154946602,301.3572606678264,-5.064045173166164,-7.740812853807257,2.6767676806410927,294.3975,7.8137603825429345,310.02502076508586,278.7699792349141
2014-12-14,309.03,334.27,315.21,333.92,864,302.0531004292533,311.59398108892145,69.78048616334095,302.0819515724048,303.76931543317255,-1.6873638607677321,-6.530123055199352,4.84275919443162,295.5705,11.324281538730373,318.2190630774607,272.92193692253926
2014-12-15,333.92,343.37,322.94,334.78,3945,305.16994800741963,312.5032367324932,70.12143837533111,307.1124205612656,306.0664031788635,1.0460173824021126,-5.0148949676790595,6.060912350081172,296.858,14.066798012191628,324.9915960243833,268.7244039756167
2014-12-16,334.78,334.78,328.77,330.66,3779,307.597572006713,313.21526666455225,66.26426741628482,310.7351250903016,307.8881510915403,2.846973998761314,-3.4425211743909854,6.289495173152299,298.7205,15.92900316536207,330.57850633072417,266.86249366927586
2014-12-17,330.66,328.77,321.91,321.91,2618,308.96066038702605,313.5562365992757,58.859216192783165,312.4543366148706,308.926806566241,3.5275300486296146,-2.0485109297868656,5.57604097841648,300.781,16.139247650892912,333.05949530178583,268.5025046982142
2014-12-18,321.91,332.72,323.62,332.72,701,311.22345463588067,314.3077567326374,64.1842785105977,315.5721309818136,310.68926533911207,4.882865642701518,-0.662235615289189,5.545101257990707,303.107,17.241809069816632,337.5906181396333,268.62338186036675
2014-12-22,332.72,326.2,313.32,315.21,1715,311.6031256229396,314.3431388215536,52.36172665148554,315.516418523073,311.0241345732519,4.492283949821115,0.3686682977328718,4.123615652088243,304.18850000000003,17.291077186316915,338.7706543726339,269.6063456273662
2014-12-23,315.21,310.75,309.03,309.03,1178,311.3580660398025,314.1347804363947,48.935665758994745,314.51850798106176,310.8764209011592,3.6420870799025806,1.0233520541668135,2.6187350257357673,304.712,17.270182274356145,339.2523645487123,270.17163545128767
2014-12-24,309.03,318.64,309.03,318.64,3276,312.0515835598213,314.31145571339886,53.97836177147894,315.15258367628303,311.45150083440666,3.701082841876371,1.558898211708725,2.142184630167646,305.6905,17.48673556698006,340.6639711339601,270.71702886603987
2014-12-28,318.64,324.82,318.99,321.05,2045,312.9085756017431,314.57571235208906,55.17387570920834,316.0598784953164,312.1625007725988,3.8973777227176356,2.026594113910507,1.8707836088071286,307.021,17.597649932815084,342.21629986563016,271.82570013436987
2014-12-29,321.05,324.48,315.04,321.56,1493,313.7325207825295,314.8496059853405,55.43768985769693,316.9060510344985,312.85861182648034,4.047439208018147,2.430763132732035,1.6166760752861125,308.5405,17.468496598765018,343.47749319753007,273.60350680246995
2014-12-31,321.56,318.47,312.46,312.46,2162,313.6113283270505,314.7558959466997,49.80523423315012,316.22204318303716,312.82908502451886,3.3929581585182973,2.6232021378892876,0.7697560206290097,309.742,16.827104263501475,343.39620852700295,276.0877914729971
2015-01-01,312.46,321.91,315.04,321.91,2383,314.40167801018856,315.03644904682915,54.926624132116025,317.0971134625699,313.501745393073,3.5953680694968853,2.817635324210807,0.777732745286078,311.313,16.39630449377678,344.1056089875535,278.52039101244645
2015-01-04,321.91,324.31,320.36,322.76,1918,315.1977086758849,315.33933339793384,55.36773739203771,317.96832677602066,314.18754203062315,3.7807847453975114,3.010265208448148,0.7705195369493634,313.0295,15.654849416815582,344.33919883363114,281.7198011663688
2015-01-05,322.76,326.37,318.47,323.79,2264,316.0160221353244,315.67073208821097,55.93055872833021,318.86396881047904,314.89883521353994,3.965133596939097,3.201238886146338,0.763894710792759,314.9265,14.439534281380807,343.8055685627616,286.04743143723834
2015-01-06,323.79,319.67,317.96,317.96,421,316.2011628843411,315.760507300438,51.93824268491026,318.72489668578993,315.12558816068514,3.5993085251047887,3.2808528139380284,0.3184557111667603,316.111,13.603314572869177,343.31762914573835,288.90437085426163
2015-01-07,317.96,325.85,321.05,323.62,1365,316.9077188001182,316.06872270042084,55.275958508752204,319.47798950336073,315.75480385248625,3.723185650874484,3.3693193813253197,0.35386626954916434,317.69050000000004,12.444714149516335,342.5799282990327,292.8010717009674
2015-01-08,323.62,326.37,322.76,324.48,1201,317.6288884382022,316.3985767121691,55.77847478444326,320.24752957976676,316.401114678228,3.8464149015387648,3.4647384853680085,0.3816764161707562,319.26149999999996,11.080144059010953,341.4217881180219,297.10121188197803
2015-01-11,324.48,322.94,318.47,318.47,1113,317.7089943012306,316.47980899796636,51.42954425096198,319.9740634905719,316.55436544280366,3.419698047768236,3.455730397848054,-0.03603235007981809,320.463,9.426362305566476,339.31572461113296,301.6102753888671
2015-01-12,318.47,319.16,315.9,318.47,490,317.7814710344467,316.55785570392845,51.42954425096198,319.742669107407,316.69626429889223,3.046404808514751,3.3738652799813935,-0.3274604714666425,321.6215,7.3707203639960435,336.3629407279921,306.88005927200794
2015-01-13,318.47,324.48,313.32,324.48,1921,318.4194261740233,316.8685280292646,55.45728822179373,320.471489244729,317.2728373137891,3.1986519309398886,3.338822610173093,-0.14017067923320425,322.394,6.766453164034189,335.9269063280684,308.8610936719316
2015-01-14,324.48,324.48,320.36,320.88,643,318.653766538402,317.02584065556795,52.64131131487297,320.53433705323226,317.5400345498048,2.994302503427491,3.269918588823973,-0.27561608539648175,321.742,6.202097777536298,334.1461955550726,309.33780444492743
2015-01-18,320.88,325.17,320.36,325.17,1573,319.2743602014113,317.34521945338884,55.538608127104176,321.2475159681196,318.10521717574517,3.142298792374447,3.2443946295340678,-0.10209583715962056,321.26149999999996,5.467600527318277,332.1967010546365,310.3262989453634
2015-01-19,325.17,349.89,318.82,340.28,22822,321.27489732508644,318.2446226120795,63.912728861310256,324.17559043456276,319.7477936812455,4.427796753317239,3.4810750542907023,0.9467216990265364,321.74249999999995,6.63619570394575,335.01489140789147,308.47010859210843
2015-01-20,340.28,334.78,331.69,334.78,2981,322.5610975798401,318.8930687841548,59.5184210619424,325.80703806001463,320.8612904455977,4.945747614416916,3.7740095663159456,1.1717380481009707,322.386,7.248990056698995,336.883980113398,307.888019886602
2015-01-22,334.78,333.07,318.13,333.07,2851,323.56194542937914,319.4490268710507,58.17908939694754,326.9244168200124,321.7656393014794,5.158777518533043,4.050963156759365,1.107814361773678,322.4035,7.275624245239054,336.9547484904781,307.8522515095219
2015-01-25,333.07,336.5,322.08,334.78,2272,324.6303315789621,320.05024150355854,59.16858940543818,328.132968078472,322.7296660198883,5.403302058583677,4.321430937124227,1.0818711214594492,323.38199999999995,7.567386811701297,338.5167736234025,308.2472263765974
2015-01-26,334.78,340.96,334.78,334.78,3083,325.59696666668003,320.6278790916543,59.16858940543818,329.1555883740917,323.6222833517484,5.5333050223432565,4.563805754168033,0.9694992681752232,324.66949999999997,7.1775340106265455,339.02456802125306,310.3144319787469
2015-01-27,334.78,338.9,334.78,338.9,1708,326.86392222223435,321.3444328527659,61.70070522728335,330.6547286242314,324.7539660664337,5.900762557797691,4.831197114893965,1.069565442903726,325.6825,7.692962522230178,341.06842504446035,310.29657495553965
2015-01-28,338.9,346.8,338.9,346.8,4973,328.76259629630727,322.3426903879516,66.04844384381406,333.1386165281958,326.3870056170682,6.751610911127614,5.215279874140695,1.536331036986919,326.97,8.931869021125644,344.8337380422513,309.10626195774876
2015-01-29,346.8,348.52,341.65,345.43,2342,330.3499680776114,323.2480750786202,64.67723917893505,335.02959860078107,327.79759779358164,7.232000807199427,5.618624060752441,1.6133767464469857,328.1635,9.730045856440722,347.6235917128814,308.7034082871186
2015-02-01,345.43,353.67,328.26,352.12,2215,332.42330445117216,324.38030742847826,68.15407219117962,337.6588911237378,329.5992572162793,8.059633907458533,6.106826030093659,1.952807877364874,330.14649999999995,10.380828115735282,350.9081562314705,309.3848437685294
2015-02-02,352.12,354.01,349.03,351.95,5873,334.2829897415367,325.4614718430478,67.97098404119681,339.85752325854736,331.2548677928512,8.60265546569616,6.605991917214159,1.9966635484820001,331.6485,11.262193053239713,354.17288610647944,309.1241138935206
2015-02-03,351.95,352.81,344.4,346.97,4156,335.49127643281895,326.3049435354773,62.66057576052414,340.95175044954004,332.4189516600474,8.532798789492631,6.991353291669855,1.5414454978227763,332.859,11.55385463133952,355.96670926267905,309.7512907373209
2015-02-04,346.97,347.66,343.54,345.08,4416,336.4044882011219,327.0412202595762,60.721633199903344,341.5868657649954,333.3568070926365,8.23005867235895,7.239094367807674,0.9909643045512766,333.9235,11.654640943690062,357.2327818873801,310.6142181126199
2015-02-05,345.08,346.8,342.51,345.43,3419,337.26406075339605,327.76234887684774,60.96253668079408,342.17811718576536,334.2511176783671,7.92699950739825,7.37667539572579,0.5503241116724604,335.29699999999997,11.287204259692546,357.87140851938506,312.7225914806149
2015-02-08,345.43,346.29,343.37,345.08,1634,338.00843591973927,328.4414724503047,60.562519841580674,342.62456069564763,335.05325710959914,7.5713035860484865,7.415601033790329,0.1557025522581572,336.37,11.13776600485795,358.6455320097159,314.0944679902841
2015-02-09,345.08,345.08,339.93,341.65,2813,338.3552515464308,328.95945392284176,56.640134315998054,342.4746282809326,335.5419047311103,6.932723549822299,7.319025536996724,-0.3863019871744253,337.22850000000005,10.830543202104593,358.88958640420924,315.56741359579087
2015-02-10,341.65,343.02,341.65,343.02,1360,338.7995133039136,329.5108478866519,57.81533510651952,342.55853162232756,336.09583771399105,6.462693908336519,7.147759211264684,-0.685065302928165,338.456,9.947857955095646,358.35171591019133,318.5602840898087
2015-02-11,343.02,343.37,343.02,343.02,418,339.2014644178266,330.0406185577636,57.81533510651952,342.62952675735414,336.6087386240658,6.020788133288363,6.92236499566942,-0.9015768623810567,339.6835,8.80039608857538,357.28429217715075,322.0827078228492
2015-02-12,343.02,344.22,340.79,344.22,2850,339.6794201875574,330.59667273196897,58.94568526557523,342.87421494853044,337.1725357630239,5.701679185506521,6.67822783363684,-0.9765486481303194,340.6705,8.083259162258397,356.8370183245168,324.5039816754832
2015-02-15,344.22,344.05,342.68,343.37,2124,340.03090397921864,331.0975875267937,57.76496964537194,342.95048957183343,337.6316071879851,5.318882383848347,6.406358743679142,-1.087476359830795,341.79499999999996,6.616470278584544,355.0279405571691,328.56205944283084
2015-02-16,343.37,343.37,340.79,342.51,1483,340.2670083621502,331.54513311397824,56.53116769344784,342.8827219453975,337.99296961850473,4.88975232689279,6.103037460321872,-1.213285133429082,342.662,5.335396793809532,353.33279358761905,331.9912064123809
2015-02-19,342.51,340.79,339.07,340.79,1539,340.3168170895645,331.90767691343007,54.044886791481176,342.5607647230287,338.2001570541711,4.360607668857597,5.754551502029017,-1.39394383317142,342.6875,5.324620940303578,353.3367418806072,332.0382581193928
2015-02-22,340.79,336.5,331.35,334.27,2341,339.7409297477012,332.00031703447206,45.8185351411742,341.28526245794734,337.9090343094177,3.3762281485296626,5.278886831329146,-1.9026586827994834,342.662,5.365547600446404,353.3930952008928,331.93090479910717
2015-02-23,334.27,333.07,327.06,332.89,3583,339.0884602479201,332.035206562532,44.28215877579625,339.9936836182631,337.5372539902016,2.456429628061528,4.714395390675622,-2.257965762614094,342.65299999999996,5.3826075660920045,353.41821513218395,331.887784867816
2015-02-24,332.89,334.78,328.77,334.78,499,338.6781307004992,332.14284552086406,46.90791036738112,339.1915784462226,337.3330129538903,1.858565492332275,4.143229411006953,-2.2846639186746778,342.653,5.3826075660920045,353.418215132184,331.88778486781604
2015-02-25,334.78,335.13,333.07,335.13,1894,338.34021349092785,332.25998883377133,47.402240996336616,338.5667202237268,337.1698268091577,1.3968934145690923,3.5939622117193806,-2.1970687971502882,342.6705,5.356167595941528,353.38283519188303,331.958164808117
2015-02-26,335.13,336.5,336.5,336.5,65,338.1649550632204,332.42626378146656,49.3886682840175,338.24876326623036,337.1202100084794,1.1285532577509798,3.1008804209257006,-1.9723271631747208,342.5505,5.470747543456473,353.49199508691294,331.60900491308706
2015-03-01,330.66,333.07,326.71,331.35,1809,337.5159117238661,332.38405735866394,42.839041909531325,337.1874150714257,336.6927870448883,0.49462802653738436,2.5796299420480375,-2.085001915510653,341.77799999999996,5.912121001541345,353.60224200308267,329.95375799691726
2015-03-02,331.35,331.35,329.63,330.49,6343,336.84677727397406,332.30978059950064,41.841183153600824,336.1570435219756,336.2333213378595,-0.07627781588388416,2.0484483904616533,-2.1247262063455374,341.031,6.353747257371046,353.7384945147421,328.3235054852579
2015-03-03,330.49,331.35,329.63,331.35,316,336.32327467645274,332.2721421446183,43.26439546939878,335.41749836474855,335.87159383135133,-0.4540954666027801,1.5479396190487669,-2.002035085651547,339.9925,6.139681866438672,352.27186373287736,327.71313626712265
2015-03-04,331.35,336.67,332.21,333.07,1399,336.01343899298104,332.30343068796657,46.10504045046001,335.05634477017185,335.66406836236234,-0.6077235921904958,1.1168069768009146,-1.7245305689914103,339.0485,5.635109184952728,350.31871836990547,327.7782816300945
2015-03-09,333.07,339.07,334.61,336.67,2158,336.0759686126971,332.47466870020315,51.57053744403625,335.30459942091466,335.73858181700217,-0.4339823960875151,0.8066491022232287,-1.2406314983107438,338.5335,5.335764410290974,349.20502882058196,327.86197117941805
2015-03-10,336.67,338.56,333.07,333.41,1395,335.8220668400593,332.5113483590187,46.9293818738081,335.0131225869278,335.566094275002,-0.5529716880741944,0.534724944163744,-1.0876966322379384,337.95,5.219000710967079,348.3880014219341,327.51199857806586
2015-03-11,333.41,336.5,333.07,336.5,855,335.8866319029108,332.66776607042976,51.39452348078001,335.24187295816967,335.6352724768537,-0.3933995186840207,0.3491000515941911,-0.7424995702782118,337.5035,4.918741040253558,347.3409820805071,327.66601791949284
2015-03-12,336.5,333.92,331.35,333.92,504,335.6993336264431,332.7168732833541,47.779829033606994,335.038507887682,335.508215256346,-0.46970736866398966,0.18533856754255496,-0.6550459362065446,336.9455,4.639062376910214,346.2236247538204,327.6673752461796
2015-03-15,333.92,331.35,328.95,330.49,851,335.20320661440087,332.629544919301,43.40872744462698,334.3387374434232,335.13649560772774,-0.7977581643045255,-0.011280778826861154,-0.7864773854776643,336.3875,4.7139824207541725,345.81546484150834,326.95953515849163
2015-03-16,330.49,329.63,327.91,328.09,681,334.5257583654103,332.45152354991666,40.60927345991257,333.3773932213581,334.61453297011826,-1.2371397487601712,-0.2564525728135232,-0.980687175946648,335.64099999999996,4.78992462307686,345.2208492461537,326.0611507538462
2015-03-17,328.09,329.63,327.06,327.23,1912,333.83092423537124,332.2467579205082,39.62318128333975,332.4316404180722,334.0675305278873,-1.6358901098150795,-0.5323400802138345,-1.103550029601245,334.8515,4.810915521802016,344.47333104360405,325.2296689563959
2015-03-18,327.23,329.12,322.76,326.37,1952,333.1203600224788,332.0162968255863,38.613427859840534,331.4990803537534,333.4973430813771,-1.9982627276236826,-0.8255246096958042,-1.1727381179278784,333.959,4.633909228379704,343.2268184567594,324.6911815432406
2015-03-19,326.37,330.49,326.2,330.49,803,332.8698495441474,331.95644204811236,45.746508497207095,331.34383722240676,333.274576927201,-1.9307397047942345,-1.0465676287154904,-0.8841720760787442,333.315,4.124136273211669,341.5632725464233,325.0667274535767
2015-03-22,330.49,329.63,326.2,327.74,2388,332.3812924447048,331.79109137955896,42.22002093613651,330.7894007266519,332.86460826592685,-2.0752075392749703,-1.2522956108273864,-0.8229119284475839,332.5765,3.69057444537596,339.95764889075195,325.19535110924807
2015-03-23,327.74,326.88,324.14,326.2,1911,331.7925979261615,331.57183289408607,40.344419384669564,330.08333907639775,332.3709335795619,-2.2875945031641436,-1.4593553892947377,-0.8282391138694059,331.84700000000004,3.413141938852907,338.67328387770584,325.02071612229423
2015-03-24,326.2,326.2,322.76,326.2,919,331.25996955224133,331.36117278059254,40.344419384669564,329.48590229541344,331.91382738848324,-2.4279250930698026,-1.6530693300497508,-0.7748557630200519,331.4435,3.5843420815980163,338.612184163196,324.27481583680395
2015-03-25,326.2,326.37,320.19,323.97,1876,330.56568673774217,331.0713228676281,37.54344120745161,328.63730194227287,331.3253957300771,-2.6880937878042346,-1.8600742216006476,-0.828019566203587,330.99750000000006,3.9328921660138696,338.8632843320278,323.13171566797234
2015-03-26,323.97,323.97,319.33,321.05,1816,329.6594308579572,330.6783298139956,34.19563998655862,327.4700247203847,330.56425530562694,-3.094230585242258,-2.10690549432897,-0.9873250909132878,330.311,4.407559176546167,339.1261183530923,321.49588164690766
2015-03-29,321.05,322.76,315.9,322.76,794,329.0023422048184,330.36780707619187,37.69925797738205,326.7454055326332,329.98616232002496,-3.240756787391774,-2.333675752941531,-0.9070810344502434,329.6925,4.560984283200103,338.8144685664002,320.5705314335998
2015-03-30,322.76,323.11,322.59,322.94,1513,328.4249762805499,330.0765205241844,38.073026746240686,326.15995852761273,329.4642243703935,-3.304265842780751,-2.527793770909375,-0.776472071871376,329.01450000000006,4.5032707119695194,338.0210414239391,320.007958576061
2015-03-31,322.94,324.48,321.91,321.91,808,327.80450234906897,329.7562648173536,36.71561982881083,325.50611875413387,328.90465219480876,-3.398533440674896,-2.701941704862479,-0.696591735812417,328.5425,4.7343824973905715,338.0112649947812,319.07373500521885
2015-04-01,321.91,321.91,319.33,321.91,232,327.24312117296716,329.44856815784954,36.71561982881084,324.95286971503634,328.38652981000814,-3.433660094971799,-2.8482853828843435,-0.5853747120874555,328.11350000000004,4.933183316236901,337.97986663247383,318.24713336752626
2015-04-02,321.91,324.31,318.47,324.31,1601,326.96377629935125,329.2470556810712,42.27702742640318,324.8539666819538,328.0845646388964,-3.2305979569425745,-2.9247478976959895,-0.3058500592465849,327.7615,4.941250933669813,337.6440018673396,317.8789981326604
2015-04-05,324.31,321.05,317.61,320.19,1849,326.31865474703204,328.8918770269115,36.3684416450672,324.1364333462686,327.4997820730522,-3.363348726783613,-3.012468063513514,-0.3508806632700989,327.1175,5.05108625628588,337.2196725125718,317.01532748742824
2015-04-06,320.19,322.76,314.18,322.76,719,325.9797352473147,328.6514112611503,41.82979511046938,323.92467436991956,327.14868710467795,-3.2240127347583893,-3.0547769977624895,-0.1692357369958999,326.422,4.604455050905423,335.63091010181085,317.2130898981892
2015-04-07,322.76,321.05,321.05,321.05,134,325.5102366523323,328.3533167018895,39.40630574046062,323.48241677454735,326.6969325043314,-3.2145157297840683,-3.0867247441668053,-0.127790985617263,325.80400000000003,4.443841865585979,334.69168373117196,316.9163162688281
2015-04-08,321.05,325.34,320.19,325.34,649,325.49402363782445,328.23514741946246,47.60739011281072,323.7681988092324,326.59641898549205,-2.828220176259663,-3.035023830585377,0.20680365432571435,325.246,3.66197013411861,332.5699402682372,317.9220597317628
2015-04-09,325.34,331.35,326.2,327.06,633,325.6431642437459,328.1890632069345,50.50009451466555,324.2746297616582,326.63075831990005,-2.356128558241835,-2.8992447761166686,0.5431162178748337,324.903,3.082120083732135,331.06724016746426,318.7387598325358
2015-04-12,327.06,336.5,326.2,333.07,1785,326.3504819348177,328.3804724929371,59.015159735514516,325.62776364448007,327.1077391850926,-1.4799755406125428,-2.615390929015844,1.1354153884033011,325.032,3.3689161149385063,331.769832229877,318.29416777012295
2015-04-13,333.07,331.35,325.34,329.63,1721,326.6628169886446,328.4294735716455,53.35737147784467,326.24349231456006,327.29457331953023,-1.0510810049701718,-2.3025289442067094,1.2514479392365376,325.10900000000004,3.4588861912802535,332.0267723825605,318.19122761743955
2015-04-15,329.63,331.35,325.34,325.34,738,326.5368344182975,328.30831774530645,47.27096312472101,326.10449349693545,327.1497901106762,-1.0452966137407316,-2.051082478113514,1.0057858643727826,325.0145,3.423526152347627,331.86155230469524,318.16744769530476
2015-04-16,325.34,334.78,323.62,334.78,1399,327.32189780703106,328.56210920627484,58.49128538298867,327.4391868050992,327.7149908432187,-0.2758040381194746,-1.6960267901147064,1.4202227519952317,325.435,4.056711787437516,333.548423574875,317.321576425125
2015-04-19,334.78,331.35,325.34,330.49,1956,327.62362182540903,328.6377127668131,52.97442809350776,327.9085426812378,327.9205470770543,-0.012004395816518354,-1.3592223112550688,1.3472179154385504,325.43500000000006,4.056711787437516,333.5484235748751,317.32157642512504
2015-04-20,330.49,333.07,326.2,333.07,1739,328.14232450870344,328.81152795242826,55.68169352549458,328.7026130379705,328.30198803430955,0.40062500366093445,-1.0072528482718681,1.4078778519328026,325.7015,4.378422300569461,334.45834460113895,316.9446553988611
2015-04-21,333.07,331.35,326.2,331.35,6138,328.4478174126365,328.9110758758625,53.471586788402206,329.1099033398212,328.52776669843473,0.5821366413864553,-0.6893749503402035,1.2715115917266586,325.95899999999995,4.557076509760202,335.07315301952036,316.84484698047953
2015-04-22,331.35,328.95,328.95,328.95,58,328.49564432571873,328.91260231210316,50.46183075529259,329.0853028260026,328.55904323929144,0.5262595867111486,-0.44624804292993303,0.9725076296410816,326.0965,4.605956412484055,335.3084128249681,316.88458717503187
2015-04-23,326.2,327.06,321.05,326.54,2509,328.3093924851741,328.81955908417757,47.56648919827269,328.6937177758483,328.4094844808254,0.2842332950228865,-0.30015177533936915,0.5843850703622557,326.225,4.579279993970306,335.38355998794066,317.0664400120594
2015-05-25,326.54,320.02,293.92,293.92,731,325.0342122484908,327.45094892401374,25.902726803923812,323.34391504110243,325.8547078526162,-2.5107928115137383,-0.742279982574243,-1.7685128289394954,324.86850000000004,8.517649956971253,341.9037999139425,307.83320008605756
2015-05-26,293.92,291.0,275.21,283.28,7687,321.0576206057774,325.71875484856224,22.330254907432604,317.1802358040097,322.70102578945944,-5.52078998544971,-1.6979819831493366,-3.8228080023003734,322.8945,12.619285355944513,348.133070711889,297.655929288111
2015-05-27,283.28,281.56,272.12,277.27,2258,316.8873710242748,323.8188036780304,20.60184414929995,311.0401995264698,319.33576461986985,-8.295565093400057,-3.017498605199481,-5.278066488200576,320.611,16.226985937986072,353.0649718759721,288.1570281240279
2015-05-28,277.27,280.19,270.4,275.04,4064,312.901907117201,321.90590941614687,19.983762825155424,305.5017072916283,316.05459687024984,-10.552889578621546,-4.524576799883894,-6.028312778737652,318.2675,19.150615181819195,356.5687303636384,279.9662696363616
2015-05-31,275.04,295.81,280.53,295.81,2975,311.2741064393723,320.88254041943526,38.49273349514878,304.0106754006086,314.5549971020832,-10.544321701474587,-5.728525780202033,-4.815795921272554,316.9625,19.768643665371673,356.49978733074335,277.4252126692566
2015-06-01,295.81,316.07,300.45,312.29,2683,311.3708582070511,320.54557805004566,48.64361938635553,305.2844176466688,314.3872195389659,-9.102801892297066,-6.40338100262104,-2.699420889676026,316.3615,19.71615508449373,355.7938101689874,276.92918983101254
2015-06-02,312.29,317.61,310.75,317.61,1778,311.96506218733197,320.4304573422007,51.430268760922225,307.18066108564284,314.625944017561,-7.445282931918143,-6.611761388480461,-0.8335215434376826,316.23249999999996,19.69821949608157,355.6289389921631,276.8360610078368
2015-06-03,317.61,327.57,319.33,327.57,1392,313.45124674091943,320.7104394072125,56.21985009596583,310.3174824570824,315.5847629792231,-5.267280522140709,-6.342865215212511,1.0755846930718018,316.473,19.811149200175073,356.09529840035015,276.8507015996499
2015-06-04,327.57,331.35,322.76,326.2,2197,314.66541371797473,320.9257162932042,55.4104386294111,312.76094669445433,316.371076832614,-3.6101301381596613,-5.7963181998019415,2.18618806164228,316.7305,19.90700814841525,356.5445162968305,276.9164837031695
2015-06-07,326.2,328.09,326.2,327.91,1707,315.92680288769145,321.1996097719021,56.256980902829056,315.0915702799229,317.22581188205004,-2.1342416021271333,-5.06390288026698,2.9296612781398466,316.85900000000004,19.973690563760638,356.8063811275213,276.91161887247875
2015-06-08,327.91,333.07,328.77,332.21,478,317.4775835650542,321.6313897808471,58.39596676074042,317.72517485224245,318.33575174263893,-0.6105768903964872,-4.173237682292882,3.562660791896395,317.1165,20.144588740560938,357.40567748112187,276.8273225188781
2015-06-09,332.21,345.08,337.01,345.08,2923,320.10638513028715,322.5509431227747,64.0605206736484,321.933609490359,320.3168071691101,1.6168023212488833,-3.015229681584529,4.632032002833412,317.717,20.813097875086097,359.3431957501722,276.0908042498278
2015-06-10,345.08,343.71,339.93,340.28,3961,322.0276817845455,323.24620025521494,60.738939584664124,324.75613110722685,321.79556219362047,2.96056891360638,-1.8200699625463472,4.780638876152727,318.2495,21.26525965413809,360.7800193082762,275.7189806917238
2015-06-11,340.28,338.22,333.07,333.07,661,323.07933113839835,323.6314473040301,56.038688398606865,326.0351878599612,322.6307057348338,3.4044821251274016,-0.7751595450115976,4.179641670138999,318.636,21.470173288836076,361.57634657767215,275.6956534223279
2015-06-14,333.07,337.36,329.8,330.49,1089,323.7851091252175,323.9004101548524,54.41594749857024,326.7205435738133,323.2128756804016,3.5076678934116785,0.08140594267305767,3.426261950738621,318.42150000000004,21.32130989236671,361.06411978473346,275.7788802152666
2015-06-16,330.49,331.35,326.2,326.2,600,324.01509873233965,323.9905901487798,51.73335835723255,326.64045994707277,323.43414414852003,3.206315798552737,0.7063879138489935,2.4999278847037436,318.207,21.214819820116755,360.6366396402335,275.7773603597665
2015-06-17,326.2,326.2,322.94,322.94,2620,323.9127083768787,323.94939053510217,49.727192217707234,326.07115841675386,323.3975408782593,2.673617538494568,1.0998338387781086,1.5737836997164596,317.70050000000003,20.960695919293116,359.6218918385863,275.7791081614138
2015-06-18,322.94,322.76,322.76,322.76,332,323.80292662669973,323.9027477690197,49.612791309011136,325.56174942956096,323.3503156280179,2.2114338015430803,1.322153831331103,0.8892799702119774,317.271,20.753268582132396,358.7775371642648,275.76446283573523
2015-06-21,322.76,321.91,319.33,321.91,436,323.6226479003474,323.8246007976856,49.03905970416233,324.99994182501314,323.24362558149807,1.756316243515073,1.408986313767897,0.3473299297471759,316.919,20.603919121320413,358.1268382426408,275.71116175735915
2015-06-22,321.05,323.62,319.33,321.91,3016,323.45953857650477,323.7495184134626,49.03905970416232,324.5245661596265,323.1448385013871,1.3797276582394034,1.4031345826621984,-0.023406924422795017,316.6875,20.515953708735196,357.7194074174704,275.6555925825296
2015-06-23,319.5,322.76,317.79,322.76,2293,323.3929158549329,323.7107137697974,49.71348832031719,324.25309444276087,323.1163319457288,1.1367624970320662,1.3498601655361722,-0.21309766850410594,318.12949999999995,19.83366581690991,357.79683163381975,278.46216836618015
2015-06-24,322.76,323.62,322.76,322.94,1352,323.3497810116059,323.6804897003936,49.8648024727806,324.05107991310535,323.10327032011924,0.9478095929861183,1.2694500510261615,-0.32164045804004315,320.1125,18.070212731396207,356.2529254627924,283.9720745372076
2015-06-25,323.62,323.62,317.61,323.62,3274,323.37551615335775,323.67811755528015,50.47113036485541,323.98475992647377,323.141546592703,0.843213333770791,1.1842027075750876,-0.3409893738042966,322.43,14.997413461205072,352.42482692241015,292.43517307758987
2015-06-28,325.34,326.37,323.79,326.2,911,323.64451461494275,323.7770149060535,52.803360334381935,324.32556609163163,323.36809869694724,0.9574673946843859,1.1388556449969474,-0.18138825031256145,324.988,10.029061245884591,345.0461224917692,304.9298775082308
2015-06-29,326.2,329.63,324.48,327.06,3878,323.96979893732913,323.9057594195416,53.58788702723962,324.7462482313806,323.64157286754374,1.1046753638368614,1.1320195887649303,-0.027344224928068872,326.5505,7.309578053199092,341.1696561063982,311.9313438936018
2015-06-30,331.35,331.35,324.82,327.74,2117,324.32886570520253,324.0561217952459,54.235654367938075,325.2068254265528,323.9451600625405,1.2616653640123445,1.1579487438144132,0.10371662019793138,327.323,6.49407268207098,340.31114536414196,314.334854635858
2015-07-01,330.49,330.49,325.51,327.74,2457,324.65373563804036,324.20058760719706,54.235654367938075,325.59654459169855,324.2262593171671,1.3702852745314544,1.2004160499578214,0.16986922457363307,327.8295,6.078379696667754,339.9862593933355,315.6727406066645
2015-07-02,326.2,327.91,326.2,327.06,2986,324.88290367251267,324.31272142652267,53.3717444266201,325.8216915775911,324.436166034414,1.3855255431770956,1.2374379486016762,0.14808759457541942,327.804,6.080595019362361,339.9651900387247,315.64280996127525
2015-07-05,329.29,329.63,326.37,329.46,2251,325.31881760846386,324.5145754882277,56.03364056163486,326.3814313348848,324.80830188371664,1.5731294511681426,1.3045762491149695,0.2685532020531731,327.967,6.079028748602564,340.1250574972051,315.8089425027949
2015-07-06,326.2,330.15,326.2,330.15,902,325.7789302171816,324.73557252790505,56.79725790292012,326.9612111295179,325.2039832256636,1.7572279038543002,1.3951065800628357,0.36212132379146444,328.079,6.098526914455364,340.27605382891073,315.8819461710893
2015-07-07,326.88,331.35,326.54,328.09,3906,325.99903210125956,324.86711870328134,53.79334956218718,327.1348709557459,325.4177622459848,1.717108709761078,1.4595070060024842,0.2576017037585938,327.873,6.020730940064689,339.91446188012935,315.83153811987063
2015-07-08,328.95,328.95,327.06,327.91,1567,326.1810290439968,324.98644738158407,53.52695716151692,327.2541215779388,325.602372449986,1.6517491279528258,1.4979554303925526,0.15379369756027317,327.0145,4.459849507730001,335.93419901546,318.09480098454
2015-07-09,329.63,329.98,326.2,329.63,1628,326.509502468378,325.1685474842671,55.7804105310035,327.619641335179,325.90071523146855,1.7189261037104302,1.5421495650561283,0.17677653865430187,326.482,3.2695655594266615,333.02113111885336,319.9428688811467
2015-07-12,329.63,332.21,326.2,332.21,2796,327.05240699519914,325.4446828770409,58.99249361540614,328.32585036053604,326.3680696587672,1.9577807017688542,1.6252757923986736,0.3325049093701806,326.43899999999996,3.1828684514079293,332.8047369028158,320.0732630971841
2015-07-13,330.49,331.69,327.4,330.32,1398,327.3636063289897,325.63587178382363,55.79510833882801,328.63264261276123,326.66080523959926,1.971837373161975,1.6945881085513341,0.2772492646106408,326.4305,3.171688036364946,332.7738760727299,320.0871239272701
2015-07-14,330.32,330.49,327.91,329.63,439,327.57945334527636,325.7925042628894,54.630958173449486,328.786082210798,326.88074559222156,1.9053366185764276,1.736737810556353,0.16859880802007465,326.602,3.2503272709746613,333.1026545419493,320.1013454580507
2015-07-15,328.95,331.35,328.95,331.35,1266,327.9385530266786,326.01044527218784,57.03735858503426,329.18053110144444,327.2118014742792,1.96872962716526,1.7831361738781344,0.1855934532871255,327.0225,3.295329829354126,333.61315965870824,320.4318403412917
2015-07-16,331.35,331.35,326.37,327.91,2248,327.9358336908045,326.084937614455,51.18941551937254,328.9850647781453,327.26351988359187,1.7215448945534035,1.7708179180131884,-0.049273023459784904,327.28000000000003,3.142387627270159,333.56477525454034,320.9952247454597
2015-07-22,327.91,330.49,326.2,326.2,3604,327.77051619644214,326.0894498648685,48.525990408440464,328.5565932738152,327.1847406329554,1.3718526408597995,1.6910248625825108,-0.3191722217227113,327.4945,2.893065165642176,333.2806303312844,321.70836966871565
2015-07-23,326.2,345.08,326.2,345.08,6999,329.41903846344763,326.8341773211482,68.19958365637017,331.09865584707444,328.5103154008847,2.5883404461897612,1.8704879793039608,0.7178524668858004,328.65299999999996,4.646715988061345,337.94643197612265,319.3595680238773
2015-07-26,345.08,358.99,351.95,358.99,2070,332.2353205145478,328.0951899752208,75.59920489840528,335.3896318706014,330.76806981563396,4.621562054967455,2.42070279443666,2.2008592605307955,330.4645,8.04664982592591,346.5577996518518,314.3712003481482
2015-07-27,358.99,394.87,366.03,394.87,46545,338.2005280845909,330.7138099761926,85.17910663985,344.54045773666274,335.5163609404018,9.024096796260949,3.741381594801518,5.282715201459431,334.06100000000004,16.32398458194567,366.70896916389137,301.4130308361087
2015-07-28,394.87,395.73,377.7,386.29,15694,342.7804777908204,332.8932684084987,77.3577769287111,350.96346423871466,339.2773712411128,11.686092997601861,5.330323875361588,6.3557691222402735,337.1945,19.848710013765313,376.89192002753066,297.49707997246935
2015-07-29,386.29,386.29,382.0,384.57,7549,346.76043228693277,334.9198069022831,75.8541071999939,356.13370050968166,342.63238077880817,13.50131973087349,6.9645230464639685,6.536796684409522,340.113,22.28837391060569,384.68974782121137,295.53625217878863
2015-07-30,384.57,402.77,384.57,394.87,5450,351.3422958786535,337.27079486689945,78.5437563341105,362.0931312004999,346.501834054452,15.591297146047907,8.689877866380757,6.9014192796671505,343.5035,25.169634017580954,393.8427680351619,293.16423196483805
2015-08-02,394.87,402.77,394.87,396.59,6054,355.65160103306744,339.5970382054524,78.96513067440975,367.40034178503834,350.212068568937,17.188273216101322,10.38955693632487,6.7987162797764515,346.946,27.500594711273152,401.94718942254633,291.9448105774537
2015-08-03,396.59,396.59,394.53,396.42,6203,359.53430569658485,341.82538964837585,78.8004100316836,371.86490458734016,353.6348783045713,18.230026282768847,11.957650805613666,6.272375477155181,350.38,29.210966397823217,408.80193279564645,291.95806720435354
2015-08-04,396.42,396.59,389.89,392.98,6686,362.71960991595773,343.83145279942,75.3740822202248,375.1133808046725,356.549331763492,18.56404904118051,13.278930452727035,5.285118588453475,353.676,30.145258752632692,413.96651750526536,293.3854824947346
2015-08-05,392.98,393.15,391.27,392.98,6523,365.6015518287237,345.7588468072859,75.3740822202248,377.8620914501075,359.2478997810111,18.614191669096442,14.345982696000917,4.2682089730955255,356.852,30.798706500521785,418.4494130010435,295.2545869989564
2015-08-06,391.44,401.74,393.15,394.87,9493,368.389023083131,347.6847743834708,76.03797311678593,380.4786927654756,361.88657387130655,18.59211889416906,15.195209935634548,3.396908958534514,360.088,31.242332718352344,422.5726654367047,297.60333456329533
2015-08-09,394.87,411.7,398.31,411.7,7017,372.5138780275947,350.1951753880406,80.9603084080665,385.2819708015563,365.5764572882468,19.70551351330954,16.097270651169545,3.6082428621399956,364.2685,32.31097145829827,428.89044291659656,299.6465570834035
2015-08-10,411.7,428.01,415.47,427.49,7210,377.7496991678238,353.22634498066645,84.23283978901473,391.77551375516305,370.16264563726554,21.612868117897506,17.20039014451514,4.412477973382366,369.2475,34.03959565518426,437.3266913103685,301.1683086896315
2015-08-11,427.49,429.21,420.62,424.06,5823,382.16020400898344,356.0041353735815,80.97686132776698,396.74235779283026,374.15504225672737,22.587315536102892,18.27777522283269,4.309540313270201,373.969,34.79579525414584,443.5605905082917,304.3774094917083
2015-08-12,423.89,425.77,417.19,424.23,4389,386.16685124622313,358.6796594765783,81.01602889788529,400.9712258247025,377.86429838585866,23.106927438843854,19.243605666034924,3.8633217728089306,378.57,35.06623056896487,448.70246113792973,308.43753886207026
2015-08-13,423.2,429.21,418.91,429.04,7919,390.25000827039236,361.4388885167125,82.13672139871692,405.28949877474827,381.65509109801724,23.63440767673103,20.121766068174146,3.5126416085568835,383.50600000000003,34.86443405686201,453.234868113724,313.77713188627604
2015-08-16,432.47,454.96,432.47,445.52,8792,395.5138170065454,364.7361870062532,85.33174860544167,411.47880665555624,386.3858250907567,25.092981564799516,21.11600916749922,3.976972397300294,389.3005,35.068830586208975,459.43816117241795,319.16283882758205
2015-08-17,454.27,472.13,450.33,461.83,14195,401.829643958303,368.5437875158119,87.68027679046163,419.22514409316295,391.9742824914414,27.250861601721567,22.342979654343694,4.907881947377874,395.8245,35.84884281696976,467.5221856339395,324.1268143660605
2015-08-18,463.54,477.97,452.73,463.54,14079,407.7068207241789,372.26912918185855,87.89903495515826,426.04281423267633,397.2754467513346,28.76736748134175,23.627857219743305,5.139510261598446,402.606,35.146974025624296,472.8999480512486,332.3120519487514
2015-08-19,463.72,465.09,456.68,461.83,7336,412.86140922663805,375.7813201943347,86.2497121711853,431.5485351199569,402.057265510495,29.491269609461938,24.800539697687032,4.6907299117749055,409.3875,32.62281763219069,474.6331352643814,344.1418647356186
2015-08-20,470.41,479.68,461.83,462.69,8915,417.6069893002916,379.1895037161255,86.38804620524473,436.33952971688666,406.54857917638424,29.790950540502422,25.798621866250112,3.9923286742523096,415.26800000000003,30.979460700005273,477.22692140001055,353.3090785999895
2015-08-23,460.11,466.81,451.53,458.39,7495,421.49108555740673,382.2954055311794,81.94874854263993,439.73190976044253,410.388684422578,29.34322533786451,26.507542560572993,2.8356827772915167,420.238,29.409171788120304,479.0563435762406,361.4196564237594
2015-08-24,460.11,460.11,446.38,448.09,7472,424.0243155043204,384.8755857064273,72.35706173406547,441.01776979729755,413.18137446535,27.83639533194753,26.7733131148479,1.0630822170996268,422.899,29.40074146934702,481.70048293869405,364.09751706130595
2015-08-25,446.38,446.38,440.54,442.77,2958,425.8096187896232,387.1459548944105,67.93423004758131,441.28734367463636,415.3731245049537,25.914219169682667,26.60149432581486,-0.6872751561321913,425.72299999999996,28.39459420382713,482.5121884076542,368.9338115923457
2015-08-26,442.94,443.8,438.65,438.82,1184,427.048702714421,389.1723880358062,64.76864179068298,440.90775234007697,417.10993009717936,23.79782224289761,26.040759909231408,-2.2429376663337983,428.43549999999993,26.803000121746237,482.0415002434924,374.82949975650746
2015-08-27,444.66,448.95,441.23,442.94,5228,428.56215959876187,391.2809218383236,66.52100062236255,441.220405826219,419.0232686084994,22.197137217719614,25.27203537092905,-3.0748981532094355,430.83900000000006,25.770052978725694,482.37910595745143,379.2988940425487
2015-08-31,442.94,446.38,442.94,446.2,5198,430.24195392268933,393.43461117799717,67.88226846924356,441.9864972375699,421.03635982268463,20.950137414885262,24.407655779720294,-3.457518364835032,433.31949999999995,24.663765981058816,482.6470319621176,383.9919680378823
2015-09-01,446.2,447.41,441.23,442.77,4880,431.4351011681475,395.3693323082718,64.89257061960342,442.1070361240976,422.64625909507834,19.460777029019255,23.41828002958009,-3.957503000560834,435.637,23.1449078405463,481.9268156810926,389.3471843189074
2015-09-02,437.79,437.79,421.65,425.77,5980,430.89556772356207,396.56151535500624,52.54130889919009,439.5936459511595,422.8776473102577,16.715998640901773,22.077823751844427,-5.361825110942654,437.27650000000006,21.02883641073578,479.3341728214716,395.2188271785285
2015-09-03,425.77,430.07,421.31,423.2,7315,430.16265651179424,397.6061618116727,50.962124814289474,437.07154657405806,422.90152528727566,14.1700212867824,20.496263258832023,-6.326241972049623,438.7875,18.62699339385587,476.04148678771173,401.5335132122883
2015-09-06,418.05,424.92,412.04,420.62,7695,429.2538320820995,398.5086652700385,49.358277103134284,434.54053940881835,422.7325234141441,11.808015994674236,18.75861380600047,-6.950597811326233,440.075,16.15792277556326,472.3908455511265,407.75915444887346
2015-09-07,425.77,430.92,425.77,429.04,6420,429.23346712189954,399.7059725143507,54.40186663743731,433.69430257669245,423.1997439019853,10.49455867470715,17.105802779741808,-6.6112441050346575,440.9419999999999,14.977329745845974,470.8966594916918,410.98734050830797
2015-09-08,437.45,437.45,433.84,434.53,5434,429.7378988245758,401.0716206510429,57.38221527305064,433.82287141104746,424.0390221314679,9.783849279579556,15.641412079709358,-5.857562800129802,441.294,14.725143337699727,470.74428667539945,411.8437133246005
2015-09-09,436.08,437.79,431.1,431.1,2291,429.8676227460448,402.24920415492363,54.96501403653691,433.40396811704016,424.56205752913695,8.841910587903214,14.28151178134813,-5.439601193444915,441.646,14.371382162588644,470.3887643251773,412.9032356748227
2015-09-10,431.78,431.78,428.52,429.21,3357,429.8049920083263,403.30649026649525,53.62456096446047,432.75874225288015,424.9063495640157,7.852392688864427,12.99568796285139,-5.143295273986963,441.895,14.094218486204026,470.08343697240804,413.7065630275919
2015-09-13,434.36,434.36,429.21,430.07,3986,429.83023086467614,404.35603966780917,54.17222643497379,432.3450895985909,425.28884218890346,7.056247409687444,11.8077998522186,-4.751552442531157,441.9465,14.046575636263679,470.03965127252735,413.8533487274727
2015-09-14,438.65,451.53,438.65,442.6,5240,431.0463993537546,405.8558028180912,61.33641140414643,433.92276812188464,426.5711501749106,7.351617946974045,10.91656347116969,-3.564945524195645,441.80049999999994,14.022632636300676,469.8457652726013,413.7552347273986
2015-09-15,451.36,459.08,449.12,459.08,7770,433.71626608196846,407.9430262369896,68.34553646592383,437.79311148774855,428.9792131249172,8.813898362831367,10.496030449502026,-1.6821320866706593,441.6629999999999,13.828027259690735,469.3190545193814,414.0069454806184
2015-09-16,465.26,466.98,457.54,459.25,8423,436.14805026463813,409.95506442377433,68.4091572850933,441.0941712588642,431.2214936341826,9.872677624681614,10.371359884537945,-0.49868225985633075,441.44849999999997,13.500198156440929,468.4488963128818,414.44810368711813
2015-09-17,468.35,467.84,453.24,453.24,7164,437.77585500133927,411.65251287774396,63.54657793732574,442.9627602959621,432.8524941057246,10.110266190237496,10.319141145677856,-0.2088749554403595,441.01899999999995,12.94278132477969,466.90456264955935,415.13343735044054
2015-09-22,446.55,446.55,427.49,430.92,6135,437.1229164297832,412.4081006080285,49.480048005312966,441.11002794273713,432.7093463941894,8.400681548547709,9.935449226251828,-1.534767677704119,439.43049999999994,12.062746250554907,463.55599250110976,415.3050074988901
2015-09-23,439.51,465.26,439.51,446.38,4063,438.0045434364705,413.7403319567333,56.63963143475575,441.9207928746237,433.72198740202725,8.198805472596462,9.588120475520755,-1.3893150029242936,438.83000000000004,11.346940232132729,461.5238804642655,416.13611953573457
2015-09-24,448.09,448.09,437.79,442.08,2943,438.39268215680664,414.8516914878418,54.33323459233819,441.94528627852776,434.34109944632155,7.60418683220621,9.191333746857847,-1.5871469146516368,438.5295,11.166955234554306,460.8634104691086,416.19558953089137
2015-09-28,433.5,433.33,416.33,427.66,7147,437.3705219513965,415.3539780961617,47.367379115112655,439.74754992798506,433.84620319103846,5.901346736946607,8.533336344875599,-2.6319896079289915,437.774,11.37417545883809,460.5223509176762,415.0256490823238
2015-09-29,436.08,437.79,434.36,436.08,1860,437.24761509888253,416.1667632688613,51.294032681697324,439.1833114775258,434.0116696213319,5.171641856193901,7.86099744713926,-2.6893555909453593,437.637,11.377414422766805,460.3918288455336,414.8821711544664
2015-09-30,439.51,442.94,437.79,439.51,3841,437.4630803275604,417.0821843171413,52.837615916450844,439.23357125021414,434.4189533530851,4.81461789712904,7.251721537137216,-2.4371036400081767,437.46549999999996,11.3189726495879,460.10344529917575,414.8275547008242
2015-10-01,439.51,442.77,437.79,437.79,4485,437.4942155344594,417.8942555203907,51.94853720152284,439.0114833655658,434.6686605121158,4.342822853450002,6.669941800399774,-2.3271189469497715,437.04499999999996,11.13208047893508,459.3091609578701,414.7808390421298
2015-10-04,442.26,446.38,441.23,441.23,3832,437.85000453117755,418.8093827548852,53.62910917891163,439.35279361701726,435.1546856593665,4.198107957650734,6.1755750318499665,-1.9774670741992324,436.968,11.095663259035422,459.1593265180709,414.77667348192915
2015-10-05,432.47,432.47,412.04,418.91,8896,436.0461945758273,418.81332852920343,43.09694888393611,436.2077484451684,433.95137561052456,2.256372834643855,5.391734592408745,-3.1353617577648896,436.625,11.556507166732981,459.73801433346597,413.51198566653403
2015-10-06,412.21,414.61,410.67,411.18,5150,433.67798556860566,418.5139823123719,40.1556855504958,432.3573256074502,432.26460704678203,0.09271856066817463,4.3319313860606306,-4.239212825392456,436.02400000000006,12.560375622945669,461.14475124589137,410.90324875410874
2015-10-07,410.32,410.32,397.45,403.46,4895,430.8000821811194,417.92363006482793,37.40972443429842,427.91158320630404,430.13093245072406,-2.219349244420016,3.021675259964501,-5.241024504384518,435.166,14.153119946165255,463.4722398923305,406.8597601076695
2015-10-08,403.46,418.91,394.87,418.05,8804,429.5857886400604,417.9285857485602,45.056623510708306,426.39441655918034,429.2360485654852,-2.841632006304849,1.8490138067106314,-4.690645813015481,434.6165000000001,14.609470351363974,463.835440702728,405.39755929727215
2015-10-11,422.34,425.77,407.75,407.75,5062,427.5061897219594,417.52942552312646,41.2272358886872,423.52604478084487,427.6444894124863,-4.11844463164141,0.6555221190402233,-4.773966750681633,433.2775,15.79679976750835,464.8710995350167,401.68390046498325
2015-10-14,411.18,411.7,403.46,407.75,1262,425.62464784367756,417.14591863986664,41.2272358886872,421.0989609684072,426.1708235300799,-5.071862561672674,-0.4899548171023562,-4.581907744570318,432.11,16.797382941524727,465.70476588304945,398.5152341169506
2015-10-15,405.17,405.17,404.31,405.17,645,423.6765861442797,416.6762747716366,40.23385861626363,418.64835158865225,424.61520697229616,-5.966855383643917,-1.5853349304106685,-4.381520453233248,430.908,17.843393175066662,466.59478635013335,395.2212136498667
2015-10-18,403.46,404.83,403.46,404.83,635,421.8816731781579,416.21171497667046,40.09674423566699,416.5224513442442,423.1496360854594,-6.627184741215217,-2.593704892571578,-4.033479848643639,429.646,18.77407770528892,467.1941554105779,392.09784458942215
2015-10-19,404.31,417.19,402.6,412.04,1322,420.9443709707143,416.0481183109187,44.42221689536525,415.8328434451297,422.32670007912907,-6.493856633999371,-3.373735240857137,-3.1201213931422345,428.11800000000005,18.907424495489806,465.93284899097966,390.30315100902044
2015-10-25,404.49,404.49,404.49,404.49,200,419.3772880211225,415.5948587693141,41.077327974406565,414.0877906074174,421.00546303623065,-6.917672428813262,-4.0825226784483615,-2.8351497503649004,425.3885,18.126684103248568,461.6418682064972,389.13513179350286
2015-10-27,401.74,401.74,391.44,392.3,2207,416.79849868577753,414.6813348960077,36.321881998053414,410.73582282166086,418.8791324409543,-8.143309619293461,-4.894680066617381,-3.2486295526760802,422.041,17.721662895718648,457.4843257914373,386.5976742085627
2015-10-28,383.71,389.72,375.99,384.57,4705,413.7291178585606,413.50049823341914,33.66071076283967,406.71031161832843,416.3377152231059,-9.627403604777442,-5.841224774249394,-3.7861788305280477,418.60749999999996,18.0087832006618,454.6250664013236,382.58993359867634
2015-10-29,384.91,393.15,384.91,391.27,3741,411.5901542529834,412.6287139889713,37.90716051896242,404.33487906166255,414.4808474288017,-10.145968367139176,-6.702173492827351,-3.443794874311825,416.625,18.749237598535395,454.1234751970708,379.1265248029292
2015-11-01,391.27,394.87,386.29,390.58,3800,409.5891871812707,411.7640585384234,37.63994411385848,402.21874382140675,412.7104142859275,-10.49167046452078,-7.460072887166037,-3.0315975773547432,413.83500000000004,18.233058899760152,450.30111779952034,377.36888220047973
2015-11-02,393.15,400.02,393.15,396.59,2382,408.351169354483,411.16899741926954,41.507629584688935,401.35278323349803,411.516309524007,-10.163526290508969,-8.000763567834623,-2.162762722674346,411.56049999999993,17.339621945433063,446.23974389086607,376.8812561091338
2015-11-03,394.87,392.98,389.03,389.03,831,406.51105798738934,410.3008014420433,38.29050585550215,399.4569704283445,409.85065696667317,-10.393686538328666,-8.479348161933432,-1.914338376395234,409.629,17.60143980354767,444.83187960709535,374.4261203929047
2015-11-04,389.72,391.44,389.72,391.44,1000,405.0757191314475,409.5611621698063,39.88994201055943,398.22359036244535,408.48690459877145,-10.263314236326096,-8.836141376811964,-1.4271728595141315,407.39700000000005,16.886542165754566,441.1700843315092,373.6239156684909
2015-11-05,388.0,388.0,386.29,386.29,1347,403.2866030236906,408.64856757491197,37.64455132028492,396.38765338360764,406.84268944330694,-10.455036059699296,-9.159920313389431,-1.2951157463098646,404.736,15.712202900930773,436.16040580186154,373.31159419813844
2015-11-08,384.57,386.46,382.0,386.12,1418,401.65168845000574,407.76509433668014,37.569373653452196,394.80801440151413,405.30767541046936,-10.49966100895523,-9.42786845250259,-1.071792556452639,402.15250000000003,14.162760983799302,430.47802196759864,373.8269780324014
2015-11-09,393.15,398.31,389.72,391.44,2009,400.67914669286233,407.12489455877113,41.506180376703774,394.2898583397427,404.280440194879,-9.990581855136327,-9.540411133029338,-0.4501707221069893,399.663,10.942064223614357,421.5471284472287,377.7788715527713
2015-11-10,394.87,398.31,394.87,396.59,850,400.28970415068494,406.71176143881934,45.11433867804114,394.6437262874746,403.71077795822134,-9.067051670746764,-9.445739240572824,0.37868756982605944,398.54699999999997,9.970835946584483,418.48867189316894,378.605328106831
2015-11-15,391.44,395.73,390.58,395.73,911,399.8554466125245,406.2811041274931,44.61937312928516,394.8108453201708,403.11960922057534,-8.308763900404529,-9.218344172539165,0.9095802721346367,397.7745,9.529294155669676,416.83308831133934,378.71591168866064
2015-11-16,393.15,393.15,390.58,392.81,628,399.1844516970459,405.7528255342581,42.89841346896755,394.50302296322144,402.35593446349566,-7.852911500274217,-8.945257638086176,1.0923461378119583,397.242,9.492356260088338,416.2267125201767,378.25728747982333
2015-11-18,397.45,397.45,394.87,396.42,1524,398.92117058304154,405.3868323760519,45.68746374821635,394.79794250734125,401.9162356143478,-7.1182931070065365,-8.579864731870249,1.461571624863712,396.1605,8.13149075152414,412.42348150304827,379.89751849695176
2015-11-19,394.87,394.87,392.81,392.81,1574,398.3391543370376,404.89362326326557,43.40435719439855,394.4921051985195,401.24169964291457,-6.749594444395086,-8.213810674375218,1.4642162299801313,395.4135,7.684745158943934,410.7829903178879,380.0440096821121
2015-11-22,386.29,387.15,377.7,378.56,2830,396.4554253525578,403.86093215490223,35.7993934887167,392.04101209105494,399.5615737434394,-7.520561652384458,-8.075160869977067,0.5545992175926084,393.954,7.984522132490361,409.9230442649807,377.9849557350193
2015-11-23,374.27,379.42,360.53,379.42,1707,394.8330038904095,402.90246422725903,36.522252492221284,390.0993179232003,398.06960531799945,-7.970287394799129,-8.05418617494148,0.0838987801423503,392.6665,8.155026396421658,408.9765527928433,376.3564472071567
2015-11-24,377.7,379.42,372.55,374.27,3418,392.8746225675133,401.77962249285673,34.049829006994145,387.66403824270793,396.3066715907402,-8.642633348032291,-8.171875609559642,-0.4707577384726491,391.1385,8.606513613477075,408.35152722695415,373.9254727730459
2015-11-25,370.84,370.84,364.83,365.69,1678,390.28561089441683,400.3643431794114,30.362078384682945,384.283416974599,394.03876999142614,-9.755353016827144,-8.488571091013142,-1.2667819258140014,388.821,8.91688752636897,406.654775052738,370.98722494726206
2015-11-26,365.69,365.69,353.67,360.53,4339,387.4517431901867,398.8022120743364,28.37194229796205,380.629045132353,391.5566388809501,-10.927593748597133,-8.976375622529941,-1.9512181260671912,386.623,10.179819613747675,406.9826392274953,366.26336077250465
2015-11-29,360.53,360.53,343.37,346.8,7340,383.5801486006451,396.76290964004875,23.885595255969633,375.42457665045254,388.24133229717603,-12.816755646723493,-9.744451627368653,-3.0723040193548403,384.348,13.4145959783804,411.1771919567608,357.51880804323923
2015-11-30,353.67,358.82,351.26,358.65,3522,381.205848733917,395.26828573259587,33.638862332565566,372.8438725503829,386.0493817566445,-13.205509206261581,-10.43666314314724,-2.768846063114342,383.052,14.592395135463402,412.2367902709268,353.86720972907324
2015-12-01,358.82,381.14,365.86,377.7,2984,380.87195837830586,394.5793333509255,45.687645864918125,373.59096908109325,385.43090903393005,-11.8399399528368,-10.717318505085153,-1.1226214477516478,382.37350000000004,14.505394740542911,411.38428948108583,353.36271051891424
2015-12-02,385.26,386.29,374.44,385.94,6332,381.3546290089434,394.2405359646147,49.92295385717381,375.4908199916943,385.46861947586115,-9.977799484166837,-10.56941470090149,0.5916152167346524,382.1415,14.403983102272406,410.9494662045448,353.3335337954552
2015-12-03,378.56,394.87,378.56,394.87,9386,382.64180719856785,394.2652208287475,54.10034130197345,378.4722323006644,386.1650180332048,-7.692785732540358,-9.994088907229264,2.301303174688906,382.0555,14.318055393913681,410.69161078782736,353.41938921217263
2015-12-04,394.82,410.67,401.52,405.98,2215,384.86449222727566,394.7246239335025,58.71467544176915,382.70419656210066,387.6327944751896,-4.928597913088936,-8.980990708401198,4.052392795312262,382.903,15.225498730057083,413.3539974601142,352.4520025398858
2015-12-07,412.9,435.22,412.9,422.94,3087,388.4907310627732,395.8311092694436,64.57018785351487,388.8943201679313,390.24814303258296,-1.3538228646516473,-7.455557139651288,6.10173427499964,384.478,17.599295619876706,419.6765912397534,349.2794087602466
2015-12-08,417.36,424.06,414.68,424.06,670,391.8782804853662,396.9381245922105,64.9239865986805,394.3044247574803,392.7527250301694,1.551699727310904,-5.65410576625885,7.205805493569754,386.3665,19.704516787836397,425.77553357567274,346.9574664243272
2015-12-09,426.29,432.99,426.29,432.99,2083,395.7936823439028,398.3519236278101,67.69404039759662,400.256051717868,395.73326391682355,4.522787801044444,-3.6187270527981914,8.141514853842637,388.71,22.291067127534085,433.29213425506816,344.1278657449318
2015-12-10,432.99,432.99,424.06,424.06,1769,398.4857125968644,399.36008348554304,62.38807689150536,403.91819760742675,397.8315406637255,6.086656943701257,-1.677650253498302,7.764307197199559,390.341,23.653093911346293,437.6471878226926,343.0348121773074
2015-12-13,419.82,424.73,419.82,424.73,1240,400.9851685400202,400.35498217238455,62.624780891444765,407.1200133601303,399.82401913307916,7.295994227051153,0.11707864261158907,7.178915584439564,391.748,24.85099650654758,441.44999301309514,342.04600698690484
2015-12-14,421.83,421.83,419.59,421.83,1024,402.9703905838278,401.19713973425183,60.84003100662387,409.3830882278026,401.45409178988814,7.9289964379144635,1.679462201672164,6.249534236242299,393.053,25.740484619001855,444.5339692380037,341.5720307619963
2015-12-15,419.59,421.83,415.13,419.59,1870,404.5532105282252,401.9184283721243,59.43113204260179,410.9533823466022,402.7974923980446,8.155889948557615,2.9747477510492546,5.18114219750836,394.392,26.414881491510503,447.221762983021,341.562237016979
2015-12-16,412.9,416.25,412.9,413.79,1084,405.4329047636323,402.3839802006685,55.82623066886097,411.3897850625096,403.6117522204117,7.7780328420979,3.9354047692589837,3.8426280728389166,395.2605,26.76826193657856,448.7970238731571,341.72397612684284
2015-12-17,415.13,415.13,403.97,411.11,17060,405.9735805004292,402.7261770555442,54.19056496640303,411.3467412067389,404.16717798186266,7.179563224876233,4.584236460382433,2.5953267644938,396.17549999999994,26.991923056039838,450.1593461120796,342.19165388792027
2015-12-20,411.11,411.56,405.09,408.43,2620,406.207525214674,402.9498563866993,52.532990496448775,410.8980117903175,404.4829425757988,6.415069214518724,4.9504030112096915,1.464666203309032,397.669,26.79156424580055,451.25212849160107,344.0858715083989
2015-12-21,408.43,407.32,401.74,401.74,3696,405.7820466228003,402.9024110382013,48.54147052827598,409.48908689949945,404.2797616442582,5.209325255241254,5.002187460016004,0.20713779522524955,398.78499999999997,26.454139363693162,451.6932787273863,345.8767212726136
2015-12-22,403.3,410.89,401.74,410.67,11125,406.2475659920574,403.20702237003655,53.6085125299573,409.670765838038,404.7531126335724,4.91765320446558,4.98528060890592,-0.06762740444033977,400.605,25.92563078459158,452.4562615691832,348.75373843081684
2015-12-23,410.67,410.67,401.74,406.43,4272,406.2649406594805,403.333413649643,51.03873168429971,409.1721864783398,404.87732651256704,4.294859965772787,4.847196480279293,-0.5523365145065062,402.642,24.60478592726078,451.8515718545216,353.4324281454784
2015-12-24,404.19,408.43,403.97,405.09,10147,406.15304154905374,403.4022993888727,50.219404221817044,408.5441577893645,404.8930801042287,3.6510776851357605,4.6079727212505865,-0.9568950361148261,404.87,22.519940637483995,449.909881274968,359.83011872503204
2015-12-25,401.74,406.2,401.74,401.74,6169,405.7327518777153,403.33711117754433,48.138854578662986,407.4973642833084,404.6595186150266,2.8378456682817728,4.253947310656824,-1.4161016423750512,407.617,17.951042514807703,443.51908502961544,371.7149149703846
2015-12-28,401.74,406.2,401.74,406.2,3102,405.77725169888527,403.4493813274446,51.04664892759998,407.29776977818403,404.77362834724687,2.5241414309371635,3.907986134712892,-1.3838447037757287,409.9945000000001,13.79120485366675,437.5769097073336,382.41209029266656
2015-12-29,406.2,413.79,406.2,413.57,2077,406.51941820375333,403.84626833421146,55.488008374673484,408.26272827384804,405.425211432636,2.83751684121205,3.693892276012724,-0.856375434800674,411.788,11.51490091828436,434.8178018365687,388.7581981634313
2015-12-31,414.01,417.36,414.01,415.13,1657,407.3394736129197,404.28876761522275,56.38991631454846,409.31923161633296,406.14408465984815,3.1751469564848094,3.5901432121071415,-0.4149962556223321,413.24750000000006,9.786437917101097,432.82037583420225,393.67462416579787
2016-01-03,412.9,415.13,407.32,410.67,2053,407.65666660216544,404.53901202246897,53.078607766101136,409.52704213689714,406.4793376480076,3.047704488889565,3.4816554674636264,-0.4339509785740616,414.0375,8.814288564299874,431.6660771285998,396.40892287140025
2016-01-04,410.67,412.9,401.74,401.74,2496,407.0931745448164,404.42924684511723,47.11317620489425,408.32903565429757,406.12827560000704,2.2007600542905266,3.225476384829007,-1.0247163305384803,413.82550000000003,9.065690948208621,431.95688189641726,395.6941181035828
2016-01-05,401.74,408.21,401.29,402.19,4394,406.6262055405482,404.3414332433479,47.43378452890217,407.3845686305595,405.836551481488,1.5480171490714838,2.889984537677502,-1.3419673886060184,412.788,9.154610342681252,431.0972206853625,394.4787793146375
2016-01-06,402.19,403.52,400.62,400.62,2708,406.0541859652579,404.1954946847853,46.37743925039581,406.34386576431956,405.45014026063706,0.8937255036825036,2.4907327308785026,-1.597007227195999,411.616,9.13599440040444,429.88798880080884,393.34401119919113
2016-01-07,401.96,405.09,401.74,405.09,2329,405.9623587304714,404.23057332459763,49.80489635704251,406.1509633390396,405.42346320429357,0.7275001347460375,2.1380862116520096,-1.4105860769059722,410.221,7.721064079926194,425.66312815985236,394.77887184014764
2016-01-10,405.09,407.32,403.97,406.2,1164,405.98499123233125,404.30780574324086,50.64847427187139,406.1585074407258,405.48098444842,0.6775229923058532,1.8459735677827784,-1.1684505754769252,409.32800000000003,7.0389268021713765,423.4058536043428,395.2501463956573
2016-01-11,409.55,409.55,406.2,407.54,3689,406.1330873054426,404.4345584591922,51.703697236874575,406.3710447575372,405.6335041189074,0.7375406386298096,1.6242869819521848,-0.8867463433223752,408.4685,6.037531104857021,420.543562209714,396.393437790286
2016-01-12,408.43,408.43,406.2,408.43,1925,406.3518408954004,404.59124244118465,52.43120179986569,406.6878071025315,405.8406519619513,0.8471551405801847,1.4688606136777849,-0.6217054730976002,407.7985,5.155873783724251,418.1102475674485,397.4867524325515
2016-01-13,408.43,408.43,404.86,404.86,3603,406.2097608101242,404.6017819532951,49.22791259684004,406.4066060098344,405.76801107588085,0.6385949339535273,1.3028074777329333,-0.664212543779406,407.062,4.3759168663336805,415.8138337326674,398.31016626733265
2016-01-14,408.43,415.13,406.2,412.9,5613,406.8469264472552,404.9272022688521,55.7802353309739,407.4055897006291,406.29630655174157,1.1092831488875277,1.264102611963852,-0.15481946307632444,407.01750000000004,4.307893458831416,415.6332869176629,398.4017130823372
2016-01-17,417.36,423.83,417.36,421.83,3703,408.2738858332309,405.5900570818383,61.6934470422889,409.62472974668617,407.44695051087183,2.1777792358143415,1.44683793673395,0.7309412990803916,407.55350000000004,5.377911231187919,418.30932246237586,396.7976775376242
2016-01-18,429.41,438.56,428.52,430.08,9726,410.35065861101845,406.5504470001976,66.1914589820976,412.77169440104217,409.1234726952517,3.6482217057904904,1.887114690545258,1.7611070152452324,408.636,7.372621757486146,423.3812435149723,393.89075648502774
2016-01-19,424.06,430.75,419.59,428.52,1608,412.08107207663573,407.4119980982291,64.64569747167238,415.19451064703566,410.5602524956034,4.634258151432277,2.436543382722662,2.1977147687096155,409.975,8.412758794017957,426.8005175880359,393.14948241196413
2016-01-20,428.52,431.87,427.41,428.74,3643,413.6676366407657,408.2483903296711,64.77064509276715,417.2784320859532,411.90690045889204,5.371531627061188,3.0235410315903675,2.3479905954708205,410.8785,9.403335508436417,429.6851710168728,392.07182898312715
2016-01-21,428.74,428.52,425.17,425.17,2078,414.7630998178356,408.91198286576247,61.0030233366412,418.49251945734505,412.88935227675194,5.603167180593118,3.539466261390918,2.0637009192022004,411.8155,9.85935328027522,431.53420656055044,392.0967934394495
2016-01-24,425.17,426.29,420.04,422.94,2193,415.54185221613693,409.46210118475216,58.70586009050946,419.17674723313814,413.6338447006963,5.542902532441872,3.940153515601109,1.6027490168407628,412.70799999999997,10.025024268247828,432.7580485364956,392.65795146350433
2016-01-25,428.3,428.52,424.06,427.41,4535,416.67215200507627,410.1659403539776,61.81023939256266,420.44340150496305,414.65430064879286,5.789100856170194,4.309942983714926,1.4791578724552679,413.9915,10.188810826227076,434.3691216524541,393.61387834754584
2016-01-26,428.52,424.95,421.38,423.61,3551,417.33289943316424,410.6931583793118,57.83007622954321,420.93057050419947,415.31768578591937,5.6128847182801,4.570531330627961,1.0423533876521383,414.86199999999997,10.23173113921948,435.3254622784389,394.398537721561
2016-01-27,423.61,424.06,420.49,420.71,2929,417.65452805857717,411.08597569777015,54.923398156246265,420.89663658047647,415.7171164684438,5.179520112032662,4.692329086908902,0.4871910251237601,415.21900000000005,10.308552861836306,435.8361057236727,394.6018942763274
2016-01-28,421.83,423.83,419.59,421.83,2050,418.0521920529984,411.5073099841321,55.84642379131704,421.0402309527109,416.1699226559665,4.870308296744383,4.727924928875998,0.14238336786838524,415.554,10.41383664574305,436.3816732914861,394.72632670851385
2016-01-31,424.06,424.06,419.59,421.83,3302,418.41198328604617,411.9121213573034,55.84642379131704,421.16173388306305,416.5891876444134,4.572546238649636,4.696849190830726,-0.12430295218108967,416.11199999999997,10.43733006795218,436.98666013590434,395.2373398640956
2016-02-01,421.83,429.19,422.27,425.17,3476,419.05560392547034,412.432038166821,58.76660309970635,421.77839020874563,417.2248033744569,4.553586834288751,4.668196719522331,-0.11460988523357951,417.2835,10.046900687329535,437.37730137465905,397.18969862534095
2016-02-02,429.64,430.53,421.83,424.06,3778,419.53221307542555,412.8880366700829,57.40774130067333,422.12940709970786,417.73111423560823,4.398292864099631,4.61421594843779,-0.21592308433815965,418.37699999999995,9.492535627090833,437.3620712541816,399.3919287458183
2016-02-03,424.06,425.17,422.72,424.06,2036,419.963430877766,413.32615287909925,57.40774130067333,422.4264213920605,418.19992058852614,4.22650080353435,4.536672919457102,-0.31017211592275196,419.549,8.588763099478111,436.7265261989562,402.37147380104375
2016-02-04,425.17,431.87,425.17,427.85,4192,420.7145326989311,413.8957155112914,60.98056266260678,423.2608181009743,418.91474128567233,4.346076815301956,4.498553698626073,-0.15247688332411702,420.687,8.063932761311719,436.81486552262345,404.5591344773766
2016-02-07,427.85,439.68,430.75,431.87,4515,421.7769581561758,414.6005894128094,64.39244690262291,424.5853076239013,419.87439007932625,4.710917544575068,4.541026467815872,0.16989107675919612,421.9705,7.6700102758462805,437.31052055169255,406.6304794483075
2016-02-08,431.87,431.87,427.41,428.3,3886,422.39820023654,415.1378212005424,59.423140960977136,425.1567987586857,420.4985093327095,4.658289425976193,4.564479059447936,0.09381036652825703,423.0085,6.988812319098802,436.9861246381976,409.03087536180243
2016-02-11,428.3,430.75,424.06,426.74,3387,422.8117049759171,415.5928086044427,57.34073625045794,425.40036818042637,420.960841974731,4.439526205695358,4.539488488697421,-0.09996228300206234,423.924,6.124390753803271,436.17278150760654,411.6752184923934
2016-02-14,424.28,424.28,421.83,424.06,4307,422.930590216306,415.92485532583714,53.84944828935698,425.19415769113,421.19040923586203,4.003748455267953,4.4323404820115275,-0.42859202674357455,424.884,4.172626838916891,433.2292536778338,416.5387463221662
2016-02-15,419.59,424.06,418.48,424.06,2053,423.03815305284826,416.2438806071769,53.84944828935698,425.0196718924946,421.40297151468707,3.616700377807547,4.269212461170731,-0.6525120833631846,425.442,3.09193279698312,431.62586559396624,419.2581344060338
2016-02-16,424.06,421.83,419.59,419.59,1449,422.70975752400557,416.3751009755229,48.175437361992444,424.18433775518776,421.26867732841396,2.9156604267737976,3.998502054291345,-1.0828416275175474,425.33000000000004,3.265363685718222,431.8607273714365,418.7992726285636
2016-02-17,419.59,420.93,419.15,420.93,5273,422.5402568074336,416.5537244666789,49.8803377287644,423.6836704082358,421.2435901189018,2.4400802893339915,3.6868177012998746,-1.2467374119658832,424.87249999999995,3.205265199637541,431.28303039927505,418.46196960072484
2016-02-18,420.93,423.61,421.16,422.5,3228,422.53642282577323,416.7869117424954,51.8778432101203,423.5015672685072,421.3366575175017,2.1649097510054958,3.382436111240999,-1.217526360235503,424.5715,3.126400780788169,430.82430156157636,418.31869843842367
2016-02-21,422.5,429.64,422.5,425.62,4217,422.83009684236623,417.1333073604368,55.659804445075274,423.8274799964292,421.6539421458349,2.1735378505943004,3.1406564591116592,-0.9671186085173589,424.41550000000007,2.981958866956114,430.3794177339123,418.4515822660878
2016-02-22,424.06,441.02,424.06,436.33,4212,424.115801904998,417.8861188364981,65.64188158273113,425.7509446123632,422.7410575424397,3.0098870699234794,3.1145025812740235,-0.10461551135054403,424.97350000000006,4.000712140555278,432.9749242811106,416.9720757188895
2016-02-23,436.33,443.03,432.99,435.22,5681,425.1733445807125,418.5658788821256,64.03292310442222,427.2077223643073,423.66542365040715,3.542298713900152,3.200061807799249,0.34223690610090296,425.5875,4.573516296658046,434.7345325933161,416.44046740668387
2016-02-24,435.22,437.45,427.41,427.41,4195,425.3863593825494,418.91270716125797,54.00306160869541,427.23884200056773,423.94279967630297,3.2960423242647607,3.2192579110923516,0.07678441317240914,425.5875,4.573516296658046,434.7345325933161,416.44046740668387
2016-02-25,418.92,429.64,418.92,428.74,4285,425.70575372706855,419.29809119414983,55.28747864980305,427.46978938509574,424.2981478484287,3.171641536667039,3.2097346362072896,-0.03809309954025064,425.84400000000005,4.600548479887661,435.0450969597754,416.6429030402247
2016-02-28,428.74,430.53,428.52,428.52,2725,425.97377718163347,419.6597346767322,55.01382283469384,427.63136024892714,424.610877637434,3.0204826114931507,3.171884231264462,-0.1514016197713115,426.2345,4.471483299168626,435.1774665983373,417.2915334016628
2016-02-29,428.52,428.52,424.06,425.4,5612,425.91913173576364,419.88484312078197,51.147327922729275,427.28807405678447,424.6693311457722,2.618742911012248,3.0612559672140196,-0.4425130562017716,426.413,4.356172994487455,435.1253459889749,417.7006540110251
2016-03-01,424.06,427.41,424.06,424.06,4458,425.7420715704528,420.0485747631042,49.53701477952977,426.79144727881766,424.62419550534463,2.1672517734730263,2.8824551284658213,-0.715203354992795,426.5245,4.26017478638299,435.044849572766,418.004150427234
2016-03-02,424.95,425.62,424.06,424.06,7900,425.58187427802875,420.205885556708,49.53701477952978,426.37122462053804,424.5824032456895,1.7888213748485668,2.6637283777423706,-0.8749070028938037,426.46900000000005,4.285902103654761,435.0408042073096,417.8971957926905
2016-03-03,425.17,425.62,422.05,424.06,5331,425.43693387059744,420.35702729958217,49.537014779529784,426.01565160199374,424.54370670897174,1.4719448930219983,2.4253716807982966,-0.9534267877762983,426.46899999999994,4.285902103654761,435.04080420730946,417.8971957926904
2016-03-06,429.64,431.2,426.07,426.07,6376,425.4972258829215,420.5810654446966,52.34772660986655,426.0240128939947,424.65676547127015,1.3672474227245743,2.213746829183552,-0.8464994064589777,426.56950000000006,4.249855074929235,435.0692101498585,418.0697898501416
2016-03-10,429.64,429.64,421.83,424.06,5309,425.36034722740516,420.71749425078696,49.38544052346467,425.7218570641494,424.61256062154644,1.109296442602954,1.9928567518674325,-0.8835603092644786,426.38,4.274180746369839,434.92836149273967,417.8316385072603
2016-03-13,424.06,425.17,422.94,424.95,6881,425.32126653908085,420.8834748684032,50.71534225264225,425.603109823511,424.6375561310615,0.9655536924494754,1.7873961399838412,-0.8218424475343657,426.034,4.082145204875898,434.1982904097518,417.8697095902482
2016-03-14,426.29,426.29,422.94,422.94,2691,425.09447924964456,420.96412291277954,47.66905161876115,425.1934006198939,424.51181123246437,0.6815893874295398,1.566234789472981,-0.8846454020434411,425.76599999999996,4.101449551202566,433.9688991024051,417.56310089759484
2016-03-15,424.06,424.06,419.59,421.83,2344,424.7835764639641,420.9980788769843,46.02491985342562,424.67595437067945,424.31315854857814,0.36279582210130457,1.325546995998646,-0.9627511738973413,425.52049999999997,4.1861544656801,433.89280893136015,417.1481910686398
2016-03-16,421.83,425.17,420.71,422.94,4862,424.60799775311034,421.07423264651436,47.95795240486608,424.408884467498,424.21144310053535,0.19744136696266423,1.0999258701914496,-0.9024845032287854,425.46449999999993,4.21411846934698,433.8927369386939,417.036263061306
2016-03-17,421.16,426.07,421.16,424.06,4783,424.55580749090933,421.19132156233735,49.90734645788924,424.3552099340368,424.2002250930883,0.15498484094848664,0.9109376643428571,-0.7559528233943704,425.46450000000004,4.21411846934698,433.892736938694,417.0362630613061
2016-03-20,424.06,428.3,424.06,426.29,6955,424.7209686822513,421.39126973636337,53.63159726796675,424.652869944185,424.35502323434105,0.29784670984395234,0.7883194734430762,-0.49047276359912384,425.79949999999997,3.982489931266455,433.7644798625329,417.83452013746705
2016-03-21,432.54,432.54,426.29,428.3,5128,425.06182880775117,421.6622003349374,56.75264433784664,425.2139668758489,424.647243735501,0.5667231403479036,0.7440002068240417,-0.17727706647613806,426.168,3.8468642048470363,433.8617284096941,418.47427159030593
2016-03-23,428.52,430.75,428.07,429.64,9561,425.4978451117749,421.9750552237634,58.746231525386456,425.8948950487952,425.0170775328713,0.8778175159238799,0.7707636686440094,0.10705384727987055,426.525,3.819758190198175,434.1645163803963,418.88548361960363
2016-03-24,429.64,443.25,430.75,443.03,19150,427.1675741487487,422.80073933263543,72.42509811347009,428.5310650412883,426.35136808599196,2.179696955296322,1.052550325974472,1.12714662932185,427.39549999999997,5.29975716921432,437.99501433842863,416.7959856615713
2016-03-27,443.03,472.04,444.14,471.15,24872,431.35637661077266,424.69678877057135,84.24205249563342,435.0878242657055,429.66978526480733,5.418039000898148,1.9256480609592073,3.4923909399389403,429.13649999999996,11.020723194820237,451.17794638964045,407.09505361035946
2016-03-28,471.15,491.01,471.15,473.16,21421,435.33767407641335,426.5973068579999,84.74527649834482,440.9450820709816,432.8912826525994,8.053799418382198,3.1512783324438054,4.9025210859383925,431.0335,14.755476868999704,460.5444537379994,401.5225462620006
2016-03-29,466.46,473.16,461.78,468.47,12316,438.4931336881835,428.2393732557254,78.44998248411154,445.1796848292921,435.52674319685127,9.652941632440843,4.451610992443213,5.2013306399976305,433.0865,16.922149071868272,466.9307981437365,399.2422018562635
2016-03-30,468.47,470.93,466.24,466.46,9623,441.1566447654994,429.73822136334405,75.84945828980932,448.4535794709395,437.81809555264005,10.635483918299428,5.688385577614456,4.947098340684972,434.9725,18.445627031330567,471.86375406266114,398.0812459373389
2016-03-31,466.46,468.47,457.54,459.77,6321,442.92934526402325,430.91593817262464,67.79426861446127,450.1945672446411,439.4441625487408,10.750404695900329,6.700789401271631,4.049615294628698,436.53499999999997,19.17925839628801,474.893516792576,398.1764832074239
2016-04-03,459.77,460.88,448.16,456.2,16615,444.19321714364014,431.9074700089923,63.89471406048874,451.11847997623477,440.68533569327855,10.43314428295622,7.44726037760855,2.985883905347671,438.075,19.472419226339614,477.0198384526792,399.13016154732077
2016-04-04,456.2,463.12,456.2,460.88,6426,445.7824345585315,433.04364765569846,66.60644731128116,452.6202522875833,442.18123675303565,10.43901553454765,8.04561140899637,2.39340412555128,439.916,19.815184608088714,479.5463692161774,400.28563078382257
2016-04-05,466.46,470.93,464.23,466.69,9382,447.7736312672428,434.36311245351425,69.65362615246276,454.7848288587243,443.9967006972552,10.788128161469103,8.594114759490918,2.194013401978186,442.04749999999996,20.306542600069193,482.66058520013837,401.43441479986154
2016-04-06,466.69,469.81,464.68,466.91,6587,449.5961425751245,435.639460984749,69.76612817185317,456.650239803536,445.6939821270882,10.95625767644782,9.066543342882298,1.8897143335655215,444.18999999999994,20.567661638192156,485.32532327638427,403.0546767236156
2016-04-10,466.91,468.47,464.23,466.46,6121,451.20222423463645,436.8481095735824,69.20100846268576,458.1594336799151,447.2322056732298,10.927228006685255,9.43868027564289,1.488547731042365,446.20950000000005,20.67746840734728,487.5644368146946,404.8545631853055
2016-04-11,466.46,468.7,463.12,468.7,5118,452.86867906943297,438.09720331579484,70.48272583187303,459.78105926762044,448.822412660398,10.95864660722242,9.742673541958796,1.2159730652636238,448.4415,20.569755589214044,489.5810111784281,407.3019888215719
2016-04-12,468.7,472.04,467.58,470.93,12264,454.5888048723441,439.3847639700774,71.74343987989542,461.49628091875576,450.46001172259076,11.036269196164994,10.001392672800035,1.034876523364959,450.7405,20.374592143157173,491.48968428631434,409.99131571368565
2016-04-14,470.93,473.38,470.93,473.16,16535,456.357490122597,440.7092830300744,72.98599045665547,463.2906992389472,452.1414923357322,11.149206903214974,10.230955518883023,0.9182513843319509,453.25149999999996,19.856087300743283,492.96367460148656,413.53932539851337
2016-04-17,476.06,476.06,472.04,472.94,16462,457.93677677758774,441.97323271516956,72.64658992472414,464.7752070483399,453.6821225330854,11.093084515254475,10.403381318157315,0.6897031970971597,455.80699999999996,18.86340737763828,493.5338147552765,418.0801852447234
2016-04-18,472.94,485.21,473.16,484.32,19064,460.4494647035318,443.63389025575117,78.27449905329205,467.7820982716722,455.95159493804204,11.83050333363019,10.688805721251892,1.141697612378298,458.87600000000003,18.216694020942228,495.3093880418845,422.44261195811555
2016-04-19,484.32,498.6,490.12,491.01,20539,463.359991874624,445.4917769123884,80.77828028371452,471.3556216144919,458.5485138315204,12.807107782971514,11.112466133595817,1.694641649375697,462.22349999999994,17.623901018368873,497.4713020367377,426.9756979632622
2016-04-20,491.01,508.87,499.94,504.41,12612,467.2695164579931,447.8022954648437,84.60530334995289,476.44091059687776,461.94566095511146,14.495249641766293,11.789022835229913,2.70622680653638,466.1295,17.895579423274807,501.9206588465496,430.3383411534504
2016-04-21,504.41,504.63,495.48,500.16,10389,470.4019434619938,449.8555387799479,79.2181150129239,480.0900012742812,464.77635273621433,15.313648538066843,12.493947975797301,2.819700562269542,469.72249999999997,17.096620741815414,503.91574148363077,435.52925851636917
2016-04-24,500.16,504.63,498.83,502.4,23129,473.4493774179944,451.9161058866166,79.94300839721092,483.52230877054564,467.5632895705688,15.959019199976808,13.186962220633204,2.7720569793436045,473.36049999999994,15.811564214040795,504.98362842808154,441.73737157191835
2016-04-25,502.4,504.41,497.93,504.41,12157,476.39800814009016,453.9746899694944,80.59702714498205,486.7357997289232,470.29267552830447,16.44312420061874,13.838194616630313,2.6049295839884277,476.4295,15.569644377847231,507.56878875569447,445.29021124430557
2016-04-26,504.41,503.96,497.71,498.83,6028,478.5343883172244,455.7337217353966,73.43778879000736,488.5964459244735,472.4065514150967,16.189894509376813,14.308534595179612,1.8813599141972013,477.81350000000003,16.289264877923618,510.39202975584726,445.2349702441528
2016-04-27,498.83,498.6,492.13,498.16,5481,480.4034941917745,457.3974973536164,72.6038527306197,490.067761936093,474.31421427323767,15.75354766285534,14.597537208714758,1.1560104541405813,479.06350000000003,16.862505674767817,512.7885113495356,445.3384886504644
2016-04-28,498.16,504.41,499.05,499.27,6911,482.20030426874837,459.0395562809256,73.14788482632488,491.4834908690018,476.1627909937386,15.320699875263188,14.742169742024444,0.5785301332387434,480.6035,17.246183796026102,515.0958675920522,446.1111324079478
2016-05-02,499.27,514.0,502.17,513.78,13851,485.2078943383914,461.1862403483403,79.01445636731724,494.9137230430015,478.9492509201283,15.96447212287319,14.986630218194193,0.9778419046789963,482.9695,18.410335619742938,519.7901712394859,446.1488287605141
2016-05-03,513.78,517.8,509.09,509.09,7205,487.4823805918779,463.0648191582093,73.43013611174587,497.09468872869354,481.1818990001188,15.91278972857475,15.171862120270307,0.7409276083044443,485.43550000000005,18.442384386030486,522.320268772061,448.5507312279391
2016-05-04,509.09,506.64,502.4,504.41,7234,489.09453482122285,464.68619879906385,68.24686239231536,498.22012123197146,482.9024990741841,15.317622157787355,15.201014127773718,0.11660803001363718,487.846,17.54905347574997,522.9441069515,452.74789304850003
2016-05-05,504.41,500.83,491.01,498.16,11076,489.95791245729686,465.99889688537513,61.957027680063014,498.2108718116682,484.03268432794823,14.178187483719967,14.996448798962968,-0.8182613152430012,489.71000000000004,16.481472532577303,522.6729450651546,456.74705493484544
2016-05-08,498.16,512.22,504.41,506.64,17095,491.54668269945904,467.5926656349683,66.47208811639433,499.5076607637193,485.70730030365576,13.80036046006353,14.757231131183081,-0.9568706711195514,491.7075,15.957252393421701,523.6220047868434,459.7929952131566
2016-05-09,505.52,511.1,505.52,508.87,11426,493.1965224423677,469.2113846296754,67.56235334013898,500.948020646224,487.4230558367183,13.524964809505718,14.51077786684761,-0.9858130573418915,493.80550000000005,15.2689011340731,524.3433022681462,463.26769773185384
2016-05-10,508.87,509.76,504.85,506.41,5672,494.4549488764279,470.67015385988424,65.049403059254,501.7883251621895,488.82949614510954,12.95882901707995,14.200388096894079,-1.2415590798141292,495.803,14.069273014547964,523.9415460290959,467.66445397090405
2016-05-11,506.41,506.41,500.16,506.41,6580,495.59352517391096,472.0717164536143,65.049403059254,502.49935206031415,490.13175568991625,12.367596370397905,13.833829751594845,-1.4662333811969397,497.68850000000003,12.706769963083813,523.1020399261677,472.2749600738324
2016-05-12,505.52,505.52,502.17,502.62,1994,496.26271325258614,473.2696883573941,60.99570101379341,502.51791328180434,491.0568108239965,11.46110245780784,13.359284292837446,-1.8981818350296056,499.273,11.06408989764407,521.4011797952882,477.1448202047119
2016-05-15,502.17,504.41,499.27,499.27,6561,496.5491215142446,474.28930842181,57.580069782835565,502.01823431537287,491.66519520740417,10.353039107968698,12.758035255863696,-2.404996147894998,500.57849999999996,9.204953629203185,518.9884072584064,482.1685927415936
2016-05-16,499.27,501.73,496.82,497.04,4570,496.59587184622126,475.18149240526844,55.35780723357634,501.25235211300776,492.06332889574463,9.189023217263127,12.044232848143583,-2.8552096308804558,501.7835,6.607356565939569,514.9982131318792,488.56878686812087
2016-05-17,489.9,506.64,489.9,506.64,6183,497.55245547991444,476.41515936976776,62.133178345094514,502.0812210186989,493.14308231087466,8.938138707824237,11.423014020079714,-2.484875312255477,502.8995,5.247499128656805,513.3944982573136,492.40450174268636
2016-05-18,506.64,506.64,504.41,506.64,7071,498.4179359103988,477.60044723762,62.133178345094514,502.7825716312068,494.1428539915506,8.639717639656169,10.866354743995005,-2.2266371043388364,503.68100000000004,4.493298987321481,512.6675979746431,494.6944020253571
2016-05-19,506.64,511.99,504.41,509.09,12779,499.4343229665513,478.8353316596741,63.76107594391998,503.75294522640576,495.2500499921765,8.502895234229243,10.393662842041854,-1.8907676078126112,503.9150000000001,4.652309556609144,513.2196191132184,494.6103808867818
2016-05-22,509.09,511.1,506.64,507.31,8195,500.18438744592737,479.9519853200791,61.686187465855895,504.30018442234336,496.1433796223857,8.156804799957683,9.946291233625022,-1.7894864336673386,504.27250000000004,4.6231999341980945,513.5188998683963,495.02610013160387
2016-05-23,507.31,510.21,507.75,507.75,17102,500.90492197488663,481.0421035428211,62.01524047062411,504.8309252804444,497.0031292799867,7.827796000457681,9.522592186991554,-1.694796186533873,504.5400000000001,4.663752724327739,513.8675054486556,495.2124945513446
2016-05-24,507.75,516.68,503.29,515.56,22878,502.3006436915641,482.3957465411418,67.37180754057201,506.48155216037605,498.37771229628396,8.103839864092095,9.238841722411662,-1.1350018583195673,505.09749999999997,5.273910837917693,515.6453216758354,494.5496783241646
2016-05-25,515.56,522.26,503.29,508.87,17473,502.92629667331994,483.43395255913623,59.61643072522057,506.84900567416435,499.15491879285554,7.694086881308806,8.929890754191092,-1.2358038728822862,505.5995,5.121567888017168,515.8426357760343,495.35636422396567
2016-05-26,508.87,512.22,497.71,506.86,21199,503.3009350853847,484.35262108622896,57.47569261238607,506.8506971089083,499.7256655489403,7.125031559968022,8.568918915346478,-1.4438873553784557,506.0344999999999,4.816839403809803,515.6681788076195,496.4008211923803
2016-05-29,506.86,507.75,502.4,506.19,8274,503.5760841248719,485.208988886769,56.74424567482801,506.74905139984554,500.2045051379077,6.544546261937853,8.164044384664754,-1.6194981227269007,506.38050000000004,4.546301533287062,515.4731030665741,497.28789693342594
2016-05-30,506.19,504.41,498.38,500.16,5929,503.25074277964603,485.79530304807224,50.51358631247501,505.73535118448467,500.20120846102566,5.534142723459013,7.638064052423607,-2.103921328964594,505.6995,4.397218588582917,514.4939371771659,496.90506282283417
2016-05-31,500.16,504.41,493.47,495.48,14443,502.51067203872736,486.17509508540275,46.267386973504905,504.1576048484101,499.8514893157645,4.306115532645549,6.971674348467996,-2.665558815822447,505.01899999999995,4.872350454078444,514.7637009081568,495.27429909184303
2016-06-01,495.48,497.71,491.01,495.48,13154,501.84108422551526,486.53999331734775,46.267386973504905,502.8225887178854,499.5276752923745,3.294913425510913,6.23632216387658,-2.9414087383656673,504.57250000000005,5.319727807638152,515.2119556152763,493.93304438472376
2016-06-02,495.48,495.48,488.78,492.8,7999,500.98002858499,486.785483775491,43.820959392071316,501.2806519920569,499.0293289744208,2.251323017636082,5.439322334628481,-3.187999316992399,504.3045,5.775290810630991,515.855081621262,492.75391837873804
2016-06-05,492.8,492.13,479.85,479.85,9695,498.96764491022907,486.5135040195894,34.36520832437448,497.98362860866354,497.60863793927854,0.37499066938499936,4.426456001579785,-4.051465332194786,502.96500000000003,7.915369792205506,518.7957395844111,487.13426041558904
2016-06-06,479.85,491.01,484.32,489.9,5723,498.1040596806834,486.64630778352705,44.39337732192151,496.7399934380999,497.0376277215542,-0.29763428345432885,3.4816379445729626,-3.7792722280272915,502.0165,8.297877518726159,518.6122550374523,485.4207449625477
2016-06-07,491.01,499.94,491.01,498.83,2553,498.1731968539517,487.12409963515347,51.486254209258234,497.06153290916143,497.1703960384761,-0.10886312931467046,2.763537729795436,-2.8724008591101065,501.6375,8.259663479190017,518.1568269583801,485.11817304161997
2016-06-08,498.83,500.16,496.59,500.16,3432,498.36241620119443,487.63531141416706,52.4588896479484,497.5382201539058,497.3918481837742,0.14637197013161085,2.240104577862671,-2.0937326077310603,501.325,8.187512635586373,517.7000252711728,484.9499747288272
2016-06-09,500.16,500.16,497.49,499.72,6121,498.49170989631875,488.1092207704743,52.0868416053994,497.8738785917664,497.56430387386496,0.3095747179014552,1.853998605870428,-1.544423887968973,501.18,8.189050455847301,517.5581009116946,484.8018990883054
2016-06-12,499.72,526.72,491.01,522.48,10137,500.7763089538122,489.45709446574983,65.65560041774847,501.6594357314947,499.4099109943194,2.2495247371753067,1.933103832131404,0.31642090504390263,502.3405000000001,9.45141898285464,521.2433379657093,483.4376620342908
2016-06-13,522.48,543.02,509.09,515.56,11973,502.1842795296396,490.48073782003416,60.0842028940852,503.79798408049544,500.60621388362904,3.1917701968664005,2.1848371050784037,1.0069330917879968,503.2665,9.805389106318358,522.8772782126367,483.6557217873633
2016-06-14,515.79,520.03,508.87,508.87,13714,502.821014812531,491.2018853565034,55.206789484331544,504.57829422195766,501.2183461885454,3.359948033412252,2.4198592907451735,0.9400887426670783,503.37800000000004,9.858305395104617,523.0946107902092,483.6613892097908
2016-06-15,513.33,515.56,508.87,510.88,4013,503.58853721133755,491.97357612683663,56.3531900574313,505.54778741857956,501.93402424865315,3.6137631699264148,2.658640066581422,0.955123103344993,503.59,9.977020966621842,523.5440419332436,483.6359580667563
2016-06-16,510.88,512.89,508.87,512.22,6768,504.4105812864483,492.76755353362734,57.14071185099527,506.57428166187503,502.6959483783825,3.878333283492509,2.9025787099636395,0.9757545735288695,503.7464999999999,10.091724214997637,523.9299484299952,483.56305157000463
2016-06-19,512.22,513.11,504.41,507.75,2634,504.7286211639294,493.3551004538773,53.66240708912189,506.755161406202,503.0703225725764,3.6848388336255766,3.059030734696027,0.6258080989295496,503.76849999999996,10.100377416084962,523.9692548321699,483.56774516783
2016-06-20,507.75,513.33,507.75,507.98,5110,505.03827629117427,493.9286259262743,53.81818217697831,506.94359811294015,503.4340023820152,3.509595730924957,3.149143733941813,0.3604519969831439,503.78000000000003,10.105278974767865,523.9905579495357,483.5694420504643
2016-06-21,507.98,512.22,507.75,510.21,7090,505.53082140630056,494.56711118406747,55.3842635061271,507.4461214801801,503.9359281314956,3.5101933486845383,3.2213536568903582,0.28883969179418,503.5125,9.8444800857072,523.2014601714144,483.8235398285856
2016-06-22,520.03,520.03,511.1,515.12,8859,506.4440765104624,495.37310682390796,58.70477110414361,508.62671817553706,504.7643778995329,3.862340276004147,3.3495509807131163,0.5127892952910309,503.825,10.11887267488415,524.0627453497683,483.58725465023167
2016-06-23,515.12,531.19,509.98,522.26,15451,507.95035493803744,496.4274947915979,63.01538315493356,510.7241461485314,506.0603499069749,4.663796241556497,3.6124000328817925,1.0513962086747046,504.5950000000001,10.916477405617568,526.4279548112352,482.76204518876494
2016-06-26,522.26,538.33,524.49,535.65,17602,510.5884163725101,497.9656322507509,69.45483114519863,514.5588928949112,508.25217583979156,6.306717055119634,4.151263437329361,2.155453617790273,506.06800000000004,12.94257462388093,531.9531492477619,480.1828507522382
2016-06-27,535.65,549.04,535.65,546.81,26477,514.0380910036996,499.88109765268223,73.58317971180651,519.5206016803095,511.10831096276996,8.41229071753952,5.0034688933713936,3.4088218241681263,508.4005,15.726092121726907,539.8526842434538,476.9483157565462
2016-06-28,546.81,559.98,546.81,551.5,17785,517.6058918604901,501.9053683329692,75.10591141749285,524.4405091141081,514.1002879284907,10.340221185617338,6.070819351820582,4.269401833796756,511.2015,18.11164942792311,547.4247988558462,474.9782011441538
2016-06-29,551.5,555.74,546.81,546.81,5774,520.3872354928244,503.66633428069593,70.7161002880975,527.8819692503992,516.5232295634173,11.358739686981835,7.128403418852833,4.230336268129002,513.7679999999999,19.36038592481775,552.4887718496354,475.0472281503644
2016-06-30,546.81,542.79,531.63,537.88,7877,522.0532130649364,505.0080466618451,63.1478796187188,529.4201278272608,518.1052125587197,11.314915268541085,7.965705788790483,3.349209479750602,516.022,19.41484445632114,554.8516889126423,477.1923110873578
2016-07-03,537.88,536.54,533.2,535.65,7898,523.34814515399,506.2096918907924,61.381235006590785,530.37856969999,519.404826443259,10.973743256730927,8.567313282378572,2.4064299743523545,518.812,17.892883501548457,554.5977670030969,483.0262329969031
2016-07-04,535.65,535.65,531.19,534.54,5504,524.4140360917053,507.3206843656633,60.47432488533614,531.0187897461453,520.525950410425,10.492839335720305,8.952418493046919,1.5404208426733863,521.044,16.850394466723756,554.7447889334475,487.3432110665525
2016-07-05,535.65,535.65,529.18,531.19,9924,525.0593659877334,508.2567359591667,57.703328231801684,531.0451297852,521.3158800096528,9.729249775547146,9.107784749546964,0.6214650260001822,522.662,16.14392686854179,554.9498537370836,490.37414626291644
2016-07-06,533.42,535.43,528.96,530.07,7384,525.5365692269968,509.1121580784151,56.76680761364473,530.895109818246,521.9643333422711,8.930776475974994,9.07238309483257,-0.1416066188575762,524.1575,15.313752290360108,554.7850045807203,493.5299954192798
2016-07-10,530.07,537.44,531.63,534.54,12007,526.3940388244257,510.1093283498498,59.58598657099754,531.4558621539005,522.8958642058066,8.559997948093951,8.969906065484848,-0.4099081173908967,525.8985,14.337460053630709,554.5734201072614,497.2235798927386
2016-07-11,534.54,535.65,526.72,531.19,4852,526.8507970316233,510.93602135573803,56.60681166513185,531.4149602840697,523.5102446350061,7.9047156490636326,8.756867982200605,-0.8521523331369725,526.3340000000001,14.360422732378533,555.0548454647571,497.613154535243
2016-07-12,531.19,531.63,502.17,527.39,11880,526.9021496952782,511.5812754202189,53.348465145848024,530.7957356249821,523.7976339213019,6.998101703680163,8.405114726496517,-1.4070130228163542,526.9255,14.135159029507095,555.1958180590143,498.65518194098587
2016-07-13,527.39,522.26,509.09,520.03,6603,526.2476592481089,511.9125979527593,47.62989914846458,529.139468605754,523.5185499271314,5.6209186786226155,7.8482755169217375,-2.227356838299122,527.4834999999999,13.594835038970656,554.6731700779412,500.29382992205865
2016-07-14,520.03,534.98,518.91,523.15,8541,525.9526440816223,512.3532803859845,50.073111271761114,528.2180118971764,523.4912499325291,4.72676196464738,7.2239728064668665,-2.497210841819486,528.097,13.072966521956387,554.2429330439128,501.95106695608723
2016-07-17,523.15,534.54,523.38,528.96,7199,526.2390589309916,513.0045242924165,54.34457188165471,528.3321639129955,523.8963425301196,4.435821382875929,6.66634252174868,-2.230521138872751,528.934,12.527445406827132,553.9888908136543,503.8791091863457
2016-07-18,528.96,539.45,528.96,533.2,12061,526.9020056994686,513.7965037319295,57.22095912165238,529.0810617725347,524.5855023427033,4.49555942983136,6.232185903365217,-1.7366264735338568,530.2065,11.513956416818768,553.2344128336375,507.1785871663625
2016-07-19,540.12,546.81,533.42,539.0,16715,528.0541956328526,514.784876134599,60.85414438664616,530.6070522690678,525.6532429099104,4.95380935915739,5.976510594523652,-1.0227012353662621,531.7574999999999,10.397492043250338,552.5524840865006,510.96251591349926
2016-07-20,541.23,549.71,538.11,540.12,14158,529.2033198582952,515.7784104038304,61.53352569742344,532.0705826892113,526.7248545462134,5.3457281429979275,5.850354104218507,-0.5046259612205795,533.2529999999999,9.219416638696543,551.691833277393,514.8141667226068
2016-07-21,540.12,545.7,535.65,541.23,8852,530.3487179670291,516.7765119566214,62.233091990117764,533.479723813948,527.7993097650124,5.680414048935631,5.816366093161932,-0.13595204422630047,534.5585,8.321485997735367,551.2014719954707,517.9155280045293
2016-07-25,541.23,553.51,543.46,549.04,10227,532.1288400654072,518.041746781852,66.80716950345041,535.873612457956,529.3726942268632,6.500918231092783,5.953276520748102,0.5476417103446805,535.8974999999999,8.392658994620176,552.6828179892402,519.1121820107596
2016-07-26,549.04,557.97,545.7,546.81,15494,533.5270457734637,519.1699135747206,64.40848203624054,537.5561336182705,530.6643465063548,6.891787111915619,6.140978638981606,0.750808472934013,536.4554999999999,8.73917945985535,553.9338589197106,518.9771410802892
2016-07-27,546.81,553.51,546.81,550.38,13182,535.1320890331338,520.3938385325747,66.48320949769487,539.5290361385365,532.1247652836619,7.404270854874653,6.393637082160216,1.0106337727144368,536.634,8.994532491287183,554.6230649825744,518.6449350174256
2016-07-28,550.38,557.97,543.46,550.16,16728,536.5633186490257,521.5611389822777,66.22700379041316,541.1645690403002,533.4607085959832,7.703860444317002,6.6556817545915745,1.048178689725427,536.567,8.882257951431503,554.331515902863,518.802484097137
2016-07-31,550.16,556.85,528.51,549.71,9411,537.8153835395947,522.6650158849335,65.66954171824004,542.4792507264078,534.6643598110956,7.814890915312276,6.887523586735715,0.9273673285765609,536.712,9.079747619955308,554.8714952399106,518.5525047600894
2016-08-01,549.71,551.27,540.12,547.03,4693,538.6929660596332,523.6205054580734,62.30585132019628,543.1793659992682,535.5803331584218,7.599032840846348,7.029825437557842,0.5692074032885062,537.1695,9.367652334664038,555.9048046693281,518.4341953306719
2016-08-02,547.03,544.58,535.65,544.58,2757,539.2536359587158,524.4424464205018,59.31475273136935,543.3948481532269,536.2469751466869,7.147873006540067,7.053434951354288,0.09443805518577886,537.616,9.503253404131478,556.622506808263,518.609493191737
2016-08-03,544.58,538.33,530.3,532.3,5966,538.5913849150286,524.7505857765606,47.107701353749206,541.6879484373459,535.9546066173026,5.733341820043279,6.789416325092087,-1.0560745050488078,537.504,9.5544750606294,556.6129501212588,518.3950498787412
2016-08-04,532.3,532.3,517.8,522.71,7256,537.0788720659782,524.6705628049308,40.15719640863097,538.7682640623696,534.9735246456505,3.7947394167190396,6.1904809434174775,-2.395741526698438,537.08,10.025945814418856,557.1318916288377,517.0281083711624
2016-08-07,522.71,535.43,522.26,523.38,6957,535.7742175835041,524.6199524988551,40.81422259468484,536.400838822005,534.114745042269,2.2860937797360066,5.409603510681183,-3.1235097309451767,536.7455,10.37756764676274,557.5006352935254,515.9903647064746
2016-08-08,523.38,516.9,499.94,499.94,5806,532.3614349565037,523.6521112243902,28.87141754982801,530.7914790032349,531.5832824465454,-0.791803443310414,4.169322119882864,-4.961125563193278,535.0155,13.250832933103938,561.5171658662078,508.5138341337921
2016-08-09,509.76,519.81,509.76,519.81,100,531.1660601987414,523.5014401959828,43.866309838259504,529.1020206950449,530.7111874505049,-1.6091667554600235,3.0136243448142865,-4.62279110027431,534.4464999999999,13.661710717798911,561.7699214355978,507.1230785644021
2016-08-10,530.07,540.12,511.1,524.49,10863,530.5302449417185,523.5402072471207,46.715570527933096,528.3924790496534,530.2503587504675,-1.8578797008141237,2.0393235356886046,-3.8972032365027283,534.3014999999999,13.755614461393787,561.8127289227875,506.79027107721237
2016-08-11,534.98,534.98,522.26,526.72,6065,530.1673644710786,523.6649050021356,48.068220691360835,528.1351745804759,529.9888506948773,-1.8536761144014235,1.260723605670599,-3.1143997200720226,534.6360000000001,13.468652259383266,561.5733045187666,507.69869548123353
2016-08-14,526.72,535.65,518.02,519.14,9548,529.1171392833568,523.4874577471498,43.981247930853804,526.751301568095,529.1852321248864,-2.433930556791438,0.5217927731781917,-2.9557233299696297,534.4354999999999,13.676874633366412,561.7892492667328,507.0817507332671
2016-08-15,512.22,513.33,492.13,505.52,6011,526.8697926849419,522.7828515609872,37.76748908494779,523.4849474806957,527.4322519674874,-3.9473044867917224,-0.37202667881579116,-3.5752778079759313,533.2635,15.100948828676152,563.4653976573524,503.0616023426477
2016-08-16,502.17,511.1,494.36,509.98,5042,525.2612410006617,522.2807789507524,40.72094538839617,521.4072632528964,526.1394925624884,-4.732229309591958,-1.2440672049710244,-3.4881621046209332,532.1025,15.973486873401095,564.0494737468022,500.15552625319776
2016-08-17,511.1,514.45,507.75,511.1,5701,523.9125513815511,521.842317031115,41.47212506420334,519.8215304447585,525.0254560763781,-5.203925631619541,-2.036038890300728,-3.1678867413188128,530.7075,16.54738391630728,563.8022678326146,497.61273216738545
2016-08-21,513.33,515.56,508.87,511.1,4223,522.6923083928319,521.4210496965616,41.47212506420334,518.4797565301803,523.9939408114612,-5.5141842812809045,-2.7316679684967635,-2.782516312784141,529.2565000000001,16.946127107612213,563.1487542152245,495.3642457847757
2016-08-22,508.87,513.33,505.52,508.2,5345,521.3120885458956,520.9025771594415,39.95182766093253,516.8982555255373,522.8240192698715,-5.92576374433429,-3.370487123664269,-2.5552766206700213,527.6049999999999,17.323114616026235,562.2512292320524,492.95877076794744
2016-08-23,513.33,511.1,506.64,510.88,4326,520.3185563034293,520.5095349178948,42.06546874108173,515.97237006007,521.939277101733,-5.966907041662921,-3.8897711072639995,-2.0771359343989215,525.697,16.9351282685921,559.5672565371842,491.8267434628158
2016-08-24,513.33,514.45,508.87,513.33,5288,519.6529795126265,520.2279845289578,44.005862982426784,515.56585158929,521.301552871975,-5.735701282685,-4.2589571423481996,-1.4767441403368,524.023,16.384060321897113,556.7911206437942,491.2548793562058
2016-08-28,522.26,522.26,507.53,518.91,7682,519.5822195590431,520.1762988611555,48.25656384632339,516.0803359601684,521.1244008073843,-5.04406484721585,-4.41597868332173,-0.6280861638941202,522.4495,15.186982817704399,552.8234656354088,492.07553436459114
2016-08-29,521.14,531.19,517.8,517.8,10886,519.4124843629438,520.0831106705219,47.48434236506585,516.344899658604,520.8781488957262,-4.533249237122163,-4.439432794081817,-0.09381644304034609,520.8315,13.733616181510213,548.2987323630205,493.3642676369796
2016-08-30,524.49,531.19,524.49,528.51,3240,520.2789144236158,520.4135769187368,54.97160587664724,518.2164535572804,521.4434711997465,-3.2270176424660804,-4.19694976375867,0.9699321212925893,519.7715000000001,12.109482267605854,543.9904645352118,495.5525354647884
2016-08-31,524.49,527.62,522.26,526.72,4905,520.8923511451762,520.660887627806,53.59624422561774,519.5246914715449,521.8343251849504,-2.3096337134055602,-3.8194865536880482,1.509852840282488,518.756,10.439758718727678,539.6355174374553,497.8764825625446
2016-09-01,526.95,530.52,524.49,527.84,5878,521.5540319884929,520.9424214463235,54.3655883083363,520.8039697066919,522.2791899860653,-1.4752202793733886,-3.3506332988251164,1.8754130194517278,517.919,8.803143517486317,535.5252870349726,500.31271296502734
2016-09-04,529.4,540.12,529.4,537.44,4415,523.0669813229222,521.5893853111736,60.42253017743894,523.3633589825854,523.4022129500604,-0.03885396747500636,-2.688277432555094,2.649423465080088,518.176,9.30576131674343,536.7875226334869,499.5644773665132
2016-09-05,548.15,553.28,546.81,551.72,9127,525.7958402445486,522.7709780440688,67.36199807433968,527.7259191391107,525.4998268056115,2.2260923334991958,-1.7054034793442365,3.9314958128434325,519.6265,11.938241197711015,543.502982395422,495.7500176045779
2016-09-06,551.27,556.85,534.54,546.81,9151,527.7971887926868,523.7136847874386,63.25512011596242,530.6619315792475,527.078358153344,3.5835734259035235,-0.6476080982946846,4.231181524198208,520.798,13.387574993646668,547.5731499872934,494.02285001270667
2016-09-07,557.75,568.68,546.81,550.83,54493,529.99078986005,524.7770696977352,65.12960911829055,533.7647113362864,528.8377390308741,4.926972305412278,0.467307982446708,4.45966432296557,523.3425,14.035090187773434,551.4126803755469,495.2723196244531
2016-09-08,549.49,551.05,542.35,544.13,15550,531.33738130195,525.5360081409613,59.66638261668074,535.3593711307038,529.9704991026613,5.388872028042556,1.4516207915658776,3.937251236476678,524.5585,14.748344875915194,554.0551897518303,495.0618102481696
2016-09-11,540.12,544.58,535.65,537.88,7702,531.9604878446214,526.0200862530804,55.02920361639846,535.7471601875186,530.5563880580197,5.190772129498896,2.1994510591524814,2.9913210703464146,525.2280000000001,15.04598726011575,555.3199745202315,495.1360254797686
2016-09-12,536.77,536.77,530.07,533.42,10027,532.0994890022765,526.3102789490381,51.92776421058396,535.389135543285,530.7685074611294,4.6206280821555765,2.6836864637531006,1.936941618402476,525.563,15.15514715412372,555.8732943082474,495.25270569175257
2016-09-14,543.91,546.81,535.65,538.11,25405,532.6719186211074,526.7730131078994,54.81190697680392,535.8077300750873,531.3123217232679,4.495408351819378,3.046030841366356,1.4493775104530222,526.5115,15.324679879887825,557.1608597597756,495.86214024022433
2016-09-18,542.35,542.35,526.72,528.73,24822,532.2964978000496,526.8497576919033,48.539523260192716,534.7188485250739,531.1210386326555,3.597809892418354,3.1563866515767556,0.44142324084159856,527.672,14.50846199545871,556.6889239909175,498.6550760090826
2016-09-20,533.42,533.42,522.26,524.49,75157,531.5530218190925,526.7572181745737,45.97823921734407,533.1451795212164,530.6298505857922,2.515328935424236,3.028175108346252,-0.512846172922016,528.3975,13.928398054636657,556.2542961092734,500.5407038907267
2016-09-22,524.58,522.26,507.75,512.11,16998,529.7013054553694,526.1828174618454,39.435119455665564,529.9089980564139,529.2580098016593,0.6509882547545658,2.552737737627915,-1.901749482873349,528.448,13.864064339146196,556.1761286782923,500.7198713217076
2016-09-25,524.58,522.26,507.75,512.11,16998,528.0259430310484,525.6309422672632,39.435119455665564,527.1706906631194,527.9877868533882,-0.817096190268785,1.878770952048575,-2.69586714231736,528.4984999999999,13.79923616307061,556.0969723261411,500.9000276738587
2016-09-26,490.63,516.75,488.89,516.75,6711,526.9520436947581,525.2826700214882,42.963321622160215,525.567507484178,527.1553581975817,-1.5878507134036681,1.1854466189581265,-2.7732973323617944,528.926,13.259162631335187,555.4443252626704,502.40767473732967
2016-09-27,517.91,517.91,510.65,512.98,6462,525.6213728666859,524.8002123735868,40.87956535082975,523.6309678712275,526.1053316644275,-2.4743637931999274,0.45348453652651577,-2.927848329726443,529.031,13.116279117749881,555.2635582354997,502.7984417645002
2016-09-28,513.56,513.56,509.78,511.82,2686,524.306956403192,524.2911844373677,40.232970135546125,521.8138958910387,525.0471589485439,-3.233263057505269,-0.28386498227984114,-2.949398075225428,528.9554999999999,13.215385561015639,555.3862711220312,502.52472887796864
2016-09-29,512.11,521.68,510.65,519.94,7195,523.8910557933642,524.1205497535494,46.60017435415836,521.5256042154942,524.6688508782814,-3.143246662787192,-0.8557413183813113,-2.2875053444058806,529.007,13.176126776943594,555.3592535538871,502.65474644611277
2016-10-02,522.26,522.26,516.46,516.46,9133,523.1833361939962,523.820136037724,44.416253350211505,520.7462804900337,524.0607878502606,-3.314507360226912,-1.3474945267504315,-1.9670128334764807,528.94,13.239368326479747,555.4187366529595,502.4612633470406
2016-10-03,520.81,522.26,517.04,518.78,3604,522.763970842187,523.6224836440878,46.22558629864368,520.4437757992592,523.6696183798709,-3.2258425806116975,-1.7231641375226847,-1.5026784430890128,528.4535,13.433351376723198,555.3202027534463,501.58679724655354
2016-10-04,520.81,524.87,520.81,522.26,10545,522.7159736191215,523.5690529129471,48.91195665652269,520.7231949070655,523.5652022035842,-2.842007296518773,-1.9469327693219025,-0.8950745271968703,528.2305,13.500494133256382,555.2314882665128,501.22951173348724
2016-10-05,525.16,525.16,516.46,519.36,4046,522.3963570839671,523.4039920144002,46.81320054318273,520.5134726136708,523.2537057440595,-2.740233130388674,-2.105592841535257,-0.6346402888534168,527.8065,13.645784494622102,555.0980689892442,500.51493101075584
2016-10-06,519.65,522.26,516.46,516.46,6546,521.8309897426369,523.1316786020708,44.74553028710879,519.8898614423368,522.7504682815367,-2.860606839199818,-2.2565956410681696,-0.6040111981316483,526.7574999999999,13.672623386283357,554.1027467725667,499.4122532274332
2016-10-16,516.46,522.26,510.65,513.56,2605,521.0432764338144,522.7563186568916,42.71380096148749,518.9160366050543,522.0696928532747,-3.1536562482203863,-2.436007762498613,-0.7176484857217731,524.8495,12.628518884275811,550.1065377685517,499.5924622314484
2016-10-17,505.72,516.46,505.72,514.72,4532,520.4410596305939,522.441168905641,43.81280233881336,518.270492511969,521.5252711604395,-3.2547786484705057,-2.599761939692992,-0.6550167087775138,523.245,11.6956246879801,546.6362493759602,499.8537506240398
2016-10-18,514.72,522.26,506.59,519.07,4476,520.3104825229183,522.308966203459,47.8529213968079,518.3934936639738,521.3433992226292,-2.9499055586553595,-2.6697906634854656,-0.28011489516989396,521.6569999999999,9.746871616871422,541.1507432337428,502.16325676625706
2016-10-19,519.07,520.81,516.75,519.36,3025,520.2199603778785,522.19332046999,48.120741992502836,518.5421869464394,521.1964807616937,-2.6542938152542774,-2.666691293839228,0.012397478584950772,520.4185,8.190467678311052,536.7994353566221,504.0375646433779
2016-10-20,516.46,519.36,515.01,517.91,4051,519.9999641514139,522.0253471182257,46.82578964890607,518.444927416218,520.953037742309,-2.508110326091014,-2.6349751002895854,0.12686477419857134,519.42,7.093510748340802,533.6070214966816,505.23297850331835
2016-10-23,517.91,517.91,511.23,512.11,8690,519.2485389941364,521.6365099763345,41.96152286011254,517.4703231983383,520.2979979095453,-2.8276747112070098,-2.6735150224730706,-0.15415968873393915,518.3545,6.451316858635218,531.2571337172704,505.4518662827296
2016-10-24,513.56,513.56,504.85,504.85,10127,517.8772495661234,520.9782154674587,36.80733794202798,515.5287350139786,519.1537017680976,-3.6249667541189865,-2.863805368802254,-0.7611613853167327,516.6915000000001,5.269328604988825,527.2301572099777,506.1528427900225
2016-10-25,504.85,505.14,493.83,501.66,2830,516.332749607445,520.2206383903034,34.785502603410364,513.3950834733665,517.8578720074977,-4.462788534131164,-3.183602001868036,-1.279186532263128,515.338,5.486499794949916,526.3109995898998,504.36500041010015
2016-10-26,506.01,506.01,494.7,504.85,6550,515.2391544067359,519.6178682573503,38.42784217159194,512.0804552466948,516.8943259328682,-4.813870686173459,-3.509655738729121,-1.304214947444338,514.356,5.519746752389297,525.3954935047786,503.3165064952214
2016-10-27,501.95,509.2,501.95,509.2,3259,514.6639968441896,519.2093244041209,43.09517358925573,511.63730828566486,516.3243758637668,-4.68706757810196,-3.745138106603689,-0.9419294714982711,514.2105,5.619519060708859,525.4495381214177,502.9714618785823
2016-11-03,510.65,520.81,510.65,510.65,5932,514.2817114304572,518.8736646235672,44.6026032345283,511.4854147032549,515.90405172571,-4.41863702245513,-3.8798378897739774,-0.5387991326811523,514.1375,5.657595616326844,525.4526912326537,502.8223087673464
2016-11-07,510.65,510.65,503.4,504.56,4023,513.355834151366,518.3123444422508,39.83022670544268,510.41996628736956,515.0637515978797,-4.643785310510111,-4.032627373921205,-0.6111579365889064,513.528,6.007157660481443,525.5423153209629,501.5136846790371
2016-11-08,504.85,510.07,496.73,500.5,3671,512.1314689940931,517.61382113079,36.98878965564487,508.89381762777424,513.9849551832219,-5.091137555447688,-4.244329410226501,-0.8468081452211864,512.904,6.677826151169964,526.2596523023399,499.54834769766006
2016-11-09,491.8,497.89,485.99,495.57,5692,510.5541862327509,516.7493575570336,33.832579315218396,506.8439995311936,512.6208844289092,-5.776884897715604,-4.550840507724322,-1.2260443899912818,512.0915000000001,7.723386409572256,527.5382728191446,496.6447271808556
2016-11-10,493.25,496.15,492.38,493.25,8482,508.90616849629845,515.8278141234244,32.43018236824585,504.75261498793304,511.18600410084184,-6.433389112908799,-4.927350228761218,-1.5060388841475811,510.75700000000006,8.556772079530887,527.8705441590619,493.64345584093826
2016-11-13,490.34,499.05,490.34,494.12,9265,507.4979619728415,514.9765272950549,33.542668734649766,503.1168280667125,509.92185564892765,-6.805027582215132,-5.302885699452001,-1.502141882763131,509.64,9.206577740083308,528.0531554801667,491.2268445198334
2016-11-14,494.12,501.95,494.12,499.63,4633,506.7486322611423,514.3747026952489,40.252043297252996,502.580392979526,509.15949597122926,-6.57910299170328,-5.558129157902258,-1.0209738338010226,508.68250000000006,9.201786940302627,527.0860738806053,490.2789261193948
2016-11-15,496.73,500.5,496.15,497.89,4705,505.9049529981764,513.7282437660234,38.915913341322074,501.8587940595989,508.32471849187897,-6.465924432280076,-5.739688212777821,-0.7262362195022547,507.46400000000006,8.918400493833433,525.3008009876669,489.62719901233316
2016-11-16,499.34,499.34,491.8,491.8,6094,504.5616241412072,512.8683126379441,34.58835080395255,500.31128728119904,507.10066527025833,-6.78937798905929,-5.949626168034115,-0.8397518210251746,506.08599999999996,9.110687419901172,524.3073748398023,487.8646251601976
2016-11-17,494.7,494.7,481.64,484.54,8823,502.6548027944255,511.7573984168483,30.267261296735185,497.8849353917838,505.42950487986883,-7.544569488085017,-6.268614832044296,-1.275954656040721,504.49000000000007,9.954511804360154,524.3990236087204,484.58097639127976
2016-11-20,474.97,478.74,463.07,473.52,8592,499.88005967114685,510.2578925965797,25.134379799312654,494.13648379304783,503.0658378517304,-8.929354058682577,-6.800762677371953,-2.128591381310624,502.488,11.87538302983324,526.2387660596664,478.7372339403335
2016-11-21,470.03,487.44,465.68,474.39,5441,497.45243494056143,508.8513085731845,26.198463659614077,491.098563209502,500.94170171456517,-9.843138505063166,-7.409237842910196,-2.43390066215297,500.4715,13.054581883686781,526.5806637673736,474.36233623262643
2016-11-22,474.39,480.19,465.68,472.94,7277,495.1179173271746,507.4430219624714,25.54674166414908,488.30493810034784,498.86750158756035,-10.562563487212515,-8.03990297177066,-2.5226605154418547,498.1650000000001,13.656886637574734,525.4787732751496,470.8512267248506
2016-11-23,471.78,471.78,463.07,464.23,8590,492.17621091506277,505.7483936502176,22.005520604961873,484.60110146952513,496.30176072922256,-11.700659259697431,-8.772054229356016,-2.9286050303414157,495.4085,14.67918478842133,524.7668695768426,466.0501304231573
2016-11-24,465.68,467.13,461.04,462.78,6007,489.37657178029485,504.06335860511103,21.47191206385429,481.24400893575205,493.8186673418727,-12.574658406120648,-9.532575064708944,-3.042083341411704,492.65200000000004,15.390404597807025,523.4328091956141,461.871190804386
2016-11-27,459.3,460.75,446.82,451.17,4670,485.737850658362,501.98910924804784,17.75868979092587,476.6172383302517,490.6595067980303,-14.04226846777857,-10.43451374532287,-3.6077547224557005,489.6049999999999,17.254877113747167,524.1147542274942,455.09524577250556
2016-11-28,442.47,475.84,420.71,474.39,10412,484.65710297661326,500.9067912383205,40.07801639581246,476.2745862794437,489.45435814632435,-13.179771866880628,-10.983565369634421,-2.196206497246207,488.08200000000005,17.182580714199762,522.4471614283996,453.71683857160053
2016-11-29,476.13,480.19,464.23,480.19,7847,484.2316645978882,500.094368052504,44.15488502982381,476.8769576210678,488.7681093947448,-11.891151773676995,-11.165082650442937,-0.7260691232340584,487.0085,16.958857420238836,520.9262148404777,453.09078515952234
2016-11-30,475.84,493.25,475.84,490.63,7451,484.8410298742798,499.7232163641706,50.66187802330686,478.9928102947497,488.90602721735627,-9.91321692260658,-10.914709504875665,1.0014925822690852,486.2975,16.462301071810625,519.2221021436212,453.37289785637876
2016-12-01,493.25,503.11,479.32,485.7,7265,484.9228365529198,499.17328631067375,47.82783169124367,480.02468563401897,488.66854371977433,-8.643858085755369,-10.460539221051606,1.8166811352962373,485.12250000000006,15.5552661162501,516.2330322325002,454.01196776749987
2016-12-04,481.64,484.54,464.23,484.54,4200,484.8863759288322,498.59943194554927,47.15935044338564,480.71934938263144,488.3627256664577,-7.643376283826285,-9.897106633606542,2.253730349780257,483.817,14.348957820214892,512.5149156404298,455.11908435957025
2016-12-05,481.64,490.34,467.13,475.55,2489,483.9971972689434,497.69553265356694,42.232781059682,479.9240648622266,487.41363487634976,-7.48957001412316,-9.415599309709867,1.9260292955867069,482.3665000000001,13.587826314291737,509.54215262858355,455.1908473714166
2016-12-06,472.94,478.74,469.45,475.26,2942,483.1650832433297,496.81570784362316,42.08006798847682,479.2065164218841,486.51336562624977,-7.306849204365676,-8.99384928864103,1.687000084275354,481.10450000000003,12.973205372288287,507.0509107445766,455.1580892554235
2016-12-07,475.84,475.84,471.49,474.1,944,482.3017419820602,495.92489577132426,41.43465905176495,478.42089851082505,485.59385706134236,-7.172958550517308,-8.629671141016285,1.4567125904989773,480.03099999999995,12.596034004065322,505.2230680081306,454.8389319918693
2016-12-08,470.32,474.39,468.87,472.94,2418,481.41014750757824,495.02352730970375,40.76138457240845,477.57768335531347,484.6565343160578,-7.078850960744319,-8.319507104961891,1.2406561442175725,479.0155,12.28918415132812,503.59386830265623,454.4371316973437
2016-12-11,468.58,468.58,464.23,464.23,2229,479.773942983047,493.81593800344086,36.027599280517734,475.52419360834216,483.1434577000535,-7.6192640917113295,-8.17945850231178,0.5601944106004506,477.521,12.172556233723025,501.86611246744604,453.175887532554
2016-12-12,464.23,465.68,461.33,461.33,3275,478.01737698466155,492.54197965036474,34.58733797707181,473.340471514751,481.527646018568,-8.187174503817005,-8.181001702612825,-0.006172801204179734,475.60599999999994,11.505713637831482,498.6174272756629,452.59457272433696
2016-12-14,464.23,465.68,456.98,458.43,3618,476.1519125099319,491.2042549581936,33.15975309481378,471.04655282017393,479.8167092764519,-8.77015645627796,-8.298832653345853,-0.4713238029321065,473.633,10.847825928194707,495.3286518563894,451.93734814361056
2016-12-15,456.98,463.07,454.08,459.01,3144,474.5193494137479,489.9417351559115,33.74872384855969,469.1947754632241,478.2754715522703,-9.080696089046171,-8.455205340485918,-0.625490748560253,471.99350000000004,10.42735333781164,492.8482066756233,451.13879332437676
2016-12-18,461.33,461.33,454.08,456.98,2536,472.8489351838671,488.6491180909738,32.66385835536275,467.3155792381127,476.69802921506505,-9.38244997695233,-8.640654267779201,-0.7417957091731289,470.6155,10.502824419624774,491.62114883924954,449.60985116075045
2016-12-19,458.43,458.72,455.82,458.43,6814,471.47570326159405,487.46405463642583,34.28871535496883,465.9485670476339,475.34484186580096,-9.396274818167058,-8.791778377856772,-0.6044964403102853,469.861,10.820404652419347,491.5018093048387,448.2201906951613
2016-12-20,458.43,458.72,454.08,455.53,4956,469.95706485572794,486.21173876833075,32.594658313268525,464.3457105787671,473.87707580166756,-9.531365222900433,-8.939695746865505,-0.5916694760349284,468.918,11.21939748827865,491.3567949765573,446.4792050234427
2016-12-21,449.72,452.92,443.92,444.79,2243,467.5602015361348,484.5873568558472,27.229242944264982,461.3371397204952,471.72247759413665,-10.385337873641447,-9.228824172220694,-1.156513701420753,467.5105,12.39266653902065,492.29583307804126,442.7251669219587
2016-12-22,446.82,446.82,442.18,443.92,4389,465.30875377078866,482.99255854777476,26.843764593299895,458.65757976349596,469.66303480938575,-11.00545504588979,-9.584150346954512,-1.4213046989352769,466.495,13.461662327943488,493.418324655887,439.57167534411303
2016-12-26,436.96,440.44,435.22,437.54,5860,462.66411055452306,481.21010527139146,24.144369780534248,455.40872133834273,467.28355074943124,-11.874829411088513,-10.042286159781312,-1.8325432513072002,465.233,14.931155382375001,495.09531076475,435.37068923525
2016-12-27,430.28,435.22,412.3,429.12,3491,459.4694333588542,479.1673560450624,21.125124715655488,451.36430267090543,464.4566210642882,-13.092318393382754,-10.652292606501602,-2.4400257868811526,464.13050000000004,16.729927949950085,497.5903558999002,430.6706441000999
2016-12-28,429.41,430.86,420.71,427.96,6181,456.4685349437252,477.1592244354521,20.74033031732195,447.76364072153535,461.7531676521187,-13.989526930583338,-11.31973947131795,-2.669787459265388,461.809,18.37214679602611,498.5532935920522,425.0647064079478
2016-12-29,430.86,440.73,429.7,440.73,3186,454.96962685384665,475.7306273987677,34.81650622568658,446.6815421489914,460.19589597418394,-13.51435382519253,-11.758662342092867,-1.7556914830996622,459.83599999999996,18.413079275912786,496.66215855182554,423.00984144817437
2017-01-01,449.43,449.14,442.47,443.92,3097,453.9172814391946,474.4831518145023,37.78875913281506,446.2566895106851,458.9902740501703,-12.733584539485207,-11.953646781571335,-0.7799377579138724,457.5005,17.22566276320235,491.9518255264047,423.04917447359526
2017-01-02,449.72,449.72,442.47,447.98,10617,453.3518260640332,473.4438125276591,41.4481498537786,446.52181420134895,458.1746981946021,-11.65288399325317,-11.893494223907702,0.24061023065453213,455.61449999999996,15.996765947824313,487.6080318956486,423.62096810435133
2017-01-03,442.47,449.72,442.47,442.47,5907,452.3154616769824,472.2291532128489,38.16691563353267,445.89845817037224,457.0113872172242,-11.112929046851946,-11.73738118849655,0.6244521416446052,453.5110000000001,14.707021201847011,482.9250424036941,424.0969575963061
2017-01-04,442.47,443.63,439.57,439.57,1430,451.1016081839365,470.9484021064627,36.52788275552739,444.9248492210842,455.7194326085409,-10.794583387456726,-11.548821628288586,0.7542382408318602,451.7120000000001,14.055414615015781,479.8228292300317,423.6011707699685
2017-01-05,438.12,441.02,435.22,436.67,4175,449.7271693092759,469.6041510434642,34.913243591570435,443.65487241784047,454.3083635264268,-10.653491108586309,-11.36975552434813,0.7162644157618221,449.7825000000001,13.28004632006823,476.34259264013656,423.2224073598636
2017-01-08,435.22,438.12,433.77,438.12,2781,448.62172461315436,468.36947845352444,36.42639541732404,442.80335358432654,453.1092254874322,-10.30587190310564,-11.156978800099633,0.8511068969939934,447.9835,12.206077121016843,472.3956542420337,423.5713457579663
2017-01-09,441.02,443.63,438.12,440.73,1389,447.87013179285395,467.2855773377,39.167845024690614,442.4843761098148,452.1922458216965,-9.707869711881699,-10.867156982456047,1.1592872705743478,446.37299999999993,10.78178341853569,467.9365668370713,424.80943316292854
2017-01-10,442.47,450.01,442.47,446.24,3248,447.71488114591546,466.4602605793588,44.59928034311251,443.0621644006125,451.751338723793,-8.68917432318051,-10.43156045060094,1.7423861274204313,445.47350000000006,9.930424952480278,465.3343499049606,425.6126500950395
2017-01-11,452.63,454.08,446.82,454.08,4054,448.32108294154256,465.974760164482,51.26668092282927,444.7572160312875,451.92383215166024,-7.166616120372737,-9.7785715845553,2.6119554641825626,445.11100000000005,9.44142211634181,463.99384423268367,426.2281557673164
2017-01-12,454.08,454.08,448.56,452.63,1982,448.73145599472895,465.4514362364631,50.06655862220169,445.9684135649356,451.9761408811669,-6.007727316231296,-9.0244027308905,3.016675414659204,444.821,9.093451026917576,463.00790205383515,426.6340979461649
2017-01-15,449.14,449.72,443.92,446.82,2316,448.5494125666595,464.72079167817043,45.4731204493786,446.0994268626378,451.594204519599,-5.494777656961162,-8.318477716104633,2.823700059143471,444.2115,8.480208087690265,461.17191617538055,427.25108382461946
2017-01-16,446.82,446.82,436.67,437.54,5298,447.5008970841205,463.65487827902655,39.27496494787703,444.78259196069354,450.553152332962,-5.770560372268449,-7.808894247337396,2.0383338750689477,443.2395,8.042463929209308,459.32442785841863,427.1545721415814
2017-01-17,436.67,442.47,435.22,436.67,3743,446.469383076109,462.5966477582804,38.74182194832147,443.5345008898176,449.5247706786685,-5.990269788850924,-7.445169355640102,1.4548995667891784,442.15150000000006,7.3185972735649925,456.78869454713004,427.5143054528701
2017-01-18,432.32,438.7,432.32,436.38,5013,445.50848944981294,461.5685439246224,38.55395074295527,442.4338084452303,448.5510839617301,-6.117275516499831,-7.179590587812048,1.0623150713122174,441.19399999999996,6.702965879291713,454.5999317585834,427.7880682414165
2017-01-19,438.12,439.57,435.22,435.22,3585,444.5286333117356,460.53526769228426,37.76506324779228,441.32399176134874,447.56359626086123,-6.239604499512495,-6.991593370152137,0.751988870639642,440.7155000000001,6.773957464942019,454.2634149298841,427.16758507011605
2017-01-22,435.22,439.57,435.22,436.96,2713,443.80781109157033,459.61074739062605,39.756348218181095,440.65260841344895,446.7781446859826,-6.1255362725336795,-6.818381950628447,0.6928456780947672,440.3675,6.779444065858713,453.92638813171743,426.8086118682826
2017-01-23,439.57,439.86,435.22,435.22,2874,442.9899243209446,458.6542474929544,38.4320747527791,439.8168225036876,445.9219858203543,-6.105163316666676,-6.675738223836093,0.5705749071694166,440.25149999999996,6.8498530718012365,453.95120614360246,426.55179385639747
2017-01-24,432.61,435.22,429.7,431.45,2963,441.89088390942607,457.58741425793664,35.660447841197495,438.5296190415818,444.84998687069844,-6.3203678291166625,-6.604664144892207,0.2842963157755447,440.36800000000005,6.667967101235545,453.70393420247115,427.03206579752896
2017-01-25,423.32,423.32,413.75,418.1,7828,439.6250854418617,456.0388882086058,27.96852247114451,435.3866007274923,442.8685063617578,-7.481905634265502,-6.780112442766866,-0.701793191498636,439.875,7.886758723195251,455.6485174463905,424.1014825536095
2017-01-26,412.01,419.26,406.2,415.49,4524,437.3265058759701,454.448735729837,26.753530801798235,432.325585230955,440.8404688534794,-8.514883622524394,-7.127066678718371,-1.3878169438060226,438.613,9.580304961633344,457.7736099232667,419.4523900767333
2017-01-30,413.46,413.46,391.7,396.05,6198,433.39541007825864,452.15858923062774,19.840165525423515,426.7447259646542,437.52265634581426,-10.777930381160047,-7.857239419206707,-2.9206909619533397,436.2195,13.402141413732588,463.02378282746514,409.4152171725348
2017-01-31,388.21,403.3,378.35,403.3,7174,430.5291805469959,450.2425661235443,27.377315008224997,423.1378450470151,434.9876447646428,-11.849799717627718,-8.65575147889091,-3.1940482387368085,433.98550000000006,14.970672197754974,463.92684439551,404.04415560449013
2017-02-01,406.2,420.71,406.2,418.39,5711,429.37306811394865,448.99344588340534,40.01887910075616,422.4074073474743,433.7581895968915,-11.350782249417193,-9.194757632996167,-2.1560246164210266,432.78149999999994,15.218652086035469,463.21880417207086,402.344195827929
2017-02-02,426.51,430.86,417.81,422.16,5462,428.68610924595356,447.9411538879777,42.70238083123663,422.3693446786321,432.8990644415662,-10.529719762934121,-9.461750058983757,-1.0679697039503644,431.91099999999994,15.307578412084245,462.5261568241684,401.29584317583146
2017-02-05,418.1,429.41,409.68,423.61,4887,428.2026702701485,446.98699099040994,43.744844591943,422.56021472807333,432.21098559404277,-9.650770865969434,-9.499554220380894,-0.15121664558854064,431.258,15.37230510400209,462.00261020800417,400.5133897919958
2017-02-06,422.16,422.16,412.01,412.01,3203,426.660511196801,445.6153442849037,37.81712596738046,420.93710476990816,430.7146162907803,-9.777511520872167,-9.55514568047915,-0.22236584039301732,429.95250000000004,15.859845647022262,461.6721912940446,398.2328087059555
2017-02-07,412.59,412.59,406.2,407.65,7394,424.8499863209152,444.12650725412317,35.85072607557059,418.8929348053069,429.006126195167,-10.113191389860106,-9.66675482235534,-0.44643656750476524,428.2985,16.392700646131708,461.0839012922634,395.51309870773656
2017-02-08,412.01,412.01,400.98,404.75,6077,422.9357019093995,442.58233049905954,34.56337883920561,416.7170986814135,427.20937610663606,-10.49227742522254,-9.83185934292878,-0.6604180822937593,426.224,16.626319464853648,459.4766389297073,392.9713610702927
2017-02-09,403.3,403.59,397.5,397.5,4797,420.51325410850427,440.81439596968465,31.51646648773665,413.7606219611961,425.0086815802186,-11.248059619022513,-10.115099398147526,-1.1329602208749865,423.395,16.44976739557202,456.29453479114403,390.49546520885593
2017-02-12,389.66,389.66,375.74,378.64,11250,416.52532514578957,438.3761843630304,25.27457751126127,408.35744935178127,421.5739644261283,-13.216515074347058,-10.735382533387433,-2.4811325409596243,419.6955,17.793997945788924,455.28349589157784,384.1075041084221
2017-02-13,378.64,400.4,369.93,397.5,10589,414.7133894176191,436.77319674095077,38.410731952908066,406.68707252843035,419.7907078019707,-13.103635273540363,-11.20903308141802,-1.894602192122342,417.22950000000003,17.24617348100285,451.7218469620057,382.73715303799435
2017-02-14,397.5,398.95,390.53,394.6,8847,412.79782852070304,435.1193458883645,37.32422707012486,404.8275229086718,417.92472944626917,-13.097206537597344,-11.586667772653886,-1.5105387649434583,415.0825,17.257439547535608,449.5973790950712,380.5676209049288
2017-02-15,402.43,409.68,397.5,409.68,6199,412.50089247111225,434.12172448097766,45.894736595752335,405.5740578457992,417.3140087465455,-11.739950900746294,-11.617324398272368,-0.12262650247392592,413.733,16.52001819165571,446.7730363833114,380.6929636166886
2017-02-16,415.78,423.03,410.55,421.87,7357,413.3931884262444,433.64126469740995,51.65029919600781,408.0811258695224,417.6514895801347,-9.570363710612298,-11.207932260740355,1.6375685501280568,413.0075,15.774907081217835,444.55731416243566,381.4576858375643
2017-02-19,423.61,435.22,414.04,434.06,7010,415.3614561951735,433.65768568966837,56.61992047269478,412.0778757357497,418.86693479642105,-6.78905906067132,-10.324157620726549,3.5350985600552285,412.9495,15.690847977823308,444.3311959556466,381.5678040443534
2017-02-20,440.73,449.43,438.12,440.15,6929,417.72226989087125,433.91228625085785,58.89314346568723,416.3966640840959,420.44345814483427,-4.046794060738364,-9.068684908728912,5.021890847990548,413.10900000000004,15.961641156881598,445.03228231376323,381.18571768623684
2017-02-21,449.72,449.72,433.77,439.57,7723,419.8030060917406,434.13415737827523,58.5783078162736,419.96179268654265,421.86023902299473,-1.898446336452082,-7.634637194273546,5.736190857821464,413.3265,16.304742375989026,445.9359847519781,380.71701524802194
2017-02-22,432.61,436.67,427.96,430.86,1883,420.85605313062246,434.00575904971544,53.91688196504068,421.6384399655361,422.52688798425436,-0.8884480187182362,-6.285399359162485,5.396951340444248,413.297,16.270724145241054,445.8384482904821,380.75555170951793
2017-02-23,430.86,430.86,425.06,426.8,2710,421.4221433086584,433.7231802634521,51.84584212439081,422.4325261246844,422.8434148002355,-0.41088867555112074,-5.110497222440212,4.699608546889091,413.73199999999997,16.520275453291795,446.77255090658355,380.6914490934164
2017-02-26,426.51,426.51,407.65,407.65,4770,420.1105106125957,432.70070260606184,43.381459747191094,420.1582913362714,421.71797666688474,-1.5596853306133198,-4.400334844074834,2.840649513461514,413.34,16.569308024810706,446.4786160496214,380.20138395037856
2017-02-28,406.2,406.2,399.53,404.75,4357,418.6476048399675,431.6045966215104,42.256369334317185,417.78778497684505,420.4610895063747,-2.6733045295296733,-4.054928781165802,1.3816242516361283,413.775,16.201619314780128,446.1782386295602,381.37176137043974
2017-03-01,406.2,408.23,402.72,406.2,8356,417.46211866473254,430.6083379304708,43.051647600493986,416.00504882656116,419.4047125059025,-3.3996636793413586,-3.923875760800913,0.5242120814595546,413.91999999999996,16.115686049377764,446.1513720987555,381.68862790124444
2017-03-02,406.78,412.3,406.49,412.01,3487,416.94286926809133,429.8789913449622,46.24624857093163,415.3904259301671,418.8569560239838,-3.4665300938166865,-3.832406627404068,0.3658765335873815,413.601,16.085664392476065,445.77232878495215,381.42967121504785
2017-03-05,404.75,423.9,404.75,420.71,5909,417.30164362351115,429.51942305692444,50.705497784826896,416.20882194091064,418.99421854072574,-2.785396599815101,-3.623004621886275,0.8376080220711737,413.5285,16.048281847698266,445.62506369539653,381.4319363046035
2017-03-06,423.61,426.51,421.0,426.22,3287,418.15101089746247,429.39003391743717,53.345265526427106,417.7490031807705,419.5294616117831,-1.7804584310126188,-3.254495383711544,1.474036952698925,413.659,16.144897483008247,445.94879496601646,381.3692050339835
2017-03-07,417.81,420.71,413.17,416.36,4045,417.98043843103744,428.8790521951847,48.35505244708566,417.5353103837289,419.294686677577,-1.7593762938480495,-2.9554715657388453,1.1960952718907958,413.8765,16.150813332949934,446.17812666589987,381.5748733341002
2017-03-09,418.39,424.48,416.65,416.65,3014,417.8537300090339,428.39948152086373,48.507623418733644,417.3991087862322,419.0987839607194,-1.6996751744871972,-2.7043122874885155,1.0046371130013183,414.32649999999995,16.093476375292852,446.51345275058566,382.13954724941425
2017-03-13,417.81,423.61,416.36,422.16,2366,418.26385096055446,428.154795971026,51.44281120177022,418.1315535883503,419.3255407043698,-1.193987116019514,-2.4022472531947154,1.2082601371752015,415.197,16.018901039906563,447.2348020798131,383.1591979201869
2017-03-14,424.19,425.06,417.81,420.42,1385,418.46919848812075,427.8514706388289,50.46453483576311,418.48362226706564,419.4066117633054,-0.9229894962397793,-2.1063957018037285,1.1834062055639492,416.343,15.49758592406211,447.33817184812426,385.3478281518758
2017-03-15,412.3,420.42,412.3,417.81,1235,418.4064176797283,427.4576874765219,48.96049744797157,418.3799880721325,419.2883442252828,-0.9083561531502937,-1.8667877920730416,0.9584316389227479,418.30150000000003,12.705675596693972,443.71285119338796,392.8901488066121
2017-03-16,415.2,420.42,415.2,417.81,3233,418.34961599594465,427.0793467911681,48.96049744797157,418.29229759949675,419.17883724563217,-0.886539646135418,-1.670738162885517,0.7841985167500989,419.317,11.729773228839662,442.77654645767933,395.8574535423207
2017-03-19,417.81,419.55,414.91,417.81,4640,418.2982239963309,426.71584299543605,48.96049744797157,418.21809796880495,419.0774418941039,-0.8593439252989583,-1.5084593153682053,0.649115390069247,420.47749999999996,10.204668113946338,440.8868362278926,400.0681637721073
2017-03-20,419.26,425.06,417.81,423.61,10234,418.80410742525174,426.59404523090916,52.85995242701723,419.04762135821954,419.41318693898506,-0.36556558076551937,-1.2798805684476682,0.9143149876821488,421.174,9.899745025956527,440.973490051913,401.37450994808694
2017-03-21,425.93,427.96,420.71,427.96,7625,419.67609719427537,426.647612084599,55.599811578510305,420.4187565338781,420.04628420276396,0.3724723311141247,-0.9494099885353097,1.3218823196494345,421.4785,10.015264809805576,441.50902961961117,401.4479703803888
2017-03-22,429.41,446.24,429.41,429.7,12277,420.63075460434436,426.76731357147753,56.68430807164079,421.84664014405064,420.76137426181845,1.0852658822321928,-0.5424748143818092,1.627740696614002,421.26050000000004,9.77147700681634,440.80345401363275,401.7175459863673
2017-03-23,432.32,434.93,425.06,426.51,8543,421.19068273726396,426.7572228431843,54.07648621306111,422.564080121889,421.18719839057263,1.3768817313163595,-0.15860350524217548,1.535485236558535,420.57849999999996,8.812655538007972,438.2038110760159,402.95318892398404
2017-03-26,434.93,443.63,429.41,435.22,14931,422.5268081908579,427.0890964571771,59.548662865552586,424.51114471852145,422.22666517645615,2.2844795420652986,0.3300131042193193,1.9544664378459793,420.361,8.361394305786908,437.0837886115738,403.63821138842616
2017-03-28,435.22,458.72,443.63,456.98,9939,425.8080645536333,428.2612887529741,69.36874651552932,429.5063532233643,424.8009862744965,4.705366948867777,1.205083873149011,3.500283075718766,421.66700000000003,11.527894818542205,444.7227896370844,398.61121036291564
2017-03-29,456.98,465.97,449.72,455.53,18088,428.6387250723349,429.3306499783477,68.18095779264647,433.5099911890005,427.0772095134227,6.432781675577814,2.2506234336347717,4.182158241943043,423.1035,13.772664106081693,450.6488282121634,395.5581717878366
2017-03-30,455.53,455.53,447.11,449.72,9746,430.64646554163636,430.130232332138,63.48987964241244,436.00383869838504,428.7544532531692,7.249385445215864,3.2503758359509902,3.999009609264874,425.207,14.482607391009019,454.17221478201805,396.24178521798194
2017-04-02,458.43,461.62,452.63,458.14,8810,433.2648973948139,431.22865459362276,67.03022917341485,439.40940197555653,430.9311604196011,8.478241555955435,4.29594897995188,4.182292576003555,427.87649999999996,15.404615601893775,458.6857312037875,397.06726879621243
2017-04-03,467.13,497.89,449.72,457.56,15195,435.5787166905459,432.26125637426503,66.55149844975288,442.20180167162476,432.9036670551862,9.298134616438574,5.296386107249219,4.001748509189355,430.44449999999995,15.874654567315252,462.19380913463044,398.69519086536945
2017-04-04,462.49,462.49,449.72,458.43,8995,437.7550293866843,433.28748161449,66.93299568115046,444.69844756829787,434.7945065325798,9.903941035718049,6.2178970929429855,3.686043942775063,432.7655,16.421592164297913,465.6086843285958,399.92231567140414
2017-04-06,458.43,458.43,451.47,455.53,5503,439.4478837308096,434.15973723745117,64.30035537766385,446.3648402500982,436.330469011648,10.034371238450206,6.981191922044429,3.0531793164057763,434.5065000000001,16.91460106566309,468.33570213132623,400.6772978686739
2017-04-09,456.98,459.88,446.53,454.95,4935,440.9242757564468,434.9750416595119,63.76020381299547,447.6856340577754,437.7096935293037,9.97594052847171,7.580141643329886,2.395798885141825,435.9429999999999,17.387186479825175,470.7173729596503,401.1686270403496
2017-04-10,452.63,456.98,449.72,456.98,8280,442.4533923510709,435.8379812022761,64.87245478619867,449.11553651042533,439.13712363824413,9.978412872181195,8.059795889100148,1.9186169830810478,437.97400000000005,17.35167681871288,472.6773536374258,403.27064636257427
2017-04-11,463.65,472.36,461.91,464.23,9167,444.52735498430224,436.9513937041476,68.58124808022842,451.44083858574453,440.9958552205964,10.444983365148119,8.536833384309741,1.9081499808383775,440.35300000000007,17.53493478444509,475.42286956889023,405.2831304311099
2017-04-12,473.52,474.39,461.91,468.58,8132,446.81808308103535,438.19173120594576,70.58779078808413,454.07763264947613,443.0391252042559,11.038507445220205,9.037168196491834,2.001339248728371,442.674,18.064274542224155,478.8025490844483,406.54545091555167
2017-04-13,459.88,464.23,454.08,461.33,4916,448.200170406651,439.09911429590863,63.328531196449035,455.19338147263363,444.3940048187555,10.799376653878141,9.389609887969096,1.4097667659090458,444.7195,17.724747336926992,480.16899467385394,409.270005326146
2017-04-16,454.08,461.33,446.82,451.47,2911,448.51158274887473,439.5842470686181,55.03855385988689,454.6205535537669,444.9181526099588,9.70240094380813,9.452168099136902,0.25023284467122764,446.4025,16.597344389675097,479.5971887793502,413.2078112206498
2017-04-18,446.82,451.47,439.57,439.57,2972,447.66000343945814,439.58368836004485,47.03583569660109,452.3050837762643,444.52199315736925,7.7830906188950735,9.118352603088535,-1.3352619841934619,447.4905,15.285772702263662,478.06204540452734,416.91895459547266
2017-04-19,439.57,448.27,435.22,446.82,3753,447.5800031118907,439.8674652871019,51.64854207379976,451.46122473376215,444.692215886453,6.769008847309124,8.648483851932653,-1.8794750046235293,448.9410000000001,13.605108521975952,476.151217043952,421.7307829560482
2017-04-20,446.82,455.53,446.82,450.01,4148,447.8114313869487,440.2652117464312,53.564818654680046,451.2379593901064,445.08612582078985,6.1518335693165795,8.14915379540944,-1.9973202260928602,450.26099999999997,12.229205293283332,474.71941058656665,425.8025894134333
2017-04-23,459.01,478.74,458.43,464.23,7375,449.3751045881917,441.2050073642182,60.98728719655734,453.2367348685516,446.5041905748054,6.732544293746173,7.865831895076787,-1.133287601330614,452.0745,11.409918342343795,474.8943366846876,429.2546633153124
2017-04-24,458.43,464.23,456.98,462.78,4041,450.65176129407814,442.05108550679785,59.9352368237537,454.70492950415905,447.7098060877828,6.995123416376259,7.691690199336682,-0.6965667829604225,453.7285,10.343606352159155,474.4157127043183,433.0412872956817
2017-04-25,455.53,463.07,455.53,461.33,3009,451.6687364089278,442.80712136927633,58.84211101711409,455.72417111890377,448.71870934053965,7.005461778364122,7.554444515142171,-0.5489827367780489,455.4695,8.237041162047781,471.94358232409553,438.99541767590443
2017-04-26,455.53,458.14,454.08,456.69,2038,452.1469519890299,443.3515479822459,55.36244286415817,455.87276017753396,449.3091753153145,6.563584862219443,7.356272584557626,-0.792687722338183,456.543,6.718111498424954,469.9792229968499,443.1067770031501
2017-04-27,458.43,458.72,451.76,458.43,3571,452.74533751388424,443.9428598260794,56.40359972603776,456.26618168868254,449.98479195862456,6.281389730057981,7.141296013657697,-0.8599062835997158,456.6155,6.7308875421648215,470.07727508432964,443.15372491567035
2017-04-30,449.72,458.43,448.27,448.27,6533,452.3191148935143,444.1125515976057,49.18899069514814,455.0359998904237,449.8577703320598,5.17822955836391,6.74868272259894,-1.5704531642350306,456.25250000000005,6.983536183881727,470.21957236776353,442.2854276322366
2017-05-02,446.82,448.27,445.37,445.37,2341,451.65729442746533,444.16186329966035,47.32812820725318,453.54892298420464,449.52534290005536,4.023580084149273,6.203662194909008,-2.1800821107597343,456.03499999999997,7.259965564657067,470.5549311293141,441.5150688706858
2017-05-03,454.08,463.07,452.63,455.24,3461,451.9985044819924,444.596300033007,53.74221771002399,453.8090886789424,449.9486508333846,3.860437845557783,5.735017325038763,-1.87457947948098,455.89,7.2446546537870224,470.37930930757403,441.40069069242594
2017-05-04,455.53,455.53,450.3,452.63,2743,452.05864691227885,444.9113470905362,51.94096632854669,453.62769042064355,450.1472692901709,3.480421130472621,5.284098086125535,-1.8036769556529144,455.6435,7.268674153335998,470.18084830667203,441.106151693328
2017-05-07,452.63,452.63,442.47,445.37,3218,451.4216329206333,444.9293334791426,47.20183819012688,452.35727650977526,449.793397490899,2.563879018876264,4.740054272675682,-2.1761752537994177,454.9905,7.584925822765072,470.1603516455301,439.8206483544699
2017-05-08,453.79,453.79,441.02,446.82,2702,450.98338216628724,445.00347726427424,48.21804691232984,451.5053878159637,449.5731458249065,1.9322419910571966,4.178491816351985,-2.2462498252947887,454.55499999999995,7.799337691179864,470.15367538235967,438.95632461764023
2017-05-09,446.82,458.43,449.72,452.63,2023,451.1402029123551,445.3025565872439,52.18891557812035,451.6784050750462,449.799579467506,1.8788256075401932,3.7185585745896272,-1.839732967049434,454.439,7.8103985342083595,470.05979706841674,438.8182029315833
2017-05-11,453.21,455.53,452.63,452.63,2672,451.28208834927364,445.58990730931276,52.18891557812035,451.8248042942699,450.00924024769074,1.8155640465791407,3.3379596689875304,-1.5223956224083897,454.22149999999993,7.796469697039055,469.814439394078,438.62856060592185
2017-05-15,456.98,457.56,452.63,452.63,3167,451.41046088743803,445.8659893756142,52.18891557812035,451.9486805566899,450.20337059971365,1.7453099569762571,3.019429726585276,-1.274119769609019,453.6415,7.4358613807473715,468.5132227614948,438.76977723850524
2017-05-16,452.63,452.63,445.66,452.05,1888,451.4713693743487,446.1084995961784,51.69465198324889,451.964268163353,450.3401579626978,1.6241102006551955,2.7403658213992603,-1.1162556207440648,452.81499999999994,6.55447095299766,465.92394190599526,439.7060580940046
2017-05-17,452.05,452.63,449.72,452.63,2503,451.5817151482202,446.36424471005375,52.18235252724545,452.06668844591405,450.5097758913868,1.55691255452723,2.5036751680248543,-0.9467626134976244,452.38,6.240804603996902,464.8616092079938,439.8983907920062
2017-05-18,452.63,454.08,446.82,450.88,5123,451.51488513410396,446.54133315279677,50.524836708816785,451.8841209926965,450.53719989943227,1.3469210932642568,2.272324353072735,-0.925403259808478,452.3505,6.246724173096056,464.8439483461921,439.8570516538079
2017-05-21,445.37,452.63,445.37,449.72,1204,451.3439436927607,446.66598675464786,49.40460948665006,451.55117930151243,450.47666657354836,1.074512727964077,2.0327620280510033,-0.9582493000869263,452.858,5.524285712341896,463.9065714246838,441.8094285753162
2017-05-22,448.27,452.34,445.37,446.24,1271,450.85785381725975,446.6492813917205,46.10221512235373,450.73407479358747,450.16283941995215,0.571235373635318,1.7404566971678663,-1.1692213235325484,452.829,5.559063628081485,463.94712725616296,441.71087274383706
2017-05-23,449.43,452.63,446.82,449.72,3558,450.74948678704453,446.7697017293001,49.72154424533072,450.57806328688173,450.1300364999557,0.44802678692605014,1.4819707151195032,-1.033943928193453,452.81450000000007,5.567175864409978,463.94885172882005,441.6801482711801
2017-05-24,449.72,451.76,447.11,451.76,3326,450.8457261406594,446.96539970070006,51.76630861034398,450.7598997042845,450.250774536996,0.5091251672885164,1.287401605553306,-0.7782764382647895,452.191,4.876899252167837,461.94479850433567,442.4372014956643
2017-05-28,449.72,450.59,445.37,446.24,4688,450.40708555583467,446.9369526536138,46.28149006736526,450.06453051901,449.95368012684816,0.11085039216186487,1.052091362875018,-0.941240970713153,451.36400000000003,4.3619628609154395,460.0879257218309,442.64007427816915
2017-05-30,444.21,448.27,434.93,435.22,4117,448.96069645527893,446.4774643142564,37.69483344511775,447.7807565930085,448.86229641374825,-1.0815398207397493,0.6253651261520645,-1.7069049468918138,450.0585,5.071741396155664,460.2019827923113,439.91501720768866
2017-05-31,434.93,439.57,432.32,435.22,5049,447.6520586976334,446.035995125462,37.69483344511775,445.84833250177644,447.8517559386558,-2.003423436879359,0.09960741354577984,-2.1030308504251387,448.985,5.812350281037676,460.6097005620754,437.36029943792465
2017-06-01,436.96,442.47,433.77,435.22,8966,446.4680531073826,445.6118384538753,37.69483344511775,444.21320442458006,446.9160703135702,-2.702865888990118,-0.4608872469613997,-2.241978642028718,447.8245,6.135388697848653,460.0952773956973,435.5537226043027
2017-06-04,435.51,435.51,426.51,429.41,8738,444.84347662096525,444.9764722399978,33.591012147779836,441.9357883592601,445.6193243644168,-3.683536005156725,-1.105416998600465,-2.57811900655626,446.88149999999996,7.385359824466689,461.65221964893334,432.1107803510666
2017-06-05,437.83,437.83,429.41,435.22,3695,443.9269550380162,444.5938654854881,40.56000558548442,440.90259015014317,444.84900404112665,-3.9464138909834787,-1.6736163770770678,-2.272797513906411,446.3740000000001,7.830043624265394,462.03408724853085,430.7139127514693
2017-06-06,443.92,443.92,435.22,440.73,8003,443.62248312963374,444.4423413488023,46.313939633116156,440.8760378193519,444.5438926306728,-3.6678548113209217,-2.072464063925839,-1.5953907473950828,445.64850000000007,7.635112293663162,460.9187245873264,430.37827541267376
2017-06-07,446.82,446.82,439.28,439.57,10804,443.2365323553829,444.25126913904535,45.31931204304022,440.675108924067,444.1754561395119,-3.50034721544489,-2.3580406942296492,-1.1423065212152408,444.9955,7.564746821519432,460.12499364303886,429.8660063569611
2017-06-08,436.67,439.57,435.22,438.7,3132,442.80448165487024,444.03357231006316,44.54661468210598,440.3712460126721,443.76986679584434,-3.398620783172248,-2.566156712018169,-0.8324640711540789,444.6620000000001,7.693302350267776,460.04860470053563,429.27539529946455
2017-06-11,438.7,438.7,426.51,427.38,6190,441.3354834020255,443.3804910430019,35.95623773378297,438.37259277995327,442.55580258874477,-4.183209808791503,-2.8895673313728363,-1.2936424774186666,443.69000000000005,8.582926749014659,460.8558534980294,426.52414650197073
2017-06-12,421.0,429.12,421.0,423.61,9507,439.6473421256421,442.60517766876654,33.63025101106905,436.10142465996046,441.1524098043933,-5.050985144432843,-3.3218508939848377,-1.7291342504480056,442.23900000000003,9.40559961993546,461.05019923987095,423.4278007601291
2017-06-13,423.61,429.12,422.16,423.61,5712,438.1199762089143,441.86026874057967,33.63025101106905,434.17966701996653,439.85297204110486,-5.673305021138333,-3.792141719415537,-1.881163301722796,440.788,9.941406021494851,460.6708120429897,420.9051879570103
2017-06-14,423.61,423.61,420.71,421.29,10596,436.5171213318748,441.05359153506674,32.14610265030554,432.19664132458706,438.4779370750971,-6.281295750510026,-4.289972525634435,-1.9913232248755905,439.221,10.434327910669277,460.08965582133857,418.35234417866144
2017-06-15,423.61,436.38,423.03,429.41,4356,435.84025263360104,440.59698010231904,41.823288930818904,431.7679272746506,437.8062380324973,-6.038310757846659,-4.639640172076881,-1.3986705857697785,438.08900000000006,10.194613593255655,458.4782271865114,417.6997728134887
2017-06-18,429.41,429.41,421.58,423.32,3120,434.6478476208771,439.91945147085556,37.50323666694562,430.4682461554736,436.73318336342345,-6.264937207949856,-4.9646995792514765,-1.3002376286983797,436.6235,10.10055145706638,456.82460291413275,416.4223970858672
2017-06-19,423.61,423.61,419.26,421.29,6395,433.375671656984,439.1888847465083,36.16235351239467,429.0562082854007,435.5892438550217,-6.533035569621006,-5.278366777325383,-1.2546687922956234,435.14400000000006,10.069473618187407,455.28294723637487,415.00505276362526
2017-06-20,421.0,422.16,416.65,418.39,4585,431.94846483250933,438.3732422074295,34.27692248405681,427.41525316456983,434.31522579168677,-6.899972627116938,-5.602687947283694,-1.2972846798332442,433.57750000000004,10.119418474554841,453.8163369491097,413.3386630508904
2017-06-21,420.71,423.61,420.71,423.61,3699,431.15432532465127,437.79429153262834,40.30966976566865,426.8298296007898,433.52224610341364,-6.692416502623814,-5.820633658351719,-0.8717828442720954,432.446,9.89166656172887,452.22933312345776,412.6626668765423
2017-06-22,430.57,430.57,421.0,421.29,3172,430.21486576992254,437.14706441370174,38.613240871970135,425.97754812374524,432.61615379945704,-6.638605675711801,-5.984228061823735,-0.6543776138880659,431.0245,9.303955850802831,449.63241170160563,412.41658829839434
2017-06-25,427.96,432.32,425.06,432.03,3963,430.38773569659656,436.94639522100755,49.259198299952395,426.9086945662459,432.57273499949724,-5.66404043325133,-5.920190536109255,0.2561501028579247,430.038,7.934915248444947,445.9078304968899,414.1681695031101
2017-06-27,433.77,434.93,430.86,432.61,3543,430.59937991596837,436.7763405064582,49.7658592037607,427.7858184791312,432.57549536990484,-4.789676890773649,-5.694087807042133,0.9044109162684846,429.35650000000004,7.000437035229639,443.35737407045934,415.35562592954074
2017-06-28,435.22,435.22,430.86,434.93,4402,431.0118199239714,436.703934996401,51.837496847104475,428.88492332849563,432.7499031202822,-3.8649797917865953,-5.328266203991026,1.4632864122044307,429.342,6.987941945350086,443.31788389070016,415.3661161092998
2017-07-02,434.93,434.93,423.61,429.12,3363,430.83164659787894,436.4065257808559,46.649124416933866,428.9210889702655,432.4810214076688,-3.5599324374032904,-4.974599450673479,1.414667013270189,429.037,6.849637792959643,442.73627558591926,415.3377244140807
2017-07-03,429.12,429.41,426.51,427.96,2096,430.5581564457,436.0752894757243,45.66635859636238,428.7732291286861,432.14613093302665,-3.372901804340529,-4.65425992140689,1.281358117066361,428.674,6.695356914349715,442.0647138286994,415.2832861713006
2017-07-04,429.12,429.12,427.09,428.25,2778,430.3383320223,435.7684153786371,45.97279737365938,428.6927323396575,431.8575286416914,-3.164796302033892,-4.356367197532291,1.1915708954983986,428.616,6.693669751104123,442.00333950220823,415.22866049779174
2017-07-05,428.25,430.86,427.96,427.96,2783,430.11182421065234,435.46220301084736,45.69525411131323,428.5800042874025,431.56882281638093,-2.9888185289784133,-4.082857463821515,1.0940389348431019,428.253,6.511048181441822,441.27509636288363,415.23090363711634
2017-07-06,427.96,435.22,427.96,435.22,3154,430.59831714297115,435.4527048535592,53.29676660046982,429.6015420893406,431.8392803855379,-2.2377382961972785,-3.713833630296668,1.4760953340993894,427.97749999999996,6.055996484564441,440.08949296912886,415.8655070308711
2017-07-09,435.22,442.47,432.32,435.22,6988,431.0384774150691,435.4435791730275,53.29676660046982,430.4659202294421,432.08970406068323,-1.6237838312411554,-3.2958236704855652,1.6720398392444098,427.76000000000005,5.6844589614329015,439.12891792286587,416.39108207713423
2017-07-10,436.67,436.67,432.32,433.19,6071,431.24338432791967,435.3552035191833,50.98250636270726,430.88500942491254,432.1712074635956,-1.2861980386830396,-2.89389854412506,1.6077005054420206,427.4845,5.24269765332838,437.9698953066568,416.99910469334327
2017-07-11,435.22,438.12,435.22,436.96,3583,431.78782391573685,435.41813671450944,54.899249540198554,431.81962335954137,432.5259328366626,-0.7063094771212377,-2.456380730724296,1.7500712536030583,427.9635,5.654141728345233,439.27178345669046,416.65521654330956
2017-07-12,438.12,441.02,438.12,440.73,2244,432.6394597332857,435.6264450786464,58.472734907387846,433.1904505349965,433.13364151542834,0.05680901956816342,-1.953742780665804,2.0105518002339675,428.81950000000006,6.227244448474528,441.2739888969491,416.365011103051
2017-07-13,439.57,442.47,438.7,441.89,2709,433.52046356821086,435.87207468340534,59.53513394635873,434.5288427603816,433.78226066243366,0.7465820979479645,-1.4136778049430505,2.160259902891015,429.7335,6.742575078129618,443.21865015625923,416.24834984374075
2017-07-16,439.57,443.92,435.22,443.92,2912,434.51089560933366,436.18767959778165,61.396385368223754,435.97363618186137,434.53320431706817,1.4404318647931973,-0.8428558709958011,2.2832877357889982,430.86499999999995,7.138267149297568,445.1415342985951,416.5884657014048
2017-07-17,446.82,463.94,446.82,463.36,11170,437.2584293608257,437.25326079002554,73.81677032889229,440.18692292311346,436.66852251580383,3.5184004073096276,0.029395384665284574,3.489005022644343,432.5625,10.167854855790617,452.8982097115812,412.2267902884188
2017-07-18,464.23,478.74,463.94,475.26,12310,440.8776265645565,438.743721151201,78.39847316796528,445.5827809349422,439.52715047759614,6.055630457346069,1.2346423992014415,4.820988058144628,435.15950000000004,13.7018721252552,462.5632442505104,407.75575574948965
2017-07-19,483.96,484.54,478.74,481.06,12595,444.70451927269403,440.4031830668402,80.21562705955746,451.0408146372588,442.6036578496261,8.437156787632716,2.6751452768876964,5.76201151074502,438.14799999999997,16.706372751926693,471.56074550385335,404.7352544961466
2017-07-20,484.25,484.54,480.48,481.06,6554,448.1669460086279,441.99756804461117,80.21562705955746,455.6591508469113,445.4522757866908,10.206875060220511,4.18149123355426,6.025383826666252,441.28149999999994,18.577915093210237,478.4373301864204,404.12566981357946
2017-07-23,483.09,483.09,472.94,474.39,4811,450.66437972209195,443.26785949384214,72.12369153034979,458.54081994738647,447.5958109136026,10.94500903378389,5.534194793600186,5.410814240183704,443.8205,19.48359646769024,482.78769293538045,404.8533070646195
2017-07-24,475.84,478.74,464.23,467.13,4650,452.23253403427367,444.2036297097699,64.49712194955461,459.86223226317315,449.04278788296534,10.819444380207813,6.5912447109217105,4.228199669286102,446.1125,19.389693647318005,484.89188729463604,407.333112705364
2017-07-25,470.03,470.03,466.26,467.71,5546,453.70657841196186,445.12544815252403,64.81720135282282,461.0695811457619,450.42554433607904,10.64403680968286,7.40180313067394,3.242233679008919,447.8965,19.66525958317576,487.2270191663515,408.5659808336485
2017-07-26,468.0,476.71,467.71,470.03,3897,455.261189991775,446.10209724458196,66.13249302870938,462.44810712333697,451.8777262371102,10.570380886226758,8.035518681784504,2.5348622044422537,449.7674999999999,19.912873612975034,489.59324722595,409.94175277404986
2017-07-27,471.49,475.84,471.49,472.07,4790,456.8620290401774,447.1204463722454,67.2904518087012,463.92839833513125,453.3734502195465,10.55494811558475,8.539404568544555,2.0155435470401954,451.6245,20.186250264396396,491.9970005287928,411.2519994712072
2017-07-30,467.13,472.94,467.13,470.03,3503,458.11612151254144,448.0188602400005,64.90074703954244,464.8671062835726,454.6072687218023,10.259837561770269,8.883491167189698,1.3763463945805707,453.66999999999996,19.855846017045778,493.38169203409154,413.9583079659084
2017-07-31,471.78,472.65,470.03,470.61,3329,459.3060147018232,448.90478728941224,65.27829691771561,465.75062839379217,455.7926562238911,9.957972169901097,9.098387367731979,0.8595848021691186,455.80250000000007,19.229700404103536,494.26190080820714,417.343099191793
2017-08-01,472.94,476.42,471.49,474.39,3486,460.742584730221,449.9042073957098,67.7156424381798,467.0797624870549,457.1702372443436,9.909525242711311,9.260614942727846,0.6489102999834646,458.1095,18.50427560123109,495.1180512024622,421.10094879753785
2017-08-02,475.84,475.84,472.94,475.26,4095,462.12519570829517,450.8985522037212,68.26775673319861,468.33826056596956,458.5102196706885,9.828040895281049,9.374100133238487,0.45394076204256173,460.4745,17.44018181791994,495.3548636358399,425.5941363641601
2017-08-03,475.26,485.99,479.32,483.67,15706,464.1770818313147,452.18370701926153,73.06334541884162,470.6969897096665,460.37390710248934,10.323082607177184,9.563896628026228,0.7591859791509563,462.89700000000005,17.109416028669852,497.11583205733973,428.67816794266037
2017-08-06,493.25,502.82,493.25,501.37,18127,467.71926451404664,454.11258125380033,79.93595412482665,475.4159143697178,463.4106547245272,12.00525964519062,10.052169231459107,1.9530904137315126,466.2045,17.85508109165211,501.91466218330424,430.49433781669575
2017-08-07,511.23,514.43,507.75,512.98,17674,472.02981075080413,456.42110747914154,82.99985208558796,481.19500446668434,467.0824580782659,14.112546388418423,10.86424466285097,3.248301725567453,470.1940000000001,18.96942481718239,508.13284963436485,432.2551503656353
2017-08-09,515.01,521.68,515.01,516.46,12288,476.26125734596565,458.77557385250856,83.79847784135488,486.62038839488673,470.74005377617215,15.880334618714585,11.867462654023694,4.012871964690891,474.169,19.943306461857738,514.0556129237154,434.2823870762845
2017-08-10,516.17,516.17,503.69,510.07,10168,479.4811375987308,460.7871199759396,76.67562106164391,490.22802094951953,473.6533831260853,16.574637823434216,12.8088976879058,3.765740135528416,477.63599999999997,19.85113980553621,517.3382796110724,437.93372038892755
2017-08-13,511.23,513.27,506.3,507.75,9970,482.17341020837546,462.62880154551067,74.20930760965186,492.92371003420885,476.17905845007897,16.744651584129883,13.596048467150617,3.1486031169792668,480.929,19.055993365812515,519.040986731625,442.8170132683749
2017-08-15,505.14,507.46,499.05,499.05,5048,483.78070447424443,464.0570838378436,65.67780461113102,493.86621618279213,477.8732022685916,15.993013914200503,14.075441556560595,1.9175723576399086,483.68550000000005,17.32996415551902,518.3454283110381,449.02557168896203
2017-08-16,500.5,503.4,497.02,498.47,7982,485.1796850005069,465.40660996184977,65.14014266717604,494.5744906162087,479.3988909894367,15.175599626771998,14.295473170602875,0.8801264561691227,485.441,16.936484100432562,519.3139682008651,451.56803179913487
2017-08-17,498.47,508.04,496.15,503.98,10056,486.97019119093477,466.91929192413016,67.83412262956472,496.02149205986893,481.2197138791081,14.801778180760834,14.396734172634469,0.40504400812636554,486.87699999999995,17.242611262737697,521.3622225254753,452.3917774745246
2017-08-20,504.85,510.65,502.53,503.4,5888,488.53493488703623,468.34990792710545,67.24502134515615,497.1566471275814,482.8626980362112,14.293949091370166,14.376177156381608,-0.0822280650114422,487.994,17.566510422421594,523.1270208448432,452.8609791551568
2017-08-21,501.95,501.95,497.6,499.05,3081,489.5363696596994,469.55383310643464,62.837384506379635,497.44793218487655,484.0617574409363,13.386174743940273,14.178176673893342,-0.7920019299530683,488.8935,17.653143830639824,524.1997876612796,453.58721233872035
2017-08-22,499.05,501.95,498.18,501.66,5422,490.6910011206804,470.8128984748098,64.3473713317588,498.09594261797247,485.36533096382993,12.730611654142535,13.888663669943181,-1.1580520158006458,490.25699999999995,17.526649813475593,525.3102996269512,455.2037003730488
2017-08-23,501.95,504.85,501.95,501.95,4741,491.7632867282347,472.0339612797192,64.51987336618035,498.68887452289977,486.59382496650915,12.09504955639062,13.52994084723267,-1.4348912908420495,491.99800000000005,16.823749065876257,525.6454981317526,458.35050186824753
2017-08-24,501.95,501.95,498.47,501.66,4183,492.70583084935515,473.1957667197303,64.18542906699065,499.1459707501459,487.70983793195296,11.43613281819296,13.111179241424729,-1.6750464232317697,493.6955,15.933330333809968,525.5621606676199,461.82883933238
2017-08-27,501.66,525.16,509.2,512.69,31262,494.6090850541785,474.7445601817017,70.4578427630848,501.2296675578158,489.5602203073638,11.66944725045198,12.82283284323018,-1.1533855927782,495.8285000000001,15.446496204641123,526.7214924092823,464.9355075907178
2017-08-28,515.01,521.97,510.07,512.4,20703,496.3034579061615,476.2212440961448,70.11017600486662,502.9481802412288,491.2520558401517,11.6961244010771,12.597491154799565,-0.9013667537224652,497.8450000000001,14.800628542840675,527.4462570856814,468.2437429143187
2017-08-30,512.11,513.56,499.63,503.98,11486,497.03455715319376,477.3098227590411,60.73888511193527,503.10692174257827,492.19486651865896,10.91205522391931,12.260403968623514,-1.3483487447042037,499.5425,13.314905330018696,526.1723106600374,472.91268933996264
2017-08-31,503.98,507.75,492.96,493.25,13665,496.6741231386039,477.9349277488826,51.324070580700564,501.5904722437201,492.2730245543139,9.317447689406208,11.671812712780053,-2.3543650233738447,500.67449999999997,11.574302059212316,523.8231041184246,477.5258958815753
2017-09-04,493.54,493.54,475.84,483.09,13365,495.38039712540353,478.13708744500485,44.318985243888584,498.7442457446862,491.5928005132536,7.151445231432604,10.767739216510565,-3.616293985077961,501.1095,10.661983855588685,522.4334677111774,479.78553228882265
2017-09-06,484.54,497.6,484.54,491.5,19799,495.01083549441273,478.66112323147524,50.35877471302582,497.62974639934987,491.58592640116075,6.043819998189122,9.822955372846277,-3.779135374657155,501.92150000000004,9.09262006997068,520.1067401399414,483.7362598600587
2017-09-07,493.25,493.25,485.99,486.57,28839,494.20694639970674,478.97127526161347,47.13132200281439,495.928246953296,491.2143762973711,4.71387065592495,8.80113842946201,-4.087267773537061,502.0665,8.80481284358264,519.6761256871653,484.4568743128347
2017-09-10,487.44,489.76,473.52,474.1,29951,492.2919991235442,478.7802448591973,40.12618241625891,492.5700551143274,489.946644719788,2.6234103945393485,7.565592822477479,-4.94218242793813,500.703,10.80308732675365,522.3091746535073,479.09682534649266
2017-09-11,475.84,478.74,468.0,472.94,63239,490.4489515879685,478.5512156490327,39.53748459726809,489.5500466352001,488.686893259063,0.8631533761370633,6.225104933209396,-5.361951557072333,498.701,12.046678030848973,522.794356061698,474.6076439383021
2017-09-12,472.99,465.83,449.23,449.23,16172,486.5233371510191,477.40136405495304,29.88605876075202,483.346962537477,485.7641604250583,-2.417197887581324,4.4966443690512525,-6.913842256632576,495.33950000000004,15.66647559700558,526.6724511940112,464.00654880598887
2017-09-13,441.69,448.85,441.31,446.97,6694,482.7563526604459,476.2079772292686,29.155484653976373,477.75050676248054,482.890518912091,-5.14001214961047,2.569313065318908,-7.709325214929378,492.1845,18.619275658645382,529.4230513172907,454.94594868270923
2017-09-14,453.38,456.4,448.48,454.51,9574,480.0662238356415,475.35707616145413,34.87538410744551,474.1750441836374,480.7882582519361,-6.613214068298703,0.7328076385953857,-7.3460217068940885,489.52250000000004,20.02922782099341,529.5809556419869,449.4640443580132
2017-09-17,456.4,473.37,456.4,469.6,8537,479.06944061319945,475.13130846884815,44.528256301012526,473.47119123230857,479.9594983814223,-6.488307149113723,-0.7114153189464362,-5.776891830167287,488.05,20.37154491208893,528.7930898241779,447.30691017582217
2017-09-18,473.37,479.03,473.37,476.77,6829,478.8504462690852,475.1955708818345,48.43889920941261,473.9787002734918,479.7232392420577,-5.744538968565848,-1.7180400488703187,-4.02649891969553,486.96500000000003,20.365236763196393,527.6954735263928,446.2345264736073
2017-09-20,480.54,480.54,472.99,472.99,5611,478.2923085291723,475.1090779060763,46.57473542130432,473.82659253910845,479.22448077968306,-5.397888240574616,-2.4540096872111783,-2.943878553363438,485.41550000000007,20.180613280284973,525.7767265605701,445.0542734394301
2017-09-24,471.86,475.26,468.47,472.99,8497,477.78732676448925,475.0259768117204,46.57473542130432,473.6978859946302,478.76266738859545,-5.064781393965234,-2.9761640285619895,-2.0886173654032443,483.895,19.897895022232447,523.6907900444648,444.0992099555351
2017-09-25,476.77,477.14,474.5,475.26,2474,477.546628977395,475.0351541916529,47.96934461161285,473.9382112262256,478.5032105449958,-4.564999318770219,-3.2939310866036355,-1.2710682321665838,482.70550000000003,19.653832216376202,522.0131644327524,443.3978355672476
2017-09-26,477.14,477.14,471.86,476.39,6134,477.43647383669077,475.0882853998234,48.68741497879888,474.31540949911397,478.34667643055167,-4.031266931437699,-3.4413982555704488,-0.5898686758672502,481.442,19.177663981555916,519.7973279631118,443.08667203688816
2017-10-03,471.49,477.14,468.84,477.14,1586,477.4082382331964,475.16874479590876,49.18864375789502,474.7499618838657,478.2572929912515,-3.5073311073858235,-3.454584825933524,-0.05274628145229965,480.20149999999995,18.574211685474992,517.3499233709499,443.05307662905
2017-10-04,475.26,478.65,469.6,469.6,5471,476.6645964967015,474.95036264704964,44.484157145157305,473.9576600555787,477.6160120289366,-3.6583519733579237,-3.495338255418404,-0.1630137179395197,478.59849999999994,17.99935357757384,514.5972071551477,442.5997928448523
2017-10-08,469.6,469.6,452.63,458.28,5817,474.9136825446347,474.2966229354007,38.52660451189615,471.5457123547204,476.183714841608,-4.638002486887558,-3.723871101712235,-0.914131385175323,475.878,16.63564106622298,509.14928213244593,442.60671786755404
2017-10-09,462.06,462.06,452.63,454.51,6902,472.9704746832409,473.520676937934,36.760860286417554,468.9248335309173,474.57825448297035,-5.653420952053068,-4.109781071780402,-1.543639880272666,472.9835,14.89139429158206,502.7662885831641,443.2007114168359
2017-10-10,452.63,456.77,448.85,454.89,2185,471.2485247134084,472.79006215605426,37.073918195457566,466.7656283723146,473.11986526200957,-6.35423688969496,-4.558672235363314,-1.7955646543316455,470.529,13.493505611374871,497.51601122274974,443.54198877725025
2017-10-11,454.51,456.02,452.25,452.63,5616,469.47533188356,471.9994714832678,35.93455922761463,464.59091631503543,471.60209746482366,-7.011181149788229,-5.049174018248298,-1.9620071315399308,468.49799999999993,12.939231084288833,494.3764621685776,442.6195378314223
2017-10-12,454.51,454.51,450.74,452.63,6092,467.8710145613162,471.23988436627695,35.93455922761463,462.7507753434915,470.19675691187376,-7.445981568382251,-5.528535528275089,-1.917446040107162,466.975,12.923920498541712,492.82284099708346,441.1271590029166
2017-10-15,457.15,459.79,452.63,459.79,1432,467.1013941269051,470.7908692930896,42.434754436094785,462.29527144449287,469.4258860295127,-7.130614585019828,-5.848951339624037,-1.2816632453957908,465.38949999999994,11.63795762286383,488.6654152457276,442.11358475427227
2017-10-16,462.06,484.69,460.17,482.8,6273,468.59649944815226,471.2618155953214,57.3953239885816,465.44984506841706,470.41656113843766,-4.9667160700205955,-5.672504285703349,0.7057882156827535,465.201,11.302539025415843,487.80607805083173,442.5959219491683
2017-10-17,486.57,486.95,477.14,480.16,6476,469.6977852149949,471.61076400334804,55.60961913866978,467.7129458271221,471.13829735040525,-3.4253515232831546,-5.2230737332193105,1.7977222099361558,465.504,11.630141602070283,488.7642832041406,442.2437167958594
2017-10-18,479.03,482.8,476.77,481.67,4812,470.83799614690014,472.005243846354,56.44432906515547,469.86018493064176,471.91842347259745,-2.0582385419556886,-4.590106694966587,2.5318681530108984,465.9405,12.079078247771427,490.09865649554285,441.7823435044571
2017-10-22,482.8,484.69,479.03,479.78,1070,471.68961556148105,472.31013624453624,55.04903434024743,471.38631032592764,472.50076247462727,-1.1144521486996268,-3.894975785713195,2.780523637013568,467.468,11.782690962415357,491.03338192483073,443.9026180751693
2017-10-23,479.78,482.8,475.26,477.14,1708,472.20869979372094,472.49954266631914,53.0754042670052,472.27149335270803,472.84440969872895,-0.5729163460209179,-3.2305638977747395,2.6576475517538216,468.97650000000004,10.919977961708778,490.8164559234176,447.1365440765825
2017-10-24,477.14,479.03,471.86,474.13,2908,472.3916807657475,472.5634821696008,50.83747047353265,472.5574174522914,472.9396386099342,-0.38222115764278897,-2.6608953497483494,2.2786741921055604,469.9575,10.421900460593593,490.8013009211872,449.1136990788128
2017-10-25,477.14,477.14,465.83,465.83,2350,471.76675878805725,472.2994240453027,45.18029944427631,471.5224301519389,472.41299871290204,-0.8905685609631178,-2.3068299919913033,1.4162614310281856,469.76899999999995,10.462720739040709,490.6944414780814,448.8435585219185
2017-10-29,467.71,467.71,462.06,463.94,2416,471.02135318919466,471.97160349450655,43.98013615017561,470.35590243625603,471.785369178613,-1.429466742356965,-2.131357342064436,0.7018905997074709,469.12749999999994,10.404034579253889,489.93556915850775,448.31943084149214
2017-10-30,460.17,465.45,460.17,462.81,5881,470.2393195521285,471.6123249260945,43.240558375927705,469.1949943691397,471.1205270172343,-1.9255326480945882,-2.0901924032704664,0.16465975517587816,468.6184999999999,10.454022280543512,489.52654456108695,447.7104554389129
2017-10-31,462.06,462.06,456.4,459.79,4315,469.2441462614496,471.1487043407575,41.24435414415728,467.74807215850285,470.2812287196613,-2.533156561158478,-2.178785234848069,-0.3543713263104089,467.9585,10.579437491264551,489.1173749825291,446.79962501747093
2017-11-01,465.83,465.83,460.17,460.17,3253,468.3799418555973,470.71816691562975,41.60962605124616,466.5822149033486,469.5322488145012,-2.950033911152616,-2.3330349701089785,-0.6169989410436374,467.204,10.569391955821517,488.34278391164304,446.065216088357
2017-11-02,456.4,463.94,455.64,458.28,7706,467.4180426312547,470.23039566403645,40.26872288945714,465.3049510720642,468.6987489023159,-3.3937978302516854,-2.54518754213752,-0.8486102881141653,466.2985,10.516617064136144,487.3317341282723,445.2652658717277
2017-11-05,456.4,456.4,450.36,453.76,7767,466.1172766663733,469.5844977948586,37.182656067291944,463.52880475328516,467.5921749095518,-4.063370156266615,-2.848824064963339,-1.2145460913032755,465.1295,10.547461892247652,486.2244237844953,444.0345762155047
2017-11-06,453.76,452.63,445.08,448.85,5666,464.47277412671866,468.7713802342759,34.12338915918231,461.2705270989336,466.20386565699243,-4.933338558058836,-3.2657269635824386,-1.667611594476397,464.092,11.091102930300561,486.2742058606011,441.90979413939885
2017-11-07,449.23,450.74,443.2,444.7,9207,462.5896527813169,467.8274045388141,31.74591351652593,458.7212152375592,464.61098671943745,-5.889771481878256,-3.7905358672416023,-2.0992356146366538,463.413,11.855019412179523,487.12303882435907,439.70296117564095
2017-11-08,444.7,445.08,439.42,439.42,4291,460.3830191830962,466.71338867454693,28.97945222173017,455.75179750870393,462.74498770318286,-6.993190194478927,-4.431066732689067,-2.5621234617898603,462.6585,12.886760760359145,488.4320215207183,436.8849784792817
2017-11-09,439.42,439.42,426.22,426.22,18364,457.12939830851565,465.1254126480941,23.47240241980775,451.20844404582635,460.03943305850265,-8.830989012676298,-5.3110511886865135,-3.5199378239897845,461.225,15.185900143155497,491.596800286311,430.85319971368904
2017-11-12,426.22,433.77,422.83,433.77,10024,454.9046937077046,463.89578862267865,31.491590851486762,448.5256065003146,458.09354912824324,-9.56794262792863,-6.162429476534937,-3.405513151393693,460.28200000000004,16.29293957516554,492.86787915033113,427.69612084966894
2017-11-13,433.77,439.42,433.77,437.92,10925,453.2871038307803,462.8771302453187,35.49293104120552,446.8939747310354,456.59921215578083,-9.705237424745405,-6.870991066177031,-2.8342463585683744,459.54650000000004,16.974321868479233,493.4951437369585,425.5978562630416
2017-11-14,439.42,452.63,438.67,452.63,11066,453.22452251356316,462.47528200040426,47.252972289579645,447.77644015703,456.3051964405378,-8.528756283507846,-7.202544109643195,-1.3262121738646515,459.18850000000003,17.044276481841912,493.27705296368384,425.0999470363162
2017-11-15,452.63,455.64,451.49,452.63,8902,453.1679013217952,462.08919251019233,47.252972289579645,448.52314167133306,456.0329596671647,-7.509817995831611,-7.263998886880879,-0.245819108950732,457.68,16.15653591063303,489.9930718212661,425.36692817873393
2017-11-16,452.63,452.63,445.08,448.1,4677,452.6852440530528,461.5405967254789,44.36435126909313,448.45804295266646,455.4453330251525,-6.987290072486019,-7.208657124001907,0.2213670515158883,456.07699999999994,15.380563982541359,486.83812796508266,425.3158720349172
2017-11-19,445.84,452.63,440.56,440.56,2558,451.530458905143,460.71782822644053,39.983122138839136,447.242959421487,454.34271576403006,-7.09975634254306,-7.186876967710138,0.08712062516707775,454.0215,14.502172713805637,483.0258454276113,425.01715457238873
2017-11-20,436.41,436.41,429.99,429.99,11937,449.4789866284627,459.5128153548154,34.795449036160164,444.5886579720275,452.5388108926204,-7.950152920592927,-7.339532158286696,-0.6106207623062314,451.532,14.116074674303862,479.7641493486077,423.29985065139226
2017-11-21,426.22,438.29,426.22,431.88,4337,447.80289266384716,458.4291755369795,36.384830296801475,442.6334798224848,451.0085286042781,-8.375048781793339,-7.546635482988025,-0.8284132988053141,449.26899999999995,13.404664898930845,476.0783297978616,422.4596702021383
2017-11-22,439.05,440.56,437.54,439.8,3050,447.0407124101474,457.69861963356857,42.689108954306576,442.19755984979486,450.17826722618344,-7.98070737638858,-7.6334498616681365,-0.3472575147204431,447.55250000000007,12.197240790225239,471.94698158045054,423.1580184195496
2017-11-23,439.8,443.2,439.8,439.8,5085,446.3511207520382,456.9967129812718,42.689108954306576,441.82870448828794,449.4095066909106,-7.580802202622635,-7.622920329859037,0.04211812723640129,446.25100000000003,11.513921047789703,469.2788420955794,423.22315790442065
2017-11-26,439.8,445.08,441.31,443.2,7461,446.05101401374884,456.45566541337877,45.38386098985598,442.0396730285513,448.9495432323246,-6.909870203773266,-7.4803103046418835,0.5704401008686171,445.21400000000006,10.745225818694315,466.7044516373887,423.72354836261144
2017-11-27,445.08,446.59,437.54,439.42,7045,445.41948886958227,455.78760010305024,42.96508900457525,441.63664640877414,448.24365114104125,-6.607004732267114,-7.30564919016693,0.6986444578998157,444.0445000000001,9.974531501990903,463.9935630039819,424.0954369960183
2017-11-28,439.42,445.08,439.42,444.33,5031,445.31572802486016,455.33828245195025,46.92222159419722,442.05100849973195,447.95375105651965,-5.9027425567877,-7.025067863491085,1.1223253067033845,443.2715,9.263807489932251,461.7991149798645,424.7438850201355
2017-11-29,445.08,448.85,445.08,445.08,11254,445.29327773677824,454.93599686559924,47.52116866285989,442.5170071920809,447.7408806078886,-5.223873415807702,-6.664828973954409,1.4409555581467064,442.517,8.388182225764433,459.2933644515289,425.7406355484711
2017-11-30,445.08,448.85,441.31,444.7,8116,445.2367750951803,454.53458522381106,47.2303622363029,442.85285223945306,447.5156301924894,-4.662777953036368,-6.264418769770801,1.6016408167344327,441.838,7.553120372959782,456.9442407459196,426.73175925408043
2017-12-04,445.46,445.46,439.8,439.8,4406,444.7189869908774,453.95675835228906,43.53111117395724,442.3831826641526,446.94410203008283,-4.560919365930204,-5.923718889002681,1.3627995230724776,441.14000000000004,7.019589881557356,455.17917976311475,427.10082023688534
2017-12-05,441.31,441.31,435.65,441.31,4113,444.3943215631748,453.46080704435616,44.961726532525475,442.21807763889836,446.5267611389656,-4.308683500067218,-5.600711811215589,1.2920283111483712,440.76300000000003,6.782176408949017,454.3273528178981,427.198647182102
2017-12-06,441.31,445.08,439.42,440.56,4018,444.0291480809677,452.9548930426167,44.36058066908554,441.96298877137554,446.08477883237555,-4.121790061000013,-5.304927461172475,1.1831374001724617,440.5559999999999,6.71857080666788,453.9931416133357,427.11885838666416
2017-12-10,441.31,443.57,435.65,439.05,9654,443.5549435018279,452.4096031193768,43.11082928177133,441.5148366527024,445.56368410405145,-4.048847451349047,-5.05371145920779,1.0048640078587425,440.5375,6.7223718206252325,453.9822436412505,427.09275635874957
2017-12-11,439.42,440.18,434.52,440.18,2773,443.23352031117764,451.93001084018556,44.37379629224752,441.3094771676713,445.1648926889365,-3.855415521265229,-4.814052271619278,0.9586367503540494,441.23550000000006,5.821956150732494,452.87941230146504,429.5915876985351
2017-12-12,439.05,441.31,434.9,437.54,950,442.69128028154165,451.3656966895901,42.02635727606285,440.72955760341415,444.60008582308933,-3.8705282196751796,-4.625347461230459,0.7548192415552792,441.424,5.6252283228514175,452.67445664570283,430.1735433542971
2017-12-13,437.54,437.54,435.65,436.03,2013,442.0568726356805,450.7642968194101,40.70012030614898,440.0065487413504,443.9652646510086,-3.958715909658224,-4.492021150916012,0.5333052412577883,441.3295,5.702535424103667,452.73457084820734,429.92442915179265
2017-12-14,437.54,440.93,437.16,440.93,372,441.94955143228236,450.37863812060976,46.59023638589396,440.148618165758,443.7404302324154,-3.5918120666573827,-4.3119793340642865,0.7201672674069037,440.7445000000001,5.044398117557783,450.83329623511565,430.6557037648845
2017-12-17,437.54,437.54,433.77,436.41,3691,441.4219751053983,449.8308483903898,42.40592829402222,439.57344614025675,443.1974354003846,-3.623989260127871,-4.174381319277003,0.5503920591491323,439.9335,4.278720018884111,448.4909400377682,431.37605996223175
2017-12-18,437.54,439.05,437.54,437.54,1545,441.05226319059847,449.34885433586476,43.7656655339716,439.26060827252496,442.7783661114672,-3.5177578389422592,-4.043056623210054,0.525298784267795,439.4055,3.847780597476356,447.1010611949527,431.70993880504733
2017-12-19,435.65,437.92,435.65,435.65,2366,440.537761934351,448.81164436190926,41.980443353341975,438.7051300767519,442.2503389920993,-3.5452089153473594,-3.9434870816375156,0.3982781662901562,439.15999999999997,3.9260828208010645,447.0121656416021,431.3078343583978
2017-12-20,433.77,437.54,431.88,435.65,2665,440.07226079774614,448.295501445756,41.980443353341975,438.2351100649439,441.7614249926845,-3.5263149277406,-3.8600526508581323,0.33373772311753225,439.44300000000004,3.398899357454557,446.24079871490915,432.64520128509093
2017-12-21,439.42,437.54,431.88,433.39,4245,439.4358550074846,447.71097197729495,39.73281709677327,437.48970851649096,441.14131943767086,-3.651610921179895,-3.818364304922485,0.16675338374259008,439.5185,3.2348729333215815,445.9882458666432,433.04875413335685
2017-12-24,433.77,435.65,433.01,433.77,4231,438.8962497686765,447.16426719387164,40.31148275243005,436.91744566780005,440.5952957756212,-3.6778501078211434,-3.790261465502217,0.11241135768107346,439.217,3.4790472077400665,446.1750944154801,432.2589055845199
2017-12-26,433.77,435.65,426.22,431.88,2029,438.22803550499304,446.564884166661,38.3397027911487,436.14245402660003,439.9497183107603,-3.807264284160283,-3.7936620292338303,-0.013602254926452506,438.821,3.8411003083683055,446.50320061673665,431.1387993832634
2017-12-27,426.22,431.13,426.22,427.73,2831,437.2282225997556,445.8262612581645,34.36489876859551,434.8482303302,439.04455399144473,-4.196323661244719,-3.8741943556360083,-0.32212930560871067,438.04749999999996,4.425973428464445,446.8994468569289,429.19555314307104
2017-12-28,424.34,425.85,409.25,411.13,15690,434.7426775902551,444.4656235617659,23.755752360072407,431.1992718178616,436.9768092513377,-5.777537433476141,-4.254862971204036,-1.5226744622721053,436.633,7.451059338319442,451.5351186766389,421.7308813233611
2017-12-31,411.13,411.13,382.85,384.73,19263,429.97956543880224,442.12305008875546,15.539386556426237,424.0501530766521,433.1066752327201,-9.056522156067956,-5.21519480817682,-3.841327347891136,433.65299999999996,13.595504326605015,460.84400865321,406.46199134678994
2018-01-01,384.73,401.71,384.73,401.71,15122,427.28722587320203,440.53822459507876,31.86288252579041,420.6132064494749,430.78099558585194,-10.167789136377053,-6.205713673816867,-3.962075462560186,431.4844999999999,15.057168418712473,461.59883683742487,401.37016316257495
2018-01-02,401.71,415.28,401.71,407.36,24418,425.389394837659,439.23711774821294,36.27611338609318,418.5742516110941,429.04610702393694,-10.471855412842842,-7.058942021622062,-3.41291339122078,429.6175,15.636119411898724,460.8897388237975,398.34526117620254
2018-01-03,414.91,414.91,396.05,397.93,12532,422.77421437692954,437.61723077769483,32.49330217765424,415.39821290169505,426.741210207349,-11.342997305653967,-7.915753078428445,-3.427244227225522,427.524,16.948895135547545,461.4217902710951,393.6262097289049
2018-01-04,399.82,407.74,399.44,407.36,7265,421.3061939600791,436.43067270798133,39.30889510910801,414.1615647629727,425.3055650068046,-11.144000243831897,-8.561402511509135,-2.5825977323227622,425.8265,17.193846596659835,460.21419319331966,391.43880680668036
2018-01-07,405.85,411.13,405.1,407.74,8667,420.01417548769064,435.3055482880605,39.57364741242903,413.1736317225154,424.0044120433376,-10.830780320822214,-9.015278073371752,-1.8155022474504623,424.18549999999993,17.279630074926736,458.7447601498534,389.6262398501465
2018-01-08,410.76,413.78,407.36,410.76,14120,419.13282544124394,434.34297776696013,41.74850009823394,412.8023037652053,423.02334448457185,-10.221040719366556,-9.256430602570713,-0.9646101167958427,422.771,17.156249712874978,457.08349942574995,388.4585005742501
2018-01-09,410.76,414.91,410.76,411.13,9727,418.3706515896969,433.43266491335385,42.02381679479086,412.54502626286603,422.1423560042332,-9.597329741367162,-9.324610430330003,-0.2727193110371591,421.31850000000003,16.83143308624783,454.9813661724957,387.65563382750435
2018-01-10,412.27,412.27,403.59,403.59,12309,416.96297048591623,432.2623643285164,38.07456608094769,411.1673299147328,420.76810741132704,-9.600777496594219,-9.379843843582846,-0.22093365301137347,419.621,16.821318209812958,453.26363641962587,385.9783635803741
2018-01-14,402.46,404.72,397.93,401.71,9390,415.51030663011466,431.0642323940648,37.13743087402112,409.712356081697,419.3563957512287,-9.644039669531708,-9.432683008772617,-0.21135666075909043,417.90500000000003,16.809824351754457,451.52464870350894,384.2853512964911
2018-01-16,402.08,402.08,386.62,388.5,22276,412.9378964748656,429.39504680998385,31.306572804144437,406.4489166845129,417.0707368066933,-10.621820122180395,-9.670510431454174,-0.9513096907262213,415.2835,17.115539038515315,449.51457807703065,381.05242192296936
2018-01-17,386.99,394.16,380.96,391.9,20617,410.9342872867832,427.92465281743546,34.17138473238879,404.21062180997245,415.2062377839752,-10.99561597400276,-9.935531539963891,-1.0600844340388687,413.058,17.117694630810483,447.293389261621,378.822610738379
2018-01-21,390.39,394.16,386.62,391.9,12003,409.1214980213753,426.5119213343988,34.17138473238877,402.31667999305364,413.47984979997705,-11.163169806923406,-10.181059193355795,-0.9821106135676114,410.776,16.71972689275798,444.215453785516,377.33654621448403
2018-01-22,392.28,393.41,389.64,391.9,11946,407.4813553526729,425.154591085991,34.17138473238877,400.7141138402762,411.8813424073861,-11.16722856710993,-10.378293068106622,-0.7889354990033084,408.58849999999995,16.146240323336585,440.88098064667315,376.29601935332676
2018-01-23,388.5,392.28,388.5,388.88,6612,405.70979770003737,423.7320581022267,32.660318756101816,398.89348094177217,410.1775392660982,-11.284058324326054,-10.55944611935051,-0.7246122049755446,406.25,15.389759069281066,437.02951813856214,375.47048186143786
2018-01-24,389.26,389.26,380.96,382.85,19823,403.5326741095576,422.1288401374335,29.82443678026884,396.4252531045764,408.1532770982391,-11.728023993662646,-10.793161694212937,-0.9348622994497084,403.723,14.838276996016695,433.3995539920334,374.0464460079666
2018-01-25,384.73,391.9,384.73,391.14,8156,402.3524194324569,420.91359150459294,37.81822682366788,395.6121372423339,406.89303435022134,-11.280897107887427,-10.890708776947836,-0.3901883309395906,401.5915,13.2743493348318,428.1401986696636,375.0428013303364
2018-01-28,394.16,397.93,393.78,395.29,10059,401.6798080579372,419.90874477892265,41.4159244618952,395.56257766659024,406.033550324279,-10.470972657688776,-10.806761553096026,0.33578889540724965,399.762,11.246830945461062,422.2556618909221,377.2683381090779
2018-01-29,394.16,397.93,394.16,396.8,11653,401.2150644333717,419.0025194934747,42.71465375195537,395.7529503332687,405.3495836335917,-9.596633300322992,-10.56473590254142,0.968102602218428,398.21549999999996,9.125049661003505,416.465599322007,379.96540067799293
2018-01-31,400.57,403.59,399.06,403.59,10033,401.44124877305063,418.39810696431886,48.268243437102434,396.9586502819966,405.2192441051775,-8.260593823180898,-10.103907486669316,1.8433136634884182,397.8385,8.709711624327065,415.25792324865415,380.41907675134587
2018-02-01,405.48,414.15,405.48,411.13,12664,402.363986985141,418.11308316179657,53.64270086860736,399.13885793092015,405.65707787516436,-6.518219944244208,-9.386769978184295,2.868550033940087,399.1585,8.618540769758578,416.39558153951714,381.92141846048287
2018-02-04,411.13,414.53,409.63,409.63,19894,403.0559882246514,417.780413233883,52.47472947222586,400.75287978770166,405.95136840293,-5.198488615228314,-8.5491137055931,3.3506250903647867,399.5545,8.918672001096839,417.3918440021937,381.71715599780634
2018-02-05,411.13,411.89,405.1,406.23,12146,403.3582750603989,417.32745585216213,49.82650764566731,401.5955136665168,405.9720077804907,-4.376494113973877,-7.714589787269256,3.3380956732953795,399.498,8.87006829618229,417.2381365923646,381.7578634076354
2018-02-06,403.59,404.72,401.71,404.35,4578,403.45272505464663,416.8185360148225,48.37282625640837,402.019280794745,405.8518590560099,-3.8325782612649277,-6.9381874820683915,3.105609220803464,399.819,8.926325878221194,417.67165175644243,381.9663482435576
2018-02-07,401.71,402.08,399.82,402.08,7436,403.3219893351565,416.24055421031966,46.604786618868864,402.02862221093807,405.572462088898,-3.543839877959954,-6.259317961246705,2.715478083286751,399.555,8.768238435578079,417.09147687115615,382.01852312884387
2018-02-08,402.08,403.59,398.69,401.71,8717,403.16846654133207,415.670728555013,46.30768558648919,401.97960340925533,405.28635378601666,-3.306750376761329,-5.668804444349631,2.3620540675883017,399.2535,8.57348990846301,416.400479816926,382.10652018307394
2018-02-11,402.84,403.59,399.82,403.59,6351,403.20861258501475,415.1969744940321,48.11750522552517,402.22735673090835,405.16069795001545,-2.933341219107092,-5.121711799301123,2.1883705801940314,398.89500000000004,8.20918965165459,415.3133793033092,382.4766206966909
2018-02-12,404.35,405.1,400.2,400.57,6125,402.9573161483467,414.62336765112883,45.46628145425448,401.9723787723071,404.8206462500143,-2.8482674777072248,-4.667022934982344,1.8187554572751194,398.367,7.7049533623364725,413.776906724673,382.95709327532705
2018-02-14,405.48,405.48,399.82,402.84,11870,402.9461431818375,414.161274802065,47.79470218918296,402.1058589611829,404.6739317129762,-2.568072751793295,-4.247232898344534,1.6791601465512391,398.3295,7.6799797662830445,413.6894595325661,382.9695404674339
2018-02-15,405.48,416.42,405.48,416.42,18692,404.2293676407101,414.24985226080753,59.05715448673712,404.3080345056163,405.54401084534834,-1.2359763397320194,-3.6449815866220314,2.409005246890012,399.065,8.66231675586492,416.3896335117298,381.7403664882702
2018-02-18,416.42,424.71,417.17,419.43,19540,405.67704691302345,414.4529953094033,61.06227451475524,406.63449073552147,406.57260263458176,0.06188810093971142,-2.903607649109683,2.9654957500493944,400.6115,9.40593221267646,419.4233644253529,381.7996355746471
2018-02-20,422.45,426.22,412.27,414.91,9378,406.55637577844976,414.47091706197574,56.58111430510977,407.90764600697975,407.1901876246127,0.717458382367056,-2.1793944428143353,2.896852825181391,401.76200000000006,9.687331716704287,421.1366634334086,382.3873365665915
2018-02-21,413.02,413.4,409.25,413.02,2594,407.171959037645,414.414018353663,54.771120162314475,408.6941620059059,407.6220255783451,1.0721364275608494,-1.5290882687392984,2.6012246963001475,402.818,9.706818872914551,422.23163774582906,383.4043622541709
2018-02-22,414.91,414.91,409.63,411.13,8036,407.54891531977404,414.285233320186,52.94708822516208,409.0689063126896,407.8818755355047,1.187030777184873,-0.9858644595544641,2.172895236739337,403.7795,9.519015028103187,422.81753005620635,384.7414699437936
2018-02-25,411.13,411.13,401.71,405.48,10323,407.3518757655099,413.93993005272773,47.82009677956041,408.51676687996815,407.70395882917103,0.8128080507971163,-0.626129957484148,1.4389380082812644,404.60949999999997,8.851820790988748,422.31314158197745,386.9058584180225
2018-02-26,407.36,409.25,399.44,399.82,12348,406.6345542640327,413.386207305562,43.29704617373324,407.17880274458844,407.11996187886206,0.05884086572638125,-0.4891357928420422,0.5479766585684235,405.45799999999997,7.340602011737741,420.13920402347543,390.7767959765245
2018-02-27,399.82,405.48,397.93,402.84,19270,406.2731681436486,412.97263054848116,46.2199683018671,406.51129463003633,406.80292766561297,-0.29163303557663767,-0.4496352413889614,0.15800220581232371,406.043,6.564692721392765,419.1723854427855,392.9136145572145
2018-02-28,399.82,402.46,397.93,399.82,12588,405.6585807013963,412.4568411152074,43.78909557741382,405.4818646869538,406.2856737644565,-0.803809077502649,-0.5204700086116989,-0.28333906889095006,406.2695,6.244497767508005,418.758495535016,393.780504464984
2018-03-04,394.16,394.16,385.49,390.01,13490,404.1682396822157,411.5765728361797,36.98454289767835,403.1015778120379,405.0800683004226,-1.9784904883847503,-0.8120741045663092,-1.166416383818441,405.93,6.9330482397519955,419.796096479504,392.063903520496
2018-03-06,390.39,399.82,386.62,396.05,15880,403.39507399819513,410.9676876269177,42.87086309688409,402.01671968710895,404.41117435224317,-2.3944546651342193,-1.1285502166798913,-1.265904448454328,405.553,7.26408693142915,420.0811738628583,391.0248261371417
2018-03-07,396.42,401.71,396.42,399.82,21280,403.05459076027176,410.5305234062543,46.246038612285226,401.6787628121691,404.0710873631881,-2.3923245510189872,-1.3813050835477105,-1.0110194674712767,404.9875,7.247289057585727,419.4820781151715,390.49292188482855
2018-03-11,399.82,399.82,392.28,393.78,11768,402.17129640215063,409.8736401354208,41.96806665124867,400.46356853337386,403.3087845955445,-2.845216062170664,-1.6740872792723014,-1.1711287828983625,404.195,7.572230777476321,419.33946155495266,389.0505384450473
2018-03-12,393.78,393.41,390.39,393.41,8110,401.33688722099345,409.22800718893376,41.71350699892322,399.37840414362404,402.57554129217084,-3.197137148546801,-1.9786972531272016,-1.2184398954195996,403.554,7.925283591139883,419.4045671822797,387.7034328177202
2018-03-13,391.14,392.65,386.24,388.5,14786,400.1143265332798,408.41514416191677,38.386077987037105,397.70480350614343,401.53290860386187,-3.828105097718435,-2.3485788220454484,-1.4795262756729866,402.76149999999996,8.604834794584743,419.97116958916945,385.55183041083046
2018-03-14,392.28,392.28,388.5,388.5,9600,399.00820019677695,407.63415811635144,38.386077987037105,396.2886798898137,400.56750796653876,-4.278828076725063,-2.7346286729813714,-1.5441994037436912,402.0825,9.178136420749347,420.4387728414987,383.7262271585013
2018-03-15,388.5,390.39,385.86,386.24,11196,397.79218113041725,406.79517152355334,36.818273759346134,394.7427291375347,399.5062110801285,-4.763481942593785,-3.140399326903854,-1.6230826156899307,401.30899999999997,9.83924895507735,420.9874979101547,381.63050208984527
2018-03-18,386.62,388.13,384.35,386.62,12162,396.72816387990133,406.0039883265513,37.28211497410368,393.4930785009909,398.55167692604493,-5.058598425054015,-3.5240391465338865,-1.5345592785201285,400.4605,10.350617309329964,421.16173461866,379.7592653813401
2018-03-19,388.5,388.5,381.71,382.85,12030,395.4064339865774,405.0959887843336,34.57051202924687,391.8556818085308,397.3885897463379,-5.532907937807124,-3.9258129047885344,-1.6070950330185898,399.5745,11.073886055419358,421.72227211083873,377.42672788916127
2018-03-20,380.96,382.85,376.43,382.85,23717,394.21058313071285,404.2235970673009,34.57051202924687,390.47019229952605,396.3116571725351,-5.841464873009045,-4.308943298432637,-1.5325215745764078,398.575,11.650736367059674,421.8764727341193,375.27352726588066
2018-03-21,377.19,377.57,371.53,371.53,20783,392.0505275944545,402.9414952215244,27.58404066626369,387.5563165611374,394.4759788634584,-6.919662302321001,-4.831087099210309,-2.0885752031106914,396.3305,12.335839729912788,421.0021794598255,371.6588205401744
2018-03-22,368.14,373.42,365.5,367.76,20012,389.73714401403026,401.56182874224896,25.719810855641143,384.5107293978855,392.4970174661652,-7.986288068279691,-5.462127293024186,-2.5241607752555053,393.747,12.650115497704052,419.04723099540814,368.4467690045919
2018-03-26,367.76,363.99,347.01,348.9,16921,385.8478922031702,399.49665898765096,18.854715553872865,379.0321556443646,389.26760876496775,-10.235453120603154,-6.41679245853998,-3.8186606620631736,390.44649999999996,15.19348519492514,420.8334703898502,360.0595296101497
2018-03-27,348.9,358.33,334.94,354.18,25557,382.83190246953495,397.7195351057823,24.898440265646514,375.2087470836931,386.6685266342294,-11.459779550536325,-7.425389876939249,-4.034389673597076,387.5045,16.252265744876716,420.00903148975345,354.99996851024656
2018-03-28,358.33,365.12,351.16,365.12,23753,381.14505461529353,396.4411219643791,35.60101972171044,373.6566321477403,385.0723394761383,-11.415707328398014,-8.223453367231002,-3.1922539611670118,385.204,15.986247839940031,417.1764956798801,353.23150432011994
2018-03-29,367.38,372.28,364.74,365.87,18810,379.6902875090751,395.24225443636425,36.27152416565117,372.4586887403957,383.6499439593873,-11.191255218991614,-8.817013737583125,-2.3742414814084896,383.2235,15.794539454473947,414.8125789089479,351.6344210910521
2018-04-01,367.76,367.76,345.88,356.44,15347,377.47597441297273,393.72059739964413,31.789795888221036,369.9942750880271,381.63439255498827,-11.640117466961158,-9.38163448345873,-2.258482983502427,381.0545,16.363796520946284,413.7820930418926,348.32690695810743
2018-04-02,356.44,357.95,353.43,356.44,8678,375.4725482784039,392.2586131878934,31.789795888221036,367.9090019975614,379.76814125461874,-11.859139257057336,-9.877135438178453,-1.9820038188788835,378.73449999999997,16.40173369366424,411.5379673873284,345.9310326126715
2018-04-03,356.44,358.33,354.18,358.33,11371,373.83992463284164,390.92807933738777,33.694164210211724,366.43530938255196,378.1801307913137,-11.744821408761709,-10.250672632295103,-1.4941487764666057,376.65999999999997,16.217266302178526,409.094532604357,344.2254673956429
2018-04-04,359.08,363.99,358.33,363.99,16959,372.901836572571,389.8716840692549,39.17125298988749,366.0591079390824,377.1290099919571,-11.069902052874681,-10.41451851641102,-0.6553835364636615,375.359,16.133406303299804,407.6258126065996,343.09218739340037
2018-04-05,365.87,368.89,363.99,365.87,27949,372.2321378513738,388.93044155673516,40.91702092882256,366.0300144099929,376.29500925181213,-10.26499484181926,-10.384613781492668,0.11961893967340842,373.85,15.495043689752979,404.840087379506,342.8599126204941
2018-04-08,366.63,380.96,366.63,376.81,31730,372.6681247226715,388.4551301231377,49.923512686305195,367.68847373153244,376.33315671464084,-8.644682983108396,-10.036627621815814,1.3919446387074181,372.6995,14.271205634533576,401.24191126906715,344.15708873093286
2018-04-09,382.85,388.5,374.92,375.3,35267,372.9187795109885,387.93924266732836,48.81736799336515,368.85947777283513,376.2566265876304,-7.397148814795287,-9.508731860411709,2.111583045616422,371.7755,13.406554749940149,398.5886094998803,344.96239050011974
2018-04-10,373.42,377.19,369.64,371.91,11944,372.82270527184676,387.31064491566843,46.335231953542745,369.3287888847066,375.93465424780595,-6.605865363099326,-8.928158560949234,2.3222931978499073,370.70050000000003,12.405076412076554,395.5106528241531,345.89034717584695
2018-04-11,370.78,374.92,369.64,372.28,8026,372.7710190554804,386.72120786015205,46.65404743594278,369.7828213639825,375.6639391183388,-5.881117754356296,-8.318750399630646,2.43763264527435,369.8895,11.68974065490469,393.26898130980936,346.51001869019063
2018-04-12,376.81,376.81,372.66,372.66,14218,372.7604458121013,386.16978794406765,47.00228359162479,370.2254642310622,375.44142510957295,-5.215960878510771,-7.698192495406672,2.482231616895901,369.09749999999997,10.870361382168085,390.83822276433614,347.3567772356638
2018-04-15,373.04,376.81,369.27,373.42,13102,372.82326049666307,385.6697962599866,47.73710287554886,370.71693127243725,375.29168991627125,-4.574758643834002,-7.073505725092138,2.498747081258136,368.4565,10.161152687926307,388.77880537585264,348.13419462414737
2018-04-16,373.42,376.81,369.64,375.68,8325,373.0953309255523,385.27803954390873,49.959024254660115,371.4804803074469,375.3204536261771,-3.8399733187301877,-6.426799243819748,2.5868259250895607,367.9095,9.39768587136352,386.704871742727,349.11412825727297
2018-04-17,375.68,379.07,376.06,377.94,16009,373.55672798026154,384.9902732872849,52.149827609218335,372.4742525678397,375.5144940983121,-3.0402415304724286,-5.749487701150285,2.709246170677856,367.66400000000004,9.044336640303763,385.75267328060755,349.57532671939254
2018-04-18,379.07,396.05,376.81,392.28,21999,375.3398967440462,385.27614492307765,63.168366402179444,375.5212906343259,376.7563834243631,-1.2350927900371858,-4.846608718927666,3.61151592889048,368.1355,10.065802174741762,388.2671043494835,348.0038956505165
2018-04-19,396.05,399.82,392.65,397.93,15695,377.4913351493751,385.7723745339374,66.44674520419719,378.96878438289116,378.3247994670029,0.643984915888268,-3.748489991964479,4.392474907852748,369.4555,12.066545083955964,393.5885901679119,345.32240983208806
2018-04-22,397.93,405.85,399.06,401.71,20691,379.79787465895845,386.39737945417517,68.4688602302341,382.4674329393695,380.0570365435212,2.410396395848295,-2.5167127144019243,4.927109110250219,371.15299999999996,14.041810911851615,399.2366218237032,343.0693781762967
2018-04-23,407.74,407.74,396.05,396.42,16208,381.3809342152481,386.79042339714874,62.76778754604595,384.613981717928,381.2691079106678,3.344873807260228,-1.344395410069494,4.689269217329722,373.529,14.098515002054059,401.7260300041081,345.3319699958919
2018-04-24,397.93,401.33,389.26,389.26,8229,382.13132143284355,386.887269538437,55.974280460844,385.3287537613237,381.86102584321094,3.4677279181127574,-0.3819707444330438,3.8496986625458014,375.283,13.742260252305345,402.76752050461073,347.7984794953893
2018-04-25,392.28,394.16,388.5,392.28,10589,383.09786224876325,387.09874916438065,58.037281431175685,386.3981762595816,382.6328017066768,3.7653745529048024,0.4474983150345255,3.317876237870277,376.64099999999996,14.024176080498583,404.68935216099715,348.5926478390028
2018-04-26,396.05,396.05,384.73,388.5,13380,383.61235155840484,387.1537001775422,54.589261788617804,386.7215337581075,383.06740898766367,3.6541247704438433,1.0888236061163892,2.565301164327454,377.7725,14.022328763345813,405.81715752669163,349.7278424733083
2018-04-29,382.85,384.73,377.94,382.85,7378,383.53974664808055,386.98492762156013,49.824442347162154,386.12591317993713,383.0513046182071,3.074608561730031,1.4859805972391176,1.5886279644909134,379.09299999999996,13.122338166171296,405.33767633234254,352.8483236676574
2018-05-02,382.09,386.62,375.68,380.58,10811,383.2578660149301,386.7337539893421,48.01124816833466,385.2726957676391,382.86824501685845,2.4044507507806543,1.669674627947425,0.7347761228332292,380.3,11.990424249550076,404.28084849910016,356.31915150089986
2018-05-03,381.34,386.62,380.58,380.58,6662,383.00283115636535,386.4924303034856,48.01124816833466,384.5507425726177,382.6987453859801,1.8519971866376181,1.7061391396854637,0.14585804695215443,381.4125,10.819766450927672,403.05203290185534,359.7729670981447
2018-05-06,379.07,379.45,377.19,379.07,6340,382.6282758081401,386.20135460530975,46.70013416884003,383.70755140759957,382.429949431463,1.277601976136566,1.6204317069756844,-0.3428297308391184,382.1665,10.039010894347653,402.2445217886953,362.0884782113047
2018-05-07,380.96,380.96,376.43,376.81,6050,382.0741543026029,385.8330661894152,44.731230455755195,382.6463896525843,382.0136568809843,0.63273277159999,1.4228919199005456,-0.7901591483005557,382.7135,9.380789594753825,401.47507918950765,363.95192081049237
2018-05-08,379.45,380.96,376.06,380.96,8831,381.96804436902164,385.64196555453617,48.98458978310974,382.3869450906482,381.9356082231336,0.45133686751461255,1.228580909423359,-0.7772440419087465,382.921,9.2887803856384,401.4985607712768,364.3434392287232
2018-05-09,380.96,382.47,378.32,378.32,7968,381.62061157197195,385.3548296504367,46.5313583420447,381.7612612305485,381.66778539179035,0.09347583875813825,1.0015598952903149,-0.9080840565321766,383.072,9.182308275327454,401.4366165506549,364.7073834493451
2018-05-10,378.32,380.96,375.68,378.32,3212,381.3062676127365,385.0789539778706,46.53135834204469,381.2318364258487,381.41980128869477,-0.18796486284605862,0.7636549436630402,-0.9516198065090988,383.39250000000004,8.8790640065025,401.150628013005,365.63437198699506
2018-05-14,378.32,378.7,373.42,377.19,8898,380.9142421258092,384.7695832336404,45.402593201866736,380.6100154372566,381.10648267471737,-0.49646723746076304,0.5116305074382795,-1.0080977448990427,383.63800000000003,8.619731709098112,400.87746341819627,366.3985365818038
2018-05-15,377.19,379.83,375.3,377.94,2596,380.6309809709702,384.5017564401643,46.333125947802536,380.1992438315248,380.87192840251606,-0.6726845709912368,0.2747674917523763,-0.9474520627436132,383.902,8.342196227296881,400.58639245459375,367.2176075454062
2018-05-16,377.94,377.94,376.81,377.19,6058,380.3032684975445,384.2150208934912,45.49802897099476,379.73628324205947,380.5991929652927,-0.8629097232332015,0.04723204875526074,-0.9101417719884622,384.0905,8.13284599309233,400.3561919861847,367.82480801381536
2018-05-17,379.07,379.07,377.57,377.94,3295,380.0781953073021,383.9689416427661,46.535780130564866,379.45993197405033,380.40221570860433,-0.942283734553996,-0.15067110790659063,-0.7916126266474054,384.20349999999996,8.02482088667077,400.2531417733415,368.15385822665843
2018-05-20,385.49,385.49,377.19,378.32,9372,379.9107481351781,383.74741451952036,47.08552668127691,379.28455782419644,380.24797750796694,-0.9634196837704962,-0.31322082307937177,-0.6501988606911244,384.22249999999997,8.009646076022802,400.24179215204555,368.2032078479544
2018-05-21,377.19,380.96,375.68,376.81,6405,379.61543878897066,383.4753590481666,45.10097136499688,378.9038566204739,379.9933125073768,-1.089455886902897,-0.4684678358440768,-0.6209880510588202,383.44899999999996,7.937220712035695,399.32344142407135,367.57455857592856
2018-05-22,377.19,378.32,375.3,375.3,6365,379.2044446185925,383.1547567325522,43.142721967431434,378.349417140401,379.6456597290526,-1.296242588651637,-0.634022786405589,-0.6622198022460482,382.3175,7.355953460686033,397.0294069213721,367.6055930786279
2018-05-23,375.3,376.81,371.15,372.28,5655,378.5449737025361,382.72829568421685,39.45313071154635,377.4156606572624,379.10005530467834,-1.6843946474159566,-0.8440971586076625,-0.840297488808294,380.846,6.110676937260562,393.06735387452113,368.6246461254789
2018-05-24,372.28,376.81,373.42,373.42,5307,378.05688096896125,382.3632644809142,41.48737401555387,376.8009436330682,378.6793104672947,-1.87836683422654,-1.0509510937314381,-0.8274157404951019,379.696,5.107337755363094,389.9106755107262,369.48132448927385
2018-05-27,373.42,373.42,368.89,372.66,3069,377.54289230525063,381.9827443051921,40.51020636055625,376.1638753818269,378.2334356178655,-2.069560236038569,-1.2546729221928643,-0.8148873138457049,378.866,4.811555607951528,388.48911121590305,369.2428887840969
2018-05-28,373.04,381.71,371.53,381.71,4170,377.9397597047506,381.9720484500865,54.31052159463682,377.0171253230843,378.490958905431,-1.4738335823466855,-1.2985050542236285,-0.175328528123057,378.3375,3.7165134694239628,385.7705269388479,370.90447306115203
2018-05-29,379.83,380.96,376.81,376.81,4198,377.8321635423934,381.7696151775341,47.839598284508156,376.98525988876366,378.36644343095463,-1.3811835421909677,-1.3150407518170963,-0.06614279037387139,377.75300000000004,2.853077931672936,383.4591558633459,372.04684413665416
2018-05-30,377.19,382.09,376.81,377.19,2360,377.7710051097845,381.590022425474,48.3535179346917,377.0167583674154,378.27929947310616,-1.2625411056907865,-1.3045408225918345,0.04199971690104798,377.46999999999997,2.5894197683710227,382.648839536742,372.29116046325794
2018-05-31,379.07,379.07,375.3,377.19,3164,377.715671289805,381.4174725264358,48.3535179346917,377.04341092627453,378.19861062324645,-1.1551996969719198,-1.2746725974678517,0.11947290049593184,377.3005,2.483932525142782,382.2683650502856,372.3326349497144
2018-06-03,377.19,377.19,369.64,369.64,5913,376.946559738395,380.9556108587324,39.40689330887419,375.9044246299246,377.5646394659689,-1.6602148360443039,-1.351781045183142,-0.30843379086116185,376.7535,2.8943907185394697,382.54228143707894,370.964718562921
2018-06-04,365.87,371.53,365.87,369.27,3875,376.2154588109288,380.4973516093704,39.02580774605521,374.8837439176285,376.950221727749,-2.066477810120489,-1.4947203981706116,-0.5717574119498772,376.2635,3.2847899476204656,382.8330798952409,369.6939201047591
2018-06-06,376.43,377.19,372.66,373.42,1882,375.9492246384594,380.21980840900295,45.40327117281312,374.65855254568567,376.6887238219898,-2.030171276304145,-1.6018105737973185,-0.42836070250682656,376.094,3.342070584153203,382.7781411683064,369.4098588316936
2018-06-07,373.42,373.42,367.76,367.76,4786,375.1692984824157,379.731188471395,39.35712907468004,373.59723676942633,376.02733687221274,-2.4301001027864118,-1.7674684795951374,-0.6626316231912743,375.434,3.6221895094119114,382.6783790188239,368.1896209811762
2018-06-10,365.87,365.87,356.07,360.59,5466,373.78079386504277,378.98055362937953,33.30641650606786,371.5961234202838,374.883830437234,-3.2877070169502076,-2.071516187066152,-1.2161908298840558,374.5475,4.842697024765499,384.232894049531,364.862105950469
2018-06-11,360.21,367.76,356.44,360.21,5198,372.48833730646726,378.2444534870509,33.016704853447905,369.8444121248555,373.7968800344759,-3.9524679096203954,-2.447706531577001,-1.5047613780433946,373.64199999999994,5.71478286183151,385.07156572366296,362.2124342763369
2018-06-12,362.1,362.1,356.44,360.21,4558,371.31897184870843,377.5372200169705,33.016704853447905,368.36219487487773,372.7904444763666,-4.428249601488858,-2.8438151455593723,-1.5844344559294856,372.793,6.3822550873487005,385.5575101746974,360.0284898253026
2018-06-13,362.1,362.1,356.44,360.21,3803,370.26097452978377,376.85772119277556,33.016704853447905,367.10801104797343,371.8585597003394,-4.750548652365978,-3.2251618469206935,-1.5253868054452848,371.9065,6.844333249599066,385.5951664991981,358.2178335008019
2018-06-14,362.1,363.23,360.21,361.35,947,369.412310288852,376.2495752636471,35.130929044294376,366.2221631944391,371.08014787068464,-4.8579846762455645,-3.5517264127856683,-1.3062582634598963,371.1145,7.112006508639856,385.33851301727975,356.8904869827203
2018-06-17,360.21,361.72,354.56,355.31,3161,368.06923311848516,375.4284154493864,29.7695807818275,364.54336885683307,369.9119887691524,-5.368619912319332,-3.9151051126924012,-1.4535147996269306,369.983,7.741280391850655,385.46556078370133,354.5004392162987
2018-06-18,356.44,360.21,353.43,355.69,2878,366.8902585357723,374.65435994156735,30.488323550431744,363.181312109628,368.85850811958557,-5.6771960099575836,-4.267523292145437,-1.4096727178121462,368.8515,8.10392840086239,385.0593568017248,352.6436431982752
2018-06-19,356.07,356.07,354.56,354.93,1365,365.7511862942702,373.88085563013334,29.83077556565432,361.9118794773775,367.826766777394,-5.914887300016517,-4.596996093719653,-1.3178912062968635,367.7575,8.442789433655255,384.6430788673105,350.87192113268947
2018-06-20,354.56,356.44,354.56,354.56,3344,364.68535902814926,373.1231750171869,29.497235479319244,360.7808210962425,366.8440433124019,-6.0632222161593745,-4.890241318207598,-1.1729808979517768,366.7205,8.73622372653014,384.1929474530603,349.24805254693973
2018-06-21,356.44,356.44,354.56,355.31,2308,363.79246769213506,372.42461913415997,31.177048746097228,359.93915631220517,365.98966973370545,-6.050513421500284,-5.122295738866135,-0.9282176826341493,365.872,8.988305033119936,383.84861006623987,347.89538993376016
2018-06-24,355.69,355.69,353.05,355.31,4494,362.9846136262174,371.75345759948704,31.177048746097228,359.22697841801977,365.1985830867643,-5.971604668744533,-5.292157524841815,-0.6794471439027179,364.9665,9.099415409215128,383.1653308184303,346.7676691815697
2018-06-25,356.44,356.44,350.78,351.54,4988,361.8946504237205,370.9607729877425,27.374686662473948,358.04436635370905,364.18683619144844,-6.142469837739384,-5.462219987421329,-0.680249850318055,363.9105,9.380736406397087,382.6719728127942,345.14902718720583
2018-06-26,348.9,351.16,347.77,350.78,1174,360.8361122881281,370.16937012547805,26.668572117456776,356.9267715300615,363.1937372143041,-6.266965684242621,-5.623169126785588,-0.6437965574570326,362.364,8.824966616903517,380.013933233807,344.71406676619296
2018-06-27,350.78,352.67,347.39,350.78,5047,359.8783873083064,369.409002669577,26.668572117456776,355.9811143715905,362.27420112435567,-6.293086752765191,-5.757152651981509,-0.535934100783682,361.0625,8.495648344267865,378.0537966885357,344.0712033114643
2018-06-28,351.54,360.21,351.16,351.16,2623,359.0480647075153,368.69335550606417,27.749278116755704,355.2394044682689,361.450926966996,-6.211522498727106,-5.848026621330629,-0.3634958773964776,359.761,7.865413898165891,375.4918277963318,344.03017220366826
2018-07-01,356.44,356.44,348.9,350.03,4235,358.18920140203767,367.96145921170876,26.498670591788056,354.43795762699676,360.6049323768481,-6.166974749851363,-5.911816247034776,-0.25515850281658725,358.40299999999996,6.994242067962089,372.39148413592414,344.4145158640758
2018-07-02,350.03,350.03,345.88,347.01,2420,357.12451555422456,367.1398333602692,23.45611443706038,353.2951949151511,359.5979003489335,-6.302705433782364,-5.989994084384294,-0.31271134939807066,357.2715,6.910683776815813,371.0928675536316,343.4501324463684
2018-07-03,347.01,349.28,346.26,347.01,5734,356.16122835858414,366.35042813045476,23.456114437060364,352.3282418512817,358.66546328604954,-6.337221434767855,-6.059439554461006,-0.2777818803068488,356.1585,6.664724320115962,369.48794864023193,342.8290513597681
2018-07-04,347.01,347.01,344.37,345.88,6221,355.18206375300474,365.54766624298594,22.34286070117041,351.3362046433922,357.7183919315274,-6.382187288135185,-6.123989101195843,-0.2581981869393424,354.78149999999994,5.683392495960927,366.1482849919218,343.4147150080781
2018-07-05,347.01,350.03,346.64,348.52,12676,354.54758149081385,364.879914625614,30.62685241585291,350.9029423905626,357.037029566229,-6.134087175666423,-6.1260087160899594,-0.00807845957646336,353.81949999999995,4.952267396699015,363.724034793398,343.9149652066019
2018-07-08,355.31,359.46,350.03,354.56,12880,354.54876420597446,364.47521209127615,45.06535842929935,351.46556663816835,356.8535458946565,-5.3879792564881654,-5.978402824169601,0.5904235676814356,353.51800000000003,4.695264803920472,362.908529607841,344.12747039215907
2018-07-09,354.93,354.93,346.26,346.64,11028,353.7955485673102,363.7757920092653,34.82901264914939,350.72317177075786,356.0969869394968,-5.373815168738929,-5.857485293083466,0.4836701243445374,352.8395,4.657656373620086,362.15481274724016,343.5241872527598
2018-07-10,347.01,349.28,345.88,345.88,3949,353.041686798995,363.07399624419605,34.03020938021017,349.9780684214105,355.3401730921267,-5.362104670716178,-5.758409168610009,0.3963044978938308,352.123,4.565456223238022,361.253912446476,342.99208755352396
2018-07-11,347.01,350.03,345.88,346.26,9218,352.39581186575737,362.41462384246285,34.83497227199392,349.4060578950397,354.6675676778951,-5.2615097828553985,-5.659029291459087,0.3975195086036889,351.4255,4.32416402020913,360.0738280404183,342.7771719595817
2018-07-12,345.13,347.77,343.62,344.0,5387,351.59621073568525,361.69248173099373,32.31047068832666,348.5743566804182,353.87737747953247,-5.303020799114279,-5.587827592990126,0.2848067938758474,350.558,3.9527520060129646,358.4635040120259,342.6524959879741
2018-07-15,344.0,347.01,344.0,347.01,5465,351.1594287608581,361.1166981336999,38.683956744872575,348.3336864218923,353.36868285141895,-5.034996429526643,-5.47726136029743,0.44226493077078644,350.14300000000003,3.8622533646329407,357.8675067292659,342.41849327073413
2018-07-16,345.13,347.39,340.6,347.01,10813,350.7642450693478,360.56349428531956,38.683956744872575,348.13004235698577,352.89766930686943,-4.767626949883663,-5.335334478214676,0.5677075283310131,349.70899999999995,3.689974896503907,357.08894979300777,342.3290502069921
2018-07-17,345.88,345.88,339.09,339.47,64608,349.6886026817909,359.7362984309933,30.37500673969626,346.79772814821877,351.9030271359902,-5.105298987771448,-5.28932738012603,0.18402839235458224,348.93600000000004,4.131586161574411,357.19917232314884,340.6728276768512
2018-07-18,341.36,341.36,338.34,339.47,28537,348.71540242638224,358.9415416297779,30.37500673969626,345.67038535618514,350.9820621629539,-5.311676806768787,-5.293797265454582,-0.017879541314204772,348.1815,4.418385362382182,357.0182707247644,339.34472927523564
2018-07-19,339.47,341.36,338.71,339.47,36821,347.8348879095839,358.17795176194346,30.37500673969626,344.7164799167721,350.12931681755,-5.412836900777904,-5.317605192519247,-0.09523170825865712,347.3895,4.492390613141225,356.37428122628245,338.40471877371755
2018-07-22,339.47,339.47,338.34,339.47,6188,347.038231918195,357.44430659480844,30.37500673969626,343.90932916034564,349.33973779402777,-5.430408633682134,-5.340165880751824,-0.09024275293031003,346.59749999999997,4.418196673088691,355.43389334617734,337.7611066538226
2018-07-23,339.09,339.47,338.71,339.47,11306,346.31744792598596,356.7394318263846,30.37500673969626,343.2263554433694,348.6086461055813,-5.382290662211858,-5.348590837043831,-0.03369982516802672,345.994,4.530466921444458,355.05493384288894,336.9330661571111
2018-07-24,339.47,341.36,338.71,339.09,20936,345.62911955208256,356.04729724495775,29.906074241430602,342.58999306746637,347.90356120887157,-5.313568141405199,-5.3415862979161055,0.028018156510906778,345.40950000000004,4.633426008790253,354.67635201758054,336.14264798241953
2018-07-25,339.47,339.47,338.34,338.34,7248,344.93491768997944,355.35289343143,28.95592094170786,341.93614798016387,347.19514926747365,-5.259001287309786,-5.325069295794842,0.06606800848505578,344.7875,4.708905197376694,354.2053103947534,335.36968960524666
2018-07-26,339.47,342.49,339.09,341.36,13263,344.59444933855286,354.8041525125504,37.55866176461153,341.8475098293694,346.7629159884015,-4.915406159032102,-5.243136668442294,0.3277305094101921,344.2975,4.516862995019428,353.3312259900389,335.26377400996114
2018-07-29,346.64,346.64,342.86,343.24,5574,344.4654541634526,354.35065633558764,42.247001524066384,342.0617390863895,346.50195924851994,-4.4402201621304584,-5.082553367179927,0.6423332050494688,343.95799999999997,4.313934094119589,352.58586818823915,335.3301318117608
2018-07-30,343.24,344.37,342.11,342.86,5174,344.3125537669333,353.90004236164305,41.56762195046139,342.1845484577142,346.2321844893703,-4.047636031656111,-4.875569900075164,0.8279338684190529,343.7505,4.258862555089588,352.2682251101792,335.2327748898208
2018-07-31,341.36,343.24,341.36,341.73,5144,344.0665962653206,353.42278579844134,39.53178697426252,342.1146179257581,345.89868934200956,-3.784071416251436,-4.657270203310419,0.8731987870589828,343.4865,4.2095408863284,351.9055817726568,335.0674182273432
2018-08-01,343.24,343.24,340.98,342.11,5960,343.88025376386145,352.97914713967896,40.58561283101891,342.1139074756415,345.6180456870459,-3.5041382114043813,-4.426643804929212,0.9225055935248303,343.29800000000006,4.181033113325353,351.66006622665077,334.93593377334935
2018-08-02,342.49,342.86,340.98,341.73,5552,343.6754676911127,352.5380041145935,39.83792027413054,342.05484478708127,345.33004230282023,-3.2751975157389666,-4.196354547091163,0.9211570313521964,342.9585,4.006730226163148,350.9719604523263,334.94503954767373
2018-08-05,341.73,342.11,339.47,341.36,6414,343.4549469586258,352.0996510120604,39.08293082225346,341.94794558906875,345.03596509520395,-3.088019506135197,-3.9746875388999703,0.8866680327647734,342.2985,2.9403925176548995,348.1792850353098,336.41771496469016
2018-08-06,342.11,342.11,339.47,340.6,6662,343.18304724828045,351.6486843057051,37.51042326173351,341.7405693445967,344.7073750881518,-2.966805743555142,-3.7731111798310044,0.8063054362758626,341.9965,2.7766361226997165,347.5497722453995,336.44322775460057
2018-08-07,346.64,346.64,340.98,340.98,2142,342.97323322463467,351.2303045290108,38.835555864290896,341.6235586761972,344.4312732297702,-2.807714553573021,-3.580031854579408,0.7723173010063871,341.7515,2.628143781612464,347.00778756322495,336.4952124367751
2018-08-08,341.36,343.24,340.6,340.98,2673,342.7834014889552,350.82833180238293,38.83555586429089,341.52454964909,344.1756233608984,-2.651073711808408,-3.3942402260252083,0.7431665142168002,341.4875,2.4073393808773593,346.3021787617547,336.6728212382453
2018-08-09,347.77,347.77,340.98,342.86,3307,342.7906965852452,350.5158482022895,45.470358628627906,341.73000354923,344.0781697786096,-2.348166229379615,-3.18502542669609,0.8368591973164752,341.4305,2.357702885166616,346.14590577033323,336.71509422966676
2018-08-12,343.24,343.24,337.21,339.47,6359,342.4744397676028,350.08267768455266,37.55872215333706,341.3823106955023,343.73682386908297,-2.354513173580642,-3.018922976073001,0.6644098024923588,341.0535,1.9932340158875876,345.0399680317752,337.0670319682248
2018-08-13,339.47,342.11,339.47,342.11,5383,342.4397312183073,349.7700236577075,45.5101076045185,341.49426289619424,343.61631839729904,-2.1220555011047963,-2.8395494810793602,0.7174939799745639,340.80850000000004,1.449545391524989,343.70759078305,337.90940921695005
2018-08-14,342.11,342.11,339.47,342.11,6383,342.4083282451352,349.46963057309154,45.510107604518495,341.5889916813951,343.5047392567584,-1.915747575363298,-2.654789099936148,0.7390415245728499,340.94050000000004,1.4414228168126741,343.82334563362537,338.0576543663747
2018-08-15,345.5,354.56,344.37,352.67,17869,343.3856303170271,349.5951352564997,65.74568701787457,343.2937621919497,344.1836474599615,-0.889885268011767,-2.301808333551272,1.4119230655395048,341.6005,2.957444620647465,347.51538924129494,335.6856107587051
2018-08-16,350.78,364.36,350.78,360.97,17494,345.06033219159593,350.0412083836958,73.93799649894318,346.0131833931882,345.42708098144584,0.5861024117423881,-1.7242261844925397,2.310328596234928,342.6755,5.199742377220226,353.07498475444044,332.27601524555956
2018-08-19,362.1,363.99,359.84,361.35,11046,346.61172912572965,350.4846904078646,74.24173364370233,348.3726936403901,346.6065564643017,1.766137176088364,-1.0261535123763592,2.792290688464723,343.7695,6.602368374900096,356.9742367498002,330.5647632501998
2018-08-20,362.1,362.1,355.31,356.82,9155,347.5839453994697,350.7331339212817,64.57937344697751,349.67227923417624,347.3631078373164,2.309171396859824,-0.3590885305291226,2.668259927388947,344.63700000000006,7.12672073404303,358.8904414680861,330.383558531914
2018-08-21,357.57,357.2,354.56,354.56,4925,348.2483315519012,350.8832071008393,60.358807505721074,350.42423627507225,347.8962109604782,2.5280253145940605,0.21833423849551403,2.3096910760985465,345.4105,7.329620852546974,360.069741705094,330.75125829490605
2018-08-22,352.67,356.44,352.67,356.44,2174,349.02849045172013,351.1011205478652,62.55134572338651,351.3497383865996,348.529084222665,2.8206541639345915,0.7387982235833296,2.0818559403512618,346.31550000000004,7.525468668740617,361.3664373374813,331.2645626625188
2018-08-23,356.44,356.44,354.93,356.44,4749,349.73434850393727,351.3104883695176,62.55134572338651,352.13285555789196,349.11507798394905,3.017777573942908,1.1945940936552453,1.8231834802876627,347.0695,7.754791710527782,362.57908342105554,331.55991657894447
2018-08-26,356.44,357.57,356.07,356.44,5990,350.37298197975275,351.5116456883601,62.55134572338651,352.7954931643701,349.65766479995284,3.1378283644172598,1.5832409478076483,1.5545874166096114,347.72950000000003,7.970433175178518,363.6703663503571,331.788633649643
2018-08-28,356.82,358.33,355.69,357.95,6091,351.0946027435858,351.76413017116954,64.51994746082038,353.5884942160055,350.2719118518082,3.316582364197245,1.9299092310855679,1.3866731331116773,348.48400000000004,8.196242656497974,364.876485312996,332.09151468700406
2018-08-29,357.2,357.95,356.44,357.57,3171,351.7113072441967,351.9918113409276,63.61366536387354,354.2010335673893,350.8125109738965,3.3885225934927803,2.2216319035670105,1.1668906899257698,349.276,8.274192852986184,365.82438570597236,332.72761429402766
2018-08-30,358.33,359.08,356.44,357.2,5231,352.2340398876065,352.19605403344025,62.690302147795734,354.66241301856013,351.2856583091634,3.376754709396721,2.4526564647329527,0.9240982446637682,350.03049999999996,8.274360827595684,366.5792216551913,333.4817783448086
2018-09-02,357.95,359.08,356.82,358.33,7021,352.8146075173583,352.43660093408965,64.3903130561863,355.2266571695509,351.8074613973735,3.4191957721773747,2.6459643262218373,0.7732314459555374,350.8605,8.230371530271446,367.3212430605429,334.3997569394571
2018-09-03,365.5,365.87,360.21,363.61,7503,353.8427401347527,352.8747734464783,71.03212750686309,356.5164022203892,352.6817235160866,3.8346787043025756,2.8837072018379852,0.9509715024645904,351.97300000000007,8.380988573770487,368.73497714754103,335.2110228524591
2018-09-04,365.87,366.25,362.48,364.36,8115,354.84438393144296,353.3251744877929,71.83570810774664,357.7231095710986,353.54678103341354,4.176328537685038,3.1422314690073962,1.0340970686776414,353.161,8.367997245143211,369.89699449028643,336.42500550971357
2018-09-05,364.74,367.38,363.99,365.87,10041,355.89444260463887,353.8171284294481,73.43359488190808,358.97647732939106,354.4596120679755,4.516865261415546,3.4171582274890264,1.0997070339265198,354.40549999999996,8.31172442365149,371.02894884730296,337.78205115269697
2018-09-06,366.63,371.15,363.23,363.99,16518,356.6654480708637,354.2160645694697,68.24240322350285,359.74778850948474,355.16556672960695,4.582221779877784,3.650170937966778,0.9320508419110061,355.556,7.939760303951161,371.4355206079023,339.6764793920977
2018-09-09,360.21,367.38,360.21,365.87,7541,357.5420720641148,354.6730816451768,70.48907572208023,360.68966720033325,355.95848771259904,4.7311794877342095,3.8663726479202647,0.8648068398139448,356.7065,7.665621322707393,372.03774264541477,341.37525735458524
2018-09-10,363.99,364.74,362.1,363.61,7438,358.1199699627705,355.02354903164047,64.57493829464633,361.1389491695127,356.5252664005547,4.613682768958029,4.015834672127817,0.5978480968302113,357.9135,6.64077379368821,371.1950475873764,344.6319524126236
2018-09-11,363.99,365.5,362.1,364.36,6852,358.71425853774474,355.389684363733,65.60624236136735,361.63449545112616,357.10561703755064,4.528878413575512,4.118443420417357,0.41043499315815524,359.02599999999995,5.642653724323388,370.31130744864674,347.74069255135316
2018-09-12,364.36,364.74,363.99,363.99,4296,359.21671010557856,355.72695164358663,64.606977348234,361.9968807663375,357.61557133106544,4.381309435272044,4.171016623388295,0.2102928118837495,360.12,4.100736775904112,368.32147355180825,351.91852644819176
2018-09-13,364.36,365.87,364.36,365.12,5373,359.7789281907615,356.095306481093,66.29541824524622,362.4773606484394,358.1714549361717,4.305905712267702,4.197994441164177,0.10791127110352505,360.7425,3.8474336969753016,368.43736739395064,353.0476326060494
2018-09-16,365.87,367.38,365.12,365.5,9770,360.32379217259376,356.4641179916384,66.86782920040902,362.942382087141,358.7143101260849,4.228071961056116,4.204009945142564,0.02406201591355206,360.969,3.992151378839292,368.95330275767856,352.98469724232143
2018-09-17,364.74,365.87,363.99,365.12,1984,360.78057387044197,356.80356434490744,65.66681095858596,363.27740022758087,359.1888056723009,4.088594555279997,4.180926867170051,-0.09233231189005409,361.1575,4.098672281809534,369.3548445636191,352.96015543638094
2018-09-18,365.87,365.87,364.36,365.12,5243,361.19385254944746,357.1296990764797,65.66681095858596,363.5608771156453,359.62815340027856,3.9327237153667625,4.131286236809394,-0.1985625214426312,361.5725,4.056354177154155,369.6852083543083,353.45979164569167
2018-09-20,365.87,365.87,362.1,362.85,6516,361.35158087807156,357.3540246028923,58.39980667676349,363.45151140554606,359.8668087039616,3.5847027015844333,4.021969529764402,-0.4372668281799683,361.98699999999997,3.710914343278172,369.4088286865563,354.5651713134436
2018-09-23,362.48,363.61,358.33,362.48,3193,361.45904936587425,357.5550432459161,57.28698391941522,363.30204811238514,360.06037842959415,3.2416696827909846,3.8659095603697184,-0.6242398775787339,362.289,3.473937399064847,369.2368747981297,355.3411252018703
2018-09-25,363.99,363.99,362.1,363.61,4909,361.66390180721953,357.79249253039,59.806034277857606,363.34942532586433,360.32331336073537,3.026111965128962,3.697950041321567,-0.6718380761926053,362.6475,3.1975350292292104,369.0425700584584,356.25242994154155
2018-09-26,362.1,365.5,362.1,364.36,9356,361.9206730636748,358.05004184292375,61.43185575536503,363.50489835265444,360.6223271858661,2.8825711667883525,3.534874266414924,-0.6523030996265717,363.04350000000005,2.8610235102679367,368.7655470205359,357.3214529794642
2018-09-27,362.1,365.87,362.1,362.48,3070,361.9739422957058,358.22376569222087,55.38429927361901,363.3472216830153,360.75993257950563,2.5872891035096472,3.345357233833869,-0.7580681303242218,363.27,2.6043627364766317,368.4787254729533,358.0612745270467
2018-09-30,362.48,362.48,358.33,358.33,7218,361.6269001723052,358.22793174350636,44.881038922858664,362.57534142408986,360.57993757361635,1.995403850473508,3.0753665571617974,-1.0799627066882893,363.308,2.5210286121240415,368.3500572242481,358.2659427757519
2018-10-01,360.21,360.59,352.29,356.44,2593,361.1329096797047,358.1578167731728,41.06182404175218,361.63144274346064,360.2732755311263,1.358167212334365,2.731926688196311,-1.373759475861946,363.27000000000004,2.6216607833867536,368.5133215667735,358.02667843322655
2018-10-02,356.44,358.33,354.56,356.44,3936,360.68596590068523,358.090451409519,41.06182404175218,360.8327592444667,359.98932919548724,0.8434300489794282,2.3542273603529345,-1.5107973113735063,363.1755,2.83452116999468,368.84454233998935,357.50645766001065
2018-10-03,356.44,356.44,351.54,355.31,5114,360.173969148239,357.9814140993418,38.773924463587676,359.9831039760872,359.64271221804376,0.34039175804343813,1.9514602398910352,-1.611068481847597,362.7605,3.3315753741547205,369.4236507483094,356.09734925169056
2018-10-04,354.56,361.35,345.5,355.69,5142,359.74692446745433,357.891554722897,39.9849375041727,359.3226264413045,359.34991872041087,-0.027292279106347905,1.5557097360915586,-1.5830020151979065,362.327,3.6603395010774196,369.64767900215486,355.00632099784514
2018-10-07,356.07,356.07,349.65,349.65,5803,358.78531261341107,357.56835649846965,29.87134936871091,357.8345300657192,358.63140622260266,-0.7968761568834566,1.0851925574965555,-1.882068714380012,361.51599999999996,4.52805686220458,370.5721137244091,352.4598862755908
2018-10-08,349.65,356.07,349.65,350.41,3337,357.9876637930862,357.28763663578457,32.19531593448133,356.69229467099314,358.0224131690765,-1.3301184980833796,0.6021303463805685,-1.932248844463948,360.83700000000005,5.117382246092319,371.0717644921847,350.6022355078154
2018-10-09,351.16,354.18,349.65,350.41,2484,357.265981527078,357.0179253951656,32.19531593448133,355.7257877985326,357.45853071210786,-1.7327429135752368,0.13515569438940744,-1.8678986079646442,360.064,5.472443310758246,371.0088866215165,349.1191133784835
2018-10-10,350.41,351.54,349.65,350.78,4393,356.6482690006896,356.773300869865,33.4406924920693,354.9648973679891,356.9638247334332,-1.9989273654441035,-0.2916609175772948,-1.7072664478668087,359.4225,5.778331461042455,370.9791629220849,347.8658370779151
2018-10-11,351.16,353.43,350.41,351.16,5113,356.12557671490964,356.5531714239879,34.76589501468273,354.37952854214467,356.533911790216,-2.1543832480713263,-0.6642053836761012,-1.4901778643952253,358.7625,5.936378370512049,370.6352567410241,346.8897432589759
2018-10-14,352.67,354.18,352.67,353.8,1925,355.9040932182516,356.44520391716486,43.223494781011766,354.2903703048916,356.33139980575555,-2.0410295008639423,-0.9395702071136695,-1.1014592937502727,358.25300000000004,5.901288976057326,370.0555779521147,346.4504220478854
2018-10-15,354.56,360.59,354.56,359.46,1245,356.2427510069895,356.56343121453097,56.3036934076106,355.0856979502929,356.5631479682922,-1.4774500179992742,-1.0471461692907904,-0.4303038487084838,357.96999999999997,5.68644926673457,369.3428985334691,346.59710146653083
2018-10-21,360.21,360.21,358.33,359.46,193,356.54915567299054,356.6770221472945,56.3036934076106,355.7586674964017,356.77772960027056,-1.0190621038688619,-1.0415293562064047,0.022467252337542876,357.668,5.419620884001379,368.50724176800276,346.82875823199726
2018-10-22,358.71,361.72,358.33,358.71,1928,356.754950370801,356.75674676896926,54.37844545960055,356.21271865080143,356.92086074099126,-0.7081420901898241,-0.9748519030030887,0.26670981281326456,357.34749999999997,5.137952566824192,367.62340513364836,347.0715948663516
2018-10-23,360.21,362.1,358.33,362.1,2006,357.264002716439,356.96628611136265,60.88840680534524,357.1184542429858,357.304500686103,-0.18604644311716356,-0.8170908110259038,0.6310443679087402,357.1965,4.937989442762104,367.0724788855242,347.3205211144758
2018-10-24,362.1,365.87,360.59,362.85,3191,357.79600245773054,357.19701998934846,62.17440496595856,358.0002305132957,357.71527841305834,0.28495210023737627,-0.5966822287732478,0.8816343290106241,357.1965,4.937989442762104,367.0724788855242,347.3205211144758
2018-10-25,363.23,363.23,360.59,360.59,1044,358.0620974617562,357.33007802898186,56.17997062980027,358.39865658817325,357.9282207528318,0.47043583534144773,-0.38325861595030875,0.8536944512917565,357.102,4.848835562872524,366.799671125745,347.40432887425493
2018-10-28,360.59,360.59,354.18,355.31,2511,357.7999929415889,357.2508592827473,45.21252483305894,357.9234786515312,357.73427847484425,0.18920017668693845,-0.26876685742285933,0.4579670341097978,356.687,4.6119160306397395,365.9108320612795,347.4631679387205
2018-10-29,354.18,356.44,354.18,354.56,2862,357.49142218524713,357.1453353893062,43.9014869435013,357.4060203974495,357.4991467359669,-0.09312633851743612,-0.2336387536417747,0.14051241512433857,356.197,4.261040273279947,364.7190805465599,347.6749194534401
2018-10-30,354.56,356.44,354.56,354.56,1768,357.2122391199855,357.0439496877647,43.901486943501304,356.96817110553417,357.28143216293233,-0.3132610573981651,-0.2495632143930528,-0.06369784300511233,355.80100000000004,4.006837445639216,363.81467489127846,347.78732510872163
2018-10-31,354.93,359.08,354.56,359.08,2427,357.3901211085583,357.12379479804844,53.35526950367544,357.29306785852896,357.4146594101225,-0.1215915515935535,-0.22396888183315294,0.10237733023959944,355.8385,4.035161608971004,363.90882321794203,347.768176782058
2018-11-01,354.56,357.95,354.56,356.82,1572,357.33582386012415,357.11188127655635,48.916483800766734,357.22028818798606,357.37061056492826,-0.1503223769421993,-0.20923958085496225,0.05891720391276295,355.85749999999996,4.0390356782917225,363.9355713565834,347.7794286434165
2018-11-04,357.2,357.2,353.8,354.56,2099,357.0714596829695,357.0118075010051,44.894292896082504,356.81101308214204,357.1624171897484,-0.3514041076063563,-0.2376724862052411,-0.11373162140111523,355.7635,4.046635086871918,363.8567701737439,347.67022982625616
2018-11-05,354.18,354.56,352.67,353.8,2736,356.75989209411523,356.8858542656716,43.59608346500806,356.347780300274,356.913349249767,-0.565568949493013,-0.3032517788627955,-0.2623171706302175,355.688,4.069563018050194,363.82712603610037,347.5488739638996
2018-11-14,346.64,347.01,345.13,346.64,4373,355.7960928470566,356.4840560591747,33.706968376858995,354.85427563869337,356.15236041645096,-1.2980847777575946,-0.5022183786417553,-0.7958663991158392,355.2355,4.544729133262362,364.32495826652473,346.1460417334753
2018-11-15,346.64,354.56,346.64,349.28,7548,355.1755125759084,356.2015440568541,39.18467276993997,353.99669477120204,355.643296681899,-1.6466019106969725,-0.7310950850527989,-0.9155068256441736,355.217,4.569348796167727,364.35569759233545,346.0783024076645
2018-11-18,349.65,350.78,345.5,345.5,3113,354.2540351877267,355.7818756624677,34.756366624670136,352.68951096024784,354.8919413721287,-2.2024304118808686,-1.025362150418413,-1.1770682614624557,354.9715,4.956693799402919,364.88488759880585,345.05811240119414
2018-11-19,345.88,346.26,342.49,346.26,2568,353.49269850318126,355.4084687737435,36.31472352251012,351.700355427902,354.2525383075266,-2.5521828796245813,-1.3307262962596467,-1.2214565833649347,354.764,5.2366586373561885,365.2373172747124,344.29068272528764
2018-11-20,345.88,346.26,340.22,340.22,760,352.2286319790687,354.81284254732225,30.151054327881297,349.9341469005325,353.2130910254876,-3.2789441249551032,-1.720369861998738,-1.5585742629563653,354.236,6.11774502660193,366.47149005320387,342.0005099467961
2018-11-21,340.22,341.73,335.7,341.73,3991,351.22876226677647,354.29978989840765,33.20341286446255,348.6719704542967,352.36249169026627,-3.690521235969584,-2.1144001367929075,-1.5761210991766763,353.7645,6.702714669994129,367.16992933998824,340.35907066001175
2018-11-22,341.73,345.13,339.47,339.47,4595,350.10888014613107,353.71822951023483,31.018600875830217,347.2562826920972,351.4074923058021,-4.151209613704907,-2.5217620321753076,-1.6294475815295995,353.048,7.425650139885781,367.8993002797716,338.1966997202284
2018-11-25,339.6,340.98,338.71,338.71,3792,349.0232725131662,353.12967149022563,30.296636777921975,345.9414699702361,350.4669373201872,-4.5254673499511,-2.922503095730466,-1.602964254220634,352.0105,7.916012070812454,367.8425241416249,336.17847585837507
2018-11-26,339.0,339.0,334.94,334.94,5967,347.68200846429323,352.4163510396285,26.946186691481174,344.2489361286613,349.31679381498816,-5.0678576863268745,-3.3515740138497474,-1.716283672477127,350.7845,8.57305170439912,367.9306034087982,333.63839659120174
2018-11-27,335.16,339.09,333.81,335.32,4029,346.50467432483674,351.74590590081954,27.812741843195113,342.87525364732875,348.2799942731372,-5.404740625808472,-3.7622073362414925,-1.6425332895669795,349.615,9.018780697142068,367.65256139428413,331.5774386057159
2018-11-28,335.32,339.47,334.94,335.32,5451,345.43946724628086,351.10175272823835,27.812741843195113,341.71290693235505,347.3199946973493,-5.607087764994219,-4.131183421992038,-1.4759043430021812,348.27599999999995,9.055510331748566,366.3870206634971,330.1649793365028
2018-11-29,335.32,335.7,332.68,332.68,3294,344.2242798894922,350.3793310526212,25.386440051305115,340.323228942762,346.23555064569376,-5.912321702931763,-4.487411078179983,-1.4249106247517798,346.76750000000004,9.012755215744559,364.79301043148917,328.7419895685109
2018-12-02,332.73,332.73,326.27,326.27,4594,342.5143484714453,349.43386708977334,20.671185132080538,338.1611937207986,344.7566209682349,-6.595427247436305,-4.909014312031248,-1.6864129354050572,345.0515,9.496698193526534,364.04489638705303,326.0581036129469
2018-12-03,326.27,330.04,325.14,325.51,3135,340.89488671226,348.4956762235077,20.19230209466295,336.2148562252911,343.33094534095824,-7.116089115667137,-5.350429272758426,-1.7656598429087111,343.56149999999997,10.119781709211292,363.80106341842253,323.3219365815774
2018-12-04,325.51,325.51,317.22,324.38,13920,339.32204035871143,347.549963430429,19.4700630386334,334.3941091137079,341.92717161199835,-7.533062498290462,-5.786955917864833,-1.7461065804256295,342.0525,10.630668085654353,363.3138361713087,320.7911638286913
2018-12-06,320.99,320.99,313.07,320.61,6099,337.53994127692937,346.49349427629454,17.252867428630523,332.27347694236823,340.3481218629614,-8.074644920593187,-6.244493718410504,-1.830151202182683,340.35499999999996,11.222449540282707,362.79989908056535,317.91010091943457
2018-12-09,320.61,322.87,320.61,321.36,4171,335.9989944886504,345.5078670497732,19.223591354687173,330.5944804896962,338.9415943175569,-8.34711382786071,-6.665017740300545,-1.682096087560165,338.469,11.078591445713355,360.6261828914267,316.3118171085733
2018-12-10,321.36,324.38,320.61,321.74,8181,334.6409950135408,344.57579383213505,20.259823464163702,329.2322527220506,337.66740214588606,-8.435149423835469,-7.01904407700753,-1.4161053468279388,336.71500000000003,10.793610439318694,358.3022208786374,315.12777912136266
2018-12-11,321.74,324.38,318.35,322.5,3869,333.484709774156,343.71007642695326,22.40383655813899,328.1965215340428,336.54389087582047,-8.347369341777664,-7.284709129961557,-1.062660211816107,335.11199999999997,10.376513256792988,355.8650265135859,314.358973486414
2018-12-12,322.5,324.38,318.72,320.99,3175,332.2947374147126,342.819093037661,21.185049690872248,327.08782591342083,335.39175081094487,-8.303924897524041,-7.488552283474054,-0.8153726140499868,333.4715,9.84654161835943,353.16458323671884,313.77841676328114
2018-12-13,320.99,322.5,319.48,319.48,4879,331.07428623235904,341.9038344871645,20.01260165212743,325.91739115750994,334.21310260272674,-8.295711445216796,-7.649984115822603,-0.6457273293941928,332.11350000000004,9.807630367271768,351.7287607345436,312.4982392654565
2018-12-16,319.48,324.0,319.48,321.74,9410,330.185306591182,341.1130958798247,26.56338093613465,325.2747155948161,333.28916907659885,-8.014453481782766,-7.722877989014636,-0.2915754927681302,330.73650000000004,9.184084789516648,349.1046695790333,312.36833042096674
2018-12-17,321.74,327.78,320.61,325.14,2512,329.7048012015456,340.4866999629688,35.16597694207374,325.2539901186905,332.6855269227767,-7.431536804086193,-7.664609752028947,0.23307294794275446,329.71850000000006,8.569327969104892,346.85715593820987,312.57984406179025
2018-12-18,325.14,325.14,322.87,323.63,5028,329.1262487061603,339.8256529055975,33.30025415585739,325.0041454850458,332.0147471507192,-7.010601665673391,-7.5338081347578365,0.5232064690844451,328.587,7.7224110633633485,344.0318221267267,313.1421778732733
2018-12-19,323.63,324.38,320.61,320.61,7082,328.3151774008117,339.07209788969175,29.8852163781834,324.32812310273107,331.1699510654807,-6.841827962749619,-7.395412100356193,0.553584137606574,327.6065,7.406097256917751,342.4186945138355,312.7943054861645
2018-12-20,320.61,324.38,318.72,320.99,3393,327.6175414578773,338.3629960116646,30.84622043798211,323.8145657023109,330.4158806161858,-6.601314913874887,-7.236592663059932,0.635277749185045,326.5695,6.747134654993063,340.0637693099861,313.0752306900139
2018-12-23,320.99,328.15,320.99,328.15,8974,327.6682517952223,337.9624863641484,45.89407430591451,324.48155559426306,330.2480376075795,-5.76648201331642,-6.942570533111231,1.1760885197948108,326.0035,6.046402388369612,338.0963047767392,313.91069522326075
2018-12-24,328.15,330.42,326.27,327.4,5253,327.64270400520115,337.54827121261314,44.794520563634514,324.9305470412995,330.03707185886987,-5.106524817570346,-6.575361390003054,1.468836572432708,325.438,5.275164851500148,335.98832970300026,314.8876702969997
2018-12-25,327.4,328.15,322.5,325.14,1588,327.40435124280106,337.0616723415303,41.56305751737858,324.9627705734073,329.6743257952499,-4.711555221842616,-6.202600156370966,1.4910449345283503,324.948,4.7777924873949456,334.5035849747899,315.3924150252101
2018-12-26,325.14,328.15,324.38,325.89,7037,327.2601273149152,336.62356754382324,43.03179554736338,325.10542125442157,329.39400536597213,-4.288584111550563,-5.819796947406886,1.5312128358563228,324.4765,4.1204333893129785,332.71736677862594,316.23563322137403
2018-12-27,325.89,331.93,325.89,326.27,6193,327.1658294753995,336.21754528720277,43.80248774561155,325.28458721527977,329.1625975610853,-3.878010345805535,-5.431439627086616,1.5534292812810806,324.024,3.2776875673940045,330.579375134788,317.468624865212
2018-12-30,326.27,330.79,326.27,326.64,4130,327.11575047774244,335.84195527593994,44.58853896082071,325.49311225908286,328.97573848248635,-3.4826262234034857,-5.04167694634999,1.5590507229465045,323.722,2.6578040005309918,329.037608001062,318.406391998938
2018-12-31,326.64,331.55,324.38,324.38,7285,326.85520281319555,335.39246683374625,40.83169973154003,325.321864219224,328.63531340970957,-3.313449190485585,-4.696031395177109,1.3825822046915244,323.6275,2.5953052249208874,328.81811044984175,318.43688955015824
2019-01-01,324.38,325.51,320.99,320.99,5002,326.2966120690817,334.827664212815,35.94006352330288,324.6554235701126,328.06899389787924,-3.4135703277666494,-4.439539181695017,1.0259688539283678,323.4015,2.619438017264586,328.6403760345292,318.1626239654708
2019-01-02,320.99,324.0,320.61,320.61,5122,325.75502996726436,334.27010875348896,35.427711595804084,324.0330507131722,327.51647583136963,-3.483425118197431,-4.2483163689955,0.764891250798069,323.213,2.6802594139916613,328.5735188279833,317.8524811720167
2019-01-03,320.61,322.5,317.22,317.22,9928,324.94216997038205,333.60147703766586,31.160063049902888,322.9848890649919,326.7537739179349,-3.7688848529430174,-4.152430065785003,0.3835452128419856,323.0435,2.947415058367387,328.9383301167348,317.1486698832652
2019-01-06,317.22,319.86,314.95,315.71,7310,324.0629156874885,332.89985048716915,29.45786997437321,321.86567536268547,325.93571659068044,-4.070041227994977,-4.135952298226998,0.06591107023202092,322.76099999999997,3.3592588468254316,329.47951769365085,316.0424823063491
2019-01-08,314.95,316.46,314.95,315.71,3971,323.2673999077277,332.2257387033586,29.45786997437321,320.9186483838108,325.1782561024819,-4.259607718671077,-4.160683382315814,-0.09892433635526299,322.4595,3.708197852834217,329.8758957056684,315.04310429433156
2019-01-09,315.71,316.84,314.57,314.57,4380,322.4390761069917,331.53335679342297,28.11319309362659,319.9419332478399,324.3924593541499,-4.450526106309951,-4.218651927114642,-0.23187417919530873,322.063,4.106235438167042,330.27547087633405,313.8505291236659
2019-01-10,314.57,319.86,314.57,314.95,5480,321.7258307634687,330.88302907603384,29.27215838736511,319.173943517403,323.69301792050913,-4.519074403106117,-4.278736422312938,-0.24033798079317936,321.761,4.400846688868168,330.56269337773637,312.9593066222637
2019-01-13,314.95,320.99,314.95,316.08,3132,321.18813259551933,330.3025181318756,32.74454659378108,318.6979522070333,323.1290906671381,-4.431138460104762,-4.309216829871303,-0.1219216302334587,321.591,4.556512863326373,330.70402572665273,312.4779742733473
2019-01-14,316.08,318.35,313.07,315.33,4045,320.6302152054699,329.7153605580766,31.634437927127067,318.17980571364353,322.55138024735004,-4.371574533706507,-4.321688370638344,-0.04988616306816329,321.27049999999997,4.766096797609639,330.80269359521924,311.7383064047807
2019-01-15,315.33,317.59,314.57,317.59,2708,320.34067090018704,329.23985622246573,38.41032674404792,318.08906637308297,322.1838705993982,-4.094804226315205,-4.276311541773716,0.18150731545851162,320.89300000000003,4.742422321309896,330.37784464261983,311.4081553573802
2019-01-16,317.59,323.63,317.22,318.72,2960,320.1863212906454,328.82731284119257,41.53073354284421,318.1861330849164,321.9272875920353,-3.7411545071189494,-4.169280134842763,0.4281256277238139,320.6475,4.720315416532347,330.08813083306467,311.2068691669353
2019-01-17,318.72,318.72,315.33,318.35,2128,320.01143354867924,328.4164378278125,40.80179560260917,318.21134337954464,321.66230332595865,-3.4509599464140024,-4.025616097157011,0.5746561507430084,320.5345,4.748229005027501,330.030958010055,311.038041989945
2019-01-20,318.35,320.61,318.35,320.61,2650,320.0684398773765,328.1103030110355,46.929091756795515,318.5803674749993,321.58435493144316,-3.003987456443838,-3.8212903690143762,0.8173029125705384,320.5155,4.747070537098058,330.0096410741961,311.02135892580384
2019-01-21,320.61,319.86,315.33,317.97,3420,319.86858846048347,327.7126440694263,41.522495319710224,318.4864647865379,321.31662493652146,-2.8301601499835556,-3.623064325208212,0.7929041752246566,320.0065,4.419878868306233,328.8462577366125,311.16674226338756
2019-01-22,317.97,318.72,317.22,317.59,1670,319.6515800356755,327.31567763533116,40.79397415335609,318.34854712707056,321.0405786449273,-2.6920315178567193,-3.4368577637379136,0.7448262458811943,319.51599999999996,4.088076886697748,327.69215377339543,311.3398462266045
2019-01-23,317.59,320.61,316.08,316.08,4189,319.3114295560874,326.87506282610246,37.94498284521409,317.999539876752,320.6731283749327,-2.6735884981806635,-3.2842039106264638,0.6106154124458003,319.063,3.9310345497784844,326.92506909955694,311.20093090044304
2019-01-24,316.08,317.97,316.08,316.84,2567,319.0760553126505,326.48153095056904,40.2083598686692,317.82114912648245,320.3891929397525,-2.5680438132700374,-3.140971891155179,0.5729280778851416,318.6105,3.611722835722344,325.83394567144467,311.38705432855534
2019-01-27,316.84,317.22,313.82,316.08,3910,318.7907167114457,326.0736277760369,38.68869182348972,317.55328003010055,320.0699934627338,-2.516713432633253,-3.016120199450794,0.49940676681754104,318.101,3.165521325647747,324.4320426512955,311.7699573487045
2019-01-28,316.08,316.08,313.82,314.57,2227,318.38874369130804,325.62250511815313,35.794072080634535,317.0943138716235,319.66258653956834,-2.568272667944825,-2.9265506931496006,0.3582780252047755,317.4975,2.540816021006654,322.5791320420133,312.4158679579867
2019-01-29,314.57,314.95,313.07,313.07,6286,317.88219667308823,325.13025001548044,33.14143532402362,316.4751886606045,319.17424679589664,-2.699058135292148,-2.8810521815781103,0.18199404628596216,316.932,2.158182958922336,321.2483659178447,312.61563408215534
2019-01-30,313.07,317.22,313.07,315.71,3605,317.67532079946074,324.7608284462459,41.37598052767557,316.3574673282038,318.9176359221265,-2.560168593922697,-2.816875464047028,0.25670687012433113,316.668,1.9484044754547558,320.56480895090954,312.7711910490905
2019-01-31,315.71,318.35,315.71,317.22,4408,317.63195691379786,324.46510968364805,45.50986341887824,316.49016466232626,318.7918851130801,-2.3017204507538622,-2.713844461388395,0.41212401063453274,316.4985,1.7216891185764844,319.94187823715293,313.055121762847
2019-02-03,317.59,318.72,316.84,317.22,4165,317.5927229220076,324.1809877352697,45.50986341887824,316.6024470219684,318.6754491787779,-2.0730021568095367,-2.585676000472623,0.5126738436630864,316.49850000000004,1.7216891185764844,319.941878237153,313.0551217628471
2019-02-04,315.71,317.22,311.18,312.69,5154,317.12579692943547,323.7303607652591,36.54404704100188,316.0005320955117,318.2320825729425,-2.231550477430801,-2.514850895864259,0.28330041843345777,316.34749999999997,1.9159575728665306,320.179415145733,312.51558485426693
2019-02-05,312.69,314.95,312.69,313.07,2150,316.7395305552035,323.3123074019156,37.653644510167,315.5496810038945,317.8497060860579,-2.3000250821634154,-2.47188573312409,0.17186065096067482,316.2155,2.048543706090107,320.3125874121802,312.1184125878198
2019-02-06,311.18,313.07,311.18,312.31,3267,316.31767050232696,322.88084436654634,36.286990084714546,315.0512685417569,317.43935748709066,-2.3880889453337772,-2.455126375566028,0.06703743023225073,316.10249999999996,2.2007651181430115,320.504030236286,311.70096976371394
2019-02-07,312.31,314.95,311.56,313.44,3757,316.0436066449625,322.5106151757014,39.78640764318795,314.80338107379424,317.1431087843432,-2.3397277105489707,-2.4320466425626166,0.09231893201364594,316.027,2.267280076951292,320.5615601539026,311.4924398460974
2019-02-10,313.07,313.44,309.29,310.8,2399,315.54421553591845,322.05137536488957,34.955846002391,314.1874762932105,316.6732488743919,-2.4857725811813793,-2.442791830286369,-0.04298075089501019,315.76300000000003,2.550494482494498,320.863988964989,310.66201103501106
2019-02-11,313.07,313.07,310.43,311.18,3879,315.12857596106903,321.6250469192076,36.157385135503915,313.7247876327166,316.2663415503629,-2.541553917646297,-2.462544247758355,-0.07900966988794211,315.5555,2.7486905494823795,321.05288109896475,310.05811890103524
2019-02-12,311.56,313.07,311.18,311.18,2448,314.75252110763387,321.2154372361014,36.157385135503915,313.3332818430679,315.88957550959526,-2.556293666527381,-2.4812941315121604,-0.07499953501522061,315.235,2.870009169245014,320.97501833849003,309.49498166151
2019-02-13,313.07,313.07,308.54,310.05,3151,314.30466195452584,320.77757695233277,33.99183391488505,312.82816155951895,315.4570143607363,-2.628852801217363,-2.510805865453201,-0.11804693576416181,314.80150000000003,2.968985782875803,320.7394715657516,308.86352843424845
2019-02-14,309.29,311.18,308.54,308.54,2494,313.7556465302853,320.29767197380994,31.294568978871467,312.168444396516,314.9446429266077,-2.7761985300916763,-2.563884398380896,-0.21231413171078017,314.31100000000004,3.156325145010195,320.6236502900204,307.99834970997966
2019-02-17,312.69,312.69,304.39,304.39,6470,312.8636801940676,319.6738417003272,25.34265157198729,310.97176064320587,314.1628175246367,-3.191056881430825,-2.689318894990882,-0.5017379864399429,313.5,3.515977067162514,320.531954134325,306.468045865675
2019-02-18,307.41,307.41,293.45,295.34,29718,311.19475827082306,318.7195733983536,17.518092138228766,308.56687439040496,312.768534745034,-4.201660354629041,-2.991787186918514,-1.2098731677105272,312.3685,5.22684696643172,322.8221939328634,301.91480606713657
2019-02-19,299.11,299.86,292.7,299.11,7663,310.04382891169706,317.9505705199868,27.552843980815865,307.11197063803496,311.75679143058704,-4.644820792552082,-3.322393908045228,-1.322426884506854,311.4445,5.851346651117908,323.14719330223585,299.74180669776416
2019-02-20,299.11,299.11,294.21,297.6,9080,308.8587023486783,317.1525089309677,26.179048518705542,305.6485905398757,310.7081402135065,-5.059549673630784,-3.6698250611623395,-1.3897246124684441,310.52049999999997,6.503576728472371,323.52765345694473,297.5133465430552
2019-02-21,298.73,302.88,297.6,302.88,17561,308.28930212499466,316.59280269838075,37.848465502271594,305.222653533741,310.12827797546896,-4.90562444172798,-3.9169849372754677,-0.9886395044525123,309.8225,6.538673513470355,322.8998470269407,296.7451529730593
2019-02-24,305.52,305.52,298.73,299.86,15486,307.4865114464237,315.9366143572678,34.49014427119195,304.3976299131654,309.3676647921009,-4.9700348789355075,-4.127594925607475,-0.8424399533280322,309.01149999999996,6.724939659284805,322.4613793185696,295.5616206814303
2019-02-25,299.86,301.37,297.6,299.49,31622,306.7249389277167,315.2916490883553,34.091033371194925,303.6426099265246,308.635985918612,-4.993375992087408,-4.300751138903462,-0.6926248531839461,308.25750000000005,6.911710790578579,322.0809215811572,294.4340784188429
2019-02-26,295.72,299.49,286.42,290.22,9887,305.15303998221987,314.3084471633218,25.979655136868942,301.5775930147516,307.27183881352965,-5.69424579877807,-4.579450070878384,-1.1147957278996863,307.11499999999995,7.893195937339426,322.9013918746788,291.3286081253211
2019-02-27,289.8,291.07,287.69,290.22,4794,303.7308456981989,313.36380217652487,25.979655136868942,299.8302710124821,306.00873964215714,-6.178468629675024,-4.899253782637712,-1.279214847037312,305.8405,8.46922694228748,322.778953884575,288.90204611542504
2019-03-03,291.49,291.91,287.27,288.11,8715,302.24314610789423,312.37345699313175,24.444315521090957,298.0271523951772,304.68290707607144,-6.655754680894233,-5.2505539622890165,-1.405200718605217,304.38500000000005,8.901023891427172,322.1870477828544,286.5829522171457
2019-03-05,288.11,291.49,287.69,288.53,6279,300.93713219285667,311.43841946398936,25.389512812655383,296.5660520266884,303.48639544080686,-6.920343414118463,-5.584511852654906,-1.3358315614635572,302.95050000000003,9.034507807056077,321.0195156141122,284.88148438588786
2019-03-06,288.53,290.65,287.27,289.8,10200,299.8764529363942,310.5898539948133,28.309985224265276,295.5251209456594,302.4725883711174,-6.947467425458001,-5.857102967215526,-1.0903644582424752,301.80600000000004,9.184381708552223,320.1747634171045,283.4372365828956
2019-03-07,291.07,291.49,289.38,290.65,7555,298.99774313292806,309.80789893619317,30.277094988175207,294.7751023386349,301.596841084368,-6.821738745733114,-6.050030122919043,-0.7717086228140708,300.685,9.105089091732626,318.89517818346525,282.47482181653476
2019-03-09,291.07,291.49,289.8,291.49,1672,298.28271997741115,309.0895499583033,32.25538406414009,294.2697019788449,300.84818618922964,-6.578484210384715,-6.155720940412178,-0.42276326997253744,299.644,8.89377097215969,317.4315419443194,281.8564580556806
2019-03-10,291.07,291.49,289.8,291.49,1672,297.6357942652768,308.3993715285659,32.25538406414009,293.8420555205611,300.1549872122497,-6.312931691688618,-6.187163090667466,-0.12576860102115184,298.54650000000004,8.444718234056037,315.4359364681121,281.65706353188796
2019-03-11,293.18,295.72,291.91,294.03,16082,297.29238528763136,307.8358667627398,38.38617166815873,293.87097005585935,299.7012844557867,-5.830314399927374,-6.115793352519448,0.285478952592074,297.70799999999997,7.9840001845776065,313.6760003691552,281.73999963084475
2019-03-12,297.83,303.74,294.03,303.74,12424,297.9064438316665,307.67524453675003,55.11071786773305,295.3892823549579,300.00044857017286,-4.611166215214951,-5.814867925058549,1.2037017098435987,297.336,7.480724282410125,312.2974485648203,282.37455143517974
2019-03-13,306.28,308.81,302.05,302.05,11208,298.3010682286506,307.4546467117795,52.44255609402473,296.41400814650285,300.1522671946045,-3.7382590481016678,-5.399546149667174,1.661287101565506,296.8795,6.84282603591977,310.5651520718395,283.1938479281605
2019-03-14,303.74,304.16,299.1,302.05,3812,298.6581093497315,307.24269978190586,52.442556094024724,297.28108381627163,300.2928399950042,-3.0117561787325826,-4.921988155480255,1.9102319767476725,296.47950000000003,6.239657105117266,308.95881421023455,284.0001857897655
2019-03-17,302.05,308.39,302.05,305.01,9881,299.26305131642374,307.1551429277135,56.70079822934326,298.47014784453756,300.64225925463353,-2.1721114100959653,-4.372012806403397,2.199901396307432,296.303,5.922409804691284,308.14781960938257,284.45818039061743
2019-03-18,306.7,308.39,305.01,305.01,9174,299.81037976247865,307.07101967564626,56.70079822934326,299.47627894537794,300.96579560614214,-1.4895166607641954,-3.7955135772755573,2.305996916511362,296.334,5.968411937240777,308.27082387448155,284.39717612551846
2019-03-19,305.01,305.85,303.32,305.43,1020,300.3455816898616,307.00666596287584,57.32953116251022,300.39223603070445,301.2964774130946,-0.9042413823901256,-3.217259138298471,2.3130177559083456,296.8385,6.29734971404791,309.4331994280958,284.2438005719042
2019-03-21,305.01,305.01,299.1,299.94,8927,300.30695486225574,306.72954180746893,47.59983080404347,300.32266125674994,301.1959976047172,-0.8733363479672676,-2.748474580232231,1.8751382322649635,296.88,6.31581473678894,309.5116294735779,284.2483705264221
2019-03-24,304.59,304.59,299.52,300.78,5859,300.35200678013615,306.4962264424702,49.02533046859072,300.3930210634038,301.16518296733074,-0.7721619039269285,-2.353212044971171,1.5810501410442424,297.03900000000004,6.374648720969347,309.78829744193877,284.2897025580613
2019-03-25,299.52,302.47,299.52,300.78,7028,300.3927680391708,306.27206069962824,49.02533046859071,300.4525562844186,301.1366508956766,-0.68409461125799,-2.0193885582285347,1.3352939469705447,296.934,6.290109529626928,309.5142190592539,284.35378094074616
2019-03-26,299.94,300.78,298.25,300.78,3898,300.42964727353547,306.05668577023107,49.02533046859071,300.5029322406619,301.1102323108116,-0.6073000701497335,-1.7369708606127745,1.129670790463041,296.97999999999996,6.315944734931068,309.6118894698621,284.34811053013783
2019-03-27,300.78,302.05,299.52,299.52,9163,300.3430141998654,305.8003451517906,46.6478790996527,300.3517118959447,300.9924373248256,-0.6407254288808986,-1.5177217742663993,0.8769963453855008,296.9815,6.31657575039617,309.6146515007923,284.34834849920765
2019-03-28,299.1,303.74,299.1,301.63,5004,300.46558427606874,305.6368022046616,50.93857616980226,300.54837160426086,301.0396641896533,-0.49129258539244347,-1.3124359364916083,0.8211433510991648,297.55199999999996,6.187698832528288,309.92739766505656,285.17660233494337
2019-03-31,302.05,302.9,298.67,300.78,7019,300.49552863072887,305.44633937310624,49.221260814940536,300.5840067420669,301.0204298052345,-0.4364230631676378,-1.1372333618268142,0.7008102986591764,298.08000000000004,5.976052208604502,310.03210441720904,286.12789558279104
2019-04-01,301.21,301.63,299.52,300.78,11973,300.52262114208804,305.26334567220016,49.221260814940536,300.61415955097965,301.00262019003196,-0.38846063905231176,-0.9874788172719138,0.599018178219602,298.71349999999995,5.517500649843142,309.7485012996862,287.6784987003137
2019-04-02,301.21,303.32,299.94,302.9,15403,300.7490381761749,305.1706654497609,53.73316004639618,300.9658273123674,301.1431668426222,-0.17733953025475557,-0.8254509598684822,0.6481114296137266,299.43199999999996,5.036246095735301,309.50449219147055,289.3595078085294
2019-04-03,308.81,308.81,300.78,305.85,14196,301.23484406415827,305.19730602035855,59.169791731180304,301.7172384950801,301.49182115057613,0.2254173445039669,-0.6152772989939924,0.8406946434979593,300.23449999999997,4.687311511996346,309.60912302399265,290.8598769760073
2019-04-04,305.85,307.54,303.32,307.12,8188,301.795335105667,305.27270578426607,61.27924670553156,302.5484325727601,301.90872328757047,0.6397092851896105,-0.36427998215727186,1.0039892673468822,301.058,4.349418109897477,309.75683621979493,292.35916378020505
2019-04-07,308.39,309.23,304.59,309.23,23725,302.5033984289368,305.42789379272625,64.55566205006147,303.5763660231047,302.45104008108376,1.125325942020936,-0.0663587973216303,1.1916847393425662,301.94500000000005,4.09705221373524,310.13910442747056,293.75089557252954
2019-04-08,309.23,318.95,308.39,312.61,23599,303.4659319118952,305.7095450165409,69.07054367350025,304.96615586570397,303.20355563063316,1.7626002350708063,0.29943300915685706,1.4631672259139492,303.001,3.9806332476880417,310.96226649537607,295.0397335046239
2019-04-09,313.04,316.84,312.61,313.88,12325,304.4577479202861,306.02995501589226,70.58660363587785,306.3375165017495,303.9944033616974,2.3431131400521394,0.7081690353359136,1.6349441047162259,303.9935,4.099011787192991,312.19152357438594,295.795476425614
2019-04-10,316.42,316.42,310.5,312.61,8232,305.2341528802589,306.28799599566116,67.04736001401771,307.3025139630188,304.6325957052754,2.6699182577434044,1.100518879817412,1.5693993779259925,304.437,4.527588064762382,313.49217612952475,295.3818238704753
2019-04-11,313.46,313.88,310.92,310.92,7882,305.775662129758,306.46964321151756,62.55265120858172,307.85905027640047,305.09832935673643,2.7607209196640383,1.4325592877867375,1.3281616318773009,304.8805,4.712132688459923,314.3047653769198,295.45623462308015
2019-04-15,310.92,315.15,310.92,315.15,3377,306.6684562126382,306.81004936008554,68.28377416803235,308.9807348492619,305.8428975525337,3.1378372967282075,1.7736148895750314,1.364222407153176,305.53549999999996,5.184745311713662,315.9049906234273,295.1660093765726
2019-04-16,316.42,326.55,315.57,323.6,6057,308.280984192387,307.46847879694496,76.1396755125824,311.2298525647601,307.15823847456824,4.071614090191872,2.2332147296983997,1.8383993604934723,306.46500000000003,6.567546605926843,319.60009321185373,293.32990678814633
2019-04-17,323.6,329.51,323.6,326.55,11183,310.02089045977874,308.2167737460844,78.17236564899821,313.58679832402777,308.5946652542298,4.992133069797944,2.784998397718309,2.2071346720796354,307.54200000000003,7.93928380701873,323.4205676140375,291.66343238596255
2019-04-18,331.62,342.18,331.62,342.18,15287,313.08366279694263,309.5486649717282,85.31203510193035,317.9857524280235,311.0824678279906,6.903284600032862,3.6086556381812196,3.2946289618516422,309.3795,11.063012569152775,331.50552513830553,287.2534748616945
2019-04-21,344.3,366.26,344.3,365.84,28899,318.10807586390047,311.75616830617025,90.42022619883721,325.34794436217373,315.13858132221355,10.20936303996018,4.9287971185370125,5.280565921423168,312.67449999999997,16.55446846179609,345.78343692359215,279.5655630764078
2019-04-22,371.76,380.21,366.69,371.76,29675,323.21778292448136,314.10925974514396,91.24104873125302,332.488260614147,319.33276048353105,13.155500130615962,6.574137720952803,6.58136240966316,316.22349999999994,20.906643687190172,358.0367873743803,274.4102126256196
2019-04-23,369.64,375.98,362.89,372.18,15000,327.8808512173879,316.386543676707,91.29801589113512,338.59468205812436,323.2473708180843,15.347311240040085,8.32877242477026,7.0185388152698245,319.7935,23.998242759133166,367.78998551826635,271.79701448173364
2019-04-24,372.18,377.67,365.0,370.91,6811,331.97886538716045,318.5247184344832,89.40449147635582,343.5662694337976,326.77793594267064,16.788333491126934,10.020684638041596,6.767648853085339,323.3,26.104919883141484,375.509839766283,271.09016023371703
2019-04-25,375.98,378.09,370.49,371.76,9441,335.76754487409755,320.6123765350917,89.5605498521501,347.90376644398253,330.10994068765797,17.793825756324566,11.57531286169819,6.218512894626375,326.912,27.59655043278864,382.10510086557724,271.7188991344227
2019-04-28,373.87,376.4,368.8,368.8,9506,338.9134929813264,322.5020872592057,84.87252537155132,351.1185716064468,332.97587100709075,18.142700599356033,12.88879040922976,5.253910190126273,330.2705,28.432428571503664,387.13535714300735,273.4056428569927
2019-04-29,369.64,371.76,365.84,366.69,8403,341.55887460215246,324.2349465823741,81.59379516977702,353.51417597468577,335.4732138954544,18.04096207923135,13.919224743230078,4.121737336001271,333.566,28.653226951546248,390.8724539030925,276.25954609690746
2019-04-30,367.95,367.95,359.51,361.62,7584,343.46945797337605,325.70102710855554,74.17852564648996,354.7612258247341,337.41001286616154,17.351212958572546,14.605622386298572,2.745590572273974,336.608,28.215496600645313,393.0389932012906,280.1770067987094
2019-05-02,359.08,361.2,356.97,357.82,6201,344.83617626162595,326.96059467292594,69.10902814445764,355.2318064670827,338.9218637649644,16.309942702118292,14.946486449462517,1.3634562526557747,339.354,27.42365486793772,394.20130973587544,284.50669026412453
2019-05-05,356.13,356.55,350.63,352.75,9479,345.5898737605187,327.97194390143864,62.92956829522232,354.8499900875315,339.94617015274486,14.903819934786668,14.937953146527347,-0.03413321174067896,341.69899999999996,26.39381344976561,394.4866268995312,288.9113731004687
2019-05-06,356.97,361.2,352.32,359.51,8355,346.9156000690407,329.20873041510777,67.147569111211,355.5669146894498,341.395342734023,14.17157195542677,14.784676908307233,-0.6131049528804624,344.3185,25.36089328390998,395.0402865678199,293.59671343218
2019-05-07,361.62,367.11,359.08,359.08,8243,348.07411434817965,330.3801527517702,66.62823865637505,356.10738935261134,342.7053173463176,13.402072006293736,14.508155927904536,-1.1060839216108,346.811,24.151682059760674,395.1143641195213,298.50763588047863
2019-05-08,361.2,361.2,354.86,357.39,7578,348.9613415531149,331.4393624477792,64.51627842326512,356.3047140675942,343.7930716169608,12.511642450633417,14.108853232450311,-1.5972107818168944,349.05,22.85505310935758,394.7601062187152,303.33989378128484
2019-05-09,364.15,364.15,354.01,355.28,2950,349.56311854805637,332.3742894106114,61.87902828960339,356.1470657495028,344.64395520088965,11.503110548613165,13.587704695682882,-2.0845941470697174,351.12,21.325672198944144,393.7713443978883,308.4686556021117
2019-05-12,355.28,356.97,351.06,355.28,3539,350.1075834482415,333.2725525709796,61.87902828960339,356.0136710188101,345.4318103711941,10.581860647615997,12.986535886069506,-2.4046752384535086,353.2535,19.309325065202607,391.8721501304052,314.63484986959475
2019-05-13,356.97,361.2,355.28,356.55,2652,350.72114692936134,334.18539364662746,62.9366191292077,356.0961831697624,346.2553799733279,9.840803196434535,12.357389348142512,-2.516586151707976,355.53499999999997,16.541474986736226,388.61794997347243,322.4520500265275
2019-05-14,354.86,359.08,353.59,358.24,3614,351.43722817418404,335.1287115428382,64.3538293226182,356.4260011436451,347.1431296049332,9.282871538711902,11.742485786256392,-2.45961424754449,357.68949999999995,13.538092252680363,384.7656845053607,330.6133154946392
2019-05-15,358.24,363.31,356.55,359.51,5163,352.2060635861665,336.0848405019426,65.42379120628888,356.90046250616126,348.0591940786419,8.841268427519367,11.162242314508987,-2.32097388698962,359.485,10.90403763942902,381.29307527885805,337.676924721142
2019-05-16,359.51,362.46,356.97,356.97,6365,352.65977181605547,336.90386636461153,61.45097149802165,356.91116058213646,348.71925377652025,8.191906805616213,10.568175212730432,-2.3762684071142193,361.006,7.726934709183212,376.4598694183664,345.55213058163355
2019-05-19,361.2,361.2,351.06,356.13,6356,352.9902697383359,337.6578323895287,60.15011361149186,356.79098203103854,349.26819794122247,7.522784089816071,9.95909698814756,-2.43631289833149,361.70349999999996,6.464607510370483,374.63271502074093,348.774284979259
2019-05-20,358.66,358.66,350.63,350.63,5507,352.76548214420865,338.1665448448413,52.33772201756323,355.843138641648,349.3690721677986,6.474066473849405,9.262090885287929,-2.788024411438524,360.94300000000004,6.836344129182778,374.6156882583656,347.2703117416345
2019-05-21,350.21,354.86,349.37,354.86,4169,352.9649600352364,338.82119014504366,56.96698341242024,355.69188654293293,349.7758075627765,5.916078980156442,8.592888504261632,-2.67680952410519,360.098,6.46322112946795,373.0244422589359,347.17155774106413
2019-05-22,361.62,361.62,352.75,355.28,1981,353.1854400318806,339.46663366876743,57.40931216367566,355.6285193824817,350.18352552108934,5.4449938613923905,7.963309575687784,-2.518315714295394,359.253,5.878816655002727,371.01063331000546,347.4953666899945
2019-05-23,356.13,356.97,352.75,355.28,5508,353.3849219336063,340.08676568175696,57.40931216367566,355.57490101594607,350.5610421491568,5.013858866789292,7.3734194339080865,-2.3595605671187947,358.4715,5.2532368718303735,368.97797374366075,347.96502625633923
2019-05-26,362.04,362.04,352.75,354.86,5463,353.5254055589771,340.66610820404105,56.73299800543695,355.4649162442621,350.87948347144146,4.5854327728206385,6.815822101690598,-2.2303893288699594,357.62649999999996,4.270533400676628,366.16756680135325,349.0854331986467
2019-05-27,352.75,354.86,352.75,354.86,2539,353.6525097914555,341.22273141172576,56.73299800543695,355.37185220668334,351.174336547631,4.197515659052328,6.292160813162944,-2.0946451541106157,356.92949999999996,3.3997050568634304,363.72891011372684,350.1300898862731
2019-05-28,350.63,356.55,350.63,353.17,2822,353.60655647798353,341.69125174852087,53.776578339989,355.0331057133474,351.3221634700287,3.710942243318698,5.775917099194095,-2.0649748558753975,356.2535,2.6089809968804967,361.47146199376095,351.035538006239
2019-05-29,354.86,354.86,353.59,354.86,3151,353.7259320515089,342.2076732485789,56.23277985662331,355.0064740651401,351.5842254352118,3.4222486299282764,5.305183405340932,-1.8829347754126555,355.9155,2.296295586598288,360.5080911731966,351.3229088268034
2019-05-30,361.62,372.6,357.82,357.82,9146,354.1158432846985,342.8199213564777,60.2198844998139,355.43932420896465,352.04613466223316,3.3931895467314916,4.9227846336190435,-1.5295950868875519,355.91549999999995,2.296295586598288,360.50809117319653,351.32290882680337
2019-06-02,358.24,358.24,351.48,352.32,6077,353.94481059091765,343.19247346014527,50.9349251865645,354.95942817681623,352.0664209835492,2.8930071932670103,4.516829145548638,-1.6238219522816273,355.89399999999995,2.3292700460329963,360.55254009206595,351.23545990793394
2019-06-03,352.75,352.75,350.63,351.9,2874,353.75006672511597,343.5339450891592,50.29716866335623,354.48874691884447,352.0540935032863,2.4346534155581594,4.100393999550542,-1.665740583992383,355.5135,2.329055094143744,360.1716101882875,350.85538981171254
2019-06-04,356.13,356.13,350.21,350.21,3935,353.41291751320017,343.79575116409416,47.70860951239005,353.83047816209915,351.9174939845244,1.9129841775747423,3.662912035155382,-1.7499278575806398,355.07000000000005,2.455271450311478,359.980542900623,350.1594570993771
2019-06-06,351.48,351.48,348.94,349.79,4877,353.06787775003824,344.0308197458944,47.06039699871284,353.20886613716084,351.7599018375226,1.4489642996382486,3.2201224880519557,-1.771158188413707,354.69,2.657133397990105,360.0042667959802,349.3757332040198
2019-06-10,346.41,355.7,346.41,348.94,4518,352.67474653574885,344.22333661860443,45.70690169423578,352.5521175006745,351.5510202199283,1.001097280746194,2.7763174465908036,-1.7752201658446096,354.373,2.94557134123301,360.264142682466,348.481857317534
2019-06-11,348.52,348.94,346.41,347.25,8030,352.1581040085347,344.3420293002278,43.05546125710549,351.73640711595533,351.2324261295633,0.5039809863920368,2.32185015455105,-1.8178691681590133,353.9715,3.3367322101245267,360.64496442024904,347.29803557975094
2019-06-12,345.56,347.68,344.3,346.41,8943,351.61066553153137,344.42312619041496,41.7588033807078,350.91695986734686,350.8752093792253,0.04175048812157911,1.865830221265156,-1.824079733143577,353.4645,3.6773023221375243,360.81910464427506,346.1098953557249
2019-06-13,346.41,352.32,345.56,349.37,9849,351.39726881424264,344.61712124177126,47.73228805226034,350.6789660416012,350.76371238817154,-0.0847463465703413,1.4757149076980567,-1.560461254268398,353.02099999999996,3.605216834120989,360.23143366824195,345.81056633175797
2019-06-16,346.41,347.25,343.45,343.87,13511,350.68038607002904,344.58782236954494,39.604107273042516,349.63143280443177,350.25306702608475,-0.6216342216529824,1.0562450818278488,-1.6778793034808313,352.23900000000003,3.8138071874616517,359.86661437492336,344.6113856250767
2019-06-17,343.87,344.72,340.92,344.72,10347,350.1127302538358,344.5930058060334,41.268639031691876,348.87582775759614,349.8432102093377,-0.967382451741571,0.6515195751139649,-1.6189020268555359,351.62649999999996,3.9934634420680144,359.613426884136,343.6395731158639
2019-06-18,344.72,344.72,340.5,343.87,8230,349.51818451537525,344.56465263716933,40.0790770492568,348.10570041027364,349.40075019383124,-1.2950497835576016,0.2622057033796516,-1.5572554869372532,351.01349999999996,4.20133847719693,359.41617695439385,342.6108230456061
2019-06-19,350.21,350.21,339.23,343.87,3158,348.9802621805776,344.53741135728035,40.0790770492568,347.4540541933085,348.9910649942882,-1.537010800979715,-0.09763759749222173,-1.4393732034874933,350.6755,4.495443863100834,359.66638772620166,341.68461227379834
2019-06-20,343.87,343.87,340.07,343.03,4301,348.4135705443321,344.4782971864066,38.79734094557189,346.773430471261,348.54950462434095,-1.7760741530799464,-0.4333249086097667,-1.3427492444701796,350.084,4.689952754781226,359.46390550956244,340.70409449043757
2019-06-23,346.41,346.41,339.65,340.07,5595,347.6189447782053,344.3054227869397,34.59844946710048,345.74213347568235,347.9213931706861,-2.1792596950037364,-0.7825118658885607,-1.3967478291151756,349.3235,5.024320090160981,359.372140180322,339.27485981967806
2019-06-24,340.92,341.34,338.81,341.34,3446,347.0209500374238,344.1891316972558,37.71321456849571,345.0648821717312,347.43388256545006,-2.3690003937188635,-1.0998095714546214,-1.269190822264242,348.62649999999996,5.120507042119436,358.86751408423885,338.3854859157611
2019-06-25,340.07,342.18,337.96,342.18,4883,346.55990717671676,344.11034221893203,39.75685797609304,344.621054145311,347.0447060791204,-2.423651933809367,-1.3645780439255706,-1.0590738898837966,347.9925,5.092998160526965,358.17849632105396,337.80650367894606
2019-06-26,342.18,342.18,338.81,339.65,7826,345.9018207789342,343.9354268377974,35.9327863796196,343.8562765844939,346.4969500732596,-2.6406734887656853,-1.6197971328935936,-1.0208763558720917,347.232,5.148845143890232,357.5296902877805,336.93430971221954
2019-06-27,340.07,344.3,337.54,337.96,12955,345.14545689522623,343.70109637357007,33.60737687381631,342.9491571099564,345.86458340116627,-2.915426291209883,-1.8789229645568515,-1.0365033266530315,346.4715,5.345162372598761,357.1618247451975,335.78117525480246
2019-06-30,340.5,340.5,331.62,331.62,28406,343.85731814329995,343.227327888332,26.641771281447205,341.20620986227084,344.80942907515396,-3.6032192128831184,-2.223782214222105,-1.3794369986610135,345.30949999999996,5.920702727670477,357.15090545534093,333.468094544659
2019-07-01,330.78,331.62,329.51,331.62,8539,342.6918592725095,342.7721385593778,26.641771281447205,339.73140834499844,343.83243432884626,-4.101025983847819,-2.599230968147248,-1.501795015700571,343.9995,5.905427900176276,355.81035580035257,332.18864419964746
2019-07-02,329.93,331.62,327.4,331.2,9500,341.5973964846514,342.3183292041081,26.224176064972298,338.4188839842294,342.8966984526354,-4.477814468405995,-2.9749476681989977,-1.5028668002069976,342.9435,6.219245406077943,355.38199081215583,330.5050091878441
2019-07-03,332.47,337.54,327.4,335.85,7949,341.0500253908751,342.06466923531957,37.84094089238004,338.0236710635787,342.37472078947724,-4.35104972589852,-3.250168079738902,-1.1008816461596176,342.14099999999996,6.035508874021255,354.21201774804246,330.06998225195747
2019-07-04,336.27,337.96,335.85,337.12,10401,340.6757372584108,341.8707606378561,40.59231235795499,337.88464474610504,341.9854822124789,-4.100837466373889,-3.4203019570658997,-0.6805355093079895,341.4865,5.820355636626494,353.12721127325295,329.845788726747
2019-07-07,337.96,340.07,333.74,333.74,6481,340.01519085284787,341.5519072795088,36.02233245998631,337.2470070928581,341.3747057522953,-4.127698659437215,-3.561781297540163,-0.5659173618970517,340.68399999999997,5.720849587252485,352.1256991745049,329.242300825495
2019-07-08,333.74,333.74,331.62,332.47,4253,339.2966012478147,341.1957540528614,34.45281236340928,336.5120829247261,340.71509791879197,-4.203014994065882,-3.6900280368453067,-0.512986957220575,339.8605,5.654897714182011,351.170295428364,328.550704571636
2019-07-09,332.47,340.5,332.05,340.5,11678,339.41121065278475,341.16846958020017,49.45007705068201,337.1256086286144,340.6991647396222,-3.573556111007804,-3.6667336516778066,0.09317754067000283,339.523,5.385680917705239,350.2943618354105,328.75163816458956
2019-07-10,339.23,344.3,338.38,342.61,9931,339.7158572572814,341.2250001848982,52.523938384678964,337.9693611472891,340.8407080922427,-2.8713469449536433,-3.5076563103329743,0.636309365379331,339.33299999999997,5.193530489689474,349.7200609793789,328.94593902062104
2019-07-11,343.45,348.1,343.45,347.68,8966,340.4743470423022,341.47813743254926,58.97874074960211,339.46330558616773,341.34732230763217,-1.8840167214644339,-3.1829283925592664,1.2989116710948325,339.24850000000004,5.032895237698666,349.31429047539734,329.1827095246027
2019-07-14,348.1,349.37,346.41,348.52,3781,341.2405997049401,341.75428890578263,59.9502874433459,340.8566431882958,341.87863176632607,-1.0219885780302889,-2.750740429653471,1.7287518516231821,339.481,5.354742020417884,350.19048404083577,328.7715159591642
2019-07-15,348.94,351.9,337.54,337.54,30861,340.88816163780297,341.58902267418335,44.96054956053333,340.3463903900965,341.5572516354871,-1.2108612453906176,-2.4427645928009003,1.2319033474102827,339.122,5.224107680034662,349.5702153600693,328.6737846399307
2019-07-16,354.01,354.01,334.58,337.96,25920,340.6092891008694,341.4467080595095,45.52167268554708,339.9792534070047,341.2907885513769,-1.3115351443722147,-2.216518703115163,0.9049835587429484,338.8265,5.107244879886146,349.0409897597723,328.61201024022773
2019-07-17,337.96,343.87,337.96,343.45,17512,340.8798329960247,341.52526852776407,52.358811576221235,340.5132144213117,341.45073014016384,-0.9375157188521257,-1.9607181062625558,1.0232023874104301,338.8055,5.0862357862813985,348.9779715725628,328.6330284274372
2019-07-18,346.41,346.41,341.34,343.03,15304,341.08461080592707,341.58427760510665,51.82297224912947,340.90041220264834,341.5677130927443,-0.6673008900959871,-1.7020346630292422,1.034733772933255,338.8055,5.0862357862813985,348.9779715725628,328.6330284274372
2019-07-21,341.34,342.18,337.96,338.38,19195,340.8270288244102,341.45861965980833,46.18718437717762,340.512656479164,341.3315861969855,-0.8189297178215043,-1.525413673987695,0.7064839561661906,338.721,5.078154347685057,348.8773086953701,328.5646913046299
2019-07-22,342.18,345.99,339.23,340.07,19698,340.75493084113305,341.40416398687466,48.38420132531051,340.4445554823695,341.23813536757916,-0.7935798852096809,-1.3790469162320922,0.5854670310224113,338.65749999999997,5.05155200226071,348.7606040045214,328.55439599547856
2019-07-23,342.18,342.18,338.81,341.34,13387,340.8106517134061,341.40164775209524,50.03507790137951,340.58231617738954,341.2456808959066,-0.663364718517073,-1.2359104766890885,0.5725457581720155,338.6155,5.024141167766826,348.66378233553365,328.56721766446634
2019-07-24,344.3,344.3,340.07,343.03,17884,341.02201821689124,341.4655047029935,52.224863316996085,340.9588829193296,341.37785268139504,-0.41896976206544423,-1.0725223337643597,0.6535525716989155,338.7845,5.116764474174654,349.0180289483493,328.55097105165066
2019-07-25,340.92,342.61,337.96,340.07,11336,340.9313498152826,341.4107790283663,48.23728784760123,340.82213170097117,341.2809747049954,-0.4588430040242315,-0.949786467816334,0.4909434637921025,338.89,5.1206208505123865,349.13124170102475,328.6487582989752
2019-07-28,341.34,341.34,336.27,336.69,17431,340.52741173763667,341.2256504390186,44.09682756867787,340.186419131591,340.9409025046254,-0.754483373034418,-0.9107258488599509,0.15624247582553286,339.1435,4.860670600254254,348.8648412005085,329.4221587994915
2019-07-29,337.96,340.07,337.12,339.23,10970,340.4038487150046,341.14738963748846,47.727919362036765,340.03927772673086,340.8141689857643,-0.7748912590334385,-0.8835589308946484,0.10866767186120996,339.524,4.5271408427938375,348.5782816855877,330.4697183144123
2019-07-30,339.23,340.07,337.96,338.38,10926,340.2111012183375,341.03886455366535,46.63624222371736,339.7840042303107,340.63386017200395,-0.8498559416932494,-0.8768183330543686,0.02696239136111922,339.883,4.096514693192859,348.0760293863857,331.68997061361426
2019-07-31,337.96,340.07,337.96,337.96,9199,339.99671062611486,340.9181247672471,46.075444432671596,339.5033881948783,340.43579645555917,-0.9324082606808588,-0.8879363185796667,-0.0444719421011921,339.9885,4.013513062795397,348.0155261255908,331.9614738744092
2019-08-01,338.81,340.07,337.96,338.38,11281,339.84273818553254,340.8185904626492,46.7648360907121,339.3305592418201,340.28351523662883,-0.9529559948087467,-0.9009402538254828,-0.05201574098326389,340.0515,3.975828645832063,348.0031572916641,332.09984270833587
2019-08-04,338.81,339.23,336.27,337.54,11095,339.6234297869104,340.69001828764334,45.51164678879822,339.0550885892324,340.08029188576745,-1.0252032965350395,-0.9257928623673942,-0.09941043416764528,340.2415,3.7422738303094496,347.72604766061886,332.7569523393811
2019-08-05,335.85,337.96,335.85,337.96,9946,339.4650079024427,340.5829587469515,46.28670398486825,338.8866134216582,339.92323322756243,-1.0366198059042517,-0.9479582510747658,-0.0886615548294859,340.51599999999996,3.3197152699668053,347.15543053993355,333.8765694600664
2019-08-06,335.85,335.85,333.31,333.74,13321,338.91976905459103,340.3146074235416,40.112787418019316,338.0948267414031,339.4652159514467,-1.3703892100435837,-1.0324444428685293,-0.3379447671750544,340.178,3.649215633092732,347.47643126618544,332.87956873381455
2019-08-07,333.74,335.85,331.2,333.74,9174,338.42645771605856,340.0567796814419,40.112787418019316,337.42485339657185,339.04112588096916,-1.6162724843973137,-1.1492100511742862,-0.46706243322302754,339.7345,3.8703875434907014,347.4752750869814,331.99372491301864
2019-08-08,335.43,336.27,332.47,333.74,10432,337.9801284097673,339.8090628311893,40.112787418019316,336.8579528740223,338.64844988978626,-1.7904970157639468,-1.2774674440922185,-0.5130295716717284,339.0375,3.6106930009810645,346.25888600196214,331.8161139980379
2019-08-11,332.89,332.89,329.93,331.2,9920,337.3344018945514,339.4714525240839,36.45715446185007,335.9874985857112,338.09671286091316,-2.109214275201964,-1.4438168103141675,-0.6653974648877965,338.1715,3.2784339570122167,344.72836791402443,331.61463208597553
2019-08-12,330.36,332.89,330.36,330.78,5650,336.7101731426893,339.13061124862963,35.87495557457778,335.18634495714025,337.55473413047514,-2.36838917333489,-1.6287312829183123,-0.7396578904165778,337.8335,3.6718348704365305,345.17716974087307,330.48983025912696
2019-08-13,331.62,331.62,329.93,330.36,6190,336.1053947481475,338.7866657094677,35.268415864620025,334.4438303483495,337.02179086155104,-2.5779605132015604,-1.818577128974962,-0.7593833842265985,337.45349999999996,4.033506082275481,345.52051216455095,329.386487835449
2019-08-14,331.2,331.2,327.4,329.09,11640,335.4372619149906,338.4064043090964,33.42799435085284,333.62016414091113,336.43425079773243,-2.8140866568213028,-2.01767903454423,-0.7964076222770728,336.7355,4.185148522795567,345.10579704559115,328.36520295440886
2019-08-15,330.36,331.62,329.51,331.2,13055,335.03371316118194,338.12380021854364,39.112861620021434,333.2478311961556,336.0465285164189,-2.7986973202633294,-2.17388269168805,-0.6248146285752796,336.144,4.083454935528118,344.31090987105625,327.97709012894376
2019-08-18,333.74,333.74,329.09,329.09,12387,334.46764524106936,337.76953354330664,35.8188508153377,332.6081648582855,335.5312301077953,-2.9230652495098184,-2.323719203252404,-0.5993460462574145,335.6795,4.336269892304855,344.3520397846097,327.00696021539034
2019-08-19,323.17,331.2,327.82,328.67,10297,333.91548855144373,337.41268909062796,35.183668976278895,332.00229334162617,335.0229908405512,-3.020697498925017,-2.463114862386927,-0.5575826365380903,335.1095,4.475783348075387,344.0610666961508,326.15793330384923
2019-08-20,330.36,330.36,328.24,328.67,12518,333.415918213211,337.06983853805434,35.183668976278895,331.4896328275298,334.5523989264363,-3.0627660989064793,-2.5830451096908376,-0.47972098921564177,334.476,4.4440479413732685,343.36409588274654,325.58790411725346
2019-08-21,328.24,329.09,327.4,328.67,13659,332.96392600242905,336.7404331051895,35.183668976278895,331.055843161756,334.1166656726262,-3.060822510870196,-2.678600589926709,-0.3822219209434867,333.758,4.138839908649969,342.0356798172999,325.48032018270004
2019-08-22,328.67,329.93,328.24,328.24,7473,332.514028287912,336.40708278733894,34.40354638912295,330.62263652148584,333.6813571042835,-3.058720582797662,-2.7546245885008998,-0.30409599429676204,333.1665,4.033279030367408,341.2330580607348,325.0999419392652
2019-08-25,325.71,329.51,325.71,327.82,7386,332.06697797477756,336.0703344427374,33.61943518862128,330.1914616720265,333.24718250396626,-3.055720831939766,-2.814843837188673,-0.24087699475109314,332.723,4.112340990361999,340.947681980724,324.49831801927604
2019-08-26,327.82,327.82,321.06,327.4,23330,331.6225038819416,335.73032132733596,32.81402226055171,329.7620060301763,332.8140578740428,-3.0520518438665363,-2.8622854385242458,-0.1897664053422905,332.13149999999996,3.975659197238846,340.08281839447767,324.18018160552225
2019-08-27,326.13,329.51,325.71,328.67,5949,331.34131303604244,335.45344598116594,37.676100217727836,329.59400510245683,332.50709062411374,-2.9130855216569103,-2.8724454551507788,-0.0406400665061315,331.646,3.7594476077938896,339.1648952155878,324.1271047844122
2019-08-28,329.51,333.74,325.29,325.29,4274,330.7649975088003,335.0548794721006,31.203926257800518,328.93185047130964,331.97249131862384,-3.0406408473141937,-2.9060845335834617,-0.13455631373073196,331.0125,3.7066169495219503,338.4257338990439,323.5992661009561
2019-08-29,325.71,327.4,324.44,325.29,9213,330.2435691746289,334.6719430222143,31.203926257800518,328.37156578341586,331.47749196168877,-3.1059261782729095,-2.946052862521351,-0.1598733157515584,330.358,3.486369850833177,337.33073970166635,323.38526029833366
2019-09-01,325.71,326.13,324.02,324.86,9261,329.73084830085475,334.2871609429118,30.432589083779945,327.8313248936596,330.98730737193404,-3.1559824782744386,-2.988038785671969,-0.16794369260246977,329.72400000000005,3.2569640367676627,336.2379280735354,323.2100719264647
2019-09-02,324.86,324.86,319.37,320.22,6969,328.82505322458286,333.73550757260153,23.6414413457029,326.6603518330966,330.1897290480871,-3.529377214990461,-3.096306471535667,-0.433070743454794,328.83700000000005,3.311124947960675,335.4592498959214,322.2147501040787
2019-09-03,320.22,327.4,316.84,326.98,8894,328.6493338698607,333.4705857070093,43.443157488933736,326.7095284741587,329.9519713408214,-3.2424428666627136,-3.1255337505610767,-0.1169091161016369,328.49899999999997,3.1240289438575766,334.74705788771513,322.2509421122848
2019-09-04,329.51,329.93,325.29,328.24,15241,328.61034969177877,333.2654646988913,46.241499468985474,326.9449856319804,329.8251586489087,-2.8801730169283246,-3.0764616038345265,0.19628858690620188,328.224,2.870155689882501,333.964311379765,322.483688620235
2019-09-05,334.58,334.58,328.24,329.51,8861,328.69603067351414,333.1181915734446,48.9815630506639,327.3396032270603,329.8018135638044,-2.4622103367440786,-2.953611350416437,0.49140101367235856,328.0125,2.583866696487522,333.180233392975,322.84476660702495
2019-09-08,328.67,329.93,327.4,327.82,9562,328.6125991807985,332.9104193548782,45.647325787941064,327.41351042289716,329.65501255907816,-2.2415021361809977,-2.8111895075693494,0.5696873713883517,327.8435,2.472550941406219,332.78860188281243,322.8983981171876
2019-09-09,327.4,328.67,325.29,327.82,4931,328.53711354453196,332.7107950664516,45.647325787941064,327.476047280913,329.5190857028502,-2.043038421937183,-2.657559290442916,0.6145208685057328,327.69550000000004,2.374160183917947,332.44382036783594,322.94717963216414
2019-09-10,326.13,327.4,324.02,324.86,7569,328.18691225457655,332.4029207501202,40.10225574341063,327.07357846846486,329.1739682433798,-2.1003897749149587,-2.546125387337325,0.44573561242236615,327.4205,2.3678115034231877,332.15612300684637,322.68487699315364
2019-09-11,323.17,326.13,323.17,326.13,4673,327.9910158493788,332.15692385795865,43.28558698489272,326.9284125502395,328.94848911424054,-2.0200765640010445,-2.4409156226700692,0.4208390586690247,327.2725,2.3504106583981206,331.9733213167962,322.57167868320374
2019-09-12,325.29,325.71,323.17,325.29,10514,327.7337762446761,331.887632726274,41.70674765265501,326.6763490809719,328.67748992059313,-2.0011408396212573,-2.352960666060307,0.3518198264390495,326.977,2.197161086961679,331.3713221739233,322.58267782607663
2019-09-15,325.29,327.4,320.64,320.64,6359,327.0581785070879,331.4465490899495,34.25755312029469,325.7476799915916,328.0821202968455,-2.3344403052539064,-2.349256593899027,0.014816288645120412,326.5545,2.5530734316351875,331.6606468632704,321.4483531367296
2019-09-16,319.37,319.37,313.46,313.46,10591,325.7631138873653,330.741194223677,26.41287898576863,323.8572676851929,326.999000274857,-3.141732589664116,-2.5077517930520448,-0.6339807966120712,325.794,3.833844298509734,333.4616885970195,318.1263114029805
2019-09-17,314.73,323.6,314.73,316.84,10137,324.91329351714006,330.1960493521603,34.067047689879445,322.77768804131705,326.2464817359787,-3.468793694661656,-2.699960173373967,-0.7688335212876889,325.2025,4.2561050578092905,333.7147101156186,316.6902898843814
2019-09-18,323.17,329.51,321.91,327.4,7924,325.15012270598385,330.0864003579579,51.1596120637949,323.48881295803744,326.3319275333136,-2.843114575276161,-2.728591053754406,-0.11452352152175482,325.139,4.21088176788541,333.56076353577083,316.7172364642292
2019-09-19,331.2,331.2,325.29,325.29,13287,325.163444353033,329.8983062262733,48.45652409331247,323.7659186568009,326.25474771603115,-2.488829059230227,-2.68063865484957,0.1918095956193433,324.9915,4.147735304698996,333.28697060939794,316.696029390602
2019-09-22,324.44,325.29,321.91,323.17,7591,324.97359250988706,329.63445108014497,45.836059473578246,323.67423886344693,326.026247885214,-2.35200902176706,-2.6149127282330684,0.26290370646600847,324.759,4.111004359284576,332.98100871856917,316.53699128143086
2019-09-23,321.48,324.44,321.06,321.06,6194,324.60086941370736,329.29819809660984,43.324787436052006,323.27204826907047,325.65837767149446,-2.3863294024239963,-2.5691960630712543,0.18286666064725798,324.442,4.140968104448101,332.7239362088962,316.1600637911038
2019-09-24,321.06,321.06,319.8,321.06,7998,324.26364375525907,328.97513150458593,43.324787436052006,322.93173315075194,325.31775710323564,-2.386023952483697,-2.5325616409537433,0.14653768847004622,324.0615,4.081221792029973,332.22394358405995,315.8990564159401
2019-09-26,321.06,321.91,318.95,320.64,3989,323.9185348261868,328.6482636024453,42.783658684893346,322.579158819867,324.97125657707005,-2.3920977572030324,-2.5044688642036013,0.11237110700056885,323.82900000000006,4.139586681625052,332.10817336325016,315.54982663674997
2019-09-29,321.06,321.06,317.26,317.68,3598,323.32438865226425,328.21813561803566,39.079105086721235,321.825442078349,324.4311634972871,-2.605721418938117,-2.5247193751505046,-0.08100204378761244,323.4485,4.342976513861237,332.1344530277225,314.76254697227756
2019-09-30,321.06,321.06,318.53,321.06,4706,323.10873259014386,327.9374244173284,44.941706652246886,321.707681758603,324.18144768267325,-2.4737659240702783,-2.5145286849344597,0.0407627608641814,323.2585,4.361060077544235,331.9806201550885,314.53637984491155
2019-10-01,322.33,328.24,321.48,326.13,2719,323.3964723434635,327.86654502841355,52.34918485249798,322.3880384111256,324.3257848913641,-1.937746480238502,-2.3991722439952685,0.46142576375676647,323.554,4.344534860931046,332.24306972186207,314.8649302781379
2019-10-02,328.24,329.51,325.29,326.13,4486,323.6568083107527,327.79844522337777,52.34918485249798,322.963724809414,324.45943045496676,-1.495705645552789,-2.2184789243067726,0.7227732787539836,323.5115,4.3133016722390085,332.13810334447805,314.88489665552197
2019-10-03,328.67,328.67,324.86,324.86,5226,323.77139799544295,327.68321207736295,50.38006788941409,323.25545945411955,324.4891022731174,-1.2336428189978506,-2.0215117032449883,0.7878688842471377,323.34250000000003,4.182516083582214,331.70753216716446,314.9774678328356
2019-10-10,323.17,326.55,323.17,325.29,728,323.91602675778176,327.58936062334874,51.0514211387779,323.5684656919473,324.54842803066424,-0.9799623387169163,-1.813201830339374,0.8332394916224577,323.1315,3.9552739940958723,331.04204798819177,315.22095201180827
2019-10-14,325.29,325.29,319.8,323.17,16518,323.844976590374,327.4160523636096,47.6298451628756,323.50716327780157,324.446322250615,-0.9391589728134591,-1.6383932588341912,0.6992342860207321,322.899,3.7987392645389444,330.4964785290779,315.3015214709221
2019-10-15,323.17,323.17,321.06,322.33,4973,323.7006931055765,327.21659932974256,46.305565669128754,323.32606123506287,324.28955763945834,-0.963496404395471,-1.5034138879464471,0.5399174835509761,322.6245,3.618508670702567,329.86151734140515,315.3874826585949
2019-10-16,324.44,324.44,318.53,321.91,4902,323.5301509050454,327.00849739524284,45.622543707479394,323.1082056604378,324.11329411060956,-1.0050884501717405,-1.403748800391506,0.3986603502197654,322.477,3.5825337990034605,329.6420675980069,315.31193240199303
2019-10-17,321.91,323.17,320.64,321.06,8157,323.2948984378982,326.77522298758623,44.20154639586522,322.7930970972935,323.8871241764903,-1.0940270791967919,-1.3418044561525633,0.2477773769557714,322.2235,3.4885878231670406,329.2006756463341,315.2463243536659
2019-10-20,323.6,323.6,319.37,319.8,4145,322.9620509676222,326.50168483121035,42.10785264124414,322.3326206207868,323.58437423749103,-1.2517536167042067,-1.323794288262892,0.07204067155868521,321.949,3.450381977321183,328.84976395464236,315.04823604535767
2019-10-21,319.8,322.75,318.95,320.22,6056,322.7009032564201,326.25534424959426,43.07576563656662,322.0076020637427,323.3351613310102,-1.3275592672675316,-1.32454728406382,-0.0030119832037116545,321.928,3.4600328565448883,328.8480657130898,315.0079342869102
2019-10-22,320.22,321.91,318.53,319.37,17493,322.38367437485624,325.98533074961017,41.56129771058264,321.6018171308592,323.0414456768613,-1.4396285460020977,-1.3475635364514755,-0.09206500955062213,322.22349999999994,2.9069305117166677,328.0373610234333,316.4096389765666
2019-10-23,319.37,323.17,319.37,321.91,3122,322.3385625296319,325.8255138574686,47.50115852637492,321.64922987995783,322.9576348859827,-1.3084050060248842,-1.3397318303661574,0.03132682434127321,322.47700000000003,2.619618493708782,327.7162369874176,317.2377630125825
2019-10-24,323.17,324.44,318.95,324.44,8808,322.5386994315717,325.77117998070514,52.6623919674969,322.07857912919513,323.0674397092433,-0.98886058004814,-1.2695575803025538,0.2806970002544138,322.329,2.4013700037033536,327.13174000740673,317.5262599925933
2019-10-31,324.44,324.44,318.11,321.48,6352,322.43787091427913,325.60289841283435,46.85815849803083,321.9864900323959,322.9498515826327,-0.9633615502367547,-1.208318374289394,0.2449568240526392,322.1385,2.3032294832649365,326.7449589665299,317.53204103347014
2019-11-03,321.06,321.06,317.68,321.06,8041,322.3066451129192,325.4247455338996,46.082057193774276,321.843953104335,322.80986257651176,-0.9659094721767474,-1.1598365938668647,0.19392712169011728,322.033,2.3018187317061782,326.6366374634124,317.42936253658763
2019-11-04,322.75,329.51,321.91,324.44,25965,322.50982176883167,325.38612806198205,52.850140455938686,322.24334493443735,322.93061349677015,-0.6872685623328039,-1.0653229875600525,0.37805442522724864,322.20200000000006,2.3501928252249407,326.90238565044996,317.50161434955015
2019-11-05,327.4,328.24,322.33,325.29,16182,322.77460064799055,325.38235833406117,54.400316828262675,322.71206109837004,323.1053828673798,-0.3933217690097308,-0.9309227438499882,0.5376009748402574,322.4135,2.4309588210052238,327.27541764201044,317.55158235798956
2019-11-06,326.98,326.98,323.17,324.44,13493,322.9332101100867,325.3454031052745,52.54004738142816,322.977897852467,323.204243395722,-0.22634554325503586,-0.7900073037309978,0.563661760475962,322.6035,2.433549011099467,327.47059802219894,317.73640197780105
2019-11-07,326.13,326.13,318.95,318.95,23312,322.5538567662689,325.09460298349904,42.4444234402312,322.3582212597798,322.8891142552981,-0.530892995518343,-0.7381844420884669,0.20729144657012388,322.66700000000003,2.3118415990064958,327.290683198013,318.04331680198703
2019-11-10,321.06,322.33,318.11,318.95,10153,322.21063231233853,324.85363816061675,42.4444234402312,321.833879527506,322.59732801416493,-0.7634484866589446,-0.7432372510025624,-0.020211235656382165,322.56149999999997,2.433955574120365,327.4294111482407,317.6935888517592
2019-11-11,320.64,323.17,316.84,318.11,15505,321.8200959016396,324.5891817621612,41.04490611320907,321.2609749848128,322.264933346449,-1.0039583616362506,-0.7953814731293001,-0.20857688850695055,322.1605,2.4753978414859863,327.111295682972,317.209704317028
2019-11-12,321.06,323.17,316.42,316.84,21447,321.3458010538644,324.2852922812922,38.95361483988624,320.58082498714924,321.8630864318973,-1.2822614447480305,-0.8927574674530463,-0.3895039772949842,321.696,2.5614539456602574,326.8189078913205,316.57309210867953
2019-11-13,316.84,318.95,316.84,316.84,6681,320.9166771439726,323.99332003496704,38.95361483988624,320.00531345066474,321.4910059554605,-1.4856925047957361,-1.0113444749215843,-0.4743480298741518,321.29499999999996,2.6657051994688246,326.6264103989376,315.9635896010623
2019-11-14,316.84,318.53,316.42,316.42,3797,320.48842217787995,323.6963270924193,38.20697215137864,319.45372676594707,321.1153758846856,-1.6616491187385236,-1.1414054036849723,-0.5202437150535513,320.8515,2.703656928943134,326.25881385788625,315.4441861421137
2019-11-17,318.11,318.95,314.73,318.95,7383,320.34190577998663,323.5101966182068,45.04076267653413,319.3762303404168,320.95497767100517,-1.578747330588385,-1.228873789065655,-0.3498735415227301,320.64050000000003,2.677737605546693,325.9959752110934,315.28502478890664
2019-11-18,318.95,319.37,316.84,318.95,23592,320.2093433247498,323.33136537827716,45.04076267653412,319.3106564418911,320.80646080648626,-1.4958043645951307,-1.2822599041715501,-0.21354446042358055,320.4715,2.672151262254699,325.81580252450937,315.1271974754906
2019-11-19,318.95,318.95,316.84,318.11,18207,320.0094058652498,323.1266059516781,43.201071861459155,319.12594006621555,320.60672296896877,-1.4807829027532193,-1.321964503887884,-0.15881839886533533,320.2815,2.6994429737205565,325.6803859474411,314.8826140525589
2019-11-20,318.95,321.06,316.84,316.84,29088,319.707557687607,322.8800723849456,40.507179568924215,318.7742569791055,320.3277064527489,-1.5534494736434112,-1.3682614978389895,-0.1851879758044217,320.0705,2.798498610618262,325.6674972212365,314.4735027787635
2019-11-21,316.84,316.84,312.19,312.61,7681,319.0315998125968,322.4773244482811,33.10303557726695,317.82590975155074,319.756024493286,-1.9301147417352809,-1.4806321466182477,-0.44948259511703315,319.71099999999996,3.25900679089594,326.22901358179183,313.1929864182081
2019-11-24,312.19,313.46,308.39,308.39,12391,318.01811411615904,321.92488035227007,27.669307430081915,316.3742313282352,318.9140967530426,-2.539865424807374,-1.692478802256073,-0.8473866225513009,319.1195,4.121253609732987,327.36200721946597,310.87699278053407
2019-11-25,308.81,309.23,307.12,307.12,10567,316.98019848604866,321.34429680904384,26.271672455190654,314.9505034315837,318.0404599565209,-3.089956524937236,-1.9719743467923059,-1.11798217814493,318.507,4.915774929534727,328.3385498590695,308.67545014093054
2019-11-26,306.7,310.5,306.28,308.39,8682,316.1620843445202,320.8362851694735,30.07540617844333,313.94119521134,317.3256110708527,-3.3844158595126714,-2.254462649336379,-1.1299532101762924,317.831,5.334918634998322,328.5008372699967,307.16116273000335
2019-11-27,308.81,310.5,307.97,309.23,18463,315.5018858355183,320.38113673145494,32.55392738282603,313.2163959480569,316.7259361767155,-3.5095402286585795,-2.5054781652008193,-1.0040620634577602,317.0705,5.426527895436156,327.9235557908723,306.2174442091277
2019-11-28,309.23,309.66,305.85,306.28,15634,314.62361099404035,319.82815097728025,28.70571940905876,312.14925810989433,315.95216312658846,-3.802905016694126,-2.764963535499481,-1.037941481194645,316.31049999999993,5.826148384648856,327.96279676929765,304.6582032307022
2019-12-01,306.28,308.39,305.43,305.43,24232,313.7480289946079,319.2635176056222,27.690031714058094,311.11552609298747,315.17274363573006,-4.057217542742592,-3.0234143369481035,-1.0338032057944884,315.529,6.192307536898108,327.9136150737962,303.14438492620377
2019-12-02,306.7,306.7,305.43,306.28,6572,313.0367881379786,318.7543600524606,30.344231012839316,310.3715990017586,314.51402188493523,-4.142422883176607,-3.247216046193804,-0.895206836982803,314.621,6.148160101325017,326.91732020265,302.32467979735
2019-12-03,307.54,308.39,306.28,306.28,9589,312.3932845057902,318.265169462168,30.344231012839316,309.7421222322573,313.904094337903,-4.161972105645702,-3.430167258084184,-0.7318048475615182,313.6705,5.875342296854609,325.4211845937092,301.9198154062908
2019-12-04,307.12,307.97,306.28,306.28,9772,311.81106693381014,317.7951628165928,30.344231012839316,309.20948804267925,313.33934660916947,-4.129858566490213,-3.5701055197653906,-0.5597530467248228,312.7625,5.515630302288613,323.7937606045772,301.7312393954228
2019-12-05,308.39,311.35,307.54,308.39,13130,311.48525103535206,317.4263329022166,37.4613090112006,309.0834129591901,312.97272834182354,-3.889315382633413,-3.6339474923389954,-0.2553678902944174,312.2345,5.396291587255285,323.0270831745106,301.44191682548944
2019-12-08,312.19,312.19,306.28,307.97,11013,311.1504652224614,317.05549631781594,36.658393982047606,308.91211865777626,312.6021558720588,-3.6900372142825404,-3.6451654367277047,-0.044871777554835734,311.6855,5.233190105868099,322.15188021173617,301.2191197882638
2019-12-09,308.39,316.42,308.39,310.92,5466,311.12851615365554,316.81488861907803,45.49491068920284,309.2210234796568,312.47755173338777,-3.2565282537309486,-3.5674380001283534,0.3109097463974049,311.32599999999996,5.010863356637512,321.347726713275,301.30427328672494
2019-12-10,310.92,314.73,310.92,313.88,4466,311.39056223425973,316.6997949477417,52.63500440365418,309.93778909817115,312.5814367901739,-2.6436476920027303,-3.382679938503229,0.7390322465004986,311.178,4.881473677395289,320.9409473547906,301.4150526452094
2019-12-11,314.73,316.84,313.88,315.57,8847,311.788603926235,316.65548926351653,56.165702505360294,310.80428308306784,312.80281184275356,-1.998528759685712,-3.1058497027397256,1.1073209430540136,311.1145,4.8117055461762295,320.7379110923525,301.49108890764757
2019-12-12,316.84,317.26,314.3,316.42,16206,312.2296892665936,316.6462543904375,57.86685733005063,311.66823953182666,313.07075170625325,-1.4025121744265903,-2.765182197077099,1.3626700226505086,311.1145,4.8117055461762295,320.7379110923525,301.49108890764757
2019-12-15,318.95,318.95,315.99,317.68,9306,312.748766479299,316.68679343394973,60.32487178279045,312.59312575769945,313.41217750579005,-0.819051748090601,-2.3759561072797992,1.5569043591891982,311.051,4.710166943063075,320.47133388612616,301.6306661138738
2019-12-16,316.84,316.84,311.35,311.35,11742,312.61555062412765,316.4775074169321,45.85245604439243,312.40187564113035,313.25942361647225,-0.8575479753419017,-2.07227448089222,1.2147265055503182,310.671,4.330643443129922,319.33228688625985,302.00971311374013
2019-12-17,315.15,315.57,312.19,313.88,9416,312.73597437421074,316.375644380974,50.92056212628568,312.62927938864874,313.30539223747434,-0.6761128488255963,-1.7930421544788953,1.116929305653299,310.45950000000005,4.041881368860948,318.54326273772193,302.37573726227816
2019-12-18,315.99,316.84,313.46,315.99,15298,313.0458815766669,316.3605210719162,54.726467074460906,313.14631332885665,313.50425207173555,-0.3579387428789005,-1.5060214721588965,1.148082729279996,310.41700000000003,3.975178380631491,318.367356761263,302.46664323873705
2019-12-19,316.42,318.95,316.42,318.11,15015,313.52817856936525,316.4291280887038,58.23115172882173,313.9099574321095,313.8454185849403,0.06453884716916036,-1.1919094082932853,1.2564482554624457,310.692,4.310936642632009,319.31387328526404,302.070126714736
2019-12-22,318.95,321.06,316.84,319.37,34362,314.08454251514,316.54445639895073,60.20300332911467,314.7499639810157,314.25464683790767,0.495317143108025,-0.8544640980130233,1.3497812411210481,311.241,4.685249979282454,320.6114999585649,301.8705000414351
2019-12-23,321.06,321.91,316.84,316.84,66023,314.3469670375077,316.55604634408996,54.62652567717743,315.0715079839363,314.4461544795442,0.6253535043921374,-0.5585005775319911,1.1838540819241286,311.727,4.73909840414352,321.20519680828704,302.2488031917129
2019-12-24,313.22,317.01,312.28,315.59,22863,314.4653511291736,316.5181621737335,52.06070652990761,315.15127598640765,314.5308837773557,0.6203922090519427,-0.32272202021520435,0.943114229267147,312.087,4.745730602058392,321.57846120411676,302.5955387958832
2019-12-25,314.64,316.53,314.64,316.53,12220,314.6619843549666,316.5186264022146,53.81742875151389,315.36338737311416,314.6789664605145,0.6844209125996485,-0.1212934336522338,0.8057143462518823,312.452,4.794901458835732,322.0418029176715,302.8621970823285
2019-12-26,315.59,320.32,314.64,319.85,14538,315.156081083065,316.6492685040885,59.46699586651917,316.0536354695581,315.0620059819579,0.9916294876002212,0.10129115059825722,0.890338337001964,313.13050000000004,4.83550517144826,322.80151034289656,303.4594896571035
2019-12-29,320.79,321.27,318.43,318.9,14830,315.5126447894397,316.73753248432035,57.306702712992546,316.4915377050107,315.34630183514616,1.145235869864564,0.3100800944515186,0.8351557754130454,313.804,4.640652631047726,323.0853052620954,304.52269473790454
2019-12-30,318.43,325.05,318.43,319.37,17063,315.88001195235023,316.84076650454307,58.117346053435746,316.934378058086,315.6443535510612,1.290024507024782,0.5060689769661713,0.7839555300586107,314.4585,4.442497252902933,323.3434945058059,305.57350549419414
2019-12-31,321.27,322.68,319.85,322.21,15116,316.4828679568883,317.0513246808355,62.723235383645026,317.74601220299587,316.1306977324641,1.6153144705317573,0.7279180756792885,0.8873963948524688,315.255,4.325502708836877,323.9060054176737,306.60399458232627
2020-01-01,323.16,326.47,321.74,326.47,10882,317.4340233895656,317.4206844972733,68.34637317258334,319.08816417176575,316.8965719745038,2.1915921972619685,1.0206528999958244,1.170939297266144,316.2645,4.474096762705258,325.2126935254105,307.3163064745895
2020-01-02,325.52,326.47,323.63,324.1,20018,318.0688783048451,317.6826184385567,62.681342877964944,319.859215837648,317.4301592356517,2.429056601996308,1.3023336403959211,1.1267229616003869,317.05,4.397250337001523,325.84450067400303,308.255499325997
2020-01-05,326.47,330.73,326.47,329.78,17152,319.1842232281932,318.1570255586133,69.25797946944864,321.38549032416364,318.344962255233,3.040528068930655,1.649972526102868,1.3905555428277871,318.14050000000003,4.71951767717921,327.5795353543584,308.70146464564164
2020-01-06,331.2,338.3,331.2,337.35,23487,320.91429720646056,318.90969122298145,75.4640070597335,323.8415687358307,319.75274282891945,4.088825906911268,2.137743202264548,1.9510827046467196,319.462,6.092035870919924,331.6460717418398,307.27792825816016
2020-01-07,343.03,347.29,340.19,341.61,24397,322.88531652013097,319.7998994103155,78.13859985419803,326.5751735457029,321.3717989156662,5.203374630036706,2.7508694878189797,2.452505142217726,320.8485,7.698505169320099,336.2455103386402,305.4514896613598
2020-01-08,343.03,343.03,338.3,341.14,17879,324.623857803928,320.6367661001071,77.13951158617826,328.81591607713324,322.8361101070983,5.979805970034931,3.39665678426217,2.5831491857727613,322.127,8.817637289453652,339.7622745789073,304.4917254210927
2020-01-09,336.41,342.08,336.41,338.77,9624,325.97110944164916,321.3478733118676,72.13114367957753,330.34731360372814,324.01639824731325,6.3309153564148914,3.9835084986927147,2.3474068577221767,323.2445,9.449888038876992,342.144276077754,304.34472392224603
2020-01-12,341.61,344.45,340.66,343.5,30359,327.6405275900635,322.2165841623826,75.54389130541719,332.37080381853923,325.45962800677154,6.911175811767691,4.56904196130771,2.342133850459981,324.5355,10.368716346981051,345.2729326939621,303.7980673060379
2020-01-13,347.29,354.39,343.5,345.4,40571,329.3319059148194,323.12573772464214,76.77425046984442,334.3752955387639,326.9366925988625,7.438602939901386,5.142954157026446,2.295648782874941,326.23799999999994,10.872938691513646,347.9838773830272,304.49212261697267
2020-01-14,347.76,347.76,338.77,345.4,12535,330.8622005895985,323.99923820602874,76.77425046984442,336.0714039174156,328.3043449989468,7.767058918468763,5.66777510931491,2.099283809153853,327.81399999999996,11.264713606280406,350.34342721256075,305.2845727874392
2020-01-15,347.76,351.55,346.82,350.13,11175,332.69722910487485,325.0239739626551,79.71996205228011,338.23426485319777,329.92106018421,8.313204668987794,6.196861021249487,2.116343647738307,329.521,11.944832796077762,353.4106655921555,305.6313344078445
2020-01-16,350.13,359.12,350.13,355.33,26914,334.8527310948868,326.21244557196275,82.367601075112,340.8643779527058,331.8032038742685,9.061174078437318,6.769723632687053,2.2914504457502654,331.382,12.932066875954078,357.24613375190813,305.5178662480919
2020-01-19,359.59,362.43,358.17,361.48,22863,337.3886614668024,327.5954869220819,84.8815365175779,344.036012113828,334.0014850687671,10.034527045060884,7.42268431516182,2.611842729899064,333.4875,14.235736305433305,361.9589726108666,305.0160273891334
2020-01-20,368.58,369.05,357.22,359.59,25306,339.50307466044023,328.85017370945127,81.05678299752466,346.42893332708525,335.8969306192288,10.532002707856464,8.04454799370075,2.4874547141557137,335.625,14.802721478087422,365.23044295617484,306.01955704382516
2020-01-21,362.9,362.9,354.39,357.22,18428,341.19040088325545,329.96271591692374,76.4073844156157,348.0890974306106,337.47641724002665,10.612680190583944,8.55817443307739,2.054505757506554,337.7065,14.764075630071163,367.23465126014236,308.17834873985765
2020-01-22,354.86,357.7,352.49,352.49,12755,342.2665531800883,330.8461388221424,68.02146173297834,348.7661593643628,338.5885344815062,10.177624882856605,8.882064523033232,1.295560359823373,339.5045,14.229384524542947,367.9632690490859,311.0457309509141
2020-01-23,352.49,352.49,341.61,343.98,19663,342.42973859150845,331.36119220166626,56.09316195159448,348.02982715446086,338.98790229769094,9.041924856769924,8.914036589780572,0.12788826698935196,340.71099999999996,13.478345556755167,367.6676911135103,313.75430888648964
2020-01-26,343.98,343.98,335.46,335.93,20742,341.81071586850766,331.54036113493424,47.59134803726314,346.16831528454384,338.7613910163805,7.406924268163323,8.612614125457123,-1.2056898572938,341.5625,12.532667576333468,366.62783515266693,316.49716484733307
2020-01-27,336.88,344.92,334.04,340.66,17628,341.70112388103075,331.8979940316035,52.177841622534515,345.3208821638448,338.90202871887084,6.418853444973934,8.173861989360486,-1.755008544386552,342.627,11.40159642561356,365.4301928512271,319.8238071487729
2020-01-28,347.29,347.76,343.03,343.03,15203,341.8276835114088,332.3345432852661,54.33429397425152,344.9684387540225,339.2078043693249,5.760634384697596,7.691216468427908,-1.9305820837303118,343.668,10.34043295438554,364.3488659087711,322.98713409122894
2020-01-29,343.98,346.34,341.14,342.56,10541,341.89742793889366,332.7355415878047,53.81602347060765,344.5979097149421,339.4561151567823,5.141794558159802,7.181332086374287,-2.0395375282144848,344.47249999999997,9.525805878323922,363.5241117566478,325.4208882433521
2020-01-30,342.56,348.71,342.56,348.23,14728,342.5005300399514,333.34316740789075,58.90824239227541,345.1566928357202,340.10603255257615,5.050660283144055,6.755197725728241,-1.7045374425841864,345.679,8.252737281139524,362.18447456227904,329.1735254377209
2020-02-02,350.13,356.75,350.13,355.8,37634,343.7671462266227,334.2238275095421,64.53114336911385,346.7941247071479,341.2685486597927,5.525576047355173,6.509273390053628,-0.9836973426984548,346.97999999999996,7.642850804574381,362.2657016091487,331.6942983908512
2020-02-03,358.17,358.64,346.82,349.18,33172,344.2826561098015,334.8103440777954,57.164360636648425,347.1611824445098,341.8545820924006,5.306600352109172,6.268738782464737,-0.9621384303555658,347.5715,7.30881175092482,362.1891235018497,332.95387649815035
2020-02-04,350.6,352.02,346.34,349.65,27241,344.79383171839186,335.39229136886223,57.53501069456656,347.5440774530467,342.4320204559265,5.1120569971202485,6.03740242539584,-0.9253454282755911,347.97349999999994,7.183696655031391,362.3408933100627,333.6061066899372
2020-02-05,349.65,349.65,347.29,347.29,20827,345.03156203092595,335.85886817792647,54.96325284267251,347.5049886141165,342.7918707925245,4.713117821591993,5.772545504635071,-1.0594276830430776,348.28100000000006,7.005200248832714,362.2914004976655,334.2705995023346
2020-02-06,347.76,350.13,343.5,343.5,15362,344.8856989803616,336.1585204062431,51.01919421635071,346.88883651963704,342.8443248078931,4.044511711743951,5.426938746056846,-1.3824270343128955,348.51750000000004,6.742106398162264,362.00171279632457,335.0332872036755
2020-02-09,346.34,346.34,340.66,341.14,18422,344.5289657441367,336.3538725471748,48.67684917406452,346.00440013200057,342.7180785258269,3.286321606173658,4.998815318080209,-1.7124937119065509,348.3995,6.854263732576937,362.10802746515384,334.69097253484614
2020-02-10,343.03,343.98,338.77,340.66,23380,344.1604928161237,336.52274029042286,48.192221579227926,345.1821847270774,342.5656282646545,2.6165564624229205,4.5223635469487515,-1.905807084525831,348.1625,7.042790920316925,362.24808184063386,334.0769181593662
2020-02-11,338.77,345.4,338.3,342.08,27491,343.96235064315954,336.74067204373966,49.78498426950624,344.70492553829627,342.529655800606,2.1752697376902574,4.052944785097052,-1.877675047406795,347.99649999999997,7.149646494752741,362.29579298950546,333.6972070104945
2020-02-12,344.92,344.92,341.14,341.61,11735,343.7383172485729,336.93162608124004,49.24533032448638,344.22878314778916,342.46153314870924,1.7672499990799224,3.5958058278936265,-1.828555828813704,347.5705,7.268669229532413,362.1078384590648,333.03316154093517
2020-02-13,343.03,343.98,341.14,342.08,16258,343.58038227251836,337.133523097662,49.830979168204145,343.89820112505237,342.43327143399006,1.4649296910623093,3.169630600527363,-1.7047009094650538,346.908,7.126655375562634,361.16131075112526,332.6546892488748
2020-02-16,343.5,343.5,340.19,342.56,17985,343.483203008469,337.34632611344,50.45968588948588,343.6923240288905,342.442658735176,1.2496652937144859,2.785637539164788,-1.535972245450302,345.962,6.298114671946163,358.5582293438923,333.36577065610766
2020-02-17,349.18,358.17,344.45,354.86,51893,344.5667074838529,338.03313685408943,63.18973283865531,345.41042802444576,343.3624617918296,2.0479662326161474,2.63810327785506,-0.5901370452389125,345.7255,5.830916218511415,357.38733243702285,334.0636675629772
2020-02-18,361.48,361.96,352.02,356.28,47604,345.6822591520574,338.7487001147134,64.3293276447259,347.0826698668387,344.31931647391633,2.7633533929223972,2.6631533008685278,0.10020009205386948,345.6785,5.7364111969927345,357.1513223939855,334.2056776060145
2020-02-19,355.8,356.28,352.97,355.33,23379,346.6010916137662,339.39894716903837,62.925770883440165,348.3514898873251,345.13492266103367,3.2165672262914313,2.7738360859531084,0.44273114033832295,345.8205,5.945247969679945,357.71099593935986,333.9300040606401
2020-02-20,355.33,357.22,352.97,357.22,21585,347.61241622197895,340.09781198593885,64.5814443813156,349.71587605850584,346.0301135750312,3.6857624834746616,2.956221365457419,0.7295411180172424,346.4825,6.445601417362814,359.37370283472563,333.5912971652744
2020-02-23,358.64,380.41,358.64,373.78,65129,350.10456705798094,341.41868210413736,75.08177344472946,353.41804897258186,348.08566071762147,5.332388254960392,3.431454743358014,1.9009335116023784,348.375,8.434069068519722,365.24313813703947,331.50686186296053
2020-02-24,373.78,388.45,374.26,378.52,93540,352.81079876674465,342.8736357471124,77.16825196654912,357.27988759218465,350.34005622001985,6.939831372164804,4.133130069119372,2.8067013030454318,350.26800000000003,10.585659912797228,371.4393198255945,329.09668017440555
2020-02-25,380.88,385.14,368.58,385.14,37640,355.889770312769,344.53114022761787,79.7220427883982,361.56605873184856,352.91782983335173,8.648228898496825,5.036149834994863,3.6120790635019624,352.3735,12.985969868322503,378.345439736645,326.40156026335495
2020-02-26,392.71,414.0,391.76,411.64,83212,361.19931599726715,347.16286021869166,86.31892726108619,369.26974200387184,357.2676202160664,12.002121787805436,6.429344225556978,5.572777562248458,355.8275,18.32697720359192,392.48145440718383,319.17354559281614
2020-02-27,407.38,451.85,399.81,451.85,167082,369.83271447371794,351.26823824933126,91.06748207252276,381.97439708019925,364.2737224222837,17.700674657915556,8.683610312028694,9.017064345886862,361.0085,28.104529560944936,417.2175591218899,304.79944087811015
2020-03-01,451.85,473.14,442.86,444.76,163043,376.96864642860197,354.9345818473967,85.4365309835093,391.6337206063224,370.2356689095219,21.398051696800508,11.226498588983057,10.17155310781745,365.4565,33.71624491718658,432.88898983437315,298.02401016562686
2020-03-02,438.13,444.28,402.17,402.17,68203,379.3687753401637,356.7869511867145,61.025911968263216,393.2546866668882,372.60117491622395,20.653511750664222,13.111901221319291,7.541610529344931,368.106,34.444064403486095,436.9941288069722,299.2178711930278
2020-03-03,402.17,430.56,385.61,420.15,150206,383.25270149824337,359.27177663037276,65.50653804269959,397.39242717967466,376.12331010761477,21.269117072059885,14.743344391467412,6.525772680592473,371.631,36.026977742562245,443.6849554851245,299.57704451487547
2020-03-04,420.15,420.15,396.5,400.75,107177,384.9191108793631,360.8983736252601,57.78702661008285,397.90897684434015,377.94750935890255,19.961467485437595,15.78696901026145,4.174498475176145,374.304,36.10908376747092,446.5221675349418,302.08583246505816
2020-03-05,393.18,403.12,384.67,397.44,78904,386.1115765098999,362.33137858113224,56.562288901298274,397.8368265605955,379.3913975545394,18.445429006056088,16.318661009420378,2.12676799663571,377.001,35.69930308917172,448.39960617834345,305.6023938216565
2020-03-10,389.87,389.87,367.16,367.16,60824,384.306664461338,362.52073628383295,46.792195338898146,393.11731478204234,378.48536810605503,14.631946675987308,15.981318142733764,-1.3493714667464562,378.302,34.786072923996436,447.8741458479929,308.72985415200714
2020-03-11,374.26,388.92,362.43,385.61,83501,384.4307916554963,363.4261976060356,52.20899858335606,391.9623432771128,379.01311861671763,12.949224660395146,15.374899446266042,-2.4256747858708962,380.5495,33.659915325751406,447.8693306515028,313.2296693484972
2020-03-12,393.18,393.18,370.95,373.78,65403,383.41643054544903,363.83222907246557,48.77988736428896,389.1650596960185,378.62548020066447,10.539579495354019,14.407835456083639,-3.86825596072962,382.1345,32.478727690110226,447.09195538022044,317.17704461977956
2020-03-15,369.05,372.36,353.91,354.86,70304,380.6967704935015,363.4803769519767,43.82248386857092,383.8873582043234,376.8650742598745,7.022283944448873,12.930725153756686,-5.908441209307814,382.79699999999997,31.735230646876314,446.2674612937526,319.32653870624733
2020-03-16,350.6,361.48,342.08,354.86,55501,378.2361256845966,363.14232295386,43.82248386857092,379.4216107882736,375.2350687591431,4.186542029130521,11.181888528831454,-6.995346499700933,383.43600000000004,30.992195859771492,445.42039171954303,321.45160828045704
2020-03-17,361.96,361.96,341.14,345.87,46620,375.1536375241588,362.46497695566944,41.498395144412925,374.25982451315457,373.05987848068804,1.1999460324665279,9.185500029558469,-7.985553997091941,383.60150000000004,30.770472051352556,445.14244410270516,322.06055589729493
2020-03-18,345.87,349.65,331.2,338.3,43091,371.6437672837627,361.51733080054515,39.59421378837681,368.7275438188231,370.4850726673037,-1.7575288484806038,6.9968942539506545,-8.754423102431257,382.77349999999996,31.790479752508425,446.3544595050168,319.1925404949831
2020-03-19,331.67,350.13,326.47,345.4,55806,369.1443608757853,360.8852786122885,42.269848707415434,365.13869092361955,368.62691913639236,-3.4882282127728104,4.899869760605962,-8.388097973378773,382.22950000000003,32.35576227456761,446.94102454913525,317.5179754508648
2020-03-22,352.02,352.02,331.2,331.67,15101,365.57537412571054,359.7395814118066,38.69995228672671,359.98966155075505,365.88936957073366,-5.899708019978618,2.739954204489046,-8.639662224467664,381.04650000000004,33.79170083023215,448.6299016604643,313.46309833953575
2020-05-12,325.05,325.05,321.74,321.74,2295,361.40057658992856,358.24940174859853,36.31141776420505,354.1050982352543,362.6190458988275,-8.51394766357322,0.48917383087659294,-9.003121494449813,379.2725,35.96951865633365,451.21153731266725,307.3334626873327
2020-05-13,315.59,315.59,312.28,312.28,435,356.7224264385068,356.4466801113986,34.14906530045296,347.6704677375228,358.8902276840995,-11.219759946576687,-1.8526129246140632,-9.367147021962623,376.1975,38.9676209550269,454.1327419100538,298.26225808994616
2020-06-29,296.66,311.8,281.05,312.28,40720,352.48981439674424,354.7146534403634,34.14906530045296,342.2257803932885,355.437618226018,-13.211837832729486,-4.124457906237148,-9.08737992649234,372.8855,41.49299249334216,455.8714849866843,289.89951501331564
2020-06-30,317.01,343.5,317.01,343.03,8769,351.5888796922924,354.25643173681976,46.22196424385942,342.34950648662874,354.51853539446114,-12.169028907832399,-5.733372106556199,-6.4356568012762,370.78000000000003,41.90478907438074,454.5895781487615,286.97042185123854
2020-07-01,343.03,364.32,343.03,364.32,15536,352.80136734064547,354.6510814726308,52.689284434835066,345.72958241176275,355.24456980968625,-9.514987397923505,-6.48969516482966,-3.025292233093845,368.414,40.79760601851566,450.0092120370313,286.81878796296866
2020-07-02,371.42,371.42,332.15,340.66,21024,351.6450466415364,354.102411610959,46.0599937268885,344.94964665610695,354.16423130526505,-9.214584649158098,-7.034673061695348,-2.17991158746275,362.85450000000003,36.139354620252185,435.1332092405044,290.57579075949565
2020-07-05,341.61,347.29,330.73,344.92,59244,351.0045660090091,353.7423170379802,47.34459186770036,344.94508563209047,353.47947343080097,-8.534387798710497,-7.3346160090983785,-1.199771789612119,357.8625,30.719220945952387,419.3009418919048,296.4240581080952
2020-07-06,343.03,350.13,338.3,348.71,32963,350.786035912913,353.5449712717849,48.519260488718146,345.52430322715344,353.1261791025935,-7.601875875440044,-7.388067982366712,-0.2138078930733318,355.1895,28.935004565585455,413.0595091311709,297.3194908688291
2020-07-07,354.86,355.33,350.13,352.02,41752,350.9035563021594,353.485168476813,49.577228566686614,346.52364119220675,353.04423990980877,-6.520598717602013,-7.214574129413773,0.6939754118117598,351.783,24.56521890804001,400.91343781608003,302.65256218392
2020-07-08,355.8,357.7,345.4,350.6,30143,350.87464617814425,353.3720246149772,49.11094393404643,347.1507733164826,352.8631851016748,-5.71241178519216,-6.914141660569451,1.201729875377291,349.27549999999997,21.69578044713888,392.6670608942777,305.8839391057222
2020-07-09,352.49,354.39,343.03,351.07,30119,350.8932513040353,353.28174913988005,49.28097721358172,347.753731267793,352.7303565756248,-4.976625307831796,-6.52663839002192,1.550013082190124,346.957,18.523559990908076,384.00411998181613,309.90988001818386
2020-07-12,357.7,364.32,352.97,353.44,27529,351.1357987988891,353.2879550559632,50.18484762670921,348.6285418419787,352.7829227552082,-4.154380913229488,-6.052186894663434,1.8978059814339456,346.271,17.982124720777932,382.2352494415559,310.30675055844415
2020-07-13,360.06,363.85,350.6,351.07,28339,351.12953224661396,353.2009764263176,49.239837232532,349.0041507893666,352.65603958815575,-3.651888798789173,-5.572127275488581,1.9202384766994083,344.544,15.49125777231631,375.5265155446326,313.56148445536735
2020-07-14,357.7,359.59,351.07,352.49,29973,351.2591006040793,353.17309499783454,49.84918697961069,349.54043528331016,352.64374035940347,-3.1033050760933065,-5.078362835609527,1.9750577595162202,343.47950000000003,14.040044787375463,371.55958957475093,315.39941042524913
2020-07-15,354.86,361.96,352.02,361.96,43439,352.27823387988127,353.51767950772336,53.8298147142817,351.4511375474163,353.3338336661143,-1.882696118697993,-4.43922949222722,2.556533373529227,343.83450000000005,14.427362335066595,372.6892246701332,314.97977532986687
2020-07-16,366.69,373.78,366.21,373.78,38787,354.3260211294164,354.3122803113421,58.28085168290292,354.8863471555061,354.8483645056614,0.03798264984470734,-3.5437870638128346,3.581769713657542,344.78049999999996,15.74818267710622,376.2768653542124,313.2841346457875
2020-07-19,380.88,411.16,380.88,411.16,711,359.73878102185296,356.5416026520738,68.5927031212162,363.54383220850514,359.0195967645013,4.524235444003864,-1.9301825622494952,6.454418006253359,348.04499999999996,21.647914327638375,391.3408286552767,304.7491713447232
2020-07-20,431.51,451.85,386.09,415.89,118430,365.08651616262887,358.868990783365,69.61611634697958,371.59708879181204,363.2322192263901,8.364869565421941,0.12882786328479212,8.236041702137149,351.9245,26.268833138790384,404.46216627758076,299.3868337224193
2020-07-21,418.73,419.21,405.48,409.27,69536,369.29446700428326,360.84550094872327,66.35707956814615,377.39292128537943,366.64242520962046,10.750496075758974,2.253161505779629,8.497334569979346,355.118,29.157420938577545,413.43284187715506,296.80315812284493
2020-07-22,406.9,414.0,400.28,400.28,51597,372.2454701467325,362.3919518919106,62.105082114053886,380.91401031839797,369.1340974163152,11.779912902082742,4.158511785040252,7.62140111704249,358.5485,30.26843036199387,419.0853607239877,298.01163927601226
2020-07-23,400.28,404.07,393.18,402.17,55386,375.0954253708532,363.95187534712977,62.64698097306352,384.18416257710595,371.581201311403,12.602961265702959,5.847401681172794,6.755559584530165,362.57,30.463006037520806,423.4960120750416,301.64398792495837
2020-07-26,406.9,411.64,403.59,407.38,58534,378.1701467641053,365.65493905900706,64.16811514440047,387.7527529498589,374.23296417722497,13.519788772633945,7.381879099465024,6.13790967316892,367.325,29.610232495219872,426.5454649904397,308.10453500956027
2020-07-27,411.64,417.31,406.9,407.85,101044,380.99679945323817,367.3096473312029,64.30931735186164,390.8446371114191,376.723114978912,14.121522132507096,8.729807706073439,5.391714426433657,372.1035,27.923008674227297,427.9495173484546,316.2574826515454
2020-07-28,412.58,412.58,404.07,404.07,51916,383.19424712435836,368.7512297888028,62.186812203195394,392.8793083250469,378.7488101656593,14.130498159387628,9.809945796736276,4.320552362651352,375.15549999999996,27.913860446020703,430.98322089204134,319.3277791079586
2020-07-29,404.54,404.54,397.44,399.81,45527,384.7766997791814,369.96922077747723,59.79174043966638,393.945568582732,380.3088983015364,13.63667028119562,10.575290693628146,3.0613795875674743,376.93,28.313979995009763,433.5579599900195,320.3020400099805
2020-07-30,398.39,404.07,397.44,402.65,41463,386.4789188478308,371.25081996267426,60.87363069745058,395.2847118776963,381.96379472364475,13.320917154051529,11.124415985712822,2.196501168338706,380.0295,27.51632557993472,435.0621511598694,324.99684884013055
2020-08-02,397.44,402.17,387.98,387.98,63388,386.6218789575612,371.9068662386478,52.94831554931485,394.1609100503584,382.40943955893033,11.751470491428051,11.24982688685587,0.5016436045721822,382.1825,26.281512989170093,434.7455259783402,329.6194740216598
2020-08-03,382.77,391.76,382.3,389.87,42609,386.9312238187459,372.6113028567401,53.783156964922796,393.50077004261095,382.9620736656762,10.538696376934752,11.107600784871646,-0.5689044079368948,384.2405,25.107791509282528,434.45608301856504,334.02491698143496
2020-08-05,389.87,389.87,383.25,389.87,47216,387.2111072645796,373.288114509417,53.783156964922796,392.9421900360554,383.47377191266315,9.468418123392269,10.779764252575772,-1.3113461291835034,386.133,23.95118085210917,434.0353617042183,338.23063829578166
2020-08-06,406.43,406.43,378.99,385.14,21551,387.01385895366724,373.75289433257717,51.14904031763822,391.7418531074315,383.5971962154289,8.144656892002615,10.25274278046114,-2.1080858884585254,387.86,22.452597552221416,432.76519510444285,342.9548048955572
2020-08-09,385.61,385.61,378.52,384.67,36927,386.7906342914132,374.18101612345646,50.8823683103146,390.6538757062882,383.6766631624342,6.977212543854023,9.597636733139717,-2.6204241892856945,389.53999999999996,20.747209831430034,431.03441966286005,348.0455803371399
2020-08-10,390.34,397.44,383.25,393.66,47830,387.4448595969929,374.94489784410524,55.64581254270331,391.1163563668593,384.4161695948465,6.700186772012785,9.018146740914332,-2.3179599689015475,391.55100000000004,18.933914962030077,429.4188299240602,353.68317007593987
2020-08-11,400.75,400.75,390.34,392.71,29776,387.94630154013646,375.6415685168854,55.03838020606575,391.36153231041936,385.0305274026357,6.331004907783665,8.480718374288198,-2.149713466504533,393.633,16.363159873708486,426.359319747417,360.906680252583
2020-08-12,399.33,399.33,388.45,395.55,23975,388.6704632982187,376.4222913201448,56.564843033913476,392.00591195497026,385.80974759503306,6.1961643599372,8.023807571417999,-1.8276432114807992,395.78599999999994,13.189962850588751,422.16592570117746,369.40607429882243
2020-08-13,414.95,414.95,387.98,390.34,36200,388.82946679362647,376.968083817394,53.00934234630595,391.74961780805177,386.14532184725283,5.604295960798936,7.539905249294186,-1.9356092884952503,397.205,10.639342826950564,418.4836856539011,375.9263143460989
2020-08-16,395.08,395.08,383.25,388.92,29088,388.8380890037573,377.43678641279035,52.049052551454714,391.3142919914284,386.35085356227114,4.963438429157236,7.024611885266797,-2.061173456109561,397.962,9.34476019798288,416.65152039596575,379.27247960403423
2020-08-17,388.92,389.87,385.61,388.92,16623,388.84589005101856,377.8871085142496,52.049052551454714,390.94593937736244,386.5411607058066,4.404778671555846,6.500645242524607,-2.095866570968761,396.85,9.00878518592971,414.8675703718594,378.83242962814063
2020-08-18,394.13,397.44,389.87,392.71,20561,389.2139005223501,378.46839837643586,54.5951353070834,391.21733331930665,386.9981117646357,4.2192215546709235,6.044360504953871,-1.8251389502829474,395.691,7.846415138534747,411.3838302770695,379.99816972293047
2020-08-19,385.61,390.34,385.14,388.92,17216,389.185909996412,378.8782651067717,51.642130480481526,390.86389742402866,387.1404738561442,3.723423567884481,5.580173117539994,-1.8567495496555129,394.6735,7.292784664159966,409.2590693283199,380.08793067168006
2020-08-20,384.19,388.92,384.19,386.56,10175,388.9358233300871,379.17950961238853,49.83454765188261,390.2017593587935,387.09747579272613,3.104283566067352,5.084995207245465,-1.9807116411781136,393.9875,7.382388627132667,408.7522772542653,379.2227227457347
2020-08-23,389.87,389.87,385.14,389.87,14020,389.02479253674545,379.5987445295498,52.3535318555944,390.15071945744063,387.3028479562279,2.847871501212751,4.637570466038922,-1.7896989648261714,393.37250000000006,7.174257984732065,407.7210159694642,379.0239840305359
2020-08-24,394.13,395.08,390.34,392.71,22795,389.375764676103,380.1129114107439,54.46619234226316,390.5444549255267,387.70337773724805,2.841077188278632,4.2782718104868644,-1.4371946222082324,392.639,6.371804586153268,405.38260917230656,379.89539082769346
2020-08-25,396.97,397.44,389.4,392.71,23396,389.69331089742656,380.60691488483235,54.46619234226316,390.8776157062149,388.0742386456001,2.803377060614821,3.9832928605124556,-1.1799157998976346,391.88199999999995,5.274404531111398,402.43080906222275,381.33319093777715
2020-08-26,396.97,402.17,392.71,397.91,44021,390.4758527167193,381.28546724228994,58.384582051361846,391.95952098218186,388.8028135607408,3.1567074214410695,3.8179757726981784,-0.6612683512571089,391.574,4.6705103969839294,400.91502079396787,382.23297920603216
2020-08-27,397.91,404.54,397.91,399.81,23000,391.3648191246508,382.0119195072982,59.74759636980883,393.1672869849231,389.6181607043896,3.549126280533528,3.7642058742652487,-0.21507959373172048,391.57399999999996,4.6705103969839294,400.9150207939678,382.2329792060321
2020-08-30,399.81,402.17,395.08,396.97,11698,391.89864587468406,382.5985108991689,56.75531703089989,393.7523197564734,390.1627413929533,3.589578363520104,3.72928037211622,-0.13970200859611603,391.29,4.099329855363195,399.48865971072644,383.0913402892736
2020-08-31,397.44,400.28,393.66,396.97,49117,392.381631981857,383.16209870704466,56.75531703089989,394.2473474862468,390.66698277125306,3.5803647149937206,3.6994972406917204,-0.11913252569799981,391.7395,4.208705858089145,400.1569117161783,383.32208828382176
2020-09-02,396.97,409.74,396.97,405.96,68044,393.67480988834683,384.0561340518665,63.47152264508307,396.0492940268242,391.79979886227136,4.2494951645528545,3.809496825463947,0.4399983390889073,392.544,5.243211550980407,403.0304231019608,382.05757689803914
2020-09-03,407.38,408.8,401.7,406.9,54696,394.9343518037424,384.9519719321854,64.09935879260047,397.71863340731284,392.9183322798809,4.800301127431965,4.00765768585755,0.7926434415744144,393.39549999999997,6.099083170955163,405.5936663419103,381.19733365808963
2020-09-06,427.25,427.25,404.07,404.54,56147,395.84917544148124,385.72012989562916,61.25286659394682,398.7680744215724,393.77919655544525,4.9888778661271544,4.203901721911471,0.7849761442156833,394.3655,6.257652557167732,406.8808051143355,381.8501948856645
2020-09-07,408.32,408.32,398.39,401.7,19865,396.40639682800685,386.3467914683496,57.91957940860505,399.2191398951767,394.3659227365234,4.853217158653308,4.333764809259839,0.5194523493934691,395.217,6.023188611735734,407.2633772234715,383.1706227765285
2020-09-08,405.96,405.96,397.44,400.28,21968,396.77531141581574,386.8931918029241,56.27072056225461,399.38234914207254,394.80400253381794,4.578346608254606,4.382681169058793,0.19566543919581303,395.54799999999994,6.114330535279236,407.7766610705584,383.31933892944147
2020-09-09,400.28,400.28,396.97,399.33,36262,397.01861509049996,387.3809097714369,55.139771651463704,399.37429542790755,395.139261605387,4.235033822520563,4.353151699751147,-0.11811787723058398,395.879,6.131771359069984,408.14254271813996,383.6154572818601
2020-09-10,401.7,410.69,399.33,399.81,26342,397.28446127235713,387.8683250745178,55.625060818169565,399.44132690053715,395.48524222721016,3.956084673326984,4.273738294466315,-0.31765362113933104,396.092,6.193421467460052,408.47884293492007,383.7051570650799
2020-09-13,404.54,404.54,399.81,401.7,32114,397.7049887702279,388.4107436990465,57.571333767123804,399.7888150696853,395.9455946548242,3.8432204148610936,4.187634718545271,-0.3444143036841778,396.65999999999997,6.158958387662888,408.97791677532575,384.3420832246742
2020-09-14,404.54,411.64,403.12,405.01,32379,398.4007041254443,389.06169492653487,60.81293497947635,400.5920742897338,396.6170320878002,3.9750422019335474,4.145116215222927,-0.17007401328937988,397.4645,6.145572197239965,409.75564439447993,385.17335560552004
2020-09-15,396.97,408.8,403.59,405.01,28117,399.030160875402,389.68711865490604,60.81293497947635,401.27175516823627,397.23873341462985,4.03302175360642,4.122697322899626,-0.08967556929320608,398.269,6.02003138651671,410.3090627730334,386.2289372269666
2020-09-16,405.96,405.96,402.17,403.59,15690,399.46443126822084,390.232329688047,58.585919803621664,401.6284082192768,397.7091976061388,3.919210613138034,4.081999980947308,-0.16278936780927378,398.813,5.982723460089819,410.77844692017965,386.84755307982033
2020-09-17,403.59,409.27,402.65,406.43,30609,400.1278187664855,390.8675324453785,61.61365993932894,402.36711464708037,398.35518296864706,4.011931678433314,4.0679863204445095,-0.05605464201119581,399.6885,5.734860412187644,411.1582208243753,388.21877917562466
2020-09-20,414.47,423.46,411.64,416.37,72747,401.67469316967737,391.8676292122264,69.90639097461099,404.5214047013757,399.6896138598584,4.831790841517261,4.2207472246590605,0.6110436168582005,401.179,6.010372525446712,413.1997450508934,389.15825494910655
2020-09-21,422.05,422.05,414.47,417.79,61628,403.2094842963748,392.88419277253126,70.87440645235958,406.56272705501016,401.0303832035726,5.532343851437531,4.483066550014755,1.0492773014227765,402.575,6.47026599956836,415.5155319991367,389.63446800086325
2020-09-22,420.15,421.1,411.64,412.58,51322,404.10191436338675,393.65657736968694,62.88214901014853,407.48846135423935,401.88591037367837,5.602550980560977,4.706963436123999,0.8955875444369781,403.56850000000003,6.4009187457255186,416.37033749145104,390.766662508549
2020-09-23,409.74,414.95,409.74,413.53,30912,404.99982728115947,394.43592727675804,63.686270102885544,408.4179288382025,402.74843553118365,5.669493307018854,4.89946941030297,0.7700238967158839,404.6095,6.2328260676341465,417.0751521352683,392.14384786473175
2020-09-24,409.74,414.95,409.74,414.0,23476,405.8569865877157,395.2031458149244,64.10063629773194,409.2767090169406,403.58188475109597,5.694824265844602,5.058540381411296,0.6362838844333059,405.414,6.359692478489687,418.13338495697934,392.69461504302063
2020-09-27,416.37,417.79,411.64,413.53,23447,406.587749769838,395.92184597904503,63.32249907964784,409.9310614758728,404.31878217694066,5.612279298932151,5.169288164915467,0.4429911340166841,406.1,6.462526799285579,419.02505359857116,393.1749464014289
2020-09-28,418.73,418.73,410.69,412.11,17676,407.1136783631868,396.5566755484943,60.916454682457704,410.26628278727696,404.8959094230932,5.370373364183763,5.209505204769127,0.16086815941463595,406.85699999999997,6.2189143577781145,419.2948287155562,394.41917128444373
2020-09-29,414.0,414.0,407.85,408.8,20446,407.2742804238357,397.03680591914156,55.61202571407688,410.0407008200036,405.1851013176789,4.855599502324708,5.138724064280243,-0.28312456195553537,407.44849999999997,5.775848331394558,419.0001966627891,395.8968033372108
2020-09-30,408.8,414.0,405.48,406.43,22250,407.1938727644228,397.4051664713321,52.11293963771811,409.4852083861569,405.2773160348879,4.207892351268981,4.952557721677991,-0.7446653704090096,407.472,5.770426965860145,419.01285393172026,395.9311460682797
2020-10-01,406.9,411.16,406.9,410.22,30640,407.4820753582873,397.9077089626524,56.79459596159811,409.59825324982506,405.64344077304435,3.9548124767807167,4.753008672698536,-0.7981961959178197,407.63800000000003,5.800779983843331,419.2395599676867,396.03644003231335
2020-10-04,421.1,423.46,414.0,416.37,52437,408.3285443717838,398.63172037588174,63.09895087356363,410.64006044215967,406.4380007157818,4.202059726377854,4.6428188834344,-0.44075915705654634,408.22950000000003,6.065366283894097,420.3602325677882,396.09876743221184
2020-10-05,418.73,420.63,412.58,414.47,22147,408.9134449078044,399.2528293807491,60.17749162200482,411.22928191259666,407.03296362572394,4.1963182868727245,4.553518764122066,-0.3572004772493411,408.86800000000005,6.01375843597164,420.89551687194336,396.84048312805675
2020-10-06,415.42,418.73,412.58,414.95,16257,409.4883549165849,399.8684046991511,60.67287588185906,411.8017000798895,407.61941076455923,4.182289315330252,4.479272874363703,-0.2969835590334515,409.60149999999993,5.802073381664498,421.2056467633289,397.99735323667096
2020-10-07,416.37,417.31,410.69,412.58,26029,409.7827973054816,400.36689863251775,56.90858504397636,411.9214385291373,407.98686181903633,3.9345767101009415,4.370333641511151,-0.4357569314102099,410.26399999999995,5.302465563540718,420.8689311270814,399.6590688729185
2020-10-08,416.37,417.31,409.74,411.16,27048,409.91395946686436,400.7901575096739,54.718080659581524,411.80429414003925,408.2219090917003,3.582385048338949,4.212743922876712,-0.6303588745377624,410.83150000000006,4.697604400667061,420.2267088013342,401.4362911986659
2020-10-11,410.69,411.64,408.8,409.74,24647,409.8973918985916,401.1411317249808,52.540158271538665,411.4867104261871,408.3343602700929,3.152350156094201,4.000665169520209,-0.8483150134260082,411.2335,4.191829490042193,419.61715898008435,402.84984101991563
2020-10-12,406.9,409.27,406.9,408.8,19390,409.79287838444003,401.4414795004718,51.09046672425325,411.07337036061983,408.3688521019378,2.7045182586820147,3.7414357873525708,-1.036917528670556,411.42300000000006,3.975775462248701,419.37455092449744,403.4714490755027
2020-10-13,409.27,409.27,407.38,408.8,15218,409.6983185383029,401.7300489318259,51.09046672425325,410.7236210743706,408.40078898327573,2.322832091094881,3.4577150481010333,-1.1348829570061523,411.6125,3.7371842411813954,419.0868684823628,404.13813151763725
2020-10-14,408.8,409.27,406.43,406.9,29183,409.4318120108454,401.93279211096996,47.986625112355334,410.1353716783136,408.289619428959,1.8457522493546321,3.135322488351753,-1.289570238997121,411.77799999999996,3.423323408297502,418.624646816595,404.93135318340495
2020-10-15,386.56,412.58,386.56,406.9,25564,409.19068705743155,402.12758457720645,47.98662511235533,409.6376221893423,408.1866846564435,1.4509375328988199,2.7984454972611665,-1.3475079643623467,411.80150000000003,3.386089617042015,418.57367923408407,405.029320765916
2020-10-18,406.9,413.53,406.43,406.43,18801,408.9277644805333,402.29630675064936,47.164591860390765,409.1441418525204,408.05655986707734,1.0875819854430802,2.4562727948975493,-1.3686908094544692,411.3045,3.4096464934695914,418.1237929869392,404.48520701306086
2020-10-19,406.9,410.69,406.9,408.32,11214,408.869882149054,402.53253001532977,50.81350624106342,409.0173507982865,408.0760739509975,0.9412768472889752,2.1532736053758343,-1.2119967580868591,410.83099999999996,3.1055941036692962,417.04218820733854,404.6198117926614
2020-10-20,409.27,412.58,407.85,410.69,11628,409.04322670628693,402.85243079904234,55.009463040540936,409.2746814447039,408.26969810277546,1.0049833419284369,1.923615552686355,-0.9186322107579181,410.7365,3.07820739869443,416.8929147973888,404.58008520261114
2020-10-21,411.64,418.26,411.64,416.37,30592,409.7410146390215,403.3825315520211,63.12782747988815,410.3662689147494,408.86972046553285,1.4965484492165615,1.8382021319923965,-0.34165368277583497,410.8785,3.273186560992405,417.4248731219848,404.3321268780152
2020-10-22,421.1,422.52,416.37,418.73,46895,410.5971084829242,403.98439305978496,65.88251726055519,411.65299677401873,409.60011154216005,2.0528852318586814,1.8811387519656537,0.17174647989302771,411.11499999999995,3.6587666889423063,418.43253337788457,403.79746662211534
2020-10-28,423.46,427.25,422.05,427.25,59283,412.18309815121717,404.89676980253853,73.56176535522339,414.052535731862,410.90751068718527,3.1450250446767427,2.1339160105078716,1.011109034168871,411.80100000000004,5.127012980787765,422.05502596157555,401.54697403842454
2020-10-29,448.54,448.54,424.88,426.78,51398,413.5732792796727,405.75493569263506,72.5911032796594,416.0106071577294,412.0832506362827,3.927356521446711,2.4926041126956395,1.4347524087510717,412.53450000000004,6.125672873880677,424.7858457477614,400.28315425223866
2020-11-01,426.78,426.78,421.1,422.99,40311,414.4701098244658,406.43082056743367,65.12815041111843,417.08435990269413,412.89115799655804,4.193201906136096,2.832723671383731,1.3604782347523652,413.244,6.48178289312337,426.2075657862468,400.28043421375327
2020-11-02,421.57,424.41,418.26,419.21,29989,414.92152793642146,406.9319648589069,58.65159074932666,417.4113814561258,413.35922036718335,4.052161088942455,3.0766111548954758,0.9755499340469793,413.883,6.404163201831427,426.69132640366286,401.0746735963371
2020-11-03,424.41,424.41,418.26,420.15,15950,415.4194776567623,407.4503191781655,59.72419759521759,417.83270738595263,413.8622410807253,3.970466305227319,3.255382184961845,0.7150841202654741,414.3795,6.489587996808664,427.35867599361734,401.4003240063827
2020-11-04,418.73,421.1,418.26,420.15,20507,415.87000359421353,407.948345877061,59.724197595217596,418.1892139419599,414.3280010006716,3.861212941288329,3.3765483362271422,0.4846646050611869,414.5685,6.604633361664159,427.7777667233283,401.35923327667166
2020-11-05,421.1,421.1,414.0,416.37,34927,415.91762229952656,408.2786068230586,53.27853794276483,417.90933487396603,414.47926018580705,3.4300746881589816,3.3872536066135104,0.04282108154547126,414.6635,6.6167954360103325,427.89709087202067,401.42990912797933
2020-11-08,416.37,416.37,408.8,411.64,72463,415.51022969957165,408.41042616333084,46.51377396599104,416.9448218164328,414.268944616488,2.675877199944807,3.24497832527977,-0.5691011253349627,414.49799999999993,6.650561195149496,427.7991223902989,401.19687760970095
2020-11-09,409.74,412.58,405.96,407.85,90972,414.78068401389817,408.38844866672963,41.92081257267917,415.5456184600585,413.79346723748887,1.752151222569637,2.946412904737744,-1.194261682168107,414.26149999999996,6.804672755959067,427.8708455119181,400.6521544880818
2020-11-10,411.64,421.1,409.27,415.89,29034,414.88633315543166,408.6826271503873,52.61109969338357,415.5986002354341,413.94876596063784,1.6498342747962624,2.6870971787494478,-1.0372629039531853,414.49799999999993,6.773329741668839,428.0446594833376,400.95134051666224
2020-11-11,423.94,423.94,412.58,417.79,41751,415.1628728549144,409.0397790268427,54.73163674815897,415.93573866075195,414.2333018154054,1.70243684534654,2.4901651120688664,-0.7877282667223264,414.9005,6.71463638941135,428.3297727788227,401.47122722117734
2020-11-12,421.1,421.57,417.79,419.68,30444,415.59307544016065,409.4570425944175,56.80236037484329,416.5117788667901,414.6367609401902,1.8750179265999236,2.367135674975078,-0.4921177483751542,415.44449999999995,6.634635178159385,428.7137703563187,402.1752296436812
2020-11-18,421.1,428.2,420.15,426.3,61321,416.6127825410978,410.11755072796973,63.15915022585907,418.0176590411301,415.50070457425016,2.5169544668799517,2.3970994333560527,0.11985503352389903,416.31949999999995,6.862289379370195,430.04407875874034,402.59492124125956
2020-11-19,428.67,450.91,425.83,428.2,94311,417.71632706099325,410.82666638569646,64.76191726666414,419.58417303480235,416.4413931243057,3.1427799104966425,2.5462355287841705,0.596544381712472,417.3845,6.975385652413823,431.33527130482764,403.43372869517236
2020-11-22,435.29,466.05,435.29,456.58,223043,421.4176292456605,412.620914762728,79.26947953324911,425.2758387217558,419.414623263246,5.8612154585097755,3.209231514729291,2.6519839437804844,419.8684999999999,10.827405421327583,441.52331084265506,398.2136891573448
2020-11-23,458.95,470.31,458.48,462.74,75761,425.35309312702617,414.58636908575824,81.08935441995347,431.0395558414857,422.6239104289315,8.415645412554227,4.250514294294279,4.165131118259948,422.684,14.004234096567961,450.69246819313594,394.6755318068641
2020-11-24,473.14,473.14,454.22,459.9,58491,428.64327473397606,416.3633742196501,77.70255903374172,435.47962417356484,425.38510224901063,10.094521924554215,5.419315820346267,4.675206104207948,425.26300000000003,15.84785261893469,456.9587052378694,393.56729476213064
2020-11-25,464.15,486.39,459.9,484.97,232466,434.00772475931166,419.053830132605,84.03963186304219,443.0935281468625,429.79879837871357,13.294729768148954,6.9943986099068045,6.30033115824215,428.97700000000003,20.32448849618296,469.62597699236596,388.3280230076341
2020-11-26,496.8,539.86,496.8,534.65,343732,443.5927033536629,423.58701326465973,90.0652582000434,457.1791392011914,437.5655540543644,19.613585146827006,9.518235917290845,10.095349229536161,434.89099999999996,30.913249058750065,496.7174981175001,373.0645018824998
2020-11-29,544.12,567.77,539.86,560.68,283683,454.7438744628378,428.96320882290837,91.80996453779568,473.10234855485425,446.68514264293,26.41720591192427,12.898029916217531,13.519175995706739,441.98850000000004,41.492646688424344,524.9737933768488,359.00320662315136
2020-11-30,588.59,588.59,544.12,548.37,196359,463.6606483235199,433.6458280847551,84.27258095540635,484.6819872387228,454.21735429900923,30.464632939713567,16.41135052091674,14.053282418796826,448.0445000000001,47.61548415500646,543.275468310013,352.81353168998714
2020-12-01,544.12,551.21,527.56,529.45,177245,469.92630086413703,437.40285443437256,74.19097663650929,491.5693738173809,459.790142869453,31.779230947927886,19.48492660631897,12.294304341608914,453.178,50.64067032066416,554.4593406413283,351.8966593586717
2020-12-02,529.92,542.7,518.57,532.29,202030,475.86570078183826,441.12391896635796,74.68061827344829,497.83408553778384,465.1605026569009,32.67358288088292,22.12265786123176,10.550925019651157,458.64300000000003,53.05168335044295,564.7463667008859,352.53963329911414
2020-12-03,523.3,565.88,523.3,539.38,159437,481.9146816597584,444.97709861473606,75.90937905948388,504.2257646858171,470.6582432008342,33.56752148498293,24.411630585981996,9.155890899000937,464.65149999999994,55.115477458933334,574.8824549178667,354.4205450821333
2020-12-06,531.34,541.75,510.05,510.05,161986,484.5942357874004,447.5289771004327,62.414978864998936,505.1218008879991,473.5761511118835,31.545649776115567,25.83843442400871,5.707215352106857,469.1465,54.96081908481309,579.0681381696262,359.2248618303738
2020-12-07,506.26,542.7,500.11,528.98,164879,488.8214514266956,450.7231348612001,66.5483036052165,508.79229305907614,477.6801399184107,31.11215314066544,26.89317816734006,4.2189749733253805,474.588,55.241257141073305,585.0705142821466,364.1054857178534
2020-12-08,539.38,549.79,527.56,531.81,113499,492.9155989098674,453.9030119254668,67.13027455982626,512.3334787422951,481.6897591837136,30.64371955858155,27.64328644558836,3.0004331129931927,480.35999999999996,54.86780064271105,590.095601285422,370.62439871457786
2020-12-09,532.29,537.02,518.09,520.93,77270,495.58363710892763,456.531521261723,62.61980246652096,513.6560204742497,484.5964436886237,29.05957678562595,27.92654451359588,1.1330322720300714,485.8245,53.07656172925917,591.9776234585183,379.67137654148166
2020-12-10,527.56,533.23,517.62,529.92,86977,498.8537669080774,459.4095008200868,64.7286314751486,516.1581711705189,487.95374415613304,28.204427014385885,27.982121013753883,0.22230600063200256,491.928,50.598857340955654,593.1257146819113,390.7302853180887
2020-12-13,503.43,551.21,503.43,548.37,110589,503.56959863111763,462.8981478467501,68.63894677047276,521.1138371442853,492.42902236678987,28.684814777495433,28.122659766502196,0.5621550109932372,498.55199999999996,48.758814220716836,596.0696284414337,401.0343715585663
2020-12-14,554.53,590.48,548.85,580.55,273113,510.901065428154,467.51194597040694,74.04401657344218,530.2578621990107,498.9565021914721,31.301360007538563,28.75839981470947,2.542960192829092,506.69000000000005,48.148699386706454,602.9873987734129,410.39260122658715
2020-12-15,572.51,611.78,568.72,586.7,161533,518.1200115778537,472.1859873049008,74.93318410946043,538.9412680145475,505.45602054765936,33.485247466888154,29.703769345145208,3.7814781217429463,515.0409999999999,46.726372458791815,608.4937449175836,421.5882550824163
2020-12-16,586.7,593.32,567.77,590.48,149009,525.0114390466294,476.8249681949047,75.4889719038324,546.8703037046172,511.7540930996846,35.116210604932576,30.786257597102683,4.329953007829893,523.25,44.69313370082522,612.6362674016505,433.86373259834954
2020-12-17,591.43,593.8,581.02,584.33,101916,530.6608258040933,481.0408517951046,72.66598415818109,552.6333339039069,517.1300862034117,35.503247700495194,31.729655617781187,3.773592082714007,531.0565,40.67165239030412,612.3998047806083,449.71319521939176
2020-12-20,586.7,589.54,555.94,570.14,323164,534.4207471560844,484.53493603843384,66.48781876075759,555.3266671494597,521.0567464846404,34.269920664819324,32.237708627188816,2.032212037630508,536.7345,37.532764700358356,611.8000294007168,461.6689705992833
2020-12-21,558.31,584.81,548.85,582.44,263971,538.9940093316955,488.3743503114365,68.95198293233332,559.497949126466,525.6036541524448,33.894294974021136,32.56902589655528,1.3252690774658547,542.7195,34.536679430027206,611.7928588600545,473.6461411399456
2020-12-22,611.3,640.64,611.3,640.64,48213,548.674579871534,494.34555226000765,77.41449505414433,571.9813415685481,534.1248649559674,37.856476612580764,33.626516039760375,4.229960572820389,551.7565,35.361940330632294,622.4803806612646,481.03261933873534
2020-12-23,662.4,704.51,662.4,704.51,187508,563.5160484551974,502.5872953086348,82.91726593323239,592.3703659426177,546.7459860703402,45.62437987227747,36.0260888062638,9.598291066013672,562.7335,46.01039599630359,654.7542919926072,470.71270800739285
2020-12-24,733.37,733.37,663.82,674.23,425873,574.0602343166072,509.3183817671197,73.74403812180424,604.9641557975996,556.1892463614262,48.7749094361734,38.57585293224572,10.199056503927679,569.7125,51.75388720462743,673.2202744092549,466.2047255907451
2020-12-27,674.23,686.06,653.41,654.83,289737,581.7525929531207,515.0247197370365,68.51419896261135,612.6358241364304,563.4959688531724,49.13985528325804,40.68865340244819,8.451201880809855,574.42,55.065044600380816,684.5500892007616,464.2899107992383
2020-12-28,652.94,660.04,643.48,652.47,176237,588.4875841004425,520.414730727741,67.88350218271638,618.7641588846719,570.0866378270115,48.67752105766044,42.28642693349064,6.391094124169804,579.625,57.34584970987168,694.3166994197434,464.9333005802566
2020-12-29,652.94,662.4,652.94,655.78,381895,594.8963856146861,525.7231726599865,68.3239272556893,624.4589036716454,576.4342942842699,48.02460938737556,43.43406342426763,4.590545963107935,585.9415,58.47467875521963,702.8908575104392,468.99214248956076
2020-12-30,682.18,699.87,661.97,695.44,240703,604.4719679370969,532.3787345164577,73.08633052780121,635.3790723375462,585.2495317446943,50.12954059285187,44.773158857984484,5.356381734867384,594.0989999999999,61.87721924993945,717.8534384998788,470.344561500121
2020-12-31,701.13,713.76,694.81,694.81,126022,613.0755900383258,538.7485880648319,72.89883627726535,644.5222919779237,593.3651219858281,51.157169992095646,46.04996108480672,5.107208907288928,601.8705,64.35413015617338,730.5787603123467,473.16223968765325
2021-01-03,694.81,713.76,682.18,710.6,152668,622.3636290822947,545.487859121113,74.65388607488546,654.6880932120894,602.0491870239148,52.63890618817459,47.3677501054803,5.27115608269429,611.8979999999999,64.91602353486195,741.7300470697238,482.065952930276
2021-01-04,716.92,717.55,696.08,701.76,91228,629.9251882173141,551.6161783712655,71.84861568879468,661.929925025614,609.4351731702914,52.49475185532265,48.39315045544877,4.1016013998738785,620.537,64.79719374202794,750.131387484056,490.9426125159441
2021-01-05,701.76,706.18,691.65,692.92,90991,635.9246941013795,557.1575047096472,69.054162411472,666.6976288678272,615.6192344169364,51.07839445089087,48.93019925453719,2.148195196353676,628.5925,63.18054604610511,754.9535920922102,502.23140790778973
2021-01-06,692.92,697.34,685.97,692.29,76530,641.2928184726767,562.4568182504454,68.84864585320108,670.6349167343154,621.2985503860522,49.336366348263255,49.01143267328241,0.3249336749808478,637.1605,59.312638084802316,755.7857761696046,518.5352238303954
2021-01-07,658.18,702.39,658.18,689.13,77627,645.848740522898,567.4243940053299,67.75932147873439,673.4803141598053,626.3231022093075,47.157211950497754,48.64058852872547,-1.4833765782277197,645.121,54.66390350419172,754.4488070083835,535.7931929916165
2021-01-10,691.65,716.29,691.65,711.24,182457,652.0764795207173,573.0642216913953,71.1936115533115,679.2894965967583,632.6132427863959,46.67625381036248,48.24772158505288,-1.5714677746903973,653.2645,51.5340147735843,756.3325295471686,550.1964704528314
2021-01-11,746.61,746.61,707.45,710.6,67113,657.6501481377918,578.4577816250661,70.95799270017949,684.1064971203341,638.3900396170332,45.716457503300944,47.7414687687025,-2.0250112654015524,659.767,50.05977995830064,759.8865599166013,559.6474400833988
2021-01-12,682.81,726.4,682.81,720.08,78962,663.595848315145,584.0115941103577,72.41434154166015,689.6408821787443,644.4411477935492,45.19973438519503,47.23312189200101,-2.0333875068059797,666.436,48.67886717533059,763.7937343506612,569.0782656493388
2021-01-13,713.76,724.5,713.76,715.03,48737,668.4943389517978,589.1495708119123,70.38939419042755,693.5469003050913,649.6699516606938,43.876948644397544,46.56188724248032,-2.6849385980827734,672.6635,46.36209764054439,765.3876952810888,579.9393047189112
2021-01-17,720.08,720.08,705.55,712.5,54196,672.6853542897219,593.9868425447786,69.34321292961337,696.4627617966157,654.3240293154572,42.13873248115851,45.67725629021596,-3.5385238090574447,679.0719999999999,42.178942064542134,763.4298841290841,594.7141158709156
2021-01-18,745.34,745.34,704.29,712.5,79293,676.4772253097484,598.6344173469442,69.34321292961336,698.930029212521,658.6333604772751,40.29666873524593,44.601138779221955,-4.304470043976025,686.1899999999999,34.05887472257724,754.3077494451544,618.0722505548455
2021-01-19,745.34,745.34,702.39,705.55,65561,679.2460609945343,602.8271852941228,66.20815999713838,699.9484862567485,662.1086671085881,37.83981914816047,43.24887485300967,-5.4090557048491945,692.3455,23.944096618885546,740.2336932377711,644.4573067622289
2021-01-20,740.29,740.29,694.81,696.71,85123,680.9092932807691,606.5088643021966,62.34707681946069,699.4502576018641,664.6717288042482,34.77852879761588,41.55480564193091,-6.776276844315035,695.149,20.623789763530745,736.3965795270615,653.9014204729385
2021-01-21,694.81,701.13,691.65,700.5,108401,682.7750748730768,610.1947911923065,63.33433077744633,699.6117564323465,667.3256748187484,32.28608161359807,39.70106083626435,-7.414979222666275,694.9485,20.547344885456475,736.0431897709129,653.853810229087
2021-01-24,707.45,719.45,700.5,704.29,128981,684.8241153613552,613.8847993808436,64.34121922624459,700.3314862119855,670.0637729803226,30.267713231662924,37.81439131534407,-7.546678083681144,696.4515,20.04534524652596,736.542190493052,656.360809506948
2021-01-25,704.29,761.14,701.13,742.82,287254,690.347532945988,618.9410817580654,72.58394990186983,706.8681806409107,675.4531231299284,31.415057510982365,36.53452455447173,-5.119467043489365,700.851,20.085446393891676,741.0218927877834,660.6801072122166
2021-01-26,751.66,754.19,735.87,737.76,133717,694.863005998751,623.6006471793177,70.28615840438937,711.6207682346169,680.0684473425263,31.55232089209062,35.53808382199551,-3.9857629299048867,705.1155,18.24239119684531,741.6002823936906,668.6307176063094
2021-01-27,711.24,749.13,711.24,746.61,97355,699.791291141727,628.424543368364,71.95822277216399,717.0037269677528,684.9974512430799,32.00627572467283,34.83172220253097,-2.8254464778581365,709.657,16.540555295197223,742.7381105903945,676.5758894096056
2021-01-28,746.61,746.61,713.13,723.24,138051,702.0245015091816,632.1427965696047,62.03148614725835,717.9631535880985,687.8302326324815,30.13292095561701,33.89196195314818,-3.759040997531173,711.047,16.450791406328445,743.9485828126569,678.1454171873431
2021-01-31,687.23,723.24,687.23,701.13,106925,701.9393108892596,634.8481770962869,54.38719151925732,715.3734376514681,688.815400585631,26.558037065837084,32.425176975685964,-5.867139909848881,711.363,16.18096968663476,743.7249393732695,679.0010606267306
2021-02-01,672.71,727.03,672.71,707.45,60104,702.4641384236157,637.6953074062365,56.05426588731935,714.1544472435498,690.1957412829917,23.958705960558177,30.73188277266041,-6.773176812102232,711.2055,16.204101324560863,743.6137026491217,678.7972973508784
2021-02-02,713.76,720.08,707.45,713.13,78197,703.4799347642238,640.6535306452076,57.55569064410225,713.9968399753114,691.8945752620293,22.102264713282125,29.005959160784755,-6.90369444750263,711.774,16.054032908629907,743.8820658172598,679.6659341827402
2021-02-03,726.4,732.71,701.13,707.45,100026,703.8580362152501,643.2730000316701,55.51316498606383,712.9896338252636,693.0468289463234,19.942804878940137,27.193328304415836,-7.2505234254756985,712.5005,15.474214706706988,743.4489294134139,681.5520705865861
2021-02-04,726.4,726.4,701.76,704.92,82322,703.9591756233215,645.6905294421929,54.58398181892302,711.7481516982999,693.9263230984476,17.821828599852324,25.319028363503133,-7.4971997636508085,713.1320000000001,14.851189780436117,742.8343795608723,683.4296204391278
2021-02-07,704.92,710.6,701.76,703.66,121996,703.9306827068147,647.9638420130873,54.098331228578736,710.5038206677923,694.6473362022664,15.85648446552591,23.42651958390769,-7.570035118381782,713.8585,13.94286396426894,741.744227928538,685.9727720714621
2021-02-08,713.76,745.34,704.29,735.87,281400,706.9725224490228,651.4111423262996,63.129477270584786,714.4063097958242,697.7008668539504,16.705442941873798,22.08230425550091,-5.3768613136271135,715.0899999999999,14.76301103219246,744.6160220643849,685.563977935615
2021-02-09,699.23,756.08,699.23,734.61,132993,709.6046631681635,654.673842627229,62.61052639468483,717.5145698272358,700.4348767166207,17.079693110615153,21.08178202652376,-4.002088915908608,716.2905,15.343487723660175,746.9774754473203,685.6035245526796
2021-02-10,732.71,751.03,727.66,742.82,130150,712.7680285807194,658.1305546810631,64.64965673565717,721.407712930738,703.5745154783525,17.833197452385434,20.432065111696097,-2.598867659310663,717.4275,16.442288826130635,750.3120776522612,684.5429223477388
2021-02-11,745.34,789.56,739.03,766.19,317291,717.8558353825557,662.3681799876881,69.7131474479109,728.2972955567783,708.2126995169931,20.084596039785197,20.36257129731392,-0.2779752575287233,719.9855,19.7054554228226,759.3964108456452,680.5745891543548
2021-02-14,776.93,784.51,757.98,771.24,168891,722.940041536598,666.6376631254259,70.69013177635182,734.9038654711201,712.8813884416603,22.022477029459765,20.694552443743092,1.3279245857166728,722.9224999999999,22.683481324518876,768.2894626490377,677.5555373509621
2021-02-15,776.93,838.83,776.93,834.41,524258,733.5562280569219,673.2169704538406,79.56856747924927,750.2125015524863,721.8835078163521,28.32899373613418,22.22144070222131,6.107553033912868,729.018,33.52453769059641,796.0670753811928,661.9689246188073
2021-02-16,840.09,875.46,836.3,862.2,388814,745.8080158610246,680.6280696517292,82.13271757502356,767.4413474674884,732.2773220521779,35.16402541531056,24.809957644839162,10.3540677704714,736.8505,44.31569455562183,825.4818891112436,648.2191108887564
2021-02-17,905.15,905.15,852.72,878.62,295552,758.4567762552127,688.3924590771517,83.45403177207463,784.5457555494133,743.1175204186832,41.42823513073017,28.133613142017367,13.294621988712805,745.946,53.38366785529088,852.7133357105818,639.1786642894183
2021-02-18,884.31,887.47,857.78,863.46,188406,768.4570832785258,695.257852838832,77.73803604479183,796.6864085418113,752.0317781654475,44.6546303763638,31.437816588886655,13.216813787477143,754.094,58.29277606232561,870.6795521246513,637.5084478753488
2021-02-21,906.42,906.42,843.25,855.88,180791,776.7830753472376,701.5567605706426,74.9729794148759,805.7931149199942,759.724239042081,46.06887587791323,34.36402844669197,11.70484743122126,761.6735,61.25609832369278,884.1856966473856,639.1613033526144
2021-02-22,859.04,859.04,833.14,833.14,182067,782.1504015046436,706.716887607088,67.24547168547335,810.0003280092258,765.1624435574824,44.83788445174332,36.45879964770224,8.379084804041078,766.1895000000001,63.09475042597127,892.3790008519426,639.9999991480576
2021-02-23,821.14,848.94,812.3,843.25,285817,787.9694108851538,712.0711273087709,68.7858641077992,815.1156621616526,770.9467069976689,44.168955163983696,38.000830750958535,6.168124413025161,771.464,64.9743594286062,901.4127188572124,641.5152811427877
2021-02-24,852.72,868.52,840.09,852.72,143200,794.1361336579963,717.5867693750936,70.19959173326534,820.9009449060138,777.0039879608046,43.89695694520924,39.18005598980868,4.716900955400561,776.7695,67.1344016820761,911.0383033641522,642.5006966358478
2021-02-25,859.04,869.78,829.99,835.04,163157,798.0317399762824,722.1927784192076,64.34067895956866,823.0761841512425,781.3029518155598,41.77323233568268,39.69869125898348,2.074541076699198,782.3595,67.09718469856617,916.5538693971323,648.1651306028677
2021-02-28,835.04,836.93,812.93,818.62,176137,799.9925266452078,725.9742380890426,59.38361362137648,822.3906173587436,784.0671776069998,38.32343975174376,39.42364095753554,-1.1002012057917767,788.234,64.71191579852669,917.6578315970535,658.8101684029466
2021-03-01,795.24,830.62,795.24,829.99,102909,802.8494288694737,730.0532875757468,61.5903542972369,823.5597531497061,787.4688681546295,36.090884995076635,38.75708976504376,-2.6662047699671234,794.361,62.4211988198327,919.2033976396654,669.5186023603346
2021-03-02,833.78,835.67,789.56,804.72,133848,803.0275785009525,732.9813939453253,54.502772645855565,820.6613295882129,788.7467297728051,31.91459981540777,37.38859177511656,-5.4739919597087905,798.9405,59.43643765224575,917.8133753044915,680.0676246955086
2021-03-03,794.61,802.19,774.4,785.77,152652,801.3839995960999,735.0515353592341,49.868316902744915,815.2934327284878,788.5262312711159,26.767201457371925,35.26431371156764,-8.497112254195713,802.8565,55.543895232792266,913.9442904655846,691.7687095344154
2021-03-04,800.93,829.99,795.88,821.14,155720,803.2655234440904,738.4275535804406,57.18604142745845,816.1929046164128,790.942065991774,25.25083862463873,33.26161869418186,-8.01078006954313,808.6675,50.61970470031602,909.906909400632,707.428090599368
2021-03-08,821.14,824.3,802.82,811.67,67034,804.0659497827485,741.2998063812078,54.876377414172644,815.4970731369647,792.4774685109019,23.0196046260628,31.21321588055805,-8.193611254495249,814.068,44.178982571495034,902.4259651429901,725.7100348570099
2021-03-09,821.14,821.14,798.4,805.35,81515,804.1882402796297,743.811578679984,53.32838444803335,813.935984962047,793.4309893619462,20.504995600100756,29.07157182446659,-8.566576224365836,817.542,40.2646314171349,898.0712628342699,737.0127371657302
2021-03-10,845.15,845.15,790.82,792.72,69416,803.096026919665,745.7295559866513,50.27615909032015,810.6719872755782,793.3783234832836,17.293663792294637,26.715990218032204,-9.422326425737566,820.4475,35.81615834625545,892.0798166925109,748.8151833074891
2021-03-14,789.56,789.56,761.14,767.45,169858,799.7011672130302,746.581338104822,44.75662891985757,804.0224507716431,791.4577069289663,12.564743842676762,23.885740942961117,-11.320997100284355,821.6790000000001,33.34470776284159,888.3684155256833,754.9895844743169
2021-03-15,763.03,774.4,751.66,761.14,163239,796.0286750975035,747.15226602228,43.47320399425228,797.4251506529288,789.211950860154,8.21319979277473,20.75123271292384,-12.53803292014911,821.4264999999999,33.80297982426748,889.0324596485349,753.820540351465
2021-03-16,723.24,773.77,723.24,762.4,115007,792.8259441358365,747.7502163743474,43.81964036939563,792.0366659370936,787.2258804260686,4.810785511025074,17.56314327254409,-12.752357761519015,820.9844999999999,34.54343040213584,890.0713608042715,751.8976391957283
2021-03-17,767.45,773.14,757.98,769.98,96573,790.6501399324235,748.6219725949612,45.9651307167892,788.6433327160023,785.9484078019153,2.6949249140869824,14.589499600852669,-11.894574686765687,817.763,36.1905605750543,890.1441211501086,745.3818788498915
2021-03-18,807.88,807.88,767.45,785.14,91022,790.1253647007642,750.0540521010412,50.07191278680306,788.104358452002,785.8885257425142,2.215832709487813,12.114766222579698,-9.898933513091885,813.9100000000001,35.30176512658344,884.513530253167,743.3064697468332
2021-03-21,789.56,804.72,789.56,795.88,110107,790.6734252054533,751.8511480970789,52.80833207307397,789.3006109978478,786.6286349467723,2.6719760510754895,10.226208188278857,-7.554232137203368,809.773,32.01437113152777,873.8017422630555,745.7442577369445
2021-03-22,802.82,817.98,781.98,785.77,93451,790.2064323287435,753.1812991520953,50.02869287094058,788.757440075102,786.5650323581225,2.19240771697946,8.619448094018978,-6.427040377039518,805.8885,29.79362564728159,865.4757512945632,746.3012487054368
2021-03-23,786.4,786.4,776.3,779.45,55201,789.1820102021966,754.2114442833858,48.3165785637189,787.325526217394,786.0379929241875,1.2875332932064794,7.153065133856478,-5.865531840649998,802.067,27.884450883107956,857.8359017662159,746.2980982337841
2021-03-24,789.56,793.98,776.93,782.61,53495,788.5561044686541,755.3251131350179,49.25174603668029,786.6000606454872,785.7840675223958,0.8159931230914026,5.885650731703462,-5.06965760861206,799.5405,27.201672641098966,853.9438452821979,745.137154717802
2021-03-25,787.03,792.72,771.24,775.03,55649,787.267904043068,756.0978537963897,47.05243309982277,784.8200513154123,784.9874699281444,-0.1674186127320354,4.675036862816363,-4.842455475548398,796.1295,25.66610984301109,847.4617196860222,744.7972803139778
2021-03-29,775.03,785.14,775.03,778.19,51438,786.403341753252,756.964212471041,48.0930560932364,783.8000434207335,784.4839536371708,-0.6839102164373116,3.603247446965628,-4.28715766340294,792.403,22.19274374061636,836.7884874812328,748.0175125187673
2021-03-30,778.19,783.24,776.93,780.72,97016,785.862071110085,757.8958119819806,48.9580103239568,783.3261905867745,784.2051422566396,-0.8789516698651596,2.7068076235994707,-3.5857592934646303,789.687,19.906207997555157,829.4994159951103,749.8745840048897
2021-03-31,782.61,824.3,781.98,817.35,187475,788.8609214805531,760.227348767001,59.48462279079988,788.5606228041938,786.660316904296,1.9003058998978304,2.5455072788591426,-0.6452013789613122,789.6235,19.810852495003115,829.2452049900063,750.0017950099938
2021-04-01,817.35,832.51,808.51,810.4,107609,790.912262291929,762.1949037173147,57.07930594726689,791.920526988164,788.4188119484222,3.501715039741839,2.736748831035682,0.7649662087061571,788.644,18.12231523491155,824.888630469823,752.399369530177
2021-04-04,850.83,850.83,816.72,831.25,183452,794.7539515974595,764.9029467087926,62.03855838399238,797.971215143831,791.5914925448353,6.379722598995727,3.465343584627691,2.914379014368036,789.9705,20.211499195672392,830.3934983913448,749.5475016086552
2021-04-05,830.62,841.36,823.04,830.62,117881,798.1697657310348,767.4800860535458,61.80617742638475,802.9941051217031,794.4824930970698,8.511612024633337,4.47459727262882,4.0370147520045165,792.213,22.118997336175063,836.4509946723501,747.9750053276498
2021-04-06,829.99,836.3,821.14,828.09,103143,801.0193118518886,769.8569454239951,60.82090490196081,806.8550120260564,796.9719380528425,9.883073973213982,5.556292612745853,4.326781360468129,792.5604999999999,22.645696111363993,837.8518922227279,747.269107777272
2021-04-07,827.46,842.62,827.46,831.88,98854,803.9584250088516,772.2892220740345,61.80322836671066,810.7050101758939,799.5577204192986,11.147289756595342,6.674492041515752,4.47279771507959,793.571,23.956266491470505,841.483532982941,745.658467017059
2021-04-08,836.93,845.78,831.25,840.09,134432,807.3995273889609,774.9480761103468,63.91393683511612,815.2257778411409,802.5601114993506,12.66566634179037,7.872726901570676,4.792939440219694,795.3080000000001,26.025372761369788,847.3587455227397,743.2572544772605
2021-04-12,843.88,859.04,833.78,851.46,182723,811.5957628757265,777.9485437138627,66.66151143054921,820.8002735578884,806.1823254623616,14.617948095526799,9.221771140361902,5.396176955164897,798.245,28.876242739260107,855.9974854785203,740.4925145214797
2021-04-13,809.14,872.31,809.14,871.67,209373,817.3171187923239,781.62389494077,70.90240705172467,828.6263853182134,811.0332643170015,17.593121001211898,10.896041112531902,6.697079888679996,803.456,32.23492604058428,867.9258520811686,738.9861479188314
2021-04-15,915.26,915.26,852.72,865.36,168272,821.892631288293,784.9076637666221,67.99416178388248,834.2777106538728,815.0574669601866,19.220243693686143,12.56088162876275,6.659362064923393,808.667,33.43579048359698,875.538580967194,741.7954190328061
2021-04-18,865.36,865.36,840.09,843.25,173524,823.9266664036937,787.1955985208723,58.880632667714984,835.6580628609693,817.1458027409135,18.51226012005577,13.751157327021357,4.761102793034414,812.7095,32.41961889366322,877.5487377873264,747.8702622126737
2021-04-19,849.57,849.57,827.46,832.51,142099,824.7441267461991,788.972633872995,55.02267976717778,835.1737454977432,818.2838914267718,16.88985407097141,14.378896675811369,2.510957395160041,815.836,31.06898239994774,877.9739647998955,753.6980352001045
2021-04-20,832.51,848.94,824.3,830.62,120001,825.3037337227515,790.6058639171913,54.347827290184014,834.4731692673212,819.1976772470109,15.275492020310253,14.558215744711147,0.7172762755991062,818.11,30.36033804679441,878.8306760935889,757.3893239064112
2021-04-21,871.67,871.67,814.83,817.35,109757,824.5462352729656,791.6546535674975,49.73542923106182,831.8388355338872,819.0608122657509,12.77802326813628,14.202177249396174,-1.4241539812598933,819.1835,29.90916868312513,879.0018373662502,759.3651626337497
2021-04-22,817.98,825.56,808.51,819.88,125239,824.1018319136356,792.7615298981839,50.59630076007959,829.9990146825199,819.1214928386582,10.8775218438617,13.53724616828928,-2.6597243244275806,820.8889999999999,28.85759735776703,878.6041947155339,763.1738052844659
2021-04-25,859.67,859.67,792.72,802.19,165129,822.0149907790037,793.1312738237453,44.81657743919494,825.7207047313631,817.8673081839428,7.853396547420289,12.400476244115483,-4.547079696695194,822.0260000000001,27.557656381902355,877.1413127638048,766.9106872361954
2021-04-26,789.56,809.14,776.93,780.09,156529,818.0221345143367,792.6198513208534,38.84638872276717,818.7005963111534,815.0689890592063,3.6316072519471163,10.646702445681811,-7.015095193734695,821.9,27.75243336888825,877.4048667377765,766.3951332622235
2021-04-27,777.56,808.51,777.56,807.88,107145,817.0562169415427,793.2182885239572,48.192354455373454,817.0358891863606,814.5364713511169,2.499417835243662,9.01724552359418,-6.517827688350518,823.5424999999999,25.73095716406201,875.004414328124,772.0805856718758
2021-04-28,788.93,821.14,788.93,798.4,84413,815.2794343756816,793.4214928955666,45.630459089132444,814.1688293115358,813.3411771769601,0.8276521345757146,7.379326845790487,-6.551674711214773,824.5530000000001,24.207909559955937,872.968819119912,776.1371808800882
2021-04-29,799.67,805.35,793.98,802.19,75819,814.0328215779975,793.76535591927,46.846999624552176,812.3259324943764,812.5151640527408,-0.1892315583644404,5.865615164959502,-6.0548467233239425,825.6265,22.583364458446113,870.7932289168922,780.4597710831077
2021-05-02,817.98,817.98,799.03,805.35,93567,813.2058861896169,794.2196556871418,47.89386854171126,811.2527121106261,811.9844111599452,-0.7316990493191042,4.546152322103781,-5.277851371422885,825.0264999999999,22.970913707965472,870.9683274159308,779.084672584069
2021-05-03,821.14,823.67,805.35,811.04,117310,812.9996113144152,794.879277032744,49.810706794149446,811.2199871705297,811.9144547777271,-0.694467607197339,3.498028336243557,-4.192495943440896,825.0584999999999,22.949901794305568,870.958303588611,779.1586964113887
2021-05-04,820.51,820.51,802.82,804.72,80193,812.2110769035186,795.2651877373422,47.711250067423315,810.2199891442943,811.3815322015992,-1.1615430573048116,2.566114057533883,-3.7276571148386948,823.732,23.33665483627026,870.4053096725405,777.0586903274594
2021-05-05,814.83,814.83,799.03,799.67,67433,811.0166886269931,795.4379254731327,46.04134712971698,808.596913891326,810.5140112977771,-1.9170974064510347,1.6694717647368995,-3.586569171187934,822.1845000000001,23.875807944441302,869.9361158888827,774.4328841111175
2021-05-06,804.09,804.09,795.88,799.03,60497,809.8750992339461,795.5787911408531,45.8224590535285,807.1250809849681,809.663343794238,-2.538262809269895,0.8279248499355406,-3.3661876592054356,820.7315000000001,24.376500391065875,869.4845007821318,771.9784992178684
2021-05-09,799.03,804.72,789.56,795.24,94346,808.4812802592846,795.5655052137608,44.47404089460563,805.2966069872807,808.5949479576278,-3.2983409703471125,0.0026716858790100106,-3.3010126562261224,818.8995,24.866448220546236,868.6323964410925,769.1666035589075
2021-05-10,798.4,804.09,792.72,795.88,67445,807.2811583298289,795.5778383426331,44.7696037185529,803.8478982200068,807.6530999607664,-3.805201740759685,-0.758902999448729,-3.046298741310956,816.689,24.848592653145314,866.3861853062906,766.9918146937093
2021-05-11,793.35,804.72,793.35,799.03,95404,806.4953337269881,795.7132172311573,46.285130198763596,803.1066831092364,807.0143518155245,-3.9076687062880637,-1.3886561408165958,-2.519012565471468,814.0675,23.727589066202594,861.5226781324052,766.6123218675948
2021-05-12,799.03,805.35,795.24,797.14,94423,805.604349562513,795.7691694966021,45.47876830214597,802.1887318616615,806.2829183477079,-4.094186486046397,-1.929762209862556,-2.1644242761838406,810.341,19.718715902460353,849.7784318049207,770.9035681950793
2021-05-13,802.19,802.19,795.88,800.3,76245,805.0991734137023,795.9468491241863,47.13701874397215,801.8981577290982,805.8397392108407,-3.941581481742446,-2.332126064238534,-1.609455417503912,807.088,14.955756715967388,836.9995134319347,777.1764865680652
2021-05-16,799.03,821.14,799.03,813.56,165718,805.904966421921,796.6375609232379,53.52475887544669,803.6922873092369,806.4116103804081,-2.719323071171175,-2.4095654656250627,-0.3097576055461122,805.6034999999999,12.439200039850347,830.4819000797006,780.7250999202993
2021-05-17,820.51,833.78,820.51,826.2,103727,807.8378267626905,797.7968722595815,58.65362391947536,807.1550123385852,807.8774170188964,-0.7224046803112287,-2.072133308562296,1.3497286282510674,805.2879999999999,11.783586979570225,828.8551739591403,781.7208260408595
2021-05-18,867.25,867.25,823.67,826.2,73064,809.5866051662438,798.9107204062645,58.65362391947536,810.0850104403413,809.2346453878671,0.850365052474217,-1.4876336363549936,2.3379986888292104,805.067,11.315639433514457,827.6982788670289,782.4357211329711
2021-05-19,867.25,867.25,814.83,822.41,103756,810.8078808646967,799.8322607824895,56.485913431672486,811.9811626802888,810.2105975813583,1.7705650989304331,-0.8359938892979082,2.6065589882283415,805.3199999999999,11.656165298824401,828.6323305976488,782.0076694023511
2021-05-20,846.41,846.41,809.77,821.14,65407,811.7918922109161,800.6678583988624,55.742480299751385,813.390214575629,811.0201829457022,2.370031629926757,-0.19478878545297518,2.564820415379732,805.383,11.742090327662783,828.8671806553256,781.8988193446745
2021-05-23,805.35,829.35,805.35,828.72,107284,813.4040929527337,801.7679423832208,59.19448066848935,815.7486431024553,812.3312805052799,3.4173625971753836,0.5276414910726966,2.889721106102687,806.7095,12.812176147376935,832.3338522947539,781.0851477052462
2021-05-24,869.78,869.78,827.46,833.78,127131,815.3446555286638,803.023317191722,61.361061722193696,818.5226980097699,813.9200745419258,4.602623467844069,1.3426378864269712,3.2599855814170975,809.394,12.563457201023288,834.5209144020466,784.2670855979534
2021-05-25,812.3,839.46,812.3,824.93,85759,816.2575454783149,803.8824027920466,55.78239256414647,819.5084367774975,814.7356245758573,4.772812201640249,2.028672749469627,2.7441394521706224,810.2465,13.025296551825512,836.297093103651,784.1959068963489
2021-05-27,821.14,822.41,809.77,817.35,108286,816.3615887660944,804.4105438590251,51.46647828041742,819.1763695809595,814.9292820146827,4.247087566276832,2.4723557128310683,1.774731853445764,811.194,12.805577896487094,836.8051557929741,785.5828442070258
2021-05-30,817.35,831.25,817.35,821.14,90621,816.8166755502759,805.0666009625928,53.40756856376408,819.4784665685042,815.3893351987803,4.089131369723987,2.795710844209652,1.2934205255143345,812.1415,12.80536370966027,837.7522274193204,786.5307725806795
2021-05-31,821.14,828.72,809.77,811.67,123090,816.3265159740592,805.3255577875892,48.21824466839888,818.2771640195036,815.1138288877595,3.163335131744134,2.8692357017165486,0.2940994300275852,812.4575,12.70654654104893,837.8705930820978,787.0444069179022
2021-06-01,811.67,817.98,799.03,816.09,110156,816.3039906431965,805.7476927763113,50.629443200414265,817.9406772472723,815.1861378590365,2.7545393882357985,2.846296439020399,-0.09175705078460039,812.7099999999999,12.72705530914155,838.1641106182831,787.2558893817168
2021-06-02,856.51,856.51,799.03,816.72,60397,816.3436105819396,806.177979334103,50.97981897942867,817.7528807476921,815.2997572768857,2.4531234708064176,2.7676618453776025,-0.31453837457118494,813.3100000000001,12.612902333047755,838.5358046660956,788.0841953339045
2021-06-03,792.72,834.41,792.72,826.83,175139,817.3423143360405,806.9878624974715,56.335226810231745,819.1493606326626,816.1538493304497,2.99551130221289,2.81323173674466,0.18227956546822988,814.668,12.528868390949768,839.7257367818995,789.6102632181005
2021-06-06,867.88,867.88,833.78,840.09,193387,819.5087605897509,808.2859855367864,62.17241047269339,822.3709974584068,817.9268975281941,4.444099930212701,3.1394053754382685,1.3046945547744326,816.721,13.178757189222361,843.0785143784448,790.3634856215552
2021-06-07,852.72,852.72,826.2,831.25,148222,820.6269738669174,809.1865351235791,56.727860614107485,823.7369978494211,818.9137940075871,4.823203841834015,3.4761650687174184,1.347038773116597,818.5215000000001,12.533608828386544,843.5887176567732,793.454282343227
2021-06-08,825.56,834.41,825.56,830.62,120498,821.5786906414967,810.0270631579486,56.34913515884119,824.7959212572024,819.7809203773954,5.015000879806962,3.783932230935327,1.2310686488716351,820.2585000000001,11.603376221457964,843.465252442916,797.0517475570842
2021-06-09,871.67,871.67,814.19,827.46,148864,822.1388153423065,810.71070773999,54.387760830561504,825.2057795253252,820.3497410901809,4.856038435144228,3.9983534717771074,0.8576849633671206,821.68,10.560421642293175,842.8008432845863,800.5591567154136
2021-06-10,837.57,837.57,820.51,823.67,132428,822.284642452563,811.2189152795981,52.04778024193559,824.9695057521982,820.595686194612,4.373819557586216,4.07344668893893,0.30037286864728685,823.0065000000001,8.842136128540867,840.6907722570818,805.3222277429184
2021-06-13,824.3,828.72,821.14,823.67,142630,822.4165812666047,811.7071931117707,52.04778024193559,824.7695817903215,820.8234131431592,3.946168647162267,4.047991080583597,-0.10182243342133024,824.175,7.045085259643725,838.2651705192874,810.0848294807125
2021-06-14,823.67,840.09,821.77,826.83,176408,822.8369068602614,812.3002443622895,53.96307077684169,825.0865692071951,821.2683455029252,3.81822370426994,4.002037605320866,-0.1838139010509261,824.8385000000001,6.603816500197581,838.0461330003952,811.6308669996049
2021-06-15,867.88,867.88,817.98,828.72,110411,823.3972014449985,812.9441563480821,55.11774642447988,825.6455585599343,821.8203199101159,3.8252386498184023,3.9666778142203736,-0.14143916440197124,824.9645,6.655003242505273,838.2745064850105,811.6544935149896
2021-06-16,828.72,846.41,823.04,826.2,94402,823.664134640713,813.4639933540396,53.20171464279062,825.7308572430213,822.1447406575148,3.5861165855064883,3.890565568477597,-0.3044489829711088,824.9645,6.655003242505273,838.2745064850105,811.6544935149896
2021-06-17,826.2,830.62,821.14,826.83,92288,823.9656456273117,813.9881504774106,53.63564513533903,825.8999561287104,822.4917969051063,3.408159223604116,3.7940842995029014,-0.38592507589878533,825.1854999999999,6.639079260026496,838.463658520053,811.9073414799469
2021-06-20,828.72,828.72,814.83,819.25,117221,823.5165365199487,814.1944975175122,47.88279499964606,824.8768859550627,822.2516638010244,2.6252221540382834,3.5603118704099783,-0.9350897163716949,825.091,6.712735656933107,838.5164713138662,811.6655286861338
2021-06-21,821.14,823.67,811.04,811.67,129080,822.3882949466202,814.0954976148647,42.92463183913362,822.8450573465915,821.4678368528004,1.3772204937911283,3.1236935950862086,-1.7464731012950803,824.2385,7.2857974855097245,838.8100949710195,809.6669050289806
2021-06-22,811.67,821.14,808.51,819.88,106023,822.1494097136087,814.3223408456544,49.0753775689922,822.3888946778851,821.3502193081484,1.0386753697366657,2.7066899500163,-1.6680145802796345,823.5435000000001,6.984455880541244,837.5124117610826,809.5745882389176
2021-06-23,860.3,860.3,813.56,815.46,94681,821.5123230742174,814.3669549301386,46.18944867549393,821.3229108812875,820.9139067668042,0.4090041144833094,2.247152782909702,-1.8381486684263928,823.07,7.203092902932672,837.4761858058654,808.6638141941347
2021-06-24,821.14,821.14,808.51,812.3,80446,820.6349589719109,814.2858978740547,44.18874336605854,819.9347707457048,820.2758395988928,-0.34106885318806235,1.7295084556901494,-2.070577308878212,822.8174999999999,7.496686197729374,837.8108723954587,807.8241276045411
2021-06-27,789.56,824.93,789.56,819.88,81126,820.5630581174432,814.5052744280134,49.8052403685316,819.9263444771348,820.246518147123,-0.3201736699882076,1.3195720305544782,-1.6397457005426859,822.7545,7.516792761604527,837.788085523209,807.720914476791
2021-06-28,842.62,842.62,819.25,822.41,66695,820.7389573443534,814.8152636661306,51.55753045573937,820.3084453268062,820.4067760621508,-0.09833073534457526,1.0359914773746677,-1.134322212719243,823.2915,7.052533904458916,837.3965678089179,809.1864321910822
2021-06-29,827.46,827.46,817.98,818.62,62112,820.5371518829863,814.9644690125568,48.80869829802831,820.0486845072976,820.2744222797693,-0.2257377724716889,0.7836456274053963,-1.0093833998770854,823.418,6.938328784055136,837.2946575681103,809.5413424318897
2021-06-30,778.19,830.62,778.19,818.62,69882,820.3545659893687,815.1078231689272,48.80869829802831,819.8288868907903,820.1518724812678,-0.32298559047751496,0.5623193838288142,-0.8853049743063292,823.5129999999999,6.854291087752853,837.2215821755057,809.8044178244942
2021-07-01,818.62,824.3,816.72,819.25,41519,820.2493692284764,815.2702614760282,49.3295114154657,819.7398273691302,820.0850671122851,-0.34523974315482064,0.38080755843208725,-0.7260473015869079,823.134,6.870772116257561,836.8755442325152,809.3924557674849
2021-07-04,821.14,824.3,818.62,819.88,47249,820.2141912067168,815.4510355357918,49.87866403905142,819.7613923892641,820.0698769558195,-0.3084845665554212,0.24294913343458557,-0.5514336999900068,822.1235,5.617655696656083,833.3588113933122,810.8881886066879
2021-07-05,859.04,859.04,817.98,819.25,46953,820.1223634727438,815.6000145343883,49.303226754687664,819.6827166370696,820.0091453294625,-0.3264286923929376,0.12907356826908095,-0.45550226066201854,821.5235,5.218222398466355,831.9599447969327,811.0870552030673
2021-07-06,796.51,823.04,796.51,821.77,68703,820.2792812372444,815.841974748726,51.703409622149366,820.0038371544434,820.1395790087615,-0.13574185431809838,0.07611048375164509,-0.21185233806974346,821.0809999999999,4.761497884607166,830.6039957692142,811.5580042307856
2021-07-07,826.83,826.83,819.25,820.51,66773,820.301254452745,816.0250345625014,50.41810745306542,820.0817083614521,820.1670176007051,-0.08530923925297884,0.04382653915072031,-0.12913577840369916,820.7334999999999,4.518876519651187,829.7712530393023,811.6957469606975
2021-07-08,852.72,852.72,819.25,831.88,90493,821.4039921239121,816.6467979129916,60.06548140356506,821.896830151998,821.0346459265788,0.8621842254191279,0.20749807640440185,0.654686149014726,821.144,5.1311016566018095,831.4062033132036,810.8817966867964
2021-07-11,831.88,854.62,831.88,849.57,192294,824.0864690644919,817.9379038771881,69.88381904072494,826.1542408978444,823.1483758579434,3.005865039900982,0.7671714691037179,2.238693570797264,822.439,8.170396434359521,838.779792868719,806.0982071312809
2021-07-12,884.31,884.31,836.3,845.15,162964,826.0925196297784,819.0050449016121,65.54746690537931,829.0766653750991,824.778125794392,4.298539580707029,1.4734450914243802,2.825094489282649,823.3549999999999,9.59188170989934,842.5387634197986,804.1712365802013
2021-07-13,805.35,855.88,805.35,850.83,136946,828.4484701412281,820.2530823564509,68.27205355980715,832.4233322404684,826.7078942540668,5.715437986401639,2.321843670419832,3.393594315981807,824.4604999999999,11.354872580335314,847.1702451606706,801.7507548393293
2021-07-14,852.72,857.78,840.09,852.09,101853,830.7000444134922,821.5015889307077,68.86035513941745,835.4489734342426,828.588050235247,6.860923198995579,3.2296595761349813,3.6312636228605975,825.7549999999999,12.930132697648965,851.6152653952978,799.894734604702
2021-07-15,852.72,859.67,852.09,858.41,87922,833.3390878026834,822.9489776000918,71.69531902941654,838.9814390597437,830.7970835511546,8.184355508589078,4.2205987626258015,3.963756745963277,827.3340000000001,14.853507259048385,857.0410145180969,797.6269854819033
2021-07-18,864.09,909.57,864.09,909.57,272476,840.5991746786183,826.3458804393039,84.21955534473481,849.8412176659369,836.6321143992172,13.209103266719694,6.01829966344458,7.190803603275114,831.85,23.487320655596758,878.8246413111935,784.8753586888065
2021-07-19,927.26,943.05,915.89,916.52,226566,847.8297294711308,829.8821204220762,85.1789782573196,860.0994918711774,842.5497355548307,17.549756316346702,8.324590994025005,9.225165322321697,837.0925,29.64130366388465,896.3751073277692,777.8098926722307
2021-07-20,934.84,941.16,903.26,918.42,113294,854.5526123786422,833.3541941310144,85.43960412145267,869.0718777371501,848.1697551433617,20.902122593788363,10.840097313977676,10.062025279810687,842.0195,34.43217306302347,910.8838461260469,773.155153873953
2021-07-22,918.42,924.1,915.26,921.57,147151,860.9352207235335,836.8136374984256,85.8828335019526,877.1485119314348,853.6068103179275,23.541701613507257,13.380418173883594,10.161283439623663,847.325,38.103615452161755,923.5322309043236,771.1177690956765
2021-07-25,939.89,947.47,928.52,947.16,171727,869.1471044641494,841.1409458318207,88.85179583070759,887.9195100958294,860.5366762203032,27.382833875526217,16.18090131421212,11.201932561314095,854.068,43.174517533036095,940.4170350660722,767.7189649339277
2021-07-26,947.47,956.95,934.84,942.42,196175,876.1254754675638,845.1126734462591,85.27438762508436,896.3042008503172,866.6021076113918,29.702093238925386,18.885139699154774,10.816953539770612,860.195,46.62458934488188,953.4441786897638,766.9458213102363
2021-07-27,923.6,947.47,905.15,940.52,211397,882.2582873277959,848.8541372326804,83.8175960134497,903.10663148873,872.0775070475851,31.029124441144972,21.313936647552815,9.715187793592158,866.1005000000001,49.00595833537344,964.112416670747,768.0885833292532
2021-07-28,947.47,947.47,934.84,936.1,84254,887.3860694870534,852.2755436157125,80.37752958875384,908.1825343366178,876.8199139329491,31.362620403668643,23.32367339877598,8.038947004892663,871.9744999999999,50.045005899952336,972.0645117999046,771.8844882000952
2021-07-29,936.1,941.16,931.74,932.94,80443,891.724539059715,855.4388556307827,77.91543560141034,911.9913752079074,880.9769573453233,31.014417862584082,24.861822291537603,6.152595571046479,877.6904999999999,50.15879316047934,978.0080863209586,777.3729136790413
2021-08-01,943.68,943.68,926.31,934.84,75284,895.8307734349803,858.552625998203,78.34495255907038,915.5065482528447,884.9668123567808,30.539735896063917,25.997405012442865,4.542330883621052,883.4699999999999,49.7281594481963,982.9263188963926,784.0136811036073
2021-08-02,934.84,944.31,934.52,939.26,59355,899.9668902506966,861.7176210570971,79.35105609092241,919.1609254447148,888.9885299599822,30.172395484732647,26.832403106900824,3.3399923778318232,889.439,48.85055824709289,987.1401164941858,791.7378835058141
2021-08-03,947.47,947.47,938.0,941.16,58914,903.890043560154,864.8330084666227,79.78582214885589,922.5453984532203,892.8530832962798,29.69231515694048,27.404385516908757,2.2879296400317237,895.5345,47.20984927065422,989.9541985413084,801.1148014586915
2021-08-04,947.47,947.47,939.89,940.46,63649,907.3728965544251,867.7987728404806,79.12482487070545,925.3014909988786,896.3795215706294,28.921969428249213,27.70790229917685,1.2140671290723617,901.469,44.85025422682166,991.1695084536434,811.7684915463567
2021-08-05,941.16,946.84,936.17,939.89,54477,910.4697635492417,870.6258797879128,78.55412934834283,927.5458769990512,899.6025199728051,27.943357026246076,27.754993244590697,0.18836378165537937,907.4379999999999,41.31305077346075,990.0641015469214,824.8118984530784
2021-08-08,940.52,949.37,939.89,943.68,88896,913.6326432112188,873.4907472472104,79.60733856277324,930.028049768428,902.8675184933381,27.160531275089852,27.63610085069053,-0.4755695756006766,913.0279999999999,37.9806767490499,988.9893534980997,837.0666465019001
2021-08-09,946.84,946.84,941.16,943.68,51624,916.4942962387219,876.243266963006,79.60733856277324,932.1283498040544,905.8906652716094,26.237684532445087,27.35641758704144,-1.1187330545963547,917.7334999999999,35.45040795177691,988.6343159035538,846.8326840964461
2021-08-10,944.95,961.37,941.16,955.05,131079,920.1662680255102,879.3337270821039,82.58330094351216,935.6547575265075,909.5320974737124,26.12266005279514,27.10966608019218,-0.9870060273970402,923.2284999999999,31.952393251112394,987.1332865022247,859.3237134977752
2021-08-11,960.11,972.74,955.18,956.32,76570,923.6094805945093,882.3527966082959,82.88376308393866,938.8340255993526,912.9978680312151,25.836157568137423,26.85496437778123,-1.0188068096438059,928.5029999999999,27.81068596213098,984.1243719242619,872.8816280757379
2021-08-12,956.32,966.42,940.33,959.47,61561,927.024768156937,885.3770006628725,83.6377411037,942.0087908917599,916.4402481770511,25.56854271470877,26.59768004516674,-1.0291373304579707,933.872,22.051060506781813,977.9741210135636,889.7698789864363
2021-08-15,960.11,963.26,931.68,950.63,247612,929.2728854753238,887.9359418133481,73.8112323151818,943.3351307545661,918.9728223861584,24.36230836840764,26.150605709814922,-1.788297341407283,938.483,13.376780393064944,965.2365607861299,911.72943921387
2021-08-16,969.58,985.37,946.84,952.15,201928,931.4516582871978,890.4541401736091,74.36885566950062,944.6912644846328,921.4303910982949,23.26087338633795,25.57265924511953,-2.311785858781583,940.6119999999999,11.83215805382122,964.2763161076423,916.9476838923574
2021-08-17,958.84,958.84,940.52,944.31,216309,932.6762622598457,892.5661346766047,66.50335123362214,944.6326084100739,923.1251769428656,21.507431467208335,24.759613689537293,-3.2521822223289583,942.0015,10.398977315611797,962.7994546312235,921.2035453687764
2021-08-18,947.47,950.63,938.0,944.31,119338,933.7842372827175,894.5953058657575,66.50335123362214,944.5829763469856,924.6944230952458,19.888553251739722,23.78540160197778,-3.8968483502380593,943.296,8.797018873045351,960.8900377460908,925.7019622539093
2021-08-19,947.47,948.1,938.0,941.16,106885,934.4866908748397,896.4213723023945,63.379789239699576,944.0563646012955,925.914095458561,18.142269142734563,22.65677511012914,-4.514505967394577,944.2755000000001,7.195460173286304,958.6664203465726,929.8845796534275
2021-08-24,946.84,946.84,932.94,932.94,108363,934.3393869819978,897.8534753493594,55.98953458521129,942.3461546626347,926.4345328320009,15.911621830633862,21.307744454230082,-5.39612262359622,943.5645000000001,7.58732008371312,958.7391401674263,928.3898598325738
2021-08-25,934.21,934.21,914.63,921.57,120921,933.1232548884742,898.7835351395806,47.7037365803104,939.1498231760756,926.0741970666675,13.075626109408176,19.6613207852657,-6.585694675857525,942.5219999999999,9.04518807811668,960.6123761562333,924.4316238437666
2021-08-26,922.21,934.9,910.2,915.89,159476,931.4819925181434,899.4543768988127,44.18583935182539,935.5713888412948,925.3198120987662,10.251576742528641,17.779371976718288,-7.527795234189647,941.2904999999998,10.832253726236056,962.9550074524719,919.6259925475277
2021-08-29,903.26,927.89,892.52,905.15,183055,928.9741837068917,899.6777346674868,38.416926302552156,930.8911751734033,923.8257519433021,7.06542323010126,15.636582227394882,-8.571158997293622,939.743,13.49603454430714,966.7350690886143,912.7509309113858
2021-08-31,905.15,905.15,885.57,896.31,126285,925.8633090681401,899.5456666413108,34.432119189401035,925.570994377495,921.7875480956501,3.783446281844931,13.265955038284893,-9.482508756439962,937.9115000000002,16.597039772519757,971.1055795450396,904.7174204549607
2021-09-01,906.42,913.36,889.36,896.94,124665,923.1087082045078,899.4434836357692,34.949970589245495,921.1662260117266,919.9469889774539,1.2192370342727372,10.856611437482462,-9.637374403209725,936.0165000000001,18.96143184550291,973.9393636910058,898.0936363089943
2021-09-02,897.26,909.57,893.15,895.68,105395,920.4964502802691,899.2958960422096,34.36538262449152,917.2452681637687,918.1494342383833,-0.9041660746145226,8.504455935063065,-9.408622009677588,933.8375,20.967059597329442,975.7716191946589,891.903380805341
2021-09-05,896.94,896.94,866.62,876.73,177307,916.3282169202434,898.4109589425151,27.03996308741995,911.0121499847273,915.0813279985031,-4.0691780137757405,5.989729145295304,-10.058907159071044,930.616,24.444158143991913,979.5043162879838,881.7276837120162
2021-09-06,877.99,912.73,871.67,910.84,134284,915.805529594506,898.8983723173185,48.37274666900231,910.9856653716924,914.7671555541694,-3.7814901824770004,4.035485279740843,-7.816975462217844,929.135,24.712173752606432,978.5593475052128,879.7106524947872
2021-09-07,919.05,928.52,896.31,903.19,79191,914.6040505855054,899.0666714421295,45.18199994301043,909.786332237586,913.9095884760828,-4.123256238496879,2.403736976093299,-6.526993214590178,927.3,25.228709210364148,977.7574184207283,876.8425815792716
2021-09-08,903.19,903.26,886.83,893.78,59583,912.6208076726001,898.8593509934185,41.55130989034222,907.3238195856496,912.4185078482249,-5.094688262575232,0.9040519283595929,-5.998740190934825,924.8050000000001,25.979802985356756,976.7646059707135,872.8453940292866
2021-09-09,890.62,896.94,890.62,890.62,70348,910.525492656162,898.5362391897551,40.377900391489135,904.7540011878574,910.8038035631712,-6.049802375313789,-0.48671893237508335,-5.563083442938705,922.152,26.651388351316438,975.4547767026329,868.8492232973672
2021-09-12,893.78,913.99,890.62,909.57,75225,910.4344933555751,898.9689356921176,49.57440381571,905.4949240820332,910.7124107066401,-5.217486624606863,-1.4328724708214393,-3.784614153785424,919.878,25.616853334023947,971.111706668048,868.6442933319521
2021-09-13,927.76,936.1,909.57,919.05,210616,911.2550177979014,899.7564284100738,53.4432538633669,907.580320377105,911.3300099135556,-3.74968953645066,-1.8962358839472835,-1.8534536525033765,918.0145,24.139347541656786,966.2931950833135,869.7358049166864
2021-09-14,930.42,930.42,912.73,917.78,46726,911.8764446742917,900.4632351390906,52.85816343679808,909.1495018575504,911.8077869569959,-2.658285099445493,-2.0486457270469254,-0.6096393723985676,915.93,22.083630041039925,960.0972600820799,871.76273991792
2021-09-15,928.52,928.52,909.57,912.73,37192,911.9577356576925,900.9442847414791,50.49106159890287,909.7003477256196,911.8760990342554,-2.1757513086357676,-2.074066843364694,-0.10168446527107378,914.0350000000001,20.52005065655088,955.0751013131019,872.9948986868983
2021-09-16,903.26,909.57,889.36,899.78,108701,910.7979513093408,900.898626516323,44.93402485907817,908.1741403832166,910.9800916983846,-2.805951315168045,-2.220443737725364,-0.585507577442681,911.4165,18.657153355103056,948.7308067102061,874.102193289794
2021-09-20,904.52,909.57,871.67,879.89,132043,907.8543368989274,900.0747588098005,38.013806155760754,903.822734170414,908.6771219429487,-4.854387772534665,-2.747232544687224,-2.1071552278474406,908.1955,18.235504834771877,944.6665096695438,871.7244903304563
2021-09-21,879.89,893.78,849.57,877.36,148677,904.9501143371248,899.1839839545142,37.22840887169916,899.7515442980427,906.3573351323598,-6.605790834317077,-3.518944202613195,-3.0868466317038816,904.848,17.382076249311545,939.612152498623,870.0838475013769
2021-09-22,893.78,900.1,884.31,899.72,79284,904.4520082097796,899.2050041915921,47.54370328698185,899.7466913291131,905.865680678111,-6.118989348997843,-4.038953231890124,-2.080036117107719,902.7760000000001,15.152672649440078,933.0813452988803,872.4706547011199
2021-09-23,910.27,919.05,903.26,908.31,136670,904.8194359993244,899.5620628507454,50.88300980249851,901.0641234323265,906.0467413686213,-4.982617936294787,-4.227686172771057,-0.7549317635237296,901.5445,13.480771286307016,928.506042572614,874.582957427386
2021-09-26,915.89,925.36,901.36,903.89,116113,904.7309182851029,899.7317858762065,49.14924841116281,901.498873673507,905.8869827487233,-4.3881090752163345,-4.259770753260113,-0.12833832195622197,900.6605,12.652739031531265,925.9659780630625,875.3550219369374
2021-09-27,906.42,906.42,886.2,893.78,47830,903.6879736865217,899.4983825085121,45.34345901513397,900.3113546468136,904.9901692117809,-4.678814564967297,-4.343579515601549,-0.3352350493657479,899.5550000000001,12.210231473301924,923.9754629466039,875.1345370533962
2021-09-28,893.78,893.78,871.67,881.15,86659,901.5415000020911,898.7788380964136,41.06545321285359,897.3634539319191,903.224230751649,-5.8607768197298356,-4.647018976427207,-1.2137578433026288,898.3549999999999,12.796679873682345,923.9483597473646,872.7616402526352
2021-09-29,896.94,896.94,871.04,889.36,58596,900.381357144749,898.4094718965542,44.71673141610357,896.1321533270085,902.1972506959712,-6.065097368962711,-4.930634654934307,-1.1344627140284036,898.0074999999999,12.948599141871485,923.904698283743,872.1103017162569
2021-09-30,892.52,896.31,884.94,888.73,47037,899.2717040833444,898.0298847633561,44.48895473829089,894.9933605074688,901.1996765703437,-6.206316062874976,-5.185770936522441,-1.020545126352535,897.597,13.113312681154097,923.8236253623081,871.3703746376918
2021-10-03,903.19,903.19,879.89,881.15,55819,897.5458275039783,897.3679284981264,41.734427905509136,892.8636127370889,899.7145153429108,-6.85090260582183,-5.518797270382319,-1.3321053354395103,896.8705,13.617893211739768,924.1062864234796,869.6347135765204
2021-10-04,879.25,888.73,865.36,882.41,60200,896.1043201226471,896.7813430668274,42.373140937134714,891.2553646236906,898.432699391584,-7.177334767893399,-5.850504769884536,-1.3268299980088631,897.1545,13.22944581526301,923.613391630526,870.6956083694739
2021-10-05,890.62,890.62,880.52,890.62,44358,895.5820039204903,896.539721770089,46.489295957108425,891.157616220046,897.8539809181334,-6.69636469808745,-6.0196767555251185,-0.6766879425623316,896.1434999999999,12.89698221535527,921.9374644307104,870.3495355692894
2021-10-06,890.62,917.78,890.62,912.67,57353,897.2094321185388,897.1722817006738,55.65142777877069,894.4672137246542,898.9514638130864,-4.484250088432191,-5.712591422106533,1.2283413336743418,896.6175000000001,13.336316415200564,923.2901328304011,869.944867169599
2021-10-10,923.85,947.47,923.85,931.05,77855,900.4323433453446,898.5008196731964,61.559744088549905,900.0953346900919,901.3291331602652,-1.2337984701732694,-4.81683283171988,3.583034361546611,898.481,15.368084460987083,929.2171689219741,867.7448310780259
2021-10-11,949.37,949.37,909.51,915.89,118043,901.9045011219785,899.1827483134632,55.045764670132314,902.5252831993085,902.4077158891345,0.11756731017408129,-3.8299528033410883,3.9475201135151696,899.7445,15.722480879302513,931.189461758605,868.299538241395
2021-10-17,934.21,951.89,925.36,936.1,56389,905.1612153008377,900.6304836737196,60.974355239533985,907.6906242455688,904.9034406380875,2.787183607481211,-2.5065255211766284,5.29370912865784,901.0709999999999,17.601916133733308,936.2748322674665,865.8671677325333
2021-10-18,936.1,936.1,914.63,927.26,67707,907.2658614626627,901.6747784316129,57.40800544631082,910.7012974385582,906.5594820723034,4.141815366254832,-1.1768573436903362,5.318672709945169,901.4815000000001,18.131058921960754,937.7436178439216,865.2193821560786
2021-10-19,912.73,915.89,897.0,903.89,77881,906.944350847171,901.7616498656674,49.21302515377932,909.6534055249338,906.3617426595401,3.2916628653936186,-0.28315330187354526,3.574816167267164,900.787,17.73560768623488,936.2582153724697,865.3157846275303
2021-10-20,921.95,934.21,903.26,922.21,65244,908.3982221950595,902.5635459493667,54.675168504765224,911.5851892903286,907.5356876477224,4.049501642606174,0.5833776870223986,3.4661239555837753,901.2609999999999,18.19239282893097,937.6457856578618,864.8762143421379
2021-10-21,922.21,934.84,913.99,929.15,65682,910.3745819860062,903.6061519905679,56.58026342049383,914.2874678610473,909.1367478219652,5.150720039082103,1.4968461574343395,3.653873881647763,902.7295,19.222756655097267,941.1750133101946,864.2839866898055
2021-10-24,929.79,934.21,923.47,929.09,54884,912.1570027492437,904.6055185791731,56.55812982729753,916.5647804978092,910.6147665018195,5.950013995989707,2.387479725145413,3.562534270844294,905.1895000000001,19.294087306738128,943.7776746134763,866.6013253865239
2021-10-25,947.66,947.66,928.71,945.58,78485,915.3401453445539,906.2123609878331,61.06598764492174,921.0286604212233,913.204783797981,7.823876623242313,3.474759104764793,4.34911751847752,908.6004999999999,20.12747179328558,948.855443586571,868.3455564134288
2021-10-26,950.95,996.74,946.21,991.06,225327,922.5515600736439,909.5397193804671,70.2387048880135,931.802712664112,918.9718368499823,12.83087581412974,5.345982446637782,7.484893367491958,913.1674999999999,27.1455563631175,967.458612726235,858.8763872737649
2021-10-27,991.06,1023.27,984.74,1014.43,270557,931.3018876856778,913.6530637184879,73.67129034999928,944.5146030234794,926.0428118981318,18.471791125347522,7.971144182379731,10.50064694296779,918.4735000000001,35.29437800392918,989.0622560078584,847.8847439921417
2021-10-28,1016.95,1022.64,1007.48,1009.37,141749,938.7369460013275,917.406669062861,71.74190522385767,954.4923564044825,932.215196201974,22.277160202508526,10.832347386405491,11.444812816103035,923.7475000000001,40.49779914422937,1004.7430982884588,842.7519017115413
2021-10-31,1010.64,1029.52,993.58,998.0,176045,944.3810463821535,920.5671918447097,67.46625764390735,961.1858400345621,937.0881446314575,24.097695403104694,13.485416989745332,10.612278413359363,928.9585,43.062778685982664,1015.0840573719653,842.8329426280346
2021-11-01,998.0,1023.27,979.69,1023.27,215086,951.8942800600436,924.5947529488387,71.52770583806003,970.7372492600141,943.4719857698681,27.265263490146026,16.24138628982547,11.023877200320555,936.0645000000001,46.358305277025835,1028.7811105540518,843.3478894459483
2021-11-02,1042.22,1042.22,1006.85,1015.69,131659,957.970062911468,928.1671155782961,68.75502435386598,977.6530570661657,948.8214683054334,28.831588760732302,18.759426784006838,10.072161976725464,942.381,48.228460357148855,1038.8379207142978,845.9240792857023
2021-11-03,1035.97,1099.07,1035.97,1044.11,705430,966.1738664437091,932.7138953595395,72.98358830868246,987.8772021329095,955.8798780605864,31.997324072323067,21.407006241670086,10.590317830652982,950.15,51.53277740786387,1053.2155548157277,847.0844451842722
2021-11-08,1048.54,1048.54,1013.8,1019.92,186984,971.2925458300225,936.1337426003419,64.92892479657681,992.806863343231,960.6235907968393,32.18327254639178,23.562259502614424,8.621013043777353,957.0885000000001,51.09378016271464,1059.2760603254294,854.9009396745707
2021-11-09,1019.92,1019.92,991.69,997.37,188332,973.7761128938299,938.535164459152,58.45269714334528,993.5088843673493,963.3455470341104,30.16333733323893,24.88247506873933,5.2808622644996,962.8365,48.658770970591135,1060.1540419411822,865.5189580588177
2021-11-11,997.37,998.0,972.74,979.05,199932,974.2783878563223,940.1239815391853,53.761150323424665,991.2844406185263,964.5088398463985,26.77560077212786,25.261100209417037,1.514500562710822,967.258,45.67764933116714,1058.6132986623343,875.9027013376658
2021-11-14,991.69,994.85,972.74,977.79,107590,974.6128271081011,941.6010803023545,53.44343684627127,989.2083728310607,965.492629487406,23.715743343654708,24.952028836264574,-1.2362854926098663,970.5139999999999,43.86675271414823,1058.2475054282963,882.7804945717035
2021-11-15,980.32,995.48,972.74,972.74,104146,974.4344626216152,942.8222144081445,52.11412148813552,986.6747770108975,966.0294717475981,20.645305263299406,24.090684121671543,-3.4453788583721376,972.5984999999998,42.87202059925772,1058.3425411985154,886.8544588014844
2021-11-16,979.05,988.53,976.59,984.74,74044,975.4159423719376,944.466049137237,54.97972647269884,986.377119009221,967.4154368033315,18.961682205889474,23.06488373851513,-4.103201532625658,976.0409999999999,40.79263270687387,1057.6262654137477,894.4557345862522
2021-11-17,991.69,991.69,977.79,982.84,99187,976.1229954793722,945.9709099553845,54.42438585393563,985.8329468539562,968.5579970401218,17.274949813834382,21.906896953578983,-4.6319471397446,978.378,39.70844422988536,1057.7948884597708,898.9611115402294
2021-11-18,1002.49,1002.49,976.53,977.16,89460,976.2217578146701,947.1940115257617,52.710303056786266,984.4986473379629,969.1951824445573,15.30346489340559,20.586210541544304,-5.2827456481387145,980.8729999999999,37.85177700062818,1056.5765540012562,905.1694459987435
2021-11-21,985.37,988.53,971.47,975.26,75509,976.1301618323206,948.2946385247515,52.11898093925943,983.0773169782763,969.644428189405,13.43288878887131,19.155546191009705,-5.722657402138395,984.4414999999999,33.30309220272465,1051.0476844054492,917.8353155945506
2021-11-22,975.26,982.15,972.74,976.53,80745,976.1682416578138,949.4019076022122,52.50254136045867,982.0700374431568,970.1544705457453,11.915566897411509,17.70755033229007,-5.79198343487856,987.1575,30.013262134386377,1047.1840242687729,927.1309757312273
2021-11-23,979.05,979.05,967.68,970.84,62286,975.6607900713553,950.2426171080078,50.548767904064135,980.3423393749789,970.2052505053197,10.137088869659237,16.193458039763904,-6.0563691701046665,989.242,27.076509648343986,1043.395019296688,935.088980703312
2021-11-24,975.9,979.05,964.53,975.9,54975,975.6835719693215,951.2487889861252,52.25047900677769,979.6589025480591,970.6270838012219,9.031818746837189,14.761130181178562,-5.729311434341373,991.5824999999999,23.373170826263774,1038.3288416525274,944.8361583474723
2021-11-25,977.16,979.05,969.58,971.47,64950,975.2822794008147,952.041777653336,50.608490941815646,978.3990713868193,970.6895220381684,7.709549348650853,13.350814014673022,-5.641264666022169,992.8770000000001,21.31785169881468,1035.5127033976294,950.2412966023708
2021-11-28,971.47,971.47,960.11,962.0,85621,974.0173004102609,952.4322961767347,47.19420909960576,975.8761373273086,970.0458537390448,5.8302835882637964,11.846707929391178,-6.016424341127381,991.424,22.410557521424515,1036.245115042849,946.602884957151
2021-11-29,962.0,966.42,952.53,963.89,60022,973.0527956092836,952.8816178952941,47.94895702081441,974.0321162000304,969.5898645731896,4.4422516268407435,10.365816668881092,-5.923565042040348,988.8969999999999,22.528997945338734,1033.9549958906773,943.8390041093224
2021-11-30,969.58,969.58,959.28,960.74,52965,971.8801484083995,953.1897897425374,46.74964516823382,971.9871752461795,968.9343190492497,3.052856196929838,8.90322457449084,-5.8503683775610025,986.4655,22.82541092614528,1032.1163218522906,940.8146781477094
2021-12-01,969.77,969.77,962.0,962.76,36610,971.0115628456947,953.5650921055752,47.65384259478648,970.5676098236903,968.4769620826386,2.0906477410517255,7.540709207803018,-5.4500614667512925,984.7035,23.244469013872227,1031.1924380277444,938.2145619722555
2021-12-02,962.76,966.42,953.16,955.05,60311,969.4914140032475,953.6233237877096,44.544808070886546,968.1802852354302,967.4823722987394,0.697912936690841,6.172149953580583,-5.474237016889742,981.2924999999999,22.272307770437187,1025.8371155408743,936.7478844591255
2021-12-05,956.32,956.32,929.15,931.05,108142,965.8303269553193,952.7380954038779,36.55077779378986,962.4679336607487,964.7836780543884,-2.3157443936396476,4.474571084136537,-6.7903154777761845,977.0605000000002,23.40488308811743,1023.870266176235,930.2507338237654
2021-12-06,912.73,944.31,893.78,938.0,118177,963.1798196262413,952.1601308782356,39.91359428782268,958.7036361744797,962.7997019022115,-4.096065727731798,2.7604437217628703,-6.856509449494668,971.7550000000001,19.02229038730545,1009.7995807746111,933.7104192253892
2021-12-07,956.25,956.32,931.68,931.68,60813,960.1798368046944,951.3569884908538,37.94417176246259,954.5461536860983,960.494538798344,-5.948385112245774,1.0186779549611413,-6.967063067206915,967.3429999999998,17.429446680229834,1002.2018933604595,932.4841066395402
2021-12-08,931.68,934.84,915.89,920.18,47379,956.3703285375807,950.1343614912125,34.59879889514157,949.2590531190062,957.5082766651334,-8.249223546127155,-0.8349023452565181,-7.414321200870637,963.4834999999999,18.91357025357376,1001.3106405071475,925.6563594928524
2021-12-09,919.68,921.57,905.78,917.72,56323,952.689344867335,948.8632100601847,33.91006722531738,944.4068911006975,954.5609969121606,-10.154105811463069,-2.6987430384978284,-7.45536277296524,960.417,21.102074255740007,1002.62114851148,918.2128514885201
2021-12-12,917.78,925.36,897.26,897.57,80982,947.4398834513983,946.851711626452,28.84501004668185,937.201215546744,950.3394415853339,-13.138226038589892,-4.786639638516242,-8.35158640007365,956.406,24.907000791365494,1006.2200015827309,906.591998417269
2021-12-13,897.57,897.57,861.57,862.89,130695,939.3875135988841,943.5590954842382,22.59075972235037,925.7687208472449,943.8617051716055,-18.0929843243606,-7.447908575685114,-10.645075748675486,950.9135,32.16888546978975,1015.2512709395795,886.5757290604205
2021-12-14,879.89,922.21,871.67,922.21,64277,937.7515599228,942.7218760534838,44.68409648901304,925.2212253322842,942.2578751588941,-17.036649826609846,-9.36565682587006,-7.670993000739786,947.787,31.74409635954754,1011.2751927190951,884.298807280905
2021-12-15,922.21,947.47,891.89,915.89,90423,935.669506596819,941.6696456200139,43.267232242309795,923.7856522042405,940.3046992211982,-16.519047016957757,-10.7963348640876,-5.722712152870157,944.4395000000001,31.381067117309474,1007.2016342346191,881.6773657653811
2021-12-16,915.89,922.21,897.57,903.26,43538,932.5828869209315,940.1633850074643,40.50324499425914,920.6278595574342,937.5606474270354,-16.932787869601157,-12.023625465190312,-4.909162404410845,940.7445,31.674924246991683,1004.0943484939834,877.3946515060167
2021-12-20,909.51,909.51,891.89,896.94,58668,929.1883262617953,938.4683503012892,39.15531885199409,916.9835734716752,934.5517105805884,-17.56813710891322,-13.132527793934894,-4.435609314978326,936.8285,32.022631022943905,1000.8737620458878,872.7832379541121
2021-12-21,898.84,917.47,898.84,917.47,98889,928.0722951892434,937.6448855835916,45.50025560351879,917.0584083221868,933.2863986857301,-16.227990363543313,-13.75162030785658,-2.4763700556867327,933.8754999999999,30.87126691260831,995.6180338252165,872.1329661747833
2021-12-22,922.21,942.42,919.05,938.0,79765,929.017790885506,937.6588116391371,51.002766605332816,920.280191657235,933.635554338639,-13.355362681404017,-13.672368782566068,0.3170061011620504,932.2334999999999,29.650935243083058,991.535370486166,872.9316295138339
2021-12-23,943.68,946.84,929.15,938.0,51892,929.8732393726007,937.6721915748572,51.002766605332816,923.0063160176603,933.958846609851,-10.95253059219067,-13.12840114449099,2.175870552300321,930.3385000000001,27.8709904409213,986.0804808818426,874.5965191181575
2021-12-26,956.76,992.19,951.26,962.63,209837,932.9929308609245,938.6509291601569,57.03802076678909,929.1022673995587,936.082635749862,-6.980368350303252,-11.898794585653443,4.918426235350191,929.8965000000001,27.24748511330966,984.3914702266194,875.4015297733807
2021-12-27,978.42,979.05,938.0,946.84,201767,934.3116993503603,938.972069193092,52.56763647772788,931.8311493380882,936.8794775461686,-5.04832820808042,-10.528701310138839,5.480373102058419,929.1385,26.50823075257213,982.1549615051442,876.1220384948558
2021-12-28,947.47,947.47,934.33,934.84,170269,934.362013697945,938.8100272639512,49.39893177630663,932.2940494399207,936.7284051353413,-4.43435569542055,-9.309832187195182,4.8754764917746325,927.686,25.27083286487097,978.227665729742,877.1443342702581
2021-12-29,946.84,947.47,915.89,915.89,326139,932.6027742981407,937.9112026653648,44.80578753447778,929.7703495260868,935.1848195697604,-5.414470043673646,-8.530759758490875,3.1162897148172295,925.4435,24.14832178434005,973.7401435686801,877.1468564313199
2022-01-02,934.18,971.73,916.46,965.4,263845,935.7263196030798,938.9891947177035,56.251108479300925,935.2518342143811,937.4229810831115,-2.171146868730375,-7.258837180538776,5.087690311808401,925.5755000000001,24.36924258050301,974.3139851610061,876.8370148389942
2022-01-03,970.46,978.9,959.49,959.49,130041,937.9895272599293,939.7931478660289,54.790548748643104,938.9807827967841,939.0575750769551,-0.07679228017104833,-5.822428200465231,5.745635920294182,925.7975,24.670247555987693,975.1379951119754,876.4570048880246
2022-01-04,959.49,961.18,942.78,944.3,116739,938.5905246637456,939.9698871654003,51.11682035287071,939.7991239049711,939.4459028490324,0.35322105593866127,-4.587298349184453,4.940519405123114,926.4599999999998,24.994501290021255,976.4490025800424,876.4709974199573
2022-01-05,946.84,960.34,936.71,938.31,75462,938.5638080291031,939.904793551071,49.70159546583837,939.570027919591,939.3617618972522,0.208266022338762,-3.62818547487981,3.836451497218572,926.4754999999999,25.00212927248251,976.479758544965,876.4712414550348
2022-01-06,937.55,947.68,927.93,940.08,67780,938.7082072644267,939.9116643922055,50.14087142618226,939.6484851627308,939.414964719678,0.23352044305283925,-2.8558442912932804,3.0893647343461197,926.8955000000002,25.164187684925118,977.2238753698505,876.5671246301499
2022-01-09,945.15,952.74,936.71,939.24,126780,938.7588541916242,939.885324612119,49.918062977360236,939.5856412915415,939.4020043700723,0.1836369214692013,-2.2479480487407844,2.4315849702099857,927.8485000000001,25.257218931583225,978.3629378631665,877.3340621368336
2022-01-10,939.24,945.06,933.42,937.81,120640,938.6684871257553,939.8039393332124,49.51468219102069,939.3124657082275,939.2840781204372,0.028387587790234647,-1.7926809214345805,1.8210685092248151,928.8530000000001,25.23268517325618,979.3183703465124,878.3876296534877
2022-01-11,938.4,942.62,932.91,940.76,102845,938.8676788280643,939.8414319083805,50.40504225111831,939.5351632915771,939.3934056670714,0.141757624505658,-1.4057932122465329,1.5475508367521909,931.0125,24.243242547368872,979.4989850947378,882.5260149052623
2022-01-12,945.15,945.15,934.18,934.18,105760,938.4212332253916,939.619414970797,48.35650420668407,938.7112920159499,939.0072274695106,-0.2959354535606735,-1.1838216605093612,0.8878862069486877,934.577,18.183575903314722,970.9441518066294,898.2098481933706
2022-01-13,936.71,938.4,931.65,936.71,92618,938.2582586324972,939.5053202660599,49.21121112306376,938.4034009365729,938.8370624717691,-0.43366153519616546,-1.0337896354467222,0.6001281002505567,935.3019999999999,17.95213038230245,971.2062607646048,899.397739235395
2022-01-16,945.15,967.93,936.71,962.03,176667,940.5222340008308,940.38864103994,56.89923056248773,942.0382623309463,940.5550578442306,1.4832044867156355,-0.5303908110142508,2.0135952977298865,937.609,18.287781339348342,974.1845626786967,901.0334373213034
2022-01-17,980.59,994.94,962.03,994.85,113189,945.6963069531328,942.5243806070011,64.41785368614214,950.1631450492622,944.5769054113247,5.586239637937524,0.6929352787761043,4.893304359161419,942.1885,20.56012729711835,983.3087545942367,901.0682454057633
2022-01-18,995.78,1020.25,995.78,1004.22,116223,951.2699920052154,944.9438166616286,66.22911627043695,958.4795842724526,948.9949124178933,9.484671854559338,2.451282593932751,7.033389260626587,947.5525000000001,22.072474135758114,991.6974482715164,903.4075517284839
2022-01-19,1023.63,1023.63,987.43,993.25,73385,955.2680880047187,946.8381767925453,62.2348704915063,963.8288789997675,952.2730670536048,11.555811946162748,4.27218846437875,7.283623481783998,951.3415000000001,23.116253629040582,997.5740072580812,905.108992741919
2022-01-20,997.47,997.47,978.9,994.09,47782,958.9654129566503,948.6911894673475,62.42175772226081,968.4844360767264,955.3706176422266,13.113818434499763,6.040514458402953,7.07330397609681,954.1460000000001,24.756707416481905,1003.6594148329639,904.6325851670363
2022-01-23,994.09,994.09,974.68,979.75,79765,960.9448974369694,949.9091820372554,57.216255554892946,970.2175997572301,957.1764978168765,13.041101940353656,7.440631954793094,5.6004699855605615,956.2335,25.08167191501912,1006.3968438300383,906.0701561699618
2022-01-24,983.12,983.12,949.37,951.05,96165,960.0025262524962,949.9539199965787,48.499049804597625,967.2687382561178,956.7226831637745,10.546055092343295,8.061716582303134,2.4843385100401605,955.6545,25.05989004785443,1005.7742800957088,905.5347199042911
2022-01-25,957.81,966.24,936.71,952.83,52041,959.3194285141632,950.0667074476934,49.01784842543748,965.0473939090227,956.4343362627542,8.613057646268544,8.171984795096217,0.4410728511723274,955.954,24.984681706998533,1005.923363413997,905.9846365860029
2022-01-26,952.74,957.72,940.93,945.99,61217,958.0499591318619,949.9068365673917,47.05619985767473,962.1154871537885,955.6606817247723,6.454805429016233,7.82854892188022,-1.3737434928639871,956.5115,24.610348973124594,1005.7321979462491,907.2908020537508
2022-01-27,945.99,953.59,940.93,942.62,56308,956.5804392145417,949.6210782706313,46.077798239570896,959.1161814378211,954.6947053007151,4.421476137105969,7.14713436492537,-2.725658227819401,957.848,22.958611639667588,1003.7652232793351,911.9307767206648
2022-01-30,961.18,961.18,951.14,957.81,59027,956.6975402417282,949.9422124560967,51.021149334182766,958.9152304473871,954.9254678710324,3.9897625763546785,6.515660007211232,-2.5258974308565536,957.4685,22.88983623564756,1003.2481724712951,911.6888275287048
2022-01-31,969.62,969.62,949.37,951.05,38126,956.1596792663256,949.9856551048772,48.87379597180647,957.705194993943,954.6383961768819,3.0667988170611125,5.825887769181208,-2.759088952120096,957.0465,22.92837411891365,1002.9032482378274,911.1897517621727
2022-02-01,953.5,953.5,944.56,946.08,54175,955.1997098123899,949.8324921595879,47.29768237489252,955.9167034564133,954.0044409045203,1.9122625518930363,5.043162725723574,-3.130900173830538,957.1355000000001,22.87969554338348,1002.8948910867671,911.3761089132331
2022-02-03,963.29,964.98,945.99,946.84,61153,954.4035469731147,949.7151395258786,47.57609102968477,954.5202875400421,953.4737415782596,1.046545961782499,4.243839372935359,-3.1972934111528604,957.5620000000001,22.58794359364085,1002.7378871872818,912.3861128127185
2022-02-06,953.59,953.59,935.44,935.86,71516,952.6374948804371,949.1718007209423,43.96273195185961,951.6494740723433,952.16901997987,-0.5195459075266626,3.2911623168429553,-3.810708224369618,957.351,22.7787467655829,1002.9084935311658,911.7935064688342
2022-02-07,938.4,938.4,933.33,935.86,68960,951.0396382251573,948.6497693201211,43.96273195185962,949.2203242150597,950.9609444258056,-1.740620210745874,2.2848058113251897,-4.025426022071064,957.182,22.93220938698337,1003.0464187739667,911.3175812260333
2022-02-08,951.9,952.74,933.33,934.18,51383,949.43395839419,948.0823273859987,43.37811772922471,946.9064281819736,949.7179115053756,-2.8114833234019443,1.265547984379763,-4.0770313077817075,957.0004999999999,23.107297884571945,1003.2150957691438,910.785904230856
2022-02-09,936.71,936.71,926.58,929.03,59639,947.4907242614099,947.3351772924301,41.553890130395146,944.1562084616701,948.1854736160885,-4.029265154418454,0.2065853566201198,-4.235850511038573,956.414,23.682896871171685,1003.7797937423434,909.0482062576566
2022-02-10,929.11,929.11,924.05,925.82,62380,945.4268457603232,946.4914448495897,40.41308156592779,941.3352533137208,946.5287718667487,-5.193518553027843,-0.8734354253094729,-4.32008312771837,955.9960000000001,24.16485059359055,1004.3257011871812,907.666298812819
2022-02-13,924.05,924.05,902.11,902.95,87909,941.3814318783876,944.7839372084293,33.38150360745941,935.4298297269945,943.3007146914339,-7.8708849644393695,-2.2729253331354524,-5.597959631303917,954.308,26.635751123157082,1007.5795022463142,901.0364977536858
2022-02-14,902.95,910.55,897.89,897.89,68303,937.2393907471126,942.9449592786871,32.05268917505353,929.654471307457,939.9369580476239,-10.28248674016686,-3.8748376145417343,-6.407649125625126,951.1009999999999,29.377279065005066,1009.85555813001,892.3464418699898
2022-02-15,915.61,915.61,899.66,907.17,53230,934.3756392473875,941.5420196991308,37.00540989105831,926.1953218755406,937.5097759700221,-11.314454094481562,-5.3627609105297,-5.951693183951861,946.717,29.045367979295065,1004.8077359585901,888.6262640414099
2022-02-16,924.89,924.89,903.21,911.39,46381,932.1865307476364,940.3595875540669,39.17656893932091,923.9175800485343,935.5749777500205,-11.657397701486161,-6.621688268720993,-5.035709432765168,942.0754999999999,26.694732473694767,995.4649649473895,888.6860350526104
2022-02-17,912.24,923.21,902.95,910.55,34444,930.1259087716711,939.1905841205742,38.889246574484886,921.8610292718367,933.7212756944633,-11.860246422626574,-7.6693998995021095,-4.190846523124464,937.9404999999999,24.679662728012527,987.299825456025,888.5811745439748
2022-02-20,902.95,907.17,881.86,896.2,61489,926.8948698410358,937.5046788609438,34.26584347978432,917.9131786146311,930.9419219393178,-13.02874332468673,-8.741268584539034,-4.287474740147696,933.0459999999999,22.575032412403804,978.1960648248075,887.8959351751923
2022-02-21,902.95,905.49,897.05,900.42,39297,924.373453665699,936.050377729142,36.65100181588919,915.2219203662263,928.6810388327017,-13.459118466475388,-9.684838560926305,-3.7742799055490828,929.0795,20.83966296196873,970.7588259239375,887.4001740760626
2022-02-22,911.39,911.39,902.11,903.38,41743,922.3740771261085,934.7691864456463,38.341001145265594,913.40008646373,926.8068878080571,-13.406801344327164,-10.429231117606477,-2.9775702267206867,926.6959999999999,20.920500497183664,968.5370009943672,884.8549990056326
2022-02-23,914.77,915.61,898.73,900.84,29641,920.3232126379078,933.4386301144445,37.418514656478834,911.46776546931,924.88341463709,-13.415649167779975,-11.026514727641176,-2.3891344401387986,924.0965,20.73146382599288,965.5594276519857,882.6335723480142
2022-02-24,898.73,900.42,884.39,886.92,72385,917.1419542914404,931.6143701099566,32.765789451405865,907.6911861663393,922.0713098491575,-14.38012368281818,-11.697236518676577,-2.6828871641416026,921.143,21.636204818484202,964.4154096369684,877.8705903630316
2022-02-27,886.92,886.92,877.64,878.48,43253,913.4598634065413,929.5306693213308,30.305269428336473,903.197157525364,918.8423239344052,-15.645166409041167,-12.486822496749495,-3.158343912291672,917.936,22.99605787727035,963.9281157545407,871.9438842454593
2022-02-28,886.08,893.67,875.11,877.64,45316,910.0484478440136,927.4957411126512,30.063297821007794,899.2652871368464,915.7902999392641,-16.525012802417677,-13.294460557883133,-3.230552244534545,913.9275,22.6646318197836,959.2567636395672,868.5982363604328
2022-03-02,877.64,884.39,843.88,848.95,74636,904.2295480493457,924.4155159709786,23.238493842213558,891.5244737311777,910.8391666104296,-19.31469287925188,-14.498507022156883,-4.816185857094997,908.8225,25.21778839065434,959.2580767813087,858.3869232186913
2022-03-06,831.98,860.76,831.98,846.33,64365,898.7153053779795,921.3533388740775,22.731003709862065,884.571477772535,906.0607098244719,-21.489232051936938,-15.896652028112895,-5.592580023824043,903.8349999999998,27.244012669131923,958.3230253382636,849.346974661736
2022-03-07,852.32,854.01,843.88,853.92,47036,894.449085818172,918.708894212349,27.659626067995703,879.8558658075295,902.1984350226592,-22.34256921512963,-17.18583546551624,-5.156733749613387,899.189,27.44646385046294,954.0819277009258,844.2960722990741
2022-03-09,853.92,860.76,848.95,850.55,35691,890.2682205021556,916.0359964001001,26.840988654801777,875.3472710679096,898.3726250209806,-23.02535395307109,-18.35373916302721,-4.671614790043879,894.9235000000001,28.069424698322006,951.0623493966441,838.7846506033561
2022-03-10,834.35,859.07,834.35,859.07,31958,887.2969614067123,913.802035756959,32.29667808422303,872.8430755190004,895.461319463871,-22.618243944870528,-19.206640119395875,-3.4116038254746535,891.0840000000001,27.419548040346612,945.9230960806933,836.2449039193068
2022-03-13,874.26,911.39,872.57,910.55,57510,889.511536510835,913.6745049429607,54.41620785445349,878.6441408237696,896.5789995035842,-17.934858679814624,-18.952283831479626,1.0174251516650017,889.9024999999999,25.933662106675023,941.7698242133499,838.0351757866499
2022-03-14,928.27,928.69,912.24,921.52,23711,892.5599616050412,913.9821714157857,57.595501323585296,885.2404268508819,898.4264810218373,-13.186054170955344,-17.79903789937477,4.612983728419426,889.527,25.385892082850656,940.2987841657014,838.7552158342987
2022-03-15,928.27,928.27,907.17,910.55,44505,894.2732985950372,913.847576458304,53.57166769426701,889.1342073353617,899.3245194646641,-10.19031212930247,-16.277292745360313,6.0869806160578435,888.7634999999998,24.449252334925834,937.6620046698515,839.8649953301481
2022-03-16,910.55,918.99,894.51,897.89,25272,894.6177463478908,913.2217891462137,49.29173155268852,890.4812523606906,899.218258763578,-8.737006402887346,-14.76923547686572,6.032229073978375,888.5105000000001,24.320566231939164,937.1516324638784,839.8693675361218
2022-03-20,911.39,911.39,890.55,894.51,28034,894.6074847909489,912.4879934934211,48.18490191390602,891.1010596898151,898.8694988551648,-7.768439165349719,-13.36907621456252,5.600637049212802,888.3414999999999,24.263636052202042,936.868772104404,839.8142278955958
2022-03-21,907.17,907.17,882.7,887.76,32178,893.9553433822871,911.518268258385,45.96513681551721,890.5870505067666,898.0465730140414,-7.459522507274869,-12.18716547310499,4.727642965830121,887.3709999999999,23.85564589468636,935.0822917893726,839.6597082106272
2022-03-22,894.51,898.73,884.47,886.08,35572,893.2053106792121,910.5206891109974,45.40449551664911,889.8936581211102,897.1601601981865,-7.266502077076325,-11.203032793899258,3.936530716822933,886.1055,23.176064666398556,932.4576293327971,839.753370667203
2022-03-23,894.51,894.51,880.17,883.54,29498,892.2848049002395,909.4626228713505,44.520349065160175,888.916172256324,896.1512594427653,-7.235087186441319,-10.409443672407672,3.174356485966353,884.7550000000001,22.452336298550165,929.6596725971004,839.8503274028998
2022-03-24,891.98,891.98,874.26,877.64,34482,890.8900615764071,908.2146768763955,42.45244203513029,887.1813765245818,894.7800550395975,-7.598678515015763,-9.847290640929291,2.248612125913528,883.827,22.33766257856269,928.5023251571254,839.1516748428746
2022-03-27,890.3,890.3,858.23,860.76,37321,888.0205319024636,906.3537091557525,37.1375889097838,883.1165493669537,892.2600509625903,-9.143501595636621,-9.706532831870758,0.5630312362341368,881.8439999999998,22.54651948866317,926.9370389773262,836.7509610226734
2022-03-28,868.35,868.35,852.32,858.23,36394,885.1833383879433,904.4665048751348,36.40198103285644,879.2878494643454,889.7393064468429,-10.451456982497461,-9.8555176619961,-0.5959393205013619,879.5865,22.53705820129278,924.6606164025856,834.5123835974144
2022-03-29,843.97,869.2,843.97,851.48,53395,881.9734966367106,902.3886027231687,34.44184159589875,875.0097187775231,886.9052837470767,-11.895564969553675,-10.263527123507615,-1.6320378460460603,877.1185000000002,22.788390921465062,922.6952818429303,831.54171815707
2022-03-30,839.66,848.95,837.97,848.95,101034,878.8284017189286,900.2929712438287,33.709166560156305,871.0005312732887,884.0937812472932,-13.093249974004493,-10.82947169360699,-2.263778280397503,875.2199999999999,23.49939909646149,922.2187981929229,828.2212018070769
2022-03-31,856.54,860.68,843.88,845.57,62677,875.6609348885545,898.1469723715217,32.70810390470555,867.088141846629,881.2401678215679,-14.152025974938852,-11.493982549873364,-2.658043425065488,873.5745,24.394299263946618,922.3630985278932,824.7859014721067
2022-04-03,852.41,852.41,839.66,841.35,42507,872.3932268039302,895.9196401216581,31.452232542125742,863.1284277163784,878.2853405755258,-15.156912859147383,-12.226568611728169,-2.930344247419214,871.76,25.40472065540158,922.5694413108032,820.9505586891968
2022-04-04,843.88,845.57,839.66,841.35,56895,869.4367290130797,893.7796542345343,31.452232542125742,859.777900375397,875.5493894217831,-15.771489046386023,-12.935552698659741,-2.835936347726282,871.3799999999999,25.81735523981858,923.0147104796371,819.7452895203627
2022-04-05,843.88,843.88,828.69,830.38,87147,865.7170405356435,891.2933932841604,28.18910115845935,855.2551464714899,872.2035087238733,-16.94836225238339,-13.738114609404473,-3.210247642978917,870.5825000000001,26.857281846045698,924.2970636920915,816.8679363079087
2022-04-06,828.69,835.44,812.66,814.35,69199,860.8249414370107,888.2760053122327,24.232730183563703,848.9620470143375,867.918063633216,-18.956016618878493,-14.781695011299279,-4.174321607579214,868.6039999999999,29.478916712226006,927.561833424452,809.6461665755479
2022-04-07,814.43,823.63,813.5,817.72,76197,856.7197089192002,885.5091031431256,26.566151339074963,844.1555782429009,864.1996885492741,-20.044110306373227,-15.83417807031407,-4.2099322360591565,866.9625,31.38929433237156,929.7410886647431,804.1839113352569
2022-04-11,827.0,839.66,818.57,819.41,70697,853.1664033078478,882.9169814512383,27.767545052963584,840.3485662055315,860.8819338419205,-20.533367636389016,-16.77401598352906,-3.759351652859955,864.9795,33.11921933274652,931.2179386654931,798.741061334507
2022-04-12,835.44,835.44,808.52,810.13,45151,849.06769823091,880.062590021778,25.318108077126496,835.6995560200651,857.1225313351116,-21.42297531504653,-17.703807849832558,-3.719167465213971,859.9585000000001,33.45724644582831,926.8729928916567,793.0440071083434
2022-04-13,818.57,820.25,804.22,819.41,35450,846.2431555422518,877.6840570797475,31.797220854442784,833.1934704785166,854.3290104954737,-21.135540016957066,-18.39015428325746,-2.7453857336996066,854.8530000000001,31.289311627220513,917.4316232544411,792.274376745559
2022-04-17,827.0,835.44,818.57,819.41,35787,843.6876169191801,875.3987999393653,31.797220854442784,831.0729365587448,851.7424171254386,-20.669480566693778,-18.846019539944724,-1.8234610267490545,850.2959999999999,29.32586865945554,908.947737318911,791.6442626810889
2022-04-18,820.25,824.47,805.91,806.75,51642,840.169748641163,872.7066901378215,27.959411864214104,827.3309463189379,848.4096454865172,-21.078699167579316,-19.292555465471644,-1.7861437021076725,845.7389999999999,28.61345393894017,902.9659078778802,788.5120921221196
2022-04-19,801.69,810.97,789.03,800.84,66610,836.4240582943855,869.8883885637892,26.359938390590884,823.2554161160243,844.8859680430714,-21.630551927047122,-19.76015475778674,-1.8703971692603822,841.0555,27.866667029191966,896.7888340583839,785.3221659416162
2022-04-20,800.84,801.69,789.87,793.25,37902,832.3122432187298,866.8829615612877,24.4272469978401,818.6391982520206,841.0610815213624,-22.421883269341834,-20.29250046009776,-2.129382809244074,836.3299999999999,27.5412800222362,891.4125600444723,781.2474399555275
2022-04-21,797.47,800.84,774.85,789.03,55028,828.190124816946,863.8299042451589,23.399967242499983,814.0839369824789,837.2069273345949,-23.12299035211595,-20.8585984385014,-2.264391913614549,831.4775,26.855571190116983,885.1886423802339,777.766357619766
2022-04-24,794.09,802.95,784.81,802.95,47975,825.7863034058082,861.4424570198586,33.356008222108784,812.371023600559,834.6693771616619,-22.298353561102886,-21.1465494630217,-1.1518040980811861,827.448,24.58260972827555,876.6132194565511,778.2827805434489
2022-04-25,814.35,827.0,789.87,794.01,54841,822.7599887957313,858.7980469406484,30.604760637690248,809.5462507389345,831.6575714459833,-22.111320707048776,-21.339503711827117,-0.7718169952216591,823.2665,22.630851618975353,868.5282032379506,778.0047967620493
2022-04-26,794.01,799.16,789.87,791.48,27496,819.7809422437568,856.1581235312112,29.854296186466996,806.7668275483293,828.6814550425771,-21.91462749424784,-21.45452846831126,-0.4600990259365787,819.8025,21.87955856261317,863.5616171252263,776.0433828747737
2022-04-27,792.41,797.13,784.14,788.95,34974,816.8446620300657,853.5225108437128,29.08620482760115,804.0257771562785,825.7383842986825,-21.712607142403954,-21.5061442031298,-0.2064629392741537,816.3385000000001,20.939517733100317,858.2175354662007,774.4594645337994
2022-04-28,788.19,799.16,782.28,783.12,43224,813.6327894557737,850.761628065528,27.340596728742383,800.8095037476203,822.5814669432245,-21.771963195604258,-21.559308001624693,-0.21265519397956467,812.9205,20.475523121653143,853.8715462433063,771.9694537566936
2022-05-02,791.14,791.14,773.42,776.37,39086,810.0839523647476,847.8443093178604,25.437120168703657,797.0495800941402,819.1583953178006,-22.108815223660372,-21.66920944603183,-0.43960577762854314,809.2915,20.183520186165648,849.6585403723313,768.9244596276687
2022-05-04,776.37,780.59,758.65,767.09,37775,805.9892902347717,844.6774736583366,23.060116123989246,792.440413925811,815.3014771461116,-22.861063220300593,-21.907580200885583,-0.9534830194150103,805.3675000000001,20.387040226835854,846.1415804536717,764.5934195463284
2022-05-05,767.93,772.15,759.49,761.1,50023,801.714119736222,841.3999256717352,21.65356684156758,787.6188117833785,811.2865529130662,-23.66774112968767,-22.259612386646005,-1.4081287430416651,801.355,20.824915365976903,843.0048307319538,759.7051692680462
2022-05-08,759.49,767.93,742.62,750.21,46835,796.8089654756294,837.8238501551965,19.343548866807012,781.8636099705511,806.7623638083946,-24.898753837843515,-22.787440676885506,-2.1113131609580087,796.798,21.57087573558628,839.9397514711726,753.6562485288274
2022-05-09,750.21,765.4,750.21,756.54,40948,792.9738259065218,834.636248188326,24.39261049237531,777.9676699750818,803.0421887114765,-25.07451873639468,-23.244856288787343,-1.8296624476073369,793.106,21.838027528050656,836.7820550561013,749.4299449438987
2022-05-10,769.62,769.62,756.96,767.68,40752,790.5648901059006,832.0105129652544,32.411439014966305,776.3849515173769,800.4227673254411,-24.037815808064238,-23.403448192642724,-0.6343676154215139,790.7724999999999,21.94173981371447,834.6559796274289,746.8890203725709
2022-05-11,772.15,791.56,772.15,787.34,37027,790.2577577148625,830.2587281430876,43.74987561873522,778.0703435916266,799.4536734494825,-21.38332985785587,-22.999424525685352,1.6160946678294827,789.2535,21.009804797562765,831.2731095951256,747.2338904048745
2022-05-12,801.43,802.53,784.81,784.81,54739,789.7389236467803,828.4764250786528,42.755850817742626,779.1072138082994,798.368956897669,-19.26174308936959,-22.2518882384222,2.990145149052612,787.5235,19.784760556126834,827.0930211122537,747.9539788877463
2022-05-17,784.81,789.03,766.24,767.93,26873,787.661883299468,826.1020554677253,36.755467997939704,777.3876424531765,796.1142193496935,-18.72657689651703,-21.546825970041166,2.820249073524135,785.4134999999999,19.495083934974364,824.4036678699487,746.4233321300511
2022-05-18,772.15,774.68,763.97,771.31,24747,786.104561080471,823.9533474101675,38.61321776858425,776.4526205373031,794.2768697682347,-17.824249230931628,-20.80231062221926,2.978061391287632,783.0085,17.98913978664007,818.9867795732802,747.0302204267199
2022-05-19,783.97,783.97,756.12,766.24,29333,784.2126981204261,821.6900788842785,36.86400479617226,774.8814481469489,792.2000646002173,-17.31861645326842,-20.105571788429096,2.786955335160677,780.35,16.162553862819514,812.675107725639,748.024892274361
2022-05-20,760.34,772.15,759.49,764.56,25594,782.3410125851475,819.4496836339147,36.27755517218451,773.2935330474182,790.1526524076086,-16.859119360190334,-19.456281302781345,2.5971619425910113,778.2405,15.263818752031202,808.7681375040625,747.7128624959375
2022-05-23,764.56,794.09,757.81,758.65,45910,780.0847256722762,817.0653823149377,34.21543869041956,771.0406818093539,787.8191225996376,-16.77844079028364,-18.920713200281806,2.142272409998167,776.131,14.886853225161198,805.9047064503224,746.3572935496776
2022-05-24,758.65,763.71,756.96,757.05,33616,777.8909422749166,814.7118379104304,33.65764184725387,768.8882692232995,785.5399283329978,-16.651659109698244,-18.466902382165095,1.8152432724668515,774.321,14.89657675264669,804.1141535052934,744.5278464947066
2022-05-25,772.15,772.15,757.81,759.49,38263,776.1384715820674,812.5462756394331,35.387556323979354,767.4423816504842,783.6103040120349,-16.167922361550723,-18.00710637804222,1.8391840164914974,772.844,14.82569831496791,802.4953966299358,743.1926033700643
2022-05-26,774.68,774.68,756.96,758.31,39717,774.4405219075848,810.4193628692593,34.91342026118157,766.037399858102,781.7362074185509,-15.698807560448813,-17.54544661452354,1.8466390540747284,770.612,13.340588482250688,797.2931769645013,743.9308230354986
2022-05-27,759.49,759.49,756.12,757.81,39790,772.8566626782911,808.3562505998766,34.70125694164395,764.7716460337787,779.9638957579175,-15.192249724138833,-17.074807236446603,1.8825575123077698,768.8019999999999,12.423148003461876,793.6482960069236,743.9557039930762
2022-05-30,759.49,760.34,743.46,751.05,44382,770.779837661311,806.1089466547835,31.88050752377032,762.6606235670434,777.8221257017755,-15.161502134732018,-16.692146216103687,1.530644081371669,766.7805000000001,11.81317305518332,790.4068461103667,743.1541538896334
2022-05-31,751.05,751.05,729.96,738.4,45502,767.696043598329,803.453693844792,27.393157838927493,758.9282199413444,774.9019682423847,-15.973748301040246,-16.548466633091,0.5747183320507538,764.2529999999999,12.22092902834807,788.694858056696,739.8111419433038
2022-06-01,739.24,745.15,730.8,731.65,32984,764.2630870651548,800.6378627136238,25.343291093212585,754.7315707195992,771.6981187429487,-16.96654802334956,-16.632082911142714,-0.33446511220684627,761.6795,13.401109331541237,788.4817186630825,734.8772813369175
2022-06-02,745.91,745.91,724.05,727.34,36911,760.7466025827591,797.7634367248543,24.103029369794342,750.517482916584,768.4123321693969,-17.894849252812946,-16.88463617947676,-1.0102130733361854,759.228,14.965571577180468,789.1591431543609,729.296856845639
2022-06-03,721.52,735.78,711.39,713.08,43168,756.2069261463059,794.4425176376052,20.524182366707095,744.7578701601865,764.3136408975897,-19.555770737403236,-17.418863091062057,-2.1369076463411787,756.5274999999999,18.031217337837845,792.5899346756756,720.4650653243242
2022-06-06,713.08,726.16,707.09,713.92,41330,752.1795998466578,791.2847718478952,21.265798846599793,740.0135824432347,760.5807786088794,-20.56719616564476,-18.0485297059786,-2.5186664596661608,754.1685,20.339959187200364,794.8484183744007,713.4885816255993
2022-06-07,717.3,719.83,700.42,701.69,34581,747.3710665279284,787.7712513832719,18.551513138200704,734.117646682737,756.2184987119253,-22.10085202918833,-18.858994170620548,-3.2418578585677835,751.7425000000001,23.48703850279369,798.7165770055874,704.7684229944127
2022-06-08,698.82,721.52,698.73,711.39,43083,743.9442982871733,784.775908191771,26.558105042461165,730.6210856546237,752.8978691777087,-22.276783523084987,-19.54255204111344,-2.7342314819715483,749.4849999999999,25.11506226613253,799.715124532265,699.2548754677348
2022-06-09,721.52,729.11,713.92,714.26,45493,741.1172222598235,782.0105784587604,28.78863882722362,728.1039955539123,750.0358047941747,-21.931809240262396,-20.02040348094323,-1.911405759319166,746.8140000000001,25.90632769685773,798.6266553937155,695.0013446062846
2022-06-10,717.3,721.52,708.86,715.7,26409,738.6965344255547,779.4101636172404,29.938406831887335,726.1956885456182,747.4924118464581,-21.29672330083997,-20.27566744492258,-1.0210558559173926,743.232,24.942806493849282,793.1176129876985,693.3463870123014
2022-06-13,717.3,717.3,712.91,713.92,27758,736.3368644802637,776.8419219067604,29.308471035216215,724.3071210770615,745.0055665244984,-20.698445447436825,-20.36022304542543,-0.33822240201139664,739.6874999999999,23.730861513186408,787.1492230263727,692.225776973627
2022-06-14,713.92,713.92,703.8,707.59,38169,733.5990678630957,774.1261602633581,27.12286651501705,721.7352562959752,742.2340430782392,-20.498786782264006,-20.387935792793144,-0.1108509894708618,736.6705,23.78686822044844,784.2442364408969,689.096763559103
2022-06-15,707.17,707.17,683.54,696.2,33494,730.0372518761342,771.070232409893,23.698336501935486,717.8067553273637,738.8241139613326,-21.01735863396891,-20.513820361028298,-0.503538272940613,732.915,23.958711963448845,780.8324239268976,684.9975760731023
2022-06-16,692.83,702.95,687.76,696.2,30303,726.8146564593595,768.1341448644071,23.698336501935486,714.482639123154,735.666772186419,-21.184133063265108,-20.64788290147566,-0.5362501617894466,729.413,23.950094187269627,777.3131883745393,681.5128116254607
2022-06-17,704.64,704.64,689.45,689.45,16582,723.2561177489443,765.0484921246264,21.806030283357842,710.631463873438,732.2433075800177,-21.611843706579748,-20.84067506249648,-0.7711686440832679,725.6575,24.037456927188778,773.7324138543776,677.5825861456225
2022-06-19,689.45,692.41,686.92,688.61,49808,719.9564874871401,762.0509041981704,21.575149616909798,707.2435463544475,729.0112107222386,-21.7676643677911,-21.026072923555404,-0.741591444235695,722.1555000000001,24.079822843161356,770.3151456863228,673.9958543136773
2022-06-20,686.92,686.92,669.2,670.8,51029,715.2749172502696,758.4724373668696,17.374685917737935,701.6368469153018,724.699269187258,-23.062422271956166,-21.433342793235557,-1.6290794787206089,717.843,25.198921885879727,768.2408437717594,667.4451562282405
2022-06-21,670.89,674.26,660.76,668.35,54464,710.8058775121488,754.9382241367963,16.887608036283567,696.5157935437169,720.5252492474611,-24.009455703744266,-21.9485653753373,-2.060890328406966,713.286,25.51004660706991,764.3060932141398,662.2659067858601
2022-06-22,674.26,675.02,656.54,659.92,43206,705.9596034633727,751.2120192686866,15.298423605623029,690.8856714600681,716.035971525427,-25.15030006535892,-22.588912313341623,-2.5613877520172963,708.3665,25.85508893714179,760.0766778742835,656.6563221257164
2022-06-23,654.01,655.7,631.22,632.07,73119,698.9224983716229,746.5397832189342,11.461190381355792,681.8371066200576,709.816269930951,-27.97916331089334,-23.666962512851967,-4.312200798041374,702.0795,28.365282425976428,758.8100648519529,645.3489351480472
2022-06-24,632.07,632.91,612.66,624.47,32412,691.8317842409921,741.7527328966231,10.674351031616297,673.0113979092796,703.4943240101397,-30.48292610086014,-25.0301552304536,-5.452770870406539,695.7505,30.874274331981653,757.4990486639633,634.0019513360367
2022-06-26,636.96,658.23,632.91,654.01,88020,688.2297095513737,738.3118414104811,30.61372430496452,670.0881059232365,699.8288185279072,-29.740712604670648,-25.972266705297013,-3.768445899373635,691.531,30.503150294598807,752.5373005891976,630.5246994108023
2022-06-27,666.67,683.54,654.01,658.23,89874,685.3725943560048,735.1713770414426,32.91745391583049,668.2637819350463,696.747424562877,-28.483642627830704,-26.474541889803753,-2.0091007380269517,687.86,29.83136727815803,747.5227345563161,628.1972654436839
2022-06-28,670.04,670.04,645.57,656.54,35763,682.6266329887662,732.0877936280527,32.45275840096643,666.4601231758085,693.7690968174786,-27.30897364167015,-26.641428240177035,-0.6675454014931148,684.3199999999999,29.091451991049126,742.5029039820981,626.1370960179017
2022-06-29,658.23,674.26,649.79,670.89,28748,681.5088584184076,729.6878801524427,40.17549524768898,667.1416426872225,692.0743489050727,-24.932706217850182,-26.29968383571167,1.3669776178614867,682.2104999999999,28.418087730586407,739.0466754611728,625.3743245388271
2022-06-30,675.11,704.64,675.11,704.64,46615,683.7118242833211,728.7056103425431,53.60934967860192,672.9106207353421,693.0051378750674,-20.094517139725212,-25.05865049651438,4.964133356789169,681.7465,27.944918241541945,737.6363364830838,625.8566635169161
2022-07-01,717.3,730.8,702.95,722.36,42203,687.3926029230049,728.4567628781297,58.83589613516156,680.5182175452895,695.1795721065439,-14.66135456125437,-22.979191309462383,8.317836748208013,682.78,29.08047038641027,740.9409407728206,624.6190592271794
2022-07-03,722.36,751.05,722.36,750.21,71068,693.375212168433,729.309831000556,65.42839497819483,691.2400302306296,699.2559000986518,-8.01586986802215,-19.98652702117434,11.970657153152189,684.721,32.216965602485395,749.1549312049708,620.2870687950292
2022-07-04,759.49,773.0,754.26,755.27,114314,699.2699538666775,730.3278768436714,66.47880976869962,701.0907948105328,703.4050926839368,-2.31429787340403,-16.45208119162028,14.13778331821625,686.7715000000001,35.348820016785496,757.4691400335711,616.073859966429
2022-07-05,755.27,759.49,725.82,735.86,50999,702.7547201650891,730.544822849802,59.06515534573442,706.43990330122,705.8091598925341,0.6307434086859303,-13.035516271559038,13.666259680244968,687.7795,36.48629439507879,760.7520887901576,614.8069112098424
2022-07-06,746.84,750.21,706.33,729.11,58061,705.264746816033,730.4885552870647,56.69719933485309,709.9276104856477,707.5351480486428,2.3924624370049514,-9.94992052984624,12.342382966851192,688.539,37.20999553034868,762.9589910606974,614.1190089393026
2022-07-07,729.11,747.68,712.24,713.08,51271,706.0090566430775,729.8058668444348,51.42456845801042,710.4125934878558,707.9458778228174,2.466715665038464,-7.4665932908693,9.933308955907764,688.8135,37.37780417574242,763.5691083514848,614.0578916485151
2022-07-08,713.08,714.77,696.62,697.05,30318,705.1558131532606,728.5213230466139,46.74323859221811,708.3568098743394,707.1387757618679,1.2180341124715142,-5.729667810201137,6.9477019226726515,688.856,37.38712702747522,763.6302540549505,614.0817459450495
2022-07-11,701.27,701.27,668.35,668.35,69864,701.6504976148549,726.1616633192958,39.763813172327616,702.2019160475179,704.2655331128407,-2.0636170653227737,-4.996457661225465,2.9328405959026913,687.4635,37.61713541165907,762.6977708233181,612.2292291766818
2022-07-12,671.73,679.24,664.14,672.49,42720,698.873307365821,724.0568922087352,41.12934819685035,697.6308520402075,701.9117899192969,-4.280937879089379,-4.8533537047982485,0.5724158257088696,686.6155000000001,37.76088626232092,762.137272524642,611.0937274753583
2022-07-13,675.11,685.23,673.42,684.39,59513,697.4939447595523,722.5013278083927,44.98964854053663,695.5937978801755,700.6138795549045,-5.020081674728999,-4.886699298784399,-0.1333823759446,686.4045,37.76094508114436,761.9263901622887,610.8826098377112
2022-07-14,697.05,709.87,682.28,689.45,54640,696.7278547824521,721.2051973061028,46.593286556472464,694.6485982063024,699.7869255138005,-5.138327307498116,-4.937024900527143,-0.20130240697097346,687.337,37.585183264855566,762.5073665297111,612.1666334702888
2022-07-15,700.34,700.34,689.45,695.36,22065,696.5975828984091,720.1916601568439,48.482320928471346,694.7580446361021,699.4590051053708,-4.7009604692686935,-4.889812014275453,0.18885154500675938,688.6875,37.35157248504285,763.3906449700858,613.9843550299142
2022-07-17,698.73,704.64,692.83,700.42,28983,696.9616226223702,719.4163009350069,50.10940651060194,695.6291146920863,699.5301899123805,-3.9010752202941603,-4.692064655479195,0.7909894351850344,690.7125,36.80369644979384,764.3198928995877,617.1051071004123
2022-07-18,702.11,706.33,696.2,702.11,29302,697.4519442773826,718.7376224669674,50.66979333204314,696.6261739702269,699.7212869559079,-3.0951129856809985,-4.372674321519556,1.2775613358385574,694.2145,34.16785923935162,762.5502184787033,625.8787815212968
2022-07-19,713.0,713.08,702.11,707.17,48099,698.3774733938224,718.2839902133609,52.39396211123578,698.2483010517304,700.2730434776926,-2.024742425962131,-3.9030879424080713,1.8783455164459402,698.3495,30.03769096792154,758.4248819358431,638.2741180641569
2022-07-20,714.94,717.3,705.49,713.08,32488,699.7777140229822,718.0799121657782,54.39873587991947,700.5301008899257,701.2217069237894,-0.6916060338636498,-3.2607915606991873,2.5691855268355375,701.3030000000001,28.302434170935616,757.9078683418713,644.6981316581289
2022-07-21,714.77,725.57,709.7,721.52,36824,701.8484079255553,718.2148175710417,57.17247708695574,703.7593161376295,702.7252841886939,1.0340319489356489,-2.4018268587722202,3.435858807707869,704.4675,26.72736659306605,757.9222331861321,651.0127668138679
2022-07-22,721.52,721.52,705.49,708.78,26240,702.5085595516929,717.8448247251185,52.02803648293579,704.5317290395327,703.1737816561981,1.35794738333459,-1.6498720103508582,3.0078193936854483,707.0795,24.233287127423342,755.5460742548468,658.6129257451533
2022-07-24,719.83,730.8,715.61,725.74,41717,704.721077689627,718.1544394417806,57.509360988976056,707.7945399565276,704.8453533853686,2.9491865711589753,-0.7300602940488915,3.6792468652078667,709.822,22.99416415665718,755.8103283133144,663.8336716866856
2022-07-25,734.94,750.04,734.18,746.84,53131,708.7324036239482,719.2793633852401,63.15054627038688,713.8015338093695,707.9560679494153,5.8454658599541744,0.5850449367517216,5.260420923202453,711.932,24.387591020632037,760.7071820412641,663.1568179587359
2022-07-26,755.27,755.27,730.38,730.8,49899,710.8340794692865,719.7311530564072,56.95968242249817,716.4166824540819,709.6482110642735,6.768471389808383,1.821730227363054,4.946741162445329,712.354,24.649152734454262,761.6523054689086,663.0556945310915
2022-07-27,730.8,734.18,719.83,730.8,43850,712.7355957103068,720.1652254855676,56.95968242249817,718.6295005380692,711.2150102446976,7.414490293371614,2.940282240564766,4.474208052806848,711.3835,23.432292893852633,758.2480857877053,664.5189142122947
2022-07-28,742.62,742.62,729.96,730.8,43396,714.4560151664681,720.5822754665257,56.95968242249817,720.5018850706739,712.6657502265718,7.836134844102048,3.9194527612722228,3.9166820828298254,710.16,21.5863153531689,753.3326307063378,666.9873692936621
2022-07-29,730.8,742.62,729.96,734.09,17497,716.3259184839472,721.111990154113,58.01412499947449,722.5923642905702,714.2527316912701,8.339632599300103,4.803488728877799,3.536143870422304,710.0715,21.478764855945087,753.0290297118902,667.1139702881098
2022-07-31,741.77,744.3,735.02,743.46,52796,718.9101167235714,721.9883826970889,60.94848711128711,725.8027697843287,716.4162330474724,9.386536736856328,5.720098330473505,3.6664384063828237,710.789,22.369434950399146,755.5278699007982,666.0501300992017
2022-08-01,755.19,757.38,742.62,744.22,47675,721.320581797517,722.8602108266148,61.185440999207316,728.6361898175089,718.4757713402522,10.160418477256712,6.608162359830146,3.552256117426566,712.346,23.58784129254397,759.521682585088,665.170317414912
2022-08-02,743.46,745.99,734.18,740.08,27948,723.1071930548964,723.5354966765515,59.08236354172425,730.3967759994307,720.0760845743075,10.320691425123186,7.350668172888755,2.970023252234432,714.4975,24.076595946448816,762.6506918928976,666.3443081071023
2022-08-03,742.62,745.15,724.98,727.43,93835,723.5188889544299,723.6882222970788,53.078874194692624,729.9403489225951,720.6208190502847,9.319529872310454,7.744440512773094,1.57508935953736,717.4515,21.615177970221325,760.6818559404427,674.2211440595573
2022-08-04,741.94,741.94,717.3,717.3,37325,722.9266138159128,723.4377037756248,48.80235643881441,727.9956798575805,720.3748324539673,7.6208474036131975,7.7197218909411145,-0.09887448732791704,719.692,18.85567361216642,757.4033472243328,681.9806527756672
2022-08-05,717.3,717.3,689.45,691.73,171702,719.9555077382067,722.1942644118748,40.03424293889683,722.4163444948757,718.2529930129327,4.163351481942982,7.008447809141488,-2.8450963271985064,720.059,18.19216225105055,756.4433245021011,683.6746754978989
2022-08-07,691.73,698.73,676.79,689.45,156363,717.050221286949,720.910175611409,39.355262924832,717.3445991879718,716.1194379749377,1.2251612130340845,5.851790489920008,-4.626629276885923,720.059,18.19216225105055,756.4433245021011,683.6746754978989
2022-08-08,691.98,692.83,675.11,677.64,134201,713.2968668786681,719.2133059795891,35.95377022509879,711.2361993128992,713.2691092360534,-2.032909923154193,4.274850407305168,-6.307760330459361,719.173,19.817285941959657,758.8075718839193,679.5384281160807
2022-08-09,681.86,681.86,664.3,665.06,130944,708.7028795568901,717.0896469215661,32.71059376283269,704.1321686493762,709.698064107457,-5.565895458080718,2.306701234227991,-7.872596692308709,717.405,22.91379370827525,763.2325874165505,671.5774125834495
2022-08-10,664.14,671.73,659.07,666.67,82028,704.6997481705197,715.1124058658185,33.53689177285493,698.3687580879338,706.5108000994973,-8.14204201156349,0.21695258506969495,-8.358994596633185,715.633,25.394881809242534,766.4227636184851,664.843236381515
2022-08-11,675.11,678.48,666.67,669.2,56771,701.3188197733274,713.3119193612766,34.88995269136319,693.8812568436363,703.7470371291641,-9.865780285527876,-1.7995939890498194,-8.066186296478056,713.7344999999999,27.40093687891424,768.5363737578284,658.9326262421714
2022-08-14,675.11,675.11,664.14,665.82,56155,697.9379797949152,711.4494911510305,33.897110456550834,689.5641404061538,700.9376269714484,-11.37348656529457,-3.71437250429877,-7.6591140609958,711.3715,29.4235056902709,770.2185113805417,652.5244886194582
2022-08-15,669.2,674.6,665.82,674.6,52346,695.7153150525425,710.0044130666764,38.77124788550086,687.2619649590531,698.98669164023,-11.72472668117689,-5.316443339674394,-6.408283341502496,709.0255,30.42522144105095,769.8759428821019,648.1750571178981
2022-08-16,680.93,681.86,673.42,674.26,49399,693.6719517142051,708.6026713777873,38.65239142869134,685.2616626576603,697.1550848520649,-11.893422194404593,-6.631839110620433,-5.26158308378416,707.2995,31.403306978894335,770.1061139577887,644.4928860422112
2022-08-17,674.26,675.95,669.2,670.46,53622,691.4612896461856,707.1068803433642,37.27694806668089,682.984483787251,695.1776711593194,-12.19318737206845,-7.744108762910037,-4.449078609158414,704.5355000000001,32.11942263278264,768.7743452655653,640.2966547344348
2022-08-18,675.11,679.32,670.89,676.79,51320,690.0640239655966,705.917983074997,41.040720093969426,682.03148628152,693.8156214438143,-11.78413516229432,-8.552114042786894,-3.2320211195074258,701.033,31.06553414282627,763.1640682856525,638.9019317143475
2022-08-21,676.79,687.76,675.11,675.95,44730,688.7198312069683,704.7427680524481,40.691770279363816,681.09587300744,692.4922420776059,-11.39636907016586,-9.120965048262686,-2.2754040219031744,698.2905,30.718533146691303,759.7275662933826,636.8534337066174
2022-08-22,679.32,680.17,670.89,674.26,46726,687.3427044253522,703.5473653837247,39.95570072745819,680.0442002370646,691.1417056274129,-11.09750539034826,-9.516273116679802,-1.5812322736684585,695.4635000000001,30.165941107396318,755.7953822147927,635.1316177852075
2022-08-23,675.11,677.64,672.57,676.71,29742,686.3300659086519,702.4949196824022,41.6048246773393,679.5312463544393,690.0726903957527,-10.541444041313412,-9.721307301606524,-0.8201367397068875,692.759,29.241674640650192,751.2423492813004,634.2756507186996
2022-08-24,680.17,683.54,675.11,676.79,38238,685.421488203066,701.4868836164255,41.66116869722805,679.1095161460639,689.0887874034747,-9.979271257410801,-9.77290009276738,-0.20637116464342142,689.894,27.74795211030834,745.3899042206167,634.3980957793833
2022-08-25,681.86,683.46,674.26,675.11,40361,684.4394417075359,700.4524960236246,40.77149354568323,678.4942059697464,688.053321669884,-9.559115700137568,-9.730143214241417,0.17102751410384975,686.4765,24.862455583303912,736.2014111666078,636.7515888333921
2022-08-26,675.11,676.79,670.89,671.65,19821,683.2213996401516,699.3229863756394,38.92770824108865,677.44125120517,686.8382608054482,-9.397009600278125,-9.66351649144876,0.26650689117063564,682.8480000000001,20.984813205347923,724.8176264106959,640.8783735893043
2022-08-28,670.89,675.02,666.67,669.62,55498,681.9260282458514,698.1581633805163,37.846319115973365,676.23798178899,685.5628340791187,-9.32485229012866,-9.59578365118474,0.2709313610560802,679.325,16.251530940035437,711.8280618800709,646.8219381199292
2022-08-29,669.2,673.42,659.92,666.67,35660,680.473073174818,696.9233334440254,36.269522564636,674.765984590684,684.1633648880729,-9.397380297388963,-9.556102980425585,0.15872268303662196,676.287,11.875676202362369,700.0383524047247,652.5356475952753
2022-08-30,665.82,670.89,660.76,666.24,56298,679.1175423962638,695.7200654658284,36.033858207654745,673.4542946536557,682.8357082296972,-9.381413576041496,-9.521165099548767,0.1397515235072717,673.734,7.138191868960754,688.0103837379215,659.4576162620785
2022-08-31,666.67,673.42,662.87,663.29,35820,677.6101574061435,694.4482981926586,34.383274543009364,671.8905570146317,681.3878779904603,-9.497320975828643,-9.516396274804743,0.01907529897609983,672.312,6.125448726866322,684.5628974537326,660.0611025462674
2022-09-01,666.67,667.51,659.07,661.6,42923,676.0853805103203,693.1601296360839,33.43829951284384,670.307394396996,679.9221092504263,-9.614714853430314,-9.536059990529857,-0.07865486290045709,670.9195000000001,5.104982576412048,681.1294651528242,660.709534847176
2022-09-02,663.29,666.67,659.07,662.36,55803,674.7782014140993,691.9522814150611,34.31261196169443,669.0847183359197,678.6212122689133,-9.536493932993608,-9.536146779022607,-0.00034715397100093526,670.1555,5.188966508011163,680.5334330160223,659.7775669839776
2022-09-04,660.76,666.58,655.7,658.14,80710,673.1936108032327,690.6263095948625,31.813758570946376,667.4009155150089,677.104085434179,-9.703169919170023,-9.56955140705209,-0.1336185121179323,669.8095000000001,5.747291787872481,681.304083575745,658.3149164242551
2022-09-05,662.45,662.45,654.01,654.94,58697,671.4551716791152,689.2268464734955,30.02795004109616,665.4838515896229,675.4623013279435,-9.978449738320592,-9.65133107330579,-0.327118665014801,669.223,6.617209699770517,682.457419399541,655.9885806004589
2022-09-06,661.6,661.6,648.1,648.1,73282,669.2308696144377,687.6140289647309,26.591895742310285,662.8094128835271,673.4354641925403,-10.626051309013178,-9.846275120447268,-0.7797761885659096,668.168,8.130132128155454,684.428264256311,651.907735743689
2022-09-07,647.26,650.63,643.88,644.05,33333,666.8326915559197,685.9056356719964,24.783550056682344,659.9233493629845,671.2587631412409,-11.335413778256452,-10.144102852009105,-1.191310926247347,667.0795,9.755835217432137,686.5911704348644,647.5678295651358
2022-09-08,644.73,645.57,639.66,641.35,44066,664.405768550594,684.158355841722,23.629866133779046,657.0659109994484,669.0432992048527,-11.977388205404282,-10.510759922688141,-1.4666282827161403,665.417,11.141485349346054,687.6999706986921,643.1340293013079
2022-09-11,641.35,647.26,637.13,640.51,41713,662.129981069585,682.4466556126349,23.26698561702321,654.518847768764,666.9297214859747,-12.410873717210734,-10.890782681592661,-1.5200910356180728,663.7295,12.233965004734358,688.1974300094687,639.2615699905314
2022-09-12,637.13,642.19,631.48,637.13,54259,659.7490304915293,680.6695318631198,21.815258932562372,651.8436404197233,664.7223347092358,-12.87869428951251,-11.288365003176631,-1.5903292863358782,662.063,13.475938440135872,689.0148768802717,635.1111231197283
2022-09-13,645.57,651.48,633.76,649.79,77706,658.800551397098,679.458569829272,37.536092665354914,651.5276957397659,663.616235841885,-12.088540102119055,-11.448400022965117,-0.6401400791539373,660.713,13.273855228674465,687.2607104573489,634.1652895426511
2022-09-14,654.01,676.79,653.16,674.26,82172,660.2728798354697,679.2547043457713,55.966104879732555,655.0249733182635,664.4046628165602,-9.37968949829667,-11.034657918031428,1.6549684197347574,660.6285,13.176777129728855,686.9820542594578,634.2749457405423
2022-09-15,685.23,685.91,657.38,659.07,58510,660.1583198511393,678.4631473126038,46.74575959646759,655.6472851154538,664.0095026079262,-8.362217492472382,-10.50016983291962,2.137952340447237,659.8689999999999,12.78155739626105,685.432114792522,634.3058852074778
2022-09-16,648.1,658.14,642.19,651.48,38993,659.3318131986498,677.4049846728939,42.939102551753635,655.006164328461,663.0813913036353,-8.07522697517436,-10.015181261370568,1.9399542861962082,658.6075,12.266609309324338,683.1407186186486,634.0742813813513
2022-09-18,658.23,658.23,643.63,644.73,44695,657.9411643225878,676.1236127249373,39.832499464725004,653.4252159702362,661.7220289848475,-8.296813014611303,-9.671507612018717,1.374694597407414,657.0045,11.853300439794285,680.7111008795886,633.2978991204114
2022-09-20,645.57,648.95,632.24,632.49,62804,655.5172439109128,674.4124906572927,34.90145750274496,650.2044135132768,659.5566935044884,-9.352279991211617,-9.607662087857298,0.2553820966456808,654.8735,12.251406482103055,679.3763129642061,630.3706870357939
2022-09-21,634.6,648.27,632.91,643.12,44522,654.3365540146355,673.1853341609283,41.65652875143004,649.1145037420034,658.339160652304,-9.22465691030061,-9.531061052345962,0.30640414204535205,653.4469999999999,11.849579206396642,677.1461584127932,629.7478415872066
2022-09-22,645.57,649.79,637.13,640.51,33966,653.019739346575,671.9039485075585,40.54408490568667,647.7907339355413,657.0184820854668,-9.227748149925446,-9.47039847186186,0.2426503219364129,651.9915,11.542298537404319,675.0760970748086,628.9069029251914
2022-09-25,640.51,640.51,629.54,635.36,57127,651.3378594088059,670.4708524876543,38.3668628972226,645.8783133300734,655.4141500791359,-9.535836749062469,-9.483486127301981,-0.052350621760487215,650.426,11.569927170777527,673.5658543415551,627.286145658445
2022-09-27,632.91,654.85,632.91,649.79,34179,651.190444227015,669.6598386646091,46.96120517227167,646.4801112792929,654.9975463695703,-8.517435090277331,-9.290275919897052,0.7728408296197209,649.6034999999999,10.954914434326446,671.5133288686528,627.6936711313471
2022-09-28,655.7,655.7,647.26,647.26,34948,650.8161162053945,668.7814136189381,45.75647495150256,646.6000941594017,654.4243947866391,-7.824300627237449,-8.997080861365133,1.1727802341276838,648.8019999999999,10.476832888267293,669.7556657765344,627.8483342234654
2022-09-29,655.7,658.23,648.95,658.23,37569,651.5222003763092,668.3676326927052,51.55920805314441,648.3893104425707,654.7062914691103,-6.316981026539565,-8.46106089440002,2.144079867860455,648.6335,10.28552138996446,669.2045427799289,628.0624572200711
2022-10-09,659.66,681.86,659.66,681.01,44112,654.3305622452322,668.8634118027953,60.91058628466889,653.4078780667907,656.6547143232503,-3.2468362564596873,-7.418215966811954,4.171379710352267,649.566,12.252769568775832,674.0715391375517,625.0604608624484
2022-10-10,694.6,694.6,669.87,672.57,59995,656.0676515552101,669.0087682026857,56.55442091238159,656.355896825746,657.83362437338,-1.4777275476340037,-6.230118282976364,4.7523907353423605,650.2875,13.174409354591933,676.6363187091839,623.9386812908161
2022-10-11,675.11,675.11,664.98,668.35,39129,657.2373990261424,668.9829341555217,54.45730511227511,658.2011434679389,658.612615160537,-0.41147169259807015,-5.066388964900706,4.654917272302636,650.958,13.75223028802926,678.4624605760584,623.4535394239415
2022-10-12,672.57,672.57,664.3,670.04,30352,658.456694356986,669.0243877180502,55.1741794560425,660.0225060113329,659.4590881116083,0.5634178997246408,-3.940427591975637,4.503845491700278,652.0550000000001,14.373292667496644,680.8015853349933,623.3084146650068
2022-10-13,670.04,678.48,666.67,671.73,42798,659.7208187039396,669.1304901604797,55.921379670978894,661.8236589326664,660.3680445477854,1.4556143848809597,-2.861219196604318,4.316833581485278,653.439,14.885449942821552,683.209899885643,623.6681001143569
2022-10-16,671.73,673.42,666.67,670.04,33880,660.7035978749929,669.1661572130099,54.935226572906195,663.0877114045638,661.0844856923939,2.0032257121699786,-1.888330214849459,3.8915559270194375,654.8735,15.040732861142192,684.9549657222844,624.7920342777156
2022-10-17,670.89,674.68,669.2,670.04,35066,661.5927790297554,669.2004255575978,54.935226572906195,664.1572942654001,661.7478571225869,2.4094371428132035,-1.0287767433169266,3.4382138861301303,656.35,15.005894981998413,686.3617899639969,626.3382100360031
2022-10-19,670.89,675.11,666.67,673.84,30433,662.7591810269216,669.3823696533782,56.91649688961494,665.6469413014923,662.6435714098027,3.0033698916896583,-0.22234741631560961,3.225717308005268,658.1854999999999,14.774571496154174,687.7346429923083,628.6363570076916
2022-10-20,675.11,675.95,667.51,672.15,29921,663.6535447386434,669.4909041767752,55.74272811414713,666.6474118704934,663.3477513053729,3.2996605651205755,0.48205417997162747,2.817606385148948,659.3035,14.950788845592566,689.2050776911851,629.4019223088148
2022-10-23,675.11,683.46,672.15,681.86,42040,665.3874928587726,669.9759667580781,60.75102349466696,668.9878100442637,664.7190289864564,4.2687810578073595,1.239399555538774,3.0293815022685857,659.6835,15.439536492573026,690.5625729851461,628.8044270148539
2022-10-31,683.54,691.14,682.7,688.61,46691,667.5991602055561,670.7067131597221,63.81641607864572,672.0066084989924,666.4887305430152,5.517877955977156,2.0950952356264505,3.422782720350705,661.1605000000001,16.736254210552243,694.6330084211046,627.6879915788955
2022-11-01,690.3,708.52,686.08,704.64,71557,671.1268592335983,672.0374302907134,69.84056154352082,677.0271302683782,669.3147505027919,7.71237976558632,3.2185521416184244,4.493827623967896,663.8185000000001,19.163283773931383,702.1450675478628,625.4919324521373
2022-11-02,704.64,712.24,696.2,700.42,67918,673.9166821637318,673.1504722400972,66.6926296814556,680.6260333040123,671.6188430581407,9.007190245871584,4.376279762469057,4.630910483402527,666.603,20.258367498009967,707.1197349960199,626.08626500398
2022-11-03,700.42,704.64,692.15,695.36,35595,675.9589029100431,674.0214341130346,63.024459470639755,682.8927974110873,673.3774472760562,9.515350135031099,5.404093836981466,4.111256298049633,669.7465,19.55190669798027,708.8503133959605,630.6426866040395
2022-11-06,700.42,703.8,692.07,701.35,46206,678.3771026328961,675.0931425791902,65.44724675326336,685.7323670401507,675.4494882185705,10.282878821580198,6.379850833901212,3.9030279876789855,672.658,19.713124295095618,712.0842485901912,633.2317514098088
2022-11-07,710.13,710.55,702.11,703.8,37460,680.7983309535728,676.2189016937317,66.41652904615464,688.5120028801275,677.5495261283061,10.962476751821441,7.296376017485258,3.666100734336183,675.8225,19.357559620827303,714.5376192416546,637.1073807583454
2022-11-08,697.89,704.64,697.89,702.95,20635,682.9080137198991,677.2671800586835,65.72763387049504,690.7332332062617,679.4310427113945,11.302190494867205,8.097538912961648,3.2046515819055568,679.202,17.755435224184,714.712870448368,643.691129551632
2022-11-09,703.8,731.22,694.18,694.94,46477,684.0539171751468,677.9602318210881,59.467874252753234,691.3804280976061,680.5798543624023,10.800573735203784,8.638145877410075,2.162427857793709,681.4595,16.655245570095637,714.7699911401913,648.1490088598088
2022-11-10,706.33,706.33,686.92,687.76,33090,684.4068774441805,678.3445364555553,54.460945134950116,690.8234391595129,681.1117170022244,9.711722157288477,8.852861133385755,0.8588610239027226,683.4845,14.615465664122182,712.7154313282443,654.2535686717557
2022-11-13,688.61,693.67,683.54,684.39,29230,684.4052700685443,678.5816134572982,52.23781850505035,689.8336792888185,681.3545527798374,8.479126508981153,8.778114208504835,-0.298987699523682,684.7924999999999,13.352385505384248,711.4972710107684,658.0877289892314
2022-11-14,687.76,687.76,677.64,686.92,29743,684.6447681572544,678.9086090079925,53.76375645257316,689.3854209366925,681.766808129479,7.618612807213481,8.546213928246566,-0.927601121033085,685.088,13.329647051835249,711.7472941036705,658.4287058963295
2022-11-15,697.89,697.89,686.92,690.21,25680,685.1747902375159,679.3518008116007,55.74385305823317,689.5122792541245,682.3922297495176,7.120049504606868,8.260981043518626,-1.140931538911758,685.97,13.038175526231216,712.0463510524625,659.8936489475376
2022-11-16,692.83,692.83,686.92,691.56,20391,685.7829054529906,679.8305537209498,56.56582680978268,689.8273132150284,683.071323842146,6.755989372882482,7.959982709391398,-1.2039933365089164,687.1305,12.404869364388722,711.9402387287774,662.3207612712225
2022-11-17,692.83,699.58,692.83,698.14,28777,686.9597716003248,680.548571222089,60.42409176043341,691.1061881050241,684.1875220760611,6.918666028963003,7.75171937330572,-0.8330533443427175,688.5355,11.950288027807023,712.436076055614,664.634923944386
2022-11-22,698.73,708.86,698.23,699.58,26547,688.1616981145795,681.2949017623991,61.23564008971814,692.4098514734819,685.3277056259825,7.082145847499419,7.61780466814446,-0.5356588206450414,689.928,11.503210810358391,712.9344216207168,666.9215783792832
2022-11-23,700.42,704.64,693.76,695.86,22341,688.8948697227147,681.8660820854423,57.930744535132874,692.9406435544846,686.1078755796135,6.832767974871103,7.46079732948979,-0.6280293546186861,691.2189999999999,10.56427888789523,712.3475577757904,670.0904422242095
2022-11-24,700.42,702.11,691.98,701.27,32640,690.0734535586466,682.6270200428759,61.20956150852838,694.2220830076408,687.2309959070495,6.991087100591244,7.3668552837100805,-0.3757681831188364,692.7805000000001,9.526093513699802,711.8326870273996,673.7283129726005
2022-11-27,702.11,739.24,702.11,739.24,139753,694.7559817911565,684.8471369039396,75.58950022445045,701.1479163910807,691.0835147287495,10.064401662331193,7.906364559434303,2.1580371028968894,696.0505,13.19901769671007,722.4485353934202,669.6524646065799
2022-11-28,751.05,751.05,734.18,737.55,82399,698.8316025729512,686.9139158488831,74.2697996986229,706.748236946299,694.525476600694,12.222760345605025,8.769643716668448,3.453116628936577,699.3205,14.951120174550518,729.2227403491011,669.418259650899
2022-11-29,739.24,742.62,731.39,740.08,49511,702.7600213755272,688.9988603253975,74.97420134423831,711.8762004930223,697.8998857413833,13.976314751639052,9.81097792366257,4.165336827976482,702.2315,16.91180412269416,736.0551082453883,668.4078917546117
2022-11-30,740.93,745.57,734.26,744.3,47288,706.7162098159532,691.1675324694995,76.14718882821316,716.8644773402497,701.3369312420216,15.527546098228072,10.95429155857567,4.573254539652401,705.016,19.005979502311035,743.0279590046221,667.0040409953779
2022-12-01,729.96,772.15,729.96,770.46,159865,712.7870469763386,694.2770410001075,81.83206462278517,725.1099423648266,706.4571585574274,18.652783807399146,12.493990008340365,6.158793799058781,708.307,23.98407368497843,756.2751473699569,660.3388526300431
2022-12-04,778.06,784.81,742.03,744.3,221592,715.7882805976396,696.23872566677,65.11845722178677,728.0622589240841,709.260331997618,18.80192692646608,13.75557739196551,5.046349534500571,710.501,25.200771270572965,760.9025425411459,660.0994574588541
2022-12-05,730.8,755.27,730.8,745.15,95864,718.584634826436,698.1568148563085,65.36598016400117,730.6911421665327,711.9188259237203,18.772316242812394,14.758925162134886,4.013391080677508,712.9905,26.070602212779757,765.1317044255595,660.8492955744405
2022-12-06,760.0,760.0,738.48,749.37,54482,721.5165743667753,700.1651750580219,66.63196531126171,733.5648126024507,714.6929869664077,18.871825636043013,15.581505256916513,3.2903203791265003,715.3915,27.131764696135573,769.6550293922711,661.1279706077288
2022-12-07,745.99,751.05,741.77,743.46,51341,723.6064244270825,701.8630113302563,63.15049890884226,735.0871491251506,716.823876820748,18.263272304402676,16.117858666413746,2.1454136379889306,717.3745,27.683695082506663,772.7418901650134,662.0071098349866
2022-12-11,742.62,742.62,711.22,713.92,87795,722.6839078149794,702.3358344153444,49.288325115879424,731.8306646443582,716.6087748340259,15.2218898103323,15.938664895197459,-0.7167750848651586,717.923,27.49086242449036,772.9047248489808,662.9412751510192
2022-12-12,713.92,713.92,676.54,687.76,261519,719.35782135641,701.764233065723,40.756151997840504,725.05056239138,714.471828550024,10.578733841355984,14.866678684429164,-4.287944843073181,717.5640000000001,27.851309597861654,773.2666191957234,661.8613808042768
2022-12-13,688.61,689.37,679.07,681.1,88690,715.7142193224662,700.9538709847144,38.90947011880475,718.2889374080908,711.9998412500223,6.289096158068446,13.151162179157021,-6.862066021088575,717.231,28.263180977156832,773.7573619543136,660.7046380456864
2022-12-14,681.01,690.3,681.01,681.86,52009,712.4900079584219,700.2050917304119,39.24775709421183,712.6844854991538,709.7672604166873,2.917225082466416,11.1043747598189,-8.187149677352483,717.1045,28.42311595848747,773.950731916975,660.2582680830251
2022-12-15,687.76,687.76,678.06,678.48,58542,709.2509595814294,699.3531273488272,38.233738447629165,707.4222569608223,707.4496855710067,-0.027428610184415447,8.878014085818236,-8.905442696002652,716.6825000000001,28.952577537289898,774.58765507458,658.7773449254203
2022-12-18,683.54,683.54,669.2,670.04,67787,705.516582478436,698.2035929429909,35.74993735895025,701.6711405053111,704.6785977509321,-3.0074572456210262,6.500919819530384,-9.50837706515141,715.674,30.245635857445713,776.1652717148914,655.1827282851085
2022-12-19,670.89,675.11,670.04,672.57,40026,702.378812718585,697.1983540040501,37.06969040927517,697.1940419660325,702.300183102715,-5.106141136682481,4.179507628287811,-9.285648764970293,714.7245,31.32143212344084,777.3673642468817,652.0816357531183
2022-12-20,675.11,681.01,672.57,675.11,42079,699.7817829358626,696.332144043107,38.43690733642342,693.7964970481813,700.2860954654768,-6.489598417295497,2.0456864191711497,-8.535284836466646,713.5730000000001,32.36905118685126,778.3111023737026,648.8348976262976
2022-12-21,688.61,688.61,675.11,681.01,48877,697.993994084828,695.7312756492597,41.61025126088407,691.8293436561535,698.8582365421082,-7.028892885954747,0.23077055814597047,-7.259663444100717,712.6445000000001,33.05072393108171,778.7459478621636,646.5430521378366
2022-12-22,682.7,684.39,675.19,683.54,66052,696.6174232196063,695.2531864081122,42.96784458114611,690.5540600167452,697.7235523538039,-7.169492337058728,-1.2492820208949693,-5.920210316163758,712.0285,33.49188437046156,779.0122687409231,645.0447312590769
2022-12-26,684.39,708.86,684.39,707.17,110057,697.6224305320247,695.7205124313235,53.77755145837453,693.1103584757075,698.4232892164852,-5.312930740777688,-2.0620117648715133,-3.2509189759061745,712.3235,33.41803740418526,779.1595748083705,645.4874251916294
2022-12-27,714.77,725.74,703.8,710.55,133855,698.8536276242129,696.3020609634285,55.08880421104817,695.7933802486755,699.3215640893382,-3.5281838406626775,-2.355246180029746,-1.1729376606329316,710.889,32.81208921948627,776.5131784389725,645.2648215610275
2022-12-28,713.08,714.77,697.13,704.56,105429,699.3970916600022,696.6259017099608,52.25941424936224,697.1420909796485,699.7095963790168,-2.567505399368315,-2.39769802389746,-0.1698073754708549,709.2395,32.22524435006217,773.6899887001243,644.7890112998757
2022-12-29,708.86,712.24,704.73,711.39,110579,700.5392734066686,697.204885956629,55.091685125877284,699.3340769827795,700.5748114620526,-1.240734479273101,-2.1663053149725884,0.9255708356994874,707.8050000000001,31.408340746069587,770.6216814921393,644.9883185078609
2023-01-01,724.89,729.96,717.3,721.1,263159,702.4974378441286,698.1419492524475,58.83106736073819,702.6826805238903,702.0951957981969,0.5874847256934572,-1.6155473068393795,2.2030320325328367,706.645,30.401829498276406,767.4486589965528,645.8413410034472
2023-01-02,735.5,751.0,725.0,739.0,227630,705.9738723351641,699.7442257523516,64.67117416525505,708.2699604432919,704.8288849983304,3.441075444961484,-0.6042227564792069,4.045298201440691,705.072,27.612124263010905,760.2962485260218,649.8477514739782
2023-01-03,743.0,750.0,735.0,736.0,107994,708.8335035413389,701.1660208208868,63.056684674464165,712.5361203750932,707.1378564799355,5.398263895157697,0.5962745738481741,4.801989321309524,704.6569999999999,27.048124188295017,758.7532483765899,650.5607516234099
2023-01-04,750.0,750.0,730.0,736.9,89872,711.5065032040685,702.5673533377148,63.352266370392165,716.2844095481557,709.3424597036441,6.941949844511669,1.8654096279808732,5.076540216530796,704.2445,26.454473599397517,757.153447198795,651.335552801205
2023-01-05,744.0,745.0,727.0,727.0,132642,712.9820743274906,703.525496344079,57.867550462073446,717.9329619253625,710.6504256515223,7.282536273840265,2.9488349571527515,4.333701316687513,703.126,24.871697590892357,752.8693951817847,653.3826048182152
2023-01-08,738.9,739.0,718.5,719.1,146327,713.5647339153487,704.1362611933308,53.86037865007733,718.1125062445375,711.2763200477058,6.836186196831704,3.7263052050885426,3.109880991743162,701.908,23.341956937762976,748.591913875526,655.2240861244741
2023-01-09,733.4,733.4,712.0,719.0,167381,714.0823783043631,704.7191529112395,53.80958375246037,718.2490437453779,711.8484444886165,6.4005992567614385,4.261164015423121,2.139435241338317,702.162,23.506606148735067,749.1752122974701,655.14878770253
2023-01-10,720.0,735.0,718.0,719.2,182296,714.5697708468047,705.2870292676615,53.90321826890864,718.3953447076275,712.3930041561264,6.002340551501106,4.609399322638719,1.3929412288623872,703.734,23.54402626212745,750.8220525242549,656.6459474757452
2023-01-12,733.5,733.5,713.7,714.0,101205,714.5155069566327,705.62871439442,51.00800560000774,717.719137829531,712.5120408853022,5.207096944228738,4.728938846956723,0.47815809727201497,705.379,23.022957169796214,751.4249143395924,659.3330856604076
2023-01-17,724.0,725.0,709.0,711.0,88101,714.1806967702868,705.8393530456192,49.36078990903045,716.6854243172954,712.4000378567613,4.285386460534141,4.640228369672206,-0.3548419091380648,706.836,22.368998612980686,751.5739972259614,662.0980027740386
2023-01-18,712.0,718.0,703.0,703.9,94709,713.2015827921642,705.7632999850067,45.60703635274517,714.7184359607884,711.7704054229271,2.948030537861314,4.3017888033100276,-1.3537582654487137,708.1070000000001,21.37302581834731,750.8530516366947,665.3609483633055
2023-01-19,705.0,710.0,701.0,703.5,93648,712.2776225262438,705.6745431228496,45.39757560852838,712.9925227360518,711.1577827990066,1.8347399370452422,3.8083790300570706,-1.9736390930118284,709.78,19.460442738517195,748.7008854770344,670.8591145229656
2023-01-23,717.5,729.0,710.0,710.9,114807,712.1464203808872,705.8794630003849,49.974933566055526,712.6705961612746,711.1386877768579,1.531908384416738,3.3530849009290042,-1.8211765165122662,711.6965,17.37917485625734,746.4548497125147,676.9381502874853
2023-01-24,711.0,715.0,709.0,713.0,67781,712.2277136779456,706.158699745468,51.224549341776,712.7212736749246,711.2765627563498,1.444710918574856,2.9714101044581747,-1.5266991858833188,713.591,15.09622326418962,743.7834465283793,683.3985534716207
2023-01-25,717.0,719.0,709.0,709.1,63311,711.929836184808,706.2740448534888,48.787162935223186,712.1641546480132,711.115335885509,1.0488187625041974,2.5868918360673794,-1.538073073563182,714.9955,13.077136124193215,741.1497722483864,688.8412277516136
2023-01-26,714.0,714.5,705.3,705.6,57638,711.3269946433977,706.2476117219794,46.64223024794525,711.154284702165,710.7067924865825,0.4474922155825425,2.159011911970412,-1.7115196963878696,716.0985000000001,11.058964106344431,738.2164282126889,693.9805717873112
2023-01-29,707.0,709.0,701.1,702.5,57268,710.4863284868836,706.1006465564116,44.76496896026675,709.8228562864473,710.0988819320208,-0.27602564557355436,1.6720044004616188,-1.9480300460351732,715.865,11.303990213061656,738.4729804261233,693.2570195738767
2023-01-30,688.5,706.0,688.5,698.0,71228,709.2971543452757,705.7829741424347,42.11513239038318,708.0039553193016,709.2026684555749,-1.1987131362733408,1.097860893114627,-2.2965740293879677,715.2375,11.944735847804948,739.1269716956099,691.34802830439
2023-01-31,700.0,700.0,688.0,690.4,67697,707.4974253600113,705.1797202544961,38.021610883004875,705.2956545009475,707.8098781996064,-2.5142236986588387,0.37544397475993385,-2.8896676734187725,714.5295,12.985264310389669,740.5000286207793,688.5589713792207
2023-02-01,695.0,695.0,686.0,690.0,57940,705.8310038971531,704.584437107261,37.81328921459282,702.9424768854171,706.4906279625985,-3.5481510771813873,-0.40927503562833034,-3.1388760415530568,713.46,14.091221604812842,741.6424432096258,685.2775567903743
2023-02-02,692.0,694.5,685.1,688.0,54429,704.1328130498052,703.9340670246233,36.72967254718624,700.6436342876606,705.1209518172209,-4.47731752956031,-1.2228835344147262,-3.2544339951455834,711.8050000000001,15.057345645726997,741.919691291454,681.6903087085461
2023-02-05,690.0,698.0,678.0,681.0,84062,701.9296879974429,703.0346918471872,33.14907610009766,697.6215367049435,703.3342146455749,-5.712677940631352,-2.1208424156580516,-3.5918355249733,708.905,15.129144930099333,739.1632898601987,678.6467101398013
2023-02-06,682.0,688.0,675.0,677.3,54726,699.5840034262578,702.0254882453368,31.40629290328758,694.4951464426446,701.4057543014583,-6.910607858813705,-3.0787955042891824,-3.831812354524523,705.97,15.289112052980247,736.5482241059606,675.3917758940395
2023-02-07,677.3,692.0,677.3,691.9,69751,698.852193576138,701.6284102749314,43.93248478202605,694.0958931437762,700.7016243532021,-6.605731209425926,-3.7841826453165313,-2.8215485641093947,703.72,13.72939987955771,731.1787997591155,676.2612002408846
2023-02-08,705.0,705.7,685.0,688.0,75546,697.8186513307916,701.0939628131695,41.73977418640259,693.158063429349,699.7607632900019,-6.602699860652933,-4.347886088383812,-2.254813772269121,701.77,12.99907284143805,727.7681456828761,675.7718543171238
2023-02-09,690.0,698.0,676.0,693.0,83791,697.3597321564305,700.7765525067706,45.495695059876624,693.1337459786799,699.2599660092611,-6.12622003058118,-4.703552876823286,-1.422667153757894,700.4649999999999,12.466936271601456,725.3988725432029,675.531127456797
2023-02-12,689.0,690.0,680.0,683.0,53279,695.9921386177228,700.0794328006227,39.948657136949805,691.5747081358061,698.0555240826492,-6.480815946843109,-5.059005490827251,-1.4218104560158578,698.665,12.246901863872859,723.1588037277456,674.1711962722543
2023-02-14,683.0,683.0,674.0,675.0,59511,693.9928873207969,699.0959256319709,36.151236887123076,689.0247530379897,696.3477074839344,-7.322954445944674,-5.511795281850736,-1.8111591640939384,696.4549999999999,12.333969993057845,721.1229399861156,671.7870600138842
2023-02-15,675.0,688.5,670.1,674.5,39631,692.1364218616734,698.1313795287564,35.921408044924846,686.7901756475298,694.7293587814207,-7.939183133890879,-5.9972728522587655,-1.9419102816321132,694.4799999999999,12.537505837755756,719.5550116755114,669.4049883244884
2023-02-16,675.0,676.0,669.0,670.2,57195,690.0472388272283,697.0360313119425,33.923979313284406,684.2378409325253,692.9123692420562,-8.674528309530956,-6.532723943713204,-2.1418043658177517,692.4399999999999,13.018141188364172,718.4762823767282,666.4037176232716
2023-02-20,670.2,670.2,661.0,662.5,53643,687.4236922722541,695.6816771428468,30.63854334433509,680.8935577121367,690.659601150052,-9.7660434379153,-7.1793878425536235,-2.5866555953616768,690.37,14.325799325551666,719.0215986511033,661.7184013488967
2023-02-22,674.8,689.5,664.2,678.9,57464,686.611912055849,695.0235721568528,43.245834112220116,680.5868565256542,689.7885195833815,-9.201663057727274,-7.5838428855883535,-1.61782017213892,689.14,14.194602384085805,717.5292047681716,660.7507952318284
2023-02-23,678.0,679.0,665.0,669.0,47679,684.934587098149,694.0030399154076,38.675805100678645,678.804263214015,688.2486292438717,-9.444366029856724,-7.955947514442029,-1.4884185154146952,687.045,13.903027879232608,714.8510557584651,659.2389442415348
2023-02-26,668.0,670.0,652.0,663.5,57017,682.8931978507062,692.8068422716661,36.375946380046834,676.4497611810897,686.4153974480294,-9.965636266939669,-8.357885264941556,-1.6077510019981123,684.5699999999999,13.437539718430898,711.4450794368618,657.6949205631381
2023-02-27,672.0,675.1,658.0,661.0,41206,680.8081313887342,691.5595151237576,35.347037723218776,674.0728748455375,684.5327754148419,-10.45990056930441,-8.778288325814128,-1.6816122434902816,682.165,13.116733988555138,708.3984679771103,655.9315320228897
2023-02-28,665.0,669.0,656.1,657.0,31890,678.5406903040928,690.2042400208652,33.70435674137066,671.4462787154548,682.493310569298,-11.047031853843237,-9.23203703141995,-1.8149948224232872,679.7349999999999,13.048301966567617,705.8316039331352,653.6383960668646
2023-03-01,657.0,660.0,654.0,655.0,35796,676.2987197989411,688.8236815886744,32.8815327480808,668.9160819900003,680.4567690456463,-11.540687055646004,-9.693767036265161,-1.8469200193808426,677.3599999999999,13.009445960944545,703.378891921889,651.3411080781108
2023-03-02,652.0,653.0,648.0,649.1,59279,673.7083655323753,687.2658901538244,30.51485607879485,665.8674539915387,678.1340454126354,-12.266591421096678,-10.208331913231465,-2.0582595078652126,674.915,13.511643127325941,701.9382862546519,647.891713745348
2023-03-05,650.0,650.0,635.0,637.3,54153,670.2409021483396,685.3064434811255,26.419218479697776,661.4724610697635,675.1093013079958,-13.636840238232253,-10.894033578231623,-2.74280666000063,672.26,15.39454448823412,703.0490889764683,641.4709110235317
2023-03-07,640.0,642.0,637.0,639.0,41137,667.2655781342121,683.4905045210813,27.920200068848445,658.015159366723,672.4345382481443,-14.41937888142138,-11.599102638869574,-2.820276242551806,669.7099999999999,16.486546349267336,702.6830926985346,636.7369073014653
2023-03-09,641.0,648.9,641.0,647.0,55564,665.3355230738109,682.059504343784,34.673641923766496,656.3205194641502,670.5504983779115,-14.229978913761329,-12.125277893847926,-2.104701019913403,667.66,16.640926087596803,700.9418521751936,634.3781478248063
2023-03-12,650.0,653.0,635.0,636.9,51762,662.6273780191623,680.288543389126,30.755737732277964,653.3327472388962,668.0578688684366,-14.725121629540354,-12.645246640986413,-2.079874988553941,665.4549999999999,17.670179309852458,700.7953586197049,630.114641380295
2023-03-13,624.2,635.0,624.2,629.9,55971,659.5104848744802,678.3125220797485,28.363646367578625,649.7277092021429,665.2313600633671,-15.503650861224173,-13.216927485033967,-2.2867233761902064,663.085,19.117346077655995,701.319692155312,624.850307844688
2023-03-14,634.0,634.0,623.0,625.0,55015,656.2237720292916,676.2218349393662,26.792736011155853,645.9234462479671,662.2512593179325,-16.327813069965373,-13.839104602020248,-2.4887084679451252,659.74,19.65541039752112,699.0508207950422,620.4291792049578
2023-03-15,625.0,628.0,618.0,618.0,69209,652.5834127884067,673.9386257260578,24.689052480222657,641.6275314405876,658.9733882573449,-17.345856816757305,-14.540455044967661,-2.8054017717896436,656.24,20.56948173745806,697.3789634749161,615.1010365250839
2023-03-16,623.0,623.0,605.0,613.0,65028,648.8135639514156,671.5488756975849,23.28282474652005,637.2232958343433,655.5679520901342,-18.344656255790937,-15.301295287132318,-3.04336096865862,652.24,20.82175987304597,693.8835197460919,610.5964802539081
2023-03-19,625.0,625.0,605.0,606.0,50724,644.7360816703284,668.9783315525816,21.44154400507267,632.419711859829,651.8962519353095,-19.476540075480443,-16.136344244801943,-3.3401958306785,648.3900000000001,21.92436520116269,692.2387304023255,604.5412695976747
2023-03-20,607.0,613.7,606.5,613.0,51889,641.7135977017257,666.783102864245,27.60700519298119,629.4320638813938,649.0150480882495,-19.582984206855713,-16.825672237212697,-2.757311969643016,645.2900000000001,22.34306438956092,689.976128779122,600.6038712208782
2023-03-22,615.0,619.9,610.0,613.0,59448,638.9789693491804,664.6739615754511,27.60700519298119,626.904054053487,646.3472667483792,-19.443212694892168,-17.34918032874859,-2.0940323661435762,642.215,22.34342656189059,686.9018531237812,597.5281468762189
2023-03-23,610.0,612.0,603.0,605.0,63514,635.7428770302108,662.3338062195511,25.00579954586692,623.5341995837198,643.2845062484993,-19.750306664779487,-17.82940559595477,-1.9209010688247155,638.955,22.797263801658165,684.5495276033164,593.3604723966837
2023-03-26,605.5,605.5,596.0,596.0,58085,631.9578411225716,659.7324804854511,22.443747376478072,619.2981688785321,639.781950230092,-20.483781351559855,-18.36028074707579,-2.1235006044840645,635.63,24.000265349416456,683.6305306988329,587.6294693011671
2023-03-27,596.0,605.0,588.1,604.0,68181,629.2951895870885,657.5468930154334,29.37102056567626,616.944604435681,637.1314353982333,-20.186830962552335,-18.7255907901711,-1.4612401723812347,631.885,22.701617725808077,677.2882354516162,586.4817645483838
2023-03-28,607.0,612.5,602.0,606.5,48081,627.1242191502229,655.5450540736517,31.43212912966527,615.3377422148069,634.8624401835493,-19.52469796874243,-18.885412225885368,-0.6392857428570622,628.76,21.598572077565272,671.9571441551305,585.5628558448694
2023-03-29,610.0,610.0,599.0,609.0,31811,625.3981030406778,653.7197578354693,33.52135212793574,614.3627049509905,632.9467038736568,-18.583998922666296,-18.825129565241554,0.24113064257525707,626.0350000000001,20.389039238104022,666.8130784762081,585.256921523792
2023-03-30,612.0,612.0,600.6,603.0,33868,623.2649503701371,651.7307477242745,31.07420497698338,612.6145964969919,630.7284295126452,-18.113833015653313,-18.682870255323905,0.5690372396705925,623.135,19.246880129962936,661.6287602599259,584.6412397400741
2023-04-02,603.0,610.0,595.0,597.8,39669,620.8397170015526,649.6158164409696,29.091998504005943,610.335427805147,628.2892865857826,-17.953858780635642,-18.537067960386253,0.5832091797506109,620.175,18.293222069513536,656.761444139027,583.5885558609729
2023-04-03,600.0,600.0,587.0,589.9,61504,617.893077287119,647.2740197177943,26.342724733915503,607.1915158351244,625.4456357275765,-18.25411989245208,-18.48047834679942,0.2263584543473378,616.92,17.54706753129145,652.0141350625829,581.825864937417
2023-04-04,595.0,595.0,586.1,589.0,41355,615.1413556407267,644.9887640425867,26.04079988768747,604.3928210912591,622.7459590070154,-18.353137915756292,-18.455010260590797,0.10187234483450425,613.915,16.879550848362236,647.6741016967244,580.1558983032755
2023-04-05,595.0,595.0,588.0,590.0,39978,612.7469408178004,642.8323419232696,27.04139154156661,602.178540923373,620.3203324139031,-18.141791490530068,-18.392366506578654,0.250575016048586,611.55,16.74368694857634,645.0373738971526,578.0626261028473
2023-04-06,595.0,600.0,588.0,592.2,49701,610.7900893113432,640.846759887063,29.307321451758426,600.6433807813156,618.237344827688,-17.593964046372434,-18.23268601453741,0.6387219681649761,609.21,15.957308175593981,641.124616351188,577.295383648812
2023-04-09,590.0,590.0,578.1,580.0,99562,607.85769985312,638.4606124405115,24.721950318523056,597.4674760457286,615.4049489145259,-17.937472868797272,-18.173643385389383,0.23617051659211086,605.86,14.579668612230721,635.0193372244614,576.7006627755386
2023-04-10,580.0,588.0,577.0,582.1,46442,605.4045855813944,636.2503923448052,26.843700468830278,595.1032489617703,612.937915661598,-17.83466669982772,-18.105848048277053,0.27118134844933195,603.12,13.552377923035802,630.2247558460716,576.0152441539284
2023-04-11,593.7,593.7,582.1,592.0,39186,604.1279583831664,634.5150828410874,36.00159461097995,594.6258260445749,611.3869589459241,-16.761132901349242,-17.836905018891493,1.0757721175422503,601.225,12.192183647962127,625.6093672959242,576.8406327040758
2023-04-12,603.8,630.9,598.0,629.0,86971,606.4967242514363,634.2988050826134,57.4434221912714,599.9141604992557,612.6916286536334,-12.777468154377743,-16.825017645988744,4.047549491611001,601.425,12.627742015951394,626.6804840319028,576.1695159680971
2023-04-13,641.5,643.8,610.0,618.9,72785,607.6779886084423,633.6949303734913,52.29302476065775,602.8350588839855,613.1515080126235,-10.316449128637942,-15.523303942518584,5.206854813880643,601.47,12.691360509390579,626.8527210187812,576.0872789812189
2023-04-16,618.9,630.0,613.0,617.0,25772,608.5657992171621,633.0402272215897,51.36010719657759,605.0142805941416,613.4365814931699,-8.4223008990283,-14.103103333820528,5.680802434792227,601.67,12.9122177963905,627.494435592781,575.845564407219
2023-04-17,617.0,625.0,615.0,616.0,28045,609.273818339337,632.3719830168214,50.84596050613661,606.704391271966,613.6264643455278,-6.922073073561819,-12.666897281768787,5.744824208206968,602.17,13.277170751265665,628.7243415025313,575.6156584974686
2023-04-18,604.0,620.0,604.0,616.0,32979,609.914407068924,631.7299444671422,50.84596050613663,608.1344849224326,613.8022818014147,-5.667796878982017,-11.267077201211434,5.599280322229417,602.3199999999999,13.422118430347131,629.1642368606942,575.4757631393056
2023-04-19,603.7,627.0,603.7,620.0,59588,610.8749397290264,631.2699466449014,53.027361164592186,609.9599487805199,614.261372038347,-4.301423257827082,-9.873946412534565,5.572523154707483,602.67,13.801186066511596,630.2723721330232,575.0676278669767
2023-04-20,608.0,632.0,608.0,620.0,41287,611.7439930881668,630.8279879529446,53.027361164592186,611.5045720450553,614.686455591062,-3.181883546006702,-8.535533839228993,5.353650293222291,603.42,14.331841619655625,632.0836832393112,574.7563167606887
2023-04-23,620.0,621.0,607.7,609.0,34734,611.4826604131033,629.9719884253781,46.45248950010142,611.119253268893,614.2652366583907,-3.145983389497701,-7.457623749282735,4.311640359785034,604.0699999999999,14.27228082684633,632.6145616536926,575.5254383463073
2023-04-24,610.0,612.0,603.0,605.0,35512,610.8652641832839,628.9926947616378,44.30140838612246,610.1778296890633,613.5789228318432,-3.401093142779928,-6.6463176279821745,3.2452244852022467,604.12,14.273774258384243,632.6675485167685,575.5724514832315
2023-04-25,606.0,607.0,600.0,605.5,44615,610.3542866420187,628.0714126141227,44.64646302187408,609.4581635830535,612.9804841035585,-3.522320520504991,-6.021518206486737,2.4991976859817466,604.0699999999999,14.266748237195584,632.6034964743911,575.5365035256087
2023-04-26,607.5,610.0,603.5,604.0,40984,609.7491164856359,627.127435648863,43.77041036900654,608.6184461087375,612.3152630588505,-3.696816950112975,-5.556577955211985,1.8597610050990099,603.8199999999999,14.219541779586944,632.2590835591739,575.380916440826
2023-04-27,602.0,605.5,598.0,600.0,54508,608.8206292012896,626.0636146430252,41.435505416296515,607.2925313227779,611.4030213507875,-4.110490028009622,-5.267360369771513,1.1568703417618913,603.67,14.244448595499932,632.1588971909998,575.1811028090001
2023-04-30,605.0,605.0,593.0,597.0,54304,607.6948549916431,624.923865049181,39.72396512718781,605.7090649654274,610.3361308803587,-4.627065914931336,-5.139301478803478,0.5122355638721423,603.63,14.262911048566266,632.1558220971325,575.1041779028675
2023-05-02,585.1,608.0,585.1,599.5,30177,606.9143926114866,623.9268507335269,41.878505786590836,604.7538242015155,609.5334545188507,-4.779630317335204,-5.067367246509824,0.2877369291746197,604.11,13.934278067539891,631.9785561350798,576.2414438649203
2023-05-03,600.0,600.0,595.0,598.5,22982,606.1130218865832,622.9297193322121,41.243453164482496,603.7916974012824,608.7161615915285,-4.924464190246113,-5.038786635257082,0.114322445010969,604.585,13.54867540623519,631.6823508124704,577.4876491875297
2023-05-04,600.0,600.0,595.0,598.9,32806,605.4260674211943,621.9873773976157,41.62477508995809,603.0391285703158,607.9890385106745,-4.94990994035868,-5.021011296277401,0.07110135591872169,605.03,13.185721943005563,631.4014438860111,578.6585561139889
2023-05-07,600.0,600.0,593.1,595.0,28270,604.4331086191758,620.929048872219,38.969270317826016,601.802339559498,607.0268875098837,-5.224547950385727,-5.061718627099067,-0.16282932328666,605.17,13.05656116571464,631.2831223314292,579.0568776685707
2023-05-08,595.0,595.0,591.0,593.0,27670,603.3442411316353,619.8337920537007,37.64300756392473,600.4481334734214,605.987858805448,-5.539725332026592,-5.157319968084572,-0.38240536394201996,605.8199999999999,12.020009633078905,629.8600192661578,581.7799807338421
2023-05-09,581.8,612.0,581.8,595.0,34345,602.5495515000509,618.8599178555164,39.8476814328109,599.609959092895,605.1739433383777,-5.563984245482743,-5.238652823564206,-0.3253314219185368,606.4649999999999,10.981432894727986,628.4278657894558,584.502134210544
2023-05-10,600.0,600.0,589.0,590.0,59646,601.3543561190937,617.7281563709863,36.38431757914904,598.1315038478342,604.0499475355349,-5.918443687700687,-5.374610996391502,-0.5438326913091851,606.365,11.128213314782782,628.6214266295656,584.1085733704344
2023-05-11,590.0,594.0,589.0,590.0,26707,600.2729888696562,616.6407776897712,36.38431757914905,596.8805032558597,603.0092106810508,-6.1287074251911235,-5.525430282151427,-0.6032771430396968,604.415,10.342364333186358,625.0997286663727,583.7302713336272
2023-05-14,590.0,601.0,583.5,584.9,52485,598.8088946915937,615.3960413097802,32.992164725327626,595.0373489088043,601.6677876676397,-6.630438758835339,-5.746431977488209,-0.8840067813471304,602.7149999999999,10.626544469807206,623.9680889396143,581.4619110603855
2023-05-15,584.0,595.0,583.1,583.8,34630,597.3794761495371,614.1569808662595,32.292846730270995,593.3085259997575,600.3442478404071,-7.035721840649558,-6.004289950120478,-1.0314318905290794,601.0550000000001,10.86798654670313,622.7909730934064,579.3190269065938
2023-05-16,592.0,592.0,582.0,584.0,37052,596.1052403257717,612.9743541656218,32.57269439765038,591.8764450767179,599.1335628151917,-7.257117738473767,-6.254855507791136,-1.0022622306826303,599.455,10.907432280227315,621.2698645604547,577.6401354395454
2023-05-17,590.0,594.0,586.0,590.0,28470,595.5237888661743,612.0733991003033,40.51587040865854,591.5877612187613,598.457002606659,-6.8692413878976595,-6.377732683812441,-0.4915087040852182,598.155,10.367787918170823,618.8905758363417,577.4194241636583
2023-05-18,590.0,600.0,590.0,590.0,50008,594.9977137360625,611.2077756061738,40.51587040865854,591.3434902620288,597.8305579691287,-6.487067707099868,-6.399599688469927,-0.08746801862994147,596.655,9.138206377066377,614.9314127541327,578.3785872458673
2023-05-21,601.0,611.0,595.0,595.1,45034,595.007455285009,610.5760981314219,46.7050454960145,591.9214148371013,597.6282944158598,-5.706879578758503,-6.261055666527643,0.5541760877691395,595.41,7.301975219462814,610.0139504389256,580.8060495610744
2023-05-22,600.0,601.0,592.0,599.0,27093,595.3876976388176,610.1221334988171,50.911271063644165,593.0104279390857,597.7299022369073,-4.7194742978215345,-5.952739392786421,1.233265094964887,594.91,6.6342730534517065,608.1785461069034,581.6414538930966
2023-05-23,605.0,607.0,598.0,605.5,41814,596.3507740541683,609.9408733616086,57.00223192596767,594.9319005638417,598.3054650341734,-3.373564470331644,-5.436904408295466,2.063339937963822,594.935,6.675112851430629,608.2852257028612,581.5847742971387
2023-05-24,605.0,613.9,603.0,606.0,39756,597.2697479537712,609.7863293082122,57.439703658656725,596.6346850924815,598.8754305871976,-2.240745494716066,-4.797672625579587,2.556927130863521,594.9599999999999,6.717565348466151,608.3951306969323,581.5248693030676
2023-05-28,610.0,615.0,600.0,601.0,69792,597.625010053412,609.4417673745569,51.76756893862567,597.3062720013305,599.032806099257,-1.7265340979264465,-4.183444920048959,2.456910822122513,594.81,6.536126327482377,607.8822526549646,581.7377473450352
2023-05-30,600.0,602.0,584.0,587.3,76105,596.6416757626108,608.5734627716331,40.08680939125162,595.7668455395874,598.1637093511638,-2.396863811576395,-3.826128698354447,1.4292648867780517,594.175,6.62172461240228,607.4184492248045,580.9315507751954
2023-05-31,585.0,592.0,575.6,581.5,57976,595.199611404267,607.511758349216,36.347589246765544,593.5719462258047,596.9293605103368,-3.3574142845320694,-3.732385815589972,0.3749715310579025,593.4,7.158947291060352,607.7178945821207,579.0821054178792
2023-06-01,584.0,590.0,580.0,587.8,38294,594.4948865086226,606.7387482178742,42.60962893369034,592.6839544987579,596.2531115836451,-3.5691570848872516,-3.699740069449428,0.1305829845621762,592.8149999999999,7.112130112507397,607.0392602250147,578.5907397749852
2023-06-04,587.8,606.9,587.8,595.4,34455,594.5810877935156,606.2940914250164,49.113358491872596,593.1018076527952,596.1899181330048,-3.0881104802095933,-3.5774141516014613,0.4893036713918679,592.66,7.014826403702159,606.6896528074043,578.6303471925957
2023-06-05,599.9,606.0,591.0,591.0,28519,594.2400318131808,605.6943231338392,45.8722243315436,592.7784526292883,595.8054797527823,-3.0270271234940083,-3.4673367459799707,0.4403096224859624,592.265,6.865801981014239,605.9966039620284,578.5333960379716
2023-06-06,590.1,599.0,590.0,591.7,29785,593.9981240214494,605.1455261481985,46.477376804356766,592.612536840167,595.501370141465,-2.888833301298064,-3.3516360570435895,0.46280275574552565,592.1,6.836203932806608,605.7724078656132,578.4275921343868
2023-06-07,591.7,599.0,591.0,591.3,33681,593.7411598289303,604.6025643384653,46.15979534425218,592.410608095526,595.1901575383935,-2.7795494428675056,-3.237218734208373,0.45766929134086753,592.015,6.8349931660054954,605.684986332011,578.345013667989
2023-06-08,590.0,595.0,587.0,590.9,36616,593.470573178556,604.0652088742117,45.82260279459558,592.1782068500604,594.8723680911052,-2.6941612410447533,-3.1286072355756493,0.43444599453089605,591.8100000000001,6.802159099980511,605.414318199961,578.2056818000391
2023-06-11,585.0,596.7,585.0,594.0,52568,593.5209947805984,603.6704948007132,48.93587014606773,592.4584827192818,594.8077482325048,-2.3492655132229174,-2.972738891105103,0.6234733778821857,592.01,6.804944023156195,605.6198880463123,578.4001119536877
2023-06-12,600.0,602.0,595.0,597.0,39241,593.8523286110176,603.4089067693127,51.82121901900367,593.1571776855461,594.9701372523192,-1.8129595667730882,-2.7407830262387005,0.9278234594656123,592.36,6.875769813388848,606.1115396267777,578.6084603732223
2023-06-13,599.9,601.0,595.0,597.0,67044,594.1521068385398,603.1575770920847,51.82121901900366,593.748381118539,595.120497455851,-1.3721163373120362,-2.467049688453368,1.0949333511413317,592.965,6.715283040660413,606.3955660813209,579.5344339186792
2023-06-14,603.0,604.0,597.0,599.0,117524,594.6138109491551,602.9945348531794,53.83793941504828,594.5563224849176,595.4078680146769,-0.851545529759278,-2.14394885671455,1.292403326955272,593.725,6.4794310179350845,606.6838620358702,580.7661379641298
2023-06-15,610.0,610.0,596.0,598.0,39563,594.9363051444736,602.79867074129,52.65120673950256,595.0861190256994,595.5998777913675,-0.513758765668058,-1.8179108385052516,1.3041520728371936,594.425,6.119758767207167,606.6645175344142,582.1854824655857
2023-06-18,600.0,601.0,595.1,596.0,77802,595.0376094164285,602.5320562024159,50.26480712361844,595.2267160986687,595.6295164734884,-0.40280037481966247,-1.534888745768134,1.1320883709484715,594.725,6.037939261594382,606.8008785231888,582.6491214768113
2023-06-19,598.0,605.2,593.1,594.0,69002,594.9387894720068,602.1974657631055,47.92550547704047,595.0379905450274,595.5088115495263,-0.47082100449893005,-1.3220751975142933,0.8512541930153632,594.925,5.938622470109702,606.8022449402193,583.0477550597806
2023-06-20,599.0,603.0,595.0,595.3,77314,594.9731904746728,601.9269769096504,49.56844876704479,595.0782996919462,595.4933440273392,-0.41504433539296315,-1.1406690250900273,0.7256246896970642,594.9350000000001,5.939101030713162,606.8132020614264,583.0567979385737
2023-06-21,600.0,600.0,589.1,590.1,74080,594.5090770961326,601.4631738935857,43.637766004475566,594.3124074316468,595.0938370623511,-0.7814296307043378,-1.0688211462128896,0.2873915155085518,594.49,5.951903720249891,606.3938074404998,582.5861925595002
2023-06-22,595.0,597.0,585.4,588.5,57079,593.936784039358,600.954814133053,41.97367274882573,593.4181909037011,594.6054046873621,-1.1872137836610364,-1.092499673702519,-0.09471410995851737,593.6400000000001,5.493000330599719,604.6260006611996,582.6539993388006
2023-06-25,594.0,594.0,581.5,587.0,123731,593.2761379403715,600.4075665199921,40.41755951017186,592.4307769185162,594.0420413771872,-1.6112644586709166,-1.1962526306961987,-0.4150118279747179,592.69,4.847994702139313,602.3859894042787,582.9940105957214
2023-06-26,593.0,593.0,585.2,586.0,125517,592.583172422241,599.842563911365,39.3696607603883,591.4414266233599,593.4463346085066,-2.0049079851467013,-1.3579837015862992,-0.6469242835604021,591.94,4.651021393241873,601.2420427864838,582.6379572135163
2023-06-27,593.0,609.9,587.0,608.9,184325,594.1371560010753,600.1977574834683,63.016643201487604,594.1273609889969,594.5910505634321,-0.4636895744351932,-1.179124876156078,0.7154353017208848,593.02,5.8660127227571595,604.7520254455143,581.2879745544857
2023-06-28,620.0,633.0,605.0,606.0,151880,595.2669506676394,600.4252964056852,59.83404861601087,595.9539208368435,595.4361579291038,0.5177629077396659,-0.8397473193769291,1.357510227116595,594.245,5.891785092765636,606.0285701855313,582.4614298144687
2023-07-02,615.0,615.0,591.0,594.0,111991,595.1462886992928,600.1733239976191,48.84181850539339,595.6533176311752,595.3297758602813,0.32354177089393943,-0.6070895013227555,0.930631272216695,594.5550000000001,5.694639677189314,605.9442793543786,583.1657206456215
2023-07-03,594.0,594.0,584.0,584.9,111999,594.1704516803125,599.5743701153597,42.46998577416866,593.9989610725329,594.5571998706308,-0.558238798097932,-0.5973193606777909,0.039080562579858924,594.03,6.083376832368591,606.1967536647371,581.8632463352628
2023-07-04,585.1,590.0,584.0,586.0,69678,593.3923134250447,599.0420418755417,43.43068934245966,592.7683516767586,593.923333213547,-1.1549815367884548,-0.7088517958999238,-0.4461297408885311,593.78,6.312860724481785,606.4057214489635,581.1542785510364
2023-07-05,574.3,597.1,574.3,582.6,70629,592.3644740512309,598.3972559196382,41.14367484932827,591.2039898803342,593.0845677903213,-1.880577909987096,-0.9431970187173583,-0.9373808912697378,593.325,6.781233780023896,606.8874675600479,579.7625324399522
2023-07-06,584.0,594.0,580.0,582.1,61889,591.3869050939708,597.7581478443583,40.80338875829796,589.8033760525905,592.2708961021493,-2.467520049558857,-1.248061624885658,-1.219458424673199,592.865,7.223446837273532,607.311893674547,578.418106325453
2023-07-09,590.0,593.6,582.0,583.0,79385,590.5881522278784,597.1793969485011,41.737476342541285,588.7567028137304,591.5841630575457,-2.827460243815267,-1.5639413486715799,-1.263518895143687,592.47,7.545378508895139,607.5607570177903,577.3792429822098
2023-07-10,593.0,593.0,581.0,583.0,88478,589.8654710633185,596.623342166207,41.737476342541285,587.8710562270027,590.9482991273571,-3.077242900354463,-1.8666016590081567,-1.2106412413463064,591.92,7.823755996650784,607.5675119933015,576.2724880066984
2023-07-11,584.0,587.0,580.0,583.0,88236,589.2116166763358,596.0890934538068,41.737476342541285,587.12166296131,590.3595362290345,-3.237873267724467,-2.140855980751419,-1.0970172869730481,591.22,7.970247305175455,607.160494610351,575.2795053896491
2023-07-12,585.0,589.9,585.0,586.0,51194,588.9057484214467,595.6934427301281,45.329014241958575,586.9490994288008,590.0366076194763,-3.0875081906755213,-2.3301864227362397,-0.7573217679392816,590.67,7.929830422317378,606.5296608446347,574.8103391553652
2023-07-13,574.3,597.9,574.3,590.0,66352,589.0099628574993,595.4701704662016,49.774684571351834,587.4184687474468,590.0338959439595,-2.6154271965126554,-2.387234577491523,-0.22819261902113253,590.22,7.6837901831936195,605.5875803663872,574.8524196336128
2023-07-16,595.0,605.9,590.0,599.2,73028,589.9804425853566,595.6164382910564,58.19488277660509,589.2310120170704,590.7128666147772,-1.4818545977068425,-2.206158581534587,0.7243039838277445,590.28,7.752120253288635,605.7842405065772,574.7757594934227
2023-07-17,607.0,612.0,598.0,611.0,73868,591.982305196275,596.2197152208189,66.05537173508822,592.5800870913672,592.2156172359048,0.36446985546240285,-1.6920328941351892,2.056502749597592,591.03,8.965319144838901,608.9606382896777,573.0993617103222
2023-07-18,620.9,621.6,610.0,613.0,76424,593.9839904156773,596.8777656043162,67.18170974408693,595.7216121542338,593.7552011443563,1.9664110098774472,-0.9603441133326619,2.926755123210109,591.9799999999999,10.216014260405723,612.4120285208113,571.5479714791885
2023-07-19,619.0,619.0,612.0,616.8,76090,596.1569437094223,597.6590296982647,69.26823421224498,598.9644410535824,595.4622232818114,3.502217771771029,-0.06783173631192363,3.5700495080829526,593.0550000000001,11.618654465097803,616.2923089301956,569.8176910698045
2023-07-20,620.0,628.9,620.0,624.0,124603,598.808663356144,598.6920089257837,72.79725231883528,602.8160655068774,597.5761326683438,5.239932838533605,0.9937211786571821,4.246211659876423,594.75,13.487362506020487,621.724725012041,567.775274987959
2023-07-23,630.0,649.6,625.2,649.0,147953,603.5887906555589,600.6648713208511,80.96906882470557,609.9212861981271,601.3853080262442,8.535978171882903,2.5021725773023262,6.033805594580576,597.775,18.031051433287328,633.8371028665746,561.7128971334254
2023-07-24,650.0,653.0,636.0,639.0,172938,606.9612867836009,602.1682097004256,71.69180281797011,614.3949344753382,604.1715815057817,10.223352969556572,4.046408655753176,6.176944313803396,600.375,20.03346870667748,640.4419374133549,560.3080625866451
2023-07-25,640.0,640.0,621.0,623.6,103484,608.5459261375437,603.0086720651149,60.24404588990663,615.8110984022093,605.6107236164645,10.20037478574477,5.277201881751495,4.923172903993276,602.255,20.374816111546043,643.0046322230921,561.5053677769079
2023-07-26,629.0,629.5,618.0,623.5,56916,609.9701236482539,603.8122535527575,60.17684975256507,616.9940063403309,606.9358552004302,10.058151139900701,6.233391733381337,3.824759406519364,602.985,20.88069556716893,644.7463911343378,561.2236088656622
2023-07-27,625.0,628.0,616.0,618.0,80901,610.7348737769917,604.368635766375,56.44758740788949,617.1487745956646,607.7554214818798,9.39335311378477,6.865384009462024,2.5279691043227457,603.585,21.14265518853814,645.8703103770763,561.2996896229238
2023-07-30,623.0,623.9,614.0,616.0,79973,611.2363143696591,604.8247676971054,55.110139165022595,616.9720400424853,608.3661310017407,8.605909040744677,7.213489015718555,1.392420025026122,604.6850000000001,21.189974665302305,647.0649493306047,562.3050506693954
2023-07-31,605.0,623.0,605.0,615.0,55627,611.5947606201678,605.223796414866,54.41589527500097,616.6686492667184,608.8575287053154,7.811120561402959,7.333015324855436,0.47810523654752224,606.19,20.77566643431287,647.7413328686258,564.6386671313743
2023-08-01,620.0,621.0,611.0,611.1,41626,611.5476405611042,605.4542357711458,51.68147808926422,615.8119339949155,609.0236376901069,6.788296304808682,7.224071520846086,-0.43577521603740355,607.4449999999999,20.243139838638523,647.931279677277,566.9587203227229
2023-08-02,619.9,620.0,609.0,613.0,36975,611.6859605076658,605.750148093846,52.922629793968596,615.3793287649285,609.3181830463952,6.061145718533226,6.991486360383514,-0.9303406418502886,608.9649999999999,19.403316998046268,647.7716339960924,570.1583660039074
2023-08-03,618.0,621.0,612.0,613.0,44414,611.8111071259833,606.0344560117343,52.922629793968596,615.0132781857086,609.5909102281437,5.422367957564916,6.677662679819795,-1.2552947222548791,610.51,18.353399226253625,647.2167984525072,573.8032015474928
2023-08-06,625.2,637.7,607.0,612.0,113739,611.8290969235088,606.2683989132349,52.10564908154595,614.5496969263688,609.7693613223553,4.780335604013544,6.298197264658546,-1.5178616606450017,611.9599999999999,17.17321660089927,646.3064332017984,577.6135667982014
2023-08-07,612.0,614.9,602.0,610.0,78727,611.654897216508,606.4147362107551,50.4289131381852,613.8497435530812,609.7864456688475,4.063297884233748,5.851217388573587,-1.7879195043398388,613.31,15.781698260971375,644.8733965219427,581.7466034780572
2023-08-08,610.0,614.0,600.0,600.0,58044,610.5449070054119,606.1631779279804,42.981344007310675,611.7190137756841,609.0615237674514,2.657490008232685,5.212471912505407,-2.554981904272722,614.16,14.466272935069492,643.0925458701389,585.227454129861
2023-08-09,604.0,604.0,594.0,603.0,58335,609.826344433468,606.0391317347263,45.57800544050825,610.3776270409635,608.6125220068994,1.7651050340640495,4.522998536817136,-2.7578935027530864,615.01,13.165541146665939,641.3410822933319,588.6789177066681
2023-08-10,604.0,607.3,602.0,606.5,47833,609.5095497255186,606.0572050000311,48.523375613326735,609.7810690346614,608.4560388952773,1.3250301393841255,3.8834048573305338,-2.5583747179464082,615.8349999999999,11.979380310847503,639.7937606216949,591.876239378305
2023-08-13,608.0,610.0,600.0,603.5,60137,608.9372116564216,605.9569224510102,46.21459597164204,608.8147507216365,608.0889249030345,0.7258258186020612,3.2518890495848396,-2.5260632309827784,616.05,11.70044983392224,639.4508996678444,592.6491003321555
2023-08-14,591.5,605.0,591.5,602.8,43883,608.3527153081909,605.8331215705784,45.668573652918035,607.8894044567694,607.6971526879948,0.19225176877455397,2.6399615934227825,-2.4477098246482285,615.6400000000001,12.02586685792558,639.6917337158512,591.588266284149
2023-08-15,601.0,601.0,596.6,599.0,65912,607.4619805169347,605.5651560187911,42.717962342482416,606.5218037711126,607.0529191555507,-0.5311153844381806,2.00574619785059,-2.5368615822887706,614.94,12.582209662866997,640.104419325734,589.775580674266
2023-08-16,599.0,600.0,590.0,592.0,53322,605.9894109438933,605.0331891160935,37.86475512817149,604.2876801140184,605.9378881069914,-1.650207992973037,1.2745553596858645,-2.9247633526589016,613.7,13.572340293883641,640.8446805877674,586.5553194122327
2023-08-17,602.5,602.7,592.0,593.0,32425,604.7523241873321,604.5612993468349,38.932131805097455,602.551113942631,604.9795260249921,-2.428412082361092,0.5339618712764733,-2.9623739536375653,612.15,14.09425041416502,640.33850082833,583.96149917167
2023-08-20,595.0,597.0,588.0,591.9,58801,603.5282933123481,604.0647778038218,38.155676921239134,600.9124810283801,604.010672245363,-3.0981912169829684,-0.192468746375415,-2.9057224706075533,609.295,11.83978462643447,632.974569252869,585.615430747131
2023-08-21,590.0,598.9,585.0,591.5,40222,602.3827415683149,603.5720414193582,37.85998431834908,599.4644070240139,603.0839557827435,-3.619548758729593,-0.8778847488462507,-2.7416640098833422,606.92,10.220958859146164,627.3619177182923,586.4780822817077
2023-08-22,592.0,600.0,590.0,594.0,41686,601.5843852284754,603.1966672460501,40.940583192168965,598.6237290203195,602.4110701692069,-3.7873411488874353,-1.4597760288544877,-2.327565120032948,605.4399999999999,9.813492323291866,625.0669846465837,585.8130153534162
2023-08-23,594.0,599.9,592.1,599.0,29155,601.338253301954,603.0320920599305,46.63838617675955,598.6816168633472,602.1583983048212,-3.4767814414739178,-1.863177111378374,-1.6136043300955438,604.2149999999999,8.929800787566679,622.0746015751333,586.3553984248665
2023-08-24,595.0,600.0,591.1,592.5,43106,600.496514892244,602.6190688418941,41.08869678645609,597.7305988843707,601.4429613933529,-3.71236250898221,-2.233014190899141,-1.4793483180830687,602.9399999999999,8.674791063787401,620.2895821275747,585.5904178724252
2023-08-27,592.5,595.0,589.1,590.0,45941,599.4968468072684,602.1242033971139,39.15866536495494,596.5412759790829,600.5953346234749,-4.054058644391944,-2.597223081597702,-1.4568355627942418,601.64,8.562058286745726,618.7641165734915,584.5158834265085
2023-08-28,596.0,596.0,590.0,590.1,25988,598.6019090161001,601.6526660089918,39.28152452617569,595.5503104438394,599.8179024291434,-4.267591985303966,-2.931296862338955,-1.3362951229650109,600.395,8.324186383529527,617.043372767059,583.7466272329409
2023-08-29,592.1,596.0,588.1,590.0,29237,597.7826795859953,601.1956987145215,39.19628551371182,594.6964165294025,599.0906503973549,-4.39423386795238,-3.22388426346164,-1.17034960449074,599.34,8.23263083872267,615.8052616774454,582.8747383225547
2023-08-30,596.0,596.0,586.2,587.3,51037,596.7843291492338,600.6507693531678,36.86995644666087,593.5585062941099,598.2172688864397,-4.658762592329822,-3.5108599292352767,-1.1479026630945453,598.0550000000001,7.990420251141221,614.0358405022826,582.0741594977176
2023-09-03,587.3,590.0,583.0,584.0,46707,595.5667739921639,599.9977980059847,34.19838558302621,592.0879668642468,597.1641378578145,-5.076170993567644,-3.8239221421017504,-1.2522488514658932,596.605,7.763712825863786,612.1324256517275,581.0775743482725
2023-09-04,584.0,587.0,575.3,584.0,66419,594.4651764691007,599.370433378299,34.19838558302621,590.8436642697473,596.1890165350134,-5.345352265266115,-4.128208166734623,-1.2171440985314916,595.205,7.35530420855446,609.915608417109,580.4943915828911
2023-09-05,586.0,589.9,580.6,581.8,27803,593.2589691863292,598.6813967752284,32.38410647248824,589.4523313051707,595.1231634583456,-5.670832153174956,-4.43673296402269,-1.234099189152266,593.7950000000001,7.067157174330934,607.9293143486619,579.6606856513382
2023-09-07,585.0,585.0,576.5,577.2,51168,591.729543549536,597.8389890585528,28.928358082142097,587.5673572582214,593.7955217206904,-6.228164462469067,-4.795019263711966,-1.4331451987571011,592.655,7.813111449780999,608.281222899562,577.028777100438
2023-09-10,578.9,582.0,577.0,580.0,51489,590.6124441638658,597.1394208601782,33.574874363391515,586.4031484492642,592.7736312228615,-6.370482773597246,-5.110111965689022,-1.2603708079082239,591.505,7.902462973846608,607.3099259476932,575.7000740523068
2023-09-11,587.0,589.0,578.3,588.7,70550,590.43030662445,596.808463179387,45.49798509438628,586.7565102263005,592.4718807619088,-5.715370535608258,-5.2311636796728695,-0.4842068559353887,590.615,7.0848448335991066,604.7846896671982,576.4453103328018
2023-09-12,598.0,599.0,583.0,584.0,42149,589.8178964697405,596.3061705056855,41.19594053776184,586.3324317299466,591.8443340388044,-5.5119023088577705,-5.2873114055098505,-0.2245909033479201,589.6400000000001,6.539064797158743,602.7181295943176,576.5618704056826
2023-09-13,581.0,590.0,581.0,588.0,40108,589.6447634726223,595.9804383289919,45.88561089659941,586.5889806945702,591.5595685544484,-4.970587859878265,-5.223966696383533,0.25337883650526827,588.9,5.7627661486997654,600.4255322973995,577.3744677026004
2023-09-17,599.7,608.0,590.0,593.0,72674,589.964309808563,595.8635583945216,51.13193207004106,587.575291356944,591.6662671800448,-4.0909758231007345,-4.997368521726973,0.906392698626239,588.6,5.350750070427458,599.301500140855,577.8984998591451
2023-09-18,592.0,592.0,585.0,591.1,36430,590.0724707791761,595.6767521829718,49.18071653157385,588.1175542251065,591.6243214630044,-3.506767237897975,-4.699248264961174,1.1924810270631987,588.5550000000001,5.3243704842001405,599.2037409684003,577.9062590315998
2023-09-19,592.0,598.0,586.0,589.0,31416,589.9703307049689,595.4149187640318,47.04390233975964,588.2533151135516,591.4299272805597,-3.176612167008102,-4.394721045370559,1.2181088783624574,588.355,5.2227714965958,598.8005429931916,577.9094570068085
2023-09-21,591.0,603.0,591.0,593.0,38690,590.258870637829,595.3202160674031,51.377371592586655,588.9835743268513,591.5462289634811,-2.562654636629759,-4.0283077636224,1.465653126992641,588.4100000000001,5.267667015849047,598.9453340316982,577.874665968302
2023-09-24,593.0,598.0,586.8,592.0,51424,590.4246924818453,595.1900115157403,50.26985043834033,589.4476398150281,591.5798416328529,-2.132201817824807,-3.6490865744628818,1.5168847566380745,588.4350000000001,5.284264127464802,599.0035282549296,577.8664717450705
2023-09-25,591.1,598.9,588.0,595.0,50135,590.8604360550029,595.1825600837504,53.50777284314953,590.3018490742545,591.8331866970859,-1.5313376228314155,-3.2255367841365885,1.694199161305173,588.485,5.3440842847484635,599.173168569497,577.7968314305031
2023-09-26,603.0,603.0,592.0,594.0,23327,591.1594421450026,595.1361851785053,52.28571118124063,590.8707953705231,591.9936913861907,-1.1228960156676067,-2.8050086304427926,1.682112614775186,588.235,4.926969283056271,598.0889385661126,578.3810614338875
2023-09-27,600.0,604.0,590.0,591.5,30539,591.191876226431,594.9935896813091,49.25692750792013,590.9675960827503,591.9571216538802,-0.9895255711298887,-2.441912018580212,1.4523864474503232,588.1850000000001,4.88631547771519,597.9576309554304,578.4123690445697
2023-10-01,590.0,591.5,584.0,585.0,37802,590.6021737286756,594.6016842036108,42.38259123343652,590.0495043777119,591.4417793091484,-1.392274931436532,-2.231984601151476,0.839709669714944,587.9350000000001,4.916382388491014,597.7677647769821,578.102235223018
2023-10-02,583.0,588.4,579.5,583.0,44667,589.8781571830874,594.1467161956261,40.509241395091905,588.9649652426792,590.8164623232856,-1.8514970806063502,-2.155887097042451,0.30439001643610064,587.58,5.00732095618866,597.5946419123774,577.5653580876227
2023-10-03,585.0,589.0,582.1,584.0,47601,589.31833268946,593.748805756582,41.89223521437579,588.2011244361132,590.3115391882274,-2.1104147521141385,-2.1467926280567884,0.03637787594264985,587.28,5.03436610763013,597.3487322152603,577.2112677847397
2023-10-04,586.8,586.8,580.5,583.8,47450,588.7927771952258,593.3586565112258,41.6835220613514,587.5240283690189,589.8292029520624,-2.305174583043481,-2.178469019054127,-0.12670556398935418,587.105,5.0941116678575655,597.2932233357152,576.9167766642848
2023-10-05,580.2,584.6,580.0,581.7,54791,588.1172746052042,592.9014542950993,39.46045600391783,586.6280240045545,589.2270397704281,-2.5990157658735598,-2.2625783684180134,-0.33643739745554635,586.99,5.192900011237265,597.3758000224746,576.6041999775255
2023-10-08,593.3,593.3,574.5,575.0,92585,586.8680103570896,592.1994364796052,33.34940104129788,584.8390972346231,588.1731849726186,-3.33408773799556,-2.4768802423335226,-0.8572074956620375,586.5400000000001,5.817975773897307,598.1759515477947,574.9040484522054
2023-10-09,579.0,580.0,571.0,571.8,61332,585.4329617516524,591.3994585784442,30.888937579016286,582.8330822754504,586.9603564561284,-4.1272741806780004,-2.8069590300024183,-1.3203151506755821,586.04,6.621050958108329,599.2821019162167,572.7978980837833
2023-10-10,572.0,575.0,568.0,569.0,60468,583.8679177753046,590.521048438113,28.88107073430541,580.7049157715348,585.6299596816003,-4.925043910065483,-3.2305760060150313,-1.6944679040504518,585.63,7.404770866093127,600.4395417321863,570.8204582678137
2023-10-11,570.0,570.9,566.5,567.0,58358,582.2614494157518,589.5986543817164,27.505725612621276,578.5964671912988,584.2499626681484,-5.653495476849685,-3.7151599001819617,-1.9383355766677228,584.98,8.425250269615633,601.8305005392313,568.1294994607688
2023-10-12,570.0,570.0,560.5,566.9,50839,580.7984542332993,588.7085110726296,27.43537562917946,576.7970107003297,582.9647802482856,-6.167769547955913,-4.205681829736752,-1.962087718219161,583.89,9.284956707116537,602.459913414233,565.320086585767
2023-10-16,578.0,578.0,566.5,568.0,30777,579.5795538301279,587.8964125991931,29.569305928882983,575.4436244387405,581.8562780076718,-6.412653568931319,-4.647076177575666,-1.7655773913556523,583.0899999999999,9.941084342018964,602.9721686840378,563.207831315962
2023-10-17,579.0,580.0,570.0,572.1,37883,578.8672153701157,587.2769454384404,37.00524043779915,574.9292206789343,581.1335907478442,-6.204370068909952,-4.958534955842524,-1.2458351130674288,582.295,10.161095827786067,602.6171916555721,561.9728083444278
2023-10-18,583.0,589.9,573.0,589.5,27895,579.8798615253427,587.3641240486977,57.508589661023834,577.1708790360213,581.7533247665224,-4.5824457305010355,-4.883317110774226,0.3008713802731906,582.12,9.995820179106396,602.1116403582128,562.1283596417873
2023-10-19,596.5,596.5,586.0,590.0,66181,580.8436842372148,587.4674917330625,57.93230534379785,579.1445899535565,582.3641895986318,-3.2195996450752773,-4.550573617634436,1.3309739725591587,582.0649999999999,9.946714612340422,601.9584292246808,562.1715707753191
2023-10-29,590.0,590.4,579.2,581.0,37365,580.8585714527183,587.2138646062757,48.54800372996519,579.4300376530093,582.2631385172517,-2.8331008642423967,-4.2070790669560285,1.3739782027136318,581.665,9.81311018889256,601.2912203777851,562.0387796222149
2023-10-30,575.0,580.0,572.0,580.0,39951,580.7768027429355,586.9309679550493,47.62488563033213,579.517724167931,582.0954986270849,-2.577774459153943,-3.8812181453956116,1.3034436862416685,581.015,9.446485004898317,599.9079700097966,562.1220299902034
2023-10-31,579.0,585.0,575.0,578.0,25726,580.5123453388464,586.5807339175964,45.75117375564998,579.2842281420955,581.7921283584119,-2.507900216316443,-3.606554559579778,1.0986543432633349,580.3149999999999,9.102068879938122,598.5191377598762,562.1108622401237
2023-11-01,575.0,580.0,575.0,577.6,18731,580.2349791160991,586.2285482737691,45.3667403506229,579.0251161202347,581.4816003318629,-2.456484211628208,-3.3765404899894644,0.9200562783612565,579.4449999999999,8.431424615866149,596.3078492317322,562.5821507682676
2023-11-02,582.0,582.0,572.0,572.9,36808,579.5364096764706,585.7058601061703,41.006647909382146,578.0827905632755,580.8459262332063,-2.7631356699308753,-3.253859525977747,0.49072385604687163,578.39,7.811657954647226,594.0133159092944,562.7666840907056
2023-11-05,572.0,573.0,564.0,566.0,50715,578.247227802521,584.9330812784774,35.59766564929771,576.2238997073869,579.7462279937097,-3.522328286322818,-3.307553278046761,-0.21477500827605667,577.115,7.638357153236867,592.3917143064738,561.8382856935262
2023-11-06,570.0,577.0,567.0,568.0,29139,577.271301345138,584.2690388753998,38.14452534054159,574.9586843677889,578.8761370312126,-3.91745266342366,-3.429533155122141,-0.48791950830151887,576.265,7.660580917946487,591.586161835893,560.943838164107
2023-11-07,577.8,577.8,567.0,569.9,32456,576.569272645601,583.7055471547959,40.549801828611095,574.1804252342829,578.2112379918634,-4.03081275758052,-3.549789075613817,-0.4810236819667031,575.6099999999999,7.614314773772546,590.838629547545,560.3813704524548
2023-11-08,571.0,575.0,568.0,571.5,28864,576.0864847745914,583.2268982467647,42.57487120010168,573.7680521213163,577.7141092517254,-3.9460571304091445,-3.6290426865728826,-0.31701444383626187,574.9849999999999,7.399379419240583,589.783758838481,560.1862411615188
2023-11-09,571.5,571.5,569.0,569.2,25721,575.4306290817732,582.6768238057151,40.44224662934388,573.065274871883,577.0834344923384,-4.018159620455322,-3.706866073349371,-0.3112935471059508,574.255,7.201496555021551,588.6579931100431,559.8520068899569
2023-11-20,572.0,572.5,562.0,565.0,37308,574.4372358358901,581.9836150290204,36.8156467879142,571.8244633531318,576.1883652706837,-4.363901917551857,-3.838273242189868,-0.5256286753619888,573.42,7.260752462121183,587.9415049242423,558.8984950757576
2023-11-21,566.0,575.0,560.0,561.0,33672,573.1574990896148,581.1607281651372,33.71479981324835,570.1591612988038,575.063301176559,-4.904139877755142,-4.051446569302923,-0.8526933084522188,572.72,7.758228229664821,588.2364564593297,557.2035435406704
2023-11-22,563.0,563.0,558.0,561.0,38556,571.9996420334611,580.3701113743475,33.71479981324835,568.7500595605263,574.0215751634805,-5.271515602954196,-4.295460376033178,-0.9760552269210176,572.1800000000001,8.189505479600765,588.5590109592016,555.8009890407985
2023-11-23,549.9,549.9,505.1,515.0,254979,566.571104696941,577.8065775949614,15.878116703624755,560.4808196281376,569.6496066328524,-9.168787004714773,-5.270125701769498,-3.898661302945275,569.48,15.196834850523926,599.8736697010479,539.0863302989521
2023-11-26,510.0,533.4,499.0,533.4,143911,563.4119518686608,576.0651431794727,31.491079075530067,556.3145396853472,566.9644505859744,-10.64991090062722,-6.346082741541043,-4.303828159086176,567.8,17.20939156086448,602.218783121729,533.381216878271
2023-11-27,540.0,540.0,522.0,526.0,35690,559.8489088335502,574.101804231258,29.148016372615444,551.65076434914,563.9300468388652,-12.279282489725233,-7.532722691177882,-4.746559798547351,565.755,19.58771029848209,604.9304205969642,526.5795794030358
2023-11-28,529.8,529.8,515.5,517.0,32419,555.768060373212,571.8625177908166,26.559712776560715,546.3198775261953,560.4537470730234,-14.13386954682801,-8.852952062307908,-5.280917484520101,563.205,22.398131383535247,608.0012627670706,518.4087372329295
2023-11-29,517.0,520.0,508.9,511.9,46655,551.5901498614776,569.5110465049023,25.19442854848178,541.0245117529346,556.8571732157624,-15.832661462827787,-10.248893942411884,-5.583767520415902,560.1949999999999,25.030223309986564,610.2554466199731,510.13455338002683
2023-11-30,512.0,512.0,507.0,508.9,34128,547.5244213032416,567.1341427203964,24.3998751931598,536.08227917556,553.3047900145948,-17.22251083903484,-11.643617321736476,-5.578893517298363,556.165,26.508494666316228,609.1819893326324,503.1480106673675
2023-12-03,516.0,516.0,505.0,506.0,33642,543.5697145124567,564.7367253588124,23.624274029787884,531.4542362254738,549.8007314949953,-18.346495269521483,-12.984192911293478,-5.362302358228005,551.9649999999999,27.50141192548437,606.9678238509687,496.96217614903117
2023-12-04,498.0,510.0,498.0,502.0,35110,539.610694082699,562.276461619251,22.559102988850526,526.9228152677086,546.25993656944,-19.337121301731372,-14.254778589381058,-5.082342712350314,548.015,28.756368173445644,605.5277363468913,490.5022636531087
2023-12-05,504.0,510.0,502.0,502.1,34084,536.0382470272039,559.9166003792805,22.652995093117028,523.103920611138,542.9888301568889,-19.884909545750816,-15.38080478065501,-4.504104765095805,544.12,29.463065192317693,603.0461303846354,485.19386961536463
2023-12-06,508.0,509.0,500.0,505.0,23989,533.0822235008035,557.763008207544,25.474909838836155,520.3187020555783,540.1748427378601,-19.85614068228176,-16.27587196098036,-3.580268721301401,540.47,29.566554718045648,599.6031094360914,481.33689056390875
2023-12-07,513.5,514.0,501.0,507.6,16317,530.6553450721556,555.7958314150912,28.010784938880263,518.3619786624124,537.7618914239446,-19.399912761532164,-16.900680121090723,-2.4992326404414413,536.97,29.07905920436526,595.1281184087305,478.8118815912695
2023-12-10,516.8,530.0,514.0,528.5,5437,530.4500741129027,554.7254066537151,44.39124638442581,519.9216742528105,537.0758253925412,-17.154151139730743,-16.951374324818726,-0.20277681491201704,534.75,27.860980071181487,590.471960142363,479.02803985763705
2023-12-11,539.0,539.0,520.0,522.0,71048,529.6453051497691,553.4420573731774,41.247765160619274,520.241416675455,535.9590975856863,-15.717680910231365,-16.704635641901255,0.9869547316698899,532.55,26.986985167326704,586.5239703346533,478.57602966534654
2023-12-12,528.0,528.0,520.0,521.2,61512,528.8409903736007,552.1776629663862,40.864218642414805,520.3888910330772,534.8658310978577,-14.476940064780479,-16.2590965264771,1.7821564616966228,530.21,25.75211590694389,581.7142318138879,478.70576818611227
2023-12-13,530.0,530.0,520.0,521.0,62488,528.0942293856388,550.9550095167239,40.76217178650912,520.4829077972192,533.8387324980164,-13.355824700797143,-15.67844216134111,2.3226174605439667,527.7650000000001,24.05063244601057,575.8662648920213,479.66373510797894
2023-12-14,525.0,527.9,521.0,522.8,63175,527.590017063197,549.8508914964602,42.16206969808587,520.839383520724,533.0210486092744,-12.181665088550403,-14.979086746782968,2.7974216582325653,525.33,21.744378583911466,568.8187571678229,481.8412428321771
2023-12-17,515.0,518.9,493.0,513.0,136029,526.2004916286069,548.4057584965991,37.03107245359227,519.6333245175357,531.5380079715504,-11.90468345401473,-14.364206088229322,2.4595226342145917,522.52,19.2669228417499,561.0538456834997,483.9861543165002
2023-12-18,513.7,519.5,510.0,513.0,110278,524.9433019496919,547.0172973790854,37.03107245359227,518.6128130532994,530.1648221958801,-11.552009142580687,-13.801766699099597,2.24975755651891,519.92,16.54968913686261,553.0193782737251,486.82062172627474
2023-12-19,523.2,523.2,514.0,518.0,91419,524.2820350973403,545.8793641485331,41.26087984659096,518.5185341220226,529.2637242554446,-10.745190133421943,-13.190451385964067,2.4452612525421245,517.77,13.431349816575073,544.6326996331501,490.9073003668498
2023-12-20,525.0,528.0,518.6,520.0,145825,523.874222230927,544.8644871231004,42.9127580823885,518.7464519494038,528.577522458745,-9.831070509341203,-12.518575210639495,2.687504701298293,515.72,8.824940733389923,533.3698814667798,498.0701185332202
2023-12-21,520.0,525.0,520.0,523.0,91036,523.7909629708387,544.0070562555278,45.39344149823574,519.4008439571878,528.1643726469861,-8.76352868979825,-11.767565906471246,3.0040372166729963,516.12,8.970689112792323,534.0613782255847,498.1786217744154
2023-12-24,523.0,527.0,515.0,515.0,85406,522.9537284021874,542.8695246376641,40.35719817023983,518.7237910406974,527.1892339323945,-8.46544289169708,-11.107141303516414,2.641698411819334,515.2,7.9957883650972175,531.1915767301945,499.2084232698056
2023-12-27,520.0,520.0,508.0,508.0,70880,521.5295637924553,541.5020922989321,36.5373716928843,517.0739770344362,525.7678091966616,-8.693832162225362,-10.624479475258205,1.9306473130328428,514.3,7.724601846353483,529.7492036927069,498.85079630729297
2023-12-28,499.0,514.0,499.0,506.0,55161,520.0505577169833,540.1098533852486,35.50339869839445,515.3702882599075,524.3035270339459,-8.933238774038387,-10.286231335014243,1.3529925609758564,513.75,7.911583779194542,529.5731675583891,497.92683244161094
2024-01-01,513.0,513.0,505.0,505.9,56006,518.7028855534611,538.7682905073957,35.44938110421745,513.9133208353063,522.9403028092091,-9.02698197390282,-10.03438146279196,1.0073994888891384,513.45,8.097010494487826,529.6440209889757,497.2559790110244
2024-01-02,506.0,510.0,498.0,499.9,97243,516.9121345483695,537.2440438208312,32.27627463725733,511.75742532218226,521.2336137122306,-9.476188390048378,-9.922742848243242,0.44655445819486417,513.0,8.597796535370897,530.1955930707418,495.8044069292582
2024-01-03,500.0,501.5,488.6,496.0,150208,514.92050268662,535.6266303376614,30.373163896107656,509.33320604184655,519.3644571409543,-10.031251099107749,-9.944444498416143,-0.08680660069160595,512.5,9.289269417788876,531.0785388355778,493.9214611644222
2024-01-04,498.0,500.9,495.0,495.5,93743,513.07093100218,534.0530369910864,30.127896651685788,507.2050204969471,517.5967195749577,-10.39169907801056,-10.033895414335026,-0.3578036636755346,512.175,9.776872549163347,531.7287450983266,492.62125490167324
2024-01-07,500.0,500.0,489.5,490.0,97677,510.8736994781629,532.3254669130047,27.49750633286162,504.5580942666476,515.5525181249608,-10.994423858313212,-10.226001103130663,-0.7684227551825487,511.57,10.758257538450962,533.086515076902,490.05348492309804
2024-01-08,495.0,495.0,488.0,488.1,109400,508.7047757183378,530.5911348772006,26.6324621348586,502.02607976408643,513.5189982638526,-11.492918499766176,-10.479384582457767,-1.0135339173084095,510.725,11.904129093476934,534.5332581869538,486.91674181304614
2024-01-09,488.1,495.0,488.1,490.0,123332,506.9233685070676,528.99932566633,29.03662525564154,500.1759136465347,511.776850244308,-11.600936597773284,-10.70369498552087,-0.8972416122524134,509.84499999999997,12.766587764879667,535.3781755297593,484.31182447024065
2024-01-10,495.0,500.0,490.0,492.0,91478,505.50209531591827,527.5483717186308,31.578271509715734,498.918080777837,510.31189837435926,-11.39381759652224,-10.841719507721145,-0.5520980888010953,508.02,12.566773232384124,533.1535464647683,482.88645353523174
2024-01-11,499.0,499.9,490.0,493.0,52810,504.3114195715451,526.1935336120179,32.8728656589618,498.007606812016,509.02953553181413,-11.021928719798154,-10.877761350136549,-0.1441673696616057,506.57,12.541849943309124,531.6536998866183,481.48630011338173
2024-01-14,500.0,501.0,493.5,494.5,66912,503.3769986599694,524.9506499409583,34.863715581178866,497.46797499478276,507.9532736405686,-10.48529864578586,-10.799268809266412,0.3139701634805512,505.23499999999996,12.321708485452987,529.878416970906,480.59158302909395
2024-01-16,500.0,502.0,498.0,501.0,126928,503.1506178352104,524.0114087668031,42.78278117127233,498.0113634571239,507.4382163338598,-9.42685287673595,-10.52478562276032,1.0979327460243695,504.23499999999996,11.77433761687996,527.7836752337598,480.68632476624003
2024-01-17,503.5,512.0,503.0,504.0,111028,503.2315113747142,523.2266476386932,46.04331563151477,498.9326921560279,507.1835336424628,-8.250841486434922,-10.069996795495241,1.819155309060319,503.29499999999996,10.934709343258218,525.1644186865163,481.4255813134835
2024-01-18,507.0,507.0,498.0,498.0,78196,502.73327219617005,522.2373673391367,41.00987268276767,498.78920105510053,506.5032718911692,-7.714070836068686,-9.598811603609931,1.8847407675412455,502.54499999999996,10.746822051705001,524.03864410341,481.05135589658994
2024-01-21,504.0,504.0,492.0,493.0,85324,501.8062938917729,521.0908039140725,37.34595607981442,497.89855473893124,505.5030295288604,-7.6044747899291565,-9.199944240873776,1.59546945094462,501.54499999999996,10.65287087574163,522.8507417514833,480.2392582485167
2024-01-22,495.0,495.0,486.5,489.0,106960,500.58664685446115,519.8323410154813,34.67681784605395,496.5295463175572,504.280582897093,-7.751036579535764,-8.910162708606174,1.15912612907041,500.09499999999997,10.261705767738935,520.6184115354779,479.5715884645221
2024-01-23,489.0,496.0,484.0,484.5,102618,499.0545852492744,518.4467590148743,31.913451486298754,494.6788468840869,502.8153545343454,-8.136507650258466,-8.755431696936633,0.6189240466781669,498.32,9.691917413927172,517.7038348278543,478.93616517214565
2024-01-24,492.0,493.0,484.0,484.9,75048,497.7065295112482,517.1311998378204,32.428908348127905,493.1744089019197,501.48829123550496,-8.31388233358524,-8.667121824266355,0.3532394906811138,496.41499999999996,8.217905675091567,512.8508113501831,479.9791886498168
2024-01-25,492.5,492.5,483.2,488.0,78635,496.7820981292246,515.9887998441804,36.44468254091757,492.3783459939321,500.4891585513935,-8.110812557461372,-8.55585997090536,0.44504741344398724,495.06499999999994,7.152862879219337,509.3707257584386,480.7592742415613
2024-01-28,497.0,497.0,487.7,491.0,62690,496.2314221169175,515.0088469091146,40.15153748330732,492.1662927640964,499.78625791795696,-7.619965153860562,-8.3686810074964,0.7487158536358383,494.215,6.516640642512952,507.2482812850259,481.18171871497407
2024-01-29,492.0,495.0,485.0,488.0,112649,495.44747715340156,513.9496764420905,37.778610561298976,491.52532464654314,498.9132017758861,-7.3878771293429395,-8.17252023186571,0.7846431025227698,493.31499999999994,6.0280288303426355,505.3710576606852,481.2589423393147
2024-01-30,485.0,494.0,485.0,487.0,58884,494.6429555197443,512.892826385538,36.99378280350879,490.8291208547673,498.0307423850797,-7.201621530312366,-7.978340491555041,0.7767189612426755,492.37,5.40000974662578,503.1700194932516,481.56998050674844
2024-01-31,489.0,490.0,484.6,484.6,101519,493.68648356548294,511.78330378218357,35.10866450795767,489.87079456941854,497.03587257877746,-7.165078009358922,-7.815687995115818,0.6506099857568959,491.605,5.360722162708989,502.326444325418,480.88355567458206
2024-02-01,494.2,494.2,480.0,480.6,88972,492.44015179734174,510.56042912405877,32.16662317183399,488.44451848181575,495.8184005359051,-7.373882054089336,-7.727326806910522,0.35344475282118637,490.83500000000004,5.785396770314936,502.40579354062993,479.26420645937014
2024-02-04,480.6,483.9,477.0,477.0,79654,490.9696611499759,509.2443338642918,29.75031037283925,486.68382333076715,494.42444494065285,-7.740621609885693,-7.729985767505557,-0.01063584238013604,489.91,6.441959492713432,502.7939189854269,477.02608101457315
2024-02-05,481.0,481.0,474.9,475.0,65154,489.44874104045437,507.9014188107902,28.470755675096427,484.8863120491107,492.9855971672711,-8.099285118160424,-7.803845637636531,-0.2954394805238927,489.16,7.253050175105877,503.66610035021176,474.6538996497883
2024-02-06,479.0,484.0,475.0,475.0,62626,488.072670465173,506.61116709272,28.470755675096427,483.36534096463214,491.6533307104362,-8.287989745804055,-7.900674459270037,-0.3873152865340179,488.505,7.915107140976059,504.3352142819521,472.6747857180479
2024-02-07,484.5,484.5,474.5,475.1,72757,486.8371780399184,505.37543504986826,28.648710003206034,482.09375004699643,490.4271580652187,-8.333408018222258,-7.987221171060481,-0.3461868471617766,487.76000000000005,8.450126128020012,504.66025225604005,470.85974774396004
2024-02-08,476.0,480.0,475.0,476.5,40791,485.8526848932595,504.24306504791264,31.228281182684114,481.2331731166893,489.39551672705437,-8.162343610365099,-8.022245658921404,-0.1400979514436944,486.985,8.746384215354647,504.4777684307093,469.4922315692907
2024-02-11,486.0,486.0,474.5,475.0,87081,484.8190958558062,503.09627818328863,29.977755248037468,480.27422340642937,488.3291821546799,-8.054958748250556,-8.028788276787235,-0.02617047146332041,486.08500000000004,9.016784057375583,504.1185681147512,468.05143188524886
2024-02-12,476.0,477.0,474.0,477.0,48708,484.07442006001514,502.0728947251204,33.785112979941545,479.7704967285172,487.4899834765555,-7.719486748038321,-7.966927971037452,0.2474412229991314,485.21000000000004,9.006307731133191,503.2226154622664,467.1973845377337
2024-02-13,477.0,479.9,469.1,471.5,83243,482.87685624477564,500.87395767707653,29.09927562318549,478.4981126164376,486.3055402560699,-7.807427639632294,-7.935027904756422,0.12760026512412725,483.735,8.694479494754862,501.12395898950973,466.3460410104903
2024-02-14,471.5,471.5,464.5,465.5,63187,481.221917554797,499.48674365052455,25.022104718608873,476.4984029831395,484.76438912599065,-8.265986142851148,-8.001219552375368,-0.2647665904757801,481.81000000000006,8.220699163535048,498.25139832707015,465.36860167292997
2024-02-15,465.0,466.0,462.0,462.5,51339,479.4388777876735,498.03628311520987,23.26674151254967,474.34480252419496,483.115175116658,-8.770372592463048,-8.155050160392904,-0.615322432070144,480.035,8.372151518763673,496.77930303752737,463.2906969624727
2024-02-18,456.0,465.0,455.5,457.7,65595,477.36850847456174,496.454468091084,20.757601016551277,471.7840636743189,481.2325695524611,-9.448505878142214,-8.413741303942766,-1.034764574199448,478.27,9.177265961430054,496.6245319228601,459.91546807713985
2024-02-20,456.0,460.0,448.0,449.0,90305,474.6667457626987,494.5935085581003,17.14795613939981,468.2788231090391,478.8449718078343,-10.566148698795246,-8.844222782913263,-1.7219259158819824,476.27,10.91069489805317,498.09138979610634,454.4486102038936
2024-02-21,450.0,454.8,448.0,449.0,61605,472.22229378529886,492.8055278303317,17.14795613939981,465.3128503230331,476.6342331554021,-11.32138283236901,-9.339654792804414,-1.9817280395645973,474.495,12.300469610225832,499.09593922045167,449.89406077954834
2024-02-22,450.0,452.9,443.0,445.0,62441,469.62969437717516,490.9308012487501,15.692835977527935,462.18779642718187,474.29095662537236,-12.103160198190494,-9.89235587388163,-2.2108043243088638,472.5,13.682143568611279,499.86428713722256,445.13571286277744
2024-02-25,445.0,445.0,434.0,436.5,68284,466.4744853888727,488.7962600233089,13.140971603689351,458.235827746077,471.49162650497436,-13.255798758897356,-10.565044450884777,-2.690754308012579,469.925,15.355365083338771,500.63573016667755,439.2142698333225
2024-02-26,436.5,440.0,430.1,434.0,63611,463.3816772565991,486.6473870812183,12.497280598100886,454.50723886206515,468.71446898608735,-14.207230124022203,-11.293481585512263,-2.9137485385099406,467.075,16.485970909916766,500.04694181983353,434.10305818016644
2024-02-27,434.0,440.0,432.5,437.8,44089,460.94532704168495,484.73180327411177,18.992633458982027,451.93689442174747,466.42450832045125,-14.487613898703785,-11.932308048150569,-2.555305850553216,464.56500000000005,16.94748157041234,498.45996314082475,430.67003685917535
2024-02-28,442.0,442.0,435.0,435.0,32394,458.47434351390547,482.78153647904855,17.936134280470398,449.33121835686325,464.0967669633808,-14.765548606517541,-12.498956159823964,-2.2665924466935774,461.96500000000003,17.309391275152052,496.58378255030414,427.3462174496959
2024-02-29,435.0,435.0,429.0,429.5,84087,455.71488222686685,480.6920644602624,16.047761313548932,446.2802616865766,461.53404348461186,-15.253781798035277,-13.049921287466226,-2.2038605105690507,459.21000000000004,17.892247659707596,494.99449531941525,423.4255046805848
2024-03-03,429.5,432.0,422.0,424.0,57099,452.6944172528795,478.46884624613443,14.413528513015109,442.8525291194109,458.75374396723316,-15.901214847822246,-13.62017999953743,-2.281034848284815,456.38,18.78486512848207,493.94973025696413,418.81026974303586
2024-03-04,432.4,458.3,432.0,458.3,14359,453.2282822764148,477.67791109922723,49.17475357755895,445.22906310104,458.7201333029937,-13.491070201953676,-13.59435804002068,0.10328783806700415,455.445,18.159482806236507,491.763965612473,419.126034387527
2024-03-05,459.0,459.0,435.0,446.0,85486,452.53987444056577,476.43564007572814,42.507444040152286,445.34766877780305,457.7779012064757,-12.430232428672639,-13.361532917751072,0.9313004890784331,453.995,17.666991969876616,489.32898393975324,418.66101606024677
2024-03-06,448.0,450.0,440.0,442.0,46408,451.5360768747976,475.08522281785645,40.58051575577869,444.83264281198717,456.6091677837738,-11.776524971786614,-13.044531328558183,1.2680063567715685,452.34499999999997,17.134989595024006,486.61497919004796,418.075020809952
2024-03-07,450.0,450.0,442.0,445.5,27778,450.9612124105312,473.9250180014699,43.01471444958131,444.9353131486045,455.7862664664572,-10.850953317852714,-12.60581572641709,1.7548624085643763,450.86499999999995,16.325320179031646,483.51564035806325,418.21435964193665
2024-03-10,448.0,451.0,447.0,449.8,38263,450.85062075238534,472.9789388641573,45.944604295783684,445.68372651035764,455.3428393207937,-9.659112810436056,-12.016475143220884,2.3573623327848274,449.53000000000003,15.16946725638827,479.86893451277655,419.1910654872235
2024-03-12,458.7,470.0,455.0,469.0,62909,452.579133061682,472.82290204595506,56.65973717202934,449.2708455087642,456.3544808525868,-7.083635343822607,-11.029907183341228,3.946271839518621,449.23,14.691031994150801,478.6120639883016,419.84793601169844
2024-03-13,477.0,479.9,467.0,473.0,66733,454.523977531998,472.8298470637608,58.5051606586726,452.921484661262,457.5874822709137,-4.665997609651697,-9.757125268603321,5.091127658951624,449.03000000000003,14.315508704695594,477.6610174093912,420.39898259060885
2024-03-14,480.0,480.0,468.3,471.9,48287,456.17883681466486,472.7933824730251,57.77658650609972,455.8412562518371,458.6476687693645,-2.8064125175274057,-8.366982718388138,5.560570200860733,449.05,14.34879419105916,477.74758838211835,420.35241161788167
2024-03-17,478.0,480.0,462.0,464.0,51485,456.92370949898253,472.44854394467114,52.700666376753944,457.09644759770833,459.04413774941156,-1.9476901517032275,-7.083124205051156,5.135434053347929,448.975,14.261943286814757,477.49888657362953,420.4511134263705
2024-03-18,473.0,473.0,459.0,461.0,36185,457.3119276419366,471.99958143703697,50.87286929377242,457.6969941211378,459.18901643464034,-1.4920223135025594,-5.964903826741438,4.472881513238878,448.9,14.190842117384404,477.28168423476876,420.5183157652312
2024-03-19,460.0,462.0,456.0,460.0,34096,457.56793453318073,471.52900961597675,50.24728206081168,458.0513027178858,459.24908929133363,-1.1977865734478428,-5.0114803760827185,3.8136938026348757,449.01500000000004,14.274979030328572,477.5649580606572,420.4650419393429
2024-03-20,463.0,465.0,456.0,457.0,31882,457.51384553002066,470.9592445329973,48.32728748503226,457.8895638382111,459.0824900845682,-1.1929262463571035,-4.247769550137596,3.0548433037804923,449.4150000000001,14.386187637361497,478.1873752747231,420.6426247252771
2024-03-21,459.9,459.9,449.0,451.0,46500,456.8934792890663,470.17652906111505,44.65237759714607,456.8296309400248,458.4837871153409,-1.654156175316075,-3.729046875173292,2.074890699857217,449.51500000000004,14.39010167845662,478.2952033569133,420.7347966430868
2024-03-25,458.0,458.0,444.4,445.0,33441,455.76076697582187,469.1892141959733,41.27250890837068,455.0096877184825,457.4849880697601,-2.4753003512776104,-3.4782975703941554,1.002997219116545,449.51500000000004,14.39010167845662,478.2952033569133,420.7347966430868
2024-03-26,445.1,448.0,440.0,441.8,40492,454.43117012098173,468.1151273647587,39.552948207592884,452.9774280694852,456.32313710162975,-3.345709032144555,-3.4517798627442353,0.10607083059968048,449.78000000000003,14.185151614146386,478.1503032282928,421.4096967717073
2024-03-27,442.0,447.0,440.0,440.5,30220,453.10439201422156,467.03218119359167,38.84489058744769,451.0578237511029,455.1510528718794,-4.0932291207765275,-3.5800697143506937,-0.5131594064258338,450.105,13.875668784280503,477.856337568561,422.35366243143903
2024-03-28,442.0,444.0,440.0,442.5,32919,452.09444991762905,466.07013487227437,40.606462038701665,449.74123548170246,454.2139378443328,-4.4727023626303435,-3.7585962440066236,-0.7141061186237199,450.34,13.694924146155424,477.7298482923108,422.95015170768914
2024-03-31,443.0,448.0,437.9,440.0,55639,450.94259754452156,465.0477766419891,39.0906844321621,448.24258386913283,453.16105355956745,-4.91846969043462,-3.990570933292223,-0.9278987571423967,450.59,13.443484040918275,477.4769680818365,423.70303191816345
2024-04-01,437.0,439.0,432.0,439.0,44256,449.80520730218615,464.02629520504837,38.472055257824145,446.82064788926624,452.1120866292291,-5.291438739962871,-4.250744494626353,-1.0406942453365176,451.06499999999994,12.812094409518842,476.6891888190376,425.44081118096227
2024-04-02,437.0,440.0,432.0,436.0,26386,448.4904256543589,462.9272248048504,36.60071553366475,445.15593282937914,450.9185987307677,-5.762665901388573,-4.553128775978797,-1.209537125409776,451.66499999999996,11.71163501554633,475.08827003109263,428.2417299689073
2024-04-03,439.0,439.0,432.0,434.0,40271,447.1103851158485,461.7928238321112,35.36567111583409,443.4396354710131,449.6653691951553,-6.225733724142174,-4.887649765611473,-1.3380839585307012,450.45,12.235818859333634,474.9216377186673,425.9783622813327
2024-04-04,434.0,436.0,432.7,434.0,37125,445.86177700957717,460.7029091720284,35.36567111583409,441.987383860088,448.50497147699565,-6.517587616907633,-5.213637335870705,-1.3039502810369283,449.85,12.748973126883753,475.34794625376753,424.3520537462325
2024-04-07,434.0,438.0,430.1,438.0,83715,445.1130363419984,459.81259900841945,40.05735022707816,441.37394018930524,447.72682544166264,-6.352885252357396,-5.441486919168044,-0.9113983331893518,449.65,12.908972807621023,475.467945615242,423.83205438475795
2024-04-09,446.7,446.7,432.0,439.0,51408,444.5308424046652,458.9964186551481,41.206350593911615,441.0087186217198,447.0803939274654,-6.0716753057456,-5.5675245964835565,-0.5041507092620439,449.325,13.099372222824643,475.5237444456493,423.1262555543507
2024-04-10,440.0,442.0,436.0,438.0,46883,443.90885741374467,458.17302968827954,40.37293948618292,440.5458388337629,446.40777215506057,-5.86193332129767,-5.626406341446379,-0.2355269798512909,448.73499999999996,13.34037303196992,475.4157460639398,422.0542539360601
2024-04-14,438.0,446.0,436.6,438.0,37958,443.3461090886261,457.38193048481764,40.37293948618292,440.15417132087634,445.7849742176487,-5.630802896772366,-5.627285652511577,-0.003517244260788921,447.18499999999995,12.64466914930041,472.47433829860074,421.89566170139915
2024-04-15,438.0,439.0,434.1,435.0,33297,442.55124155637606,456.50420772070714,37.71868650790879,439.36122188689535,444.98608723856364,-5.624865351668291,-5.62680159234292,0.0019362406746292748,445.28499999999997,11.35022721778164,467.98545443556327,422.58454556443667
2024-04-16,435.0,435.0,431.0,433.0,33034,441.64159950338785,455.582474084601,36.01859560997475,438.38257236583456,444.09822892459596,-5.7156565587613954,-5.644572585626616,-0.07108397313477965,443.34,9.772754823622732,462.88550964724544,423.7944903527545
2024-04-18,434.0,434.0,429.0,429.9,39409,440.5233519316366,454.5753182381461,33.49828247149168,437.07756123262925,443.0465082635148,-5.968947030885545,-5.709447474678402,-0.2594995562071425,441.63499999999993,8.915644145369056,459.466288290738,423.80371170926185
2024-04-21,437.0,437.0,422.0,428.0,68601,439.33065174767125,453.53314889547374,32.01945257697436,435.6810133506863,441.931952095847,-6.250938745160681,-5.817745728774859,-0.43319301638582264,439.98499999999996,8.165219886201044,456.31543977240204,423.65456022759787
2024-04-22,428.0,435.0,428.0,429.0,30359,438.3467801526549,452.571064625063,33.678955868760454,434.65316514288844,440.97402971837687,-6.320864575488429,-5.918369498117573,-0.40249507737085555,438.43499999999995,7.0291329854297535,452.49326597085945,424.37673402914044
2024-04-24,430.0,435.0,428.5,429.0,35268,437.4566106143068,451.6467091495703,33.678955868760454,433.7834474285979,440.08706455405263,-6.303617125454707,-5.995419023585001,-0.3081981018697064,437.03499999999997,5.821581897561511,448.678163795123,425.39183620487694
2024-04-25,429.0,433.0,427.0,427.3,52043,436.4893143653252,450.69193624174403,32.13243635290358,432.7859939780444,439.1398745870858,-6.353880609041369,-6.067111340676275,-0.2867692683650933,435.85,5.209252901330198,446.2685058026604,425.43149419733965
2024-04-28,435.8,435.8,427.0,427.0,43925,435.5855701400561,449.76284070285215,31.854449722135797,431.89584105834524,438.24062461767204,-6.3447835593268,-6.12264578440638,-0.22213777492041942,434.95,5.098967903875725,445.1479358077514,424.75206419224855
2024-04-29,435.5,435.5,424.5,429.0,51708,434.9583729838603,448.9486116556815,35.839565770258474,431.45032704936904,437.5561339052519,-6.105806855882861,-6.119277998701677,0.01347114281881634,434.31000000000006,4.996198554956045,444.30239710991214,424.317602890088
2024-04-30,437.5,437.5,426.0,431.5,44100,434.6290041282545,448.26435237506655,40.52182846058075,431.4579690417738,437.10753139375174,-5.64956235197792,-6.025334869356926,0.37577251737900585,433.86,4.811214968615464,443.48242993723096,424.23757006276907
2024-05-02,440.1,440.1,427.5,429.5,47931,434.14052754461125,447.5284954191816,38.124812801748625,431.1567430353471,436.5440105497702,-5.387267514423058,-5.897721398370153,0.5104538839470942,433.21000000000004,4.446867614343067,442.10373522868616,424.3162647713139
2024-05-05,430.0,432.0,425.0,426.0,41759,433.3652392070292,446.68424069686074,34.30088332859361,430.363397952986,435.7629727312687,-5.39957477828267,-5.798092074352656,0.3985172960699863,432.51000000000005,4.423608910156962,441.35721782031396,423.66278217968613
2024-05-06,427.0,427.0,423.0,424.0,26747,432.4733116635026,445.7946626303172,32.306802469245866,429.38441365252663,434.89164141784136,-5.507227765314724,-5.73991921254507,0.23269144723034607,431.76000000000005,4.535520628215468,440.831041256431,422.6889587435691
2024-05-07,422.3,430.7,421.9,422.0,38545,431.47585340983574,444.86153860559887,30.40334362167677,428.2483500136764,433.93670501651974,-5.688355002843366,-5.7296063706047295,0.04125136776136351,431.06000000000006,4.911468855275075,440.8829377105502,421.2370622894499
2024-05-08,427.0,427.0,422.0,424.5,18323,430.8114864184228,444.0630468955754,35.51763174765303,427.6716807808031,433.23768983011087,-5.566009049307752,-5.696886906345334,0.13087785703758215,430.58500000000004,5.069026170413548,440.7230523408271,420.44694765917296
2024-05-09,428.0,428.0,419.0,422.7,40811,430.03896390238253,443.22528035065085,33.6029716712125,426.90680681452574,432.45712021306565,-5.550313398539913,-5.66757220478425,0.11725880624433671,430.02,5.293153472624704,440.6063069452494,419.43369305475056
2024-05-12,421.1,425.0,420.0,422.0,44038,429.27334829263185,442.39291641533123,32.8610812745756,426.1519134584448,431.6825187158015,-5.530605257356683,-5.640178815298737,0.10957355794205359,429.21999999999997,5.232348773233646,439.68469754646725,418.7553024535327
2024-05-13,426.0,431.5,422.4,430.8,68228,429.41874369333357,441.938292242181,48.311090659065584,426.86700369560714,431.61714695907546,-4.750143263468317,-5.462171704932652,0.7120284414643354,428.81000000000006,4.722053523016621,438.2541070460333,419.3658929539668
2024-05-14,435.5,435.5,430.0,433.5,35940,429.8074347701589,441.607378820919,51.96359450985016,427.88746466551373,431.75661755469946,-3.8691528891857274,-5.143567941783267,1.27441505259754,428.58500000000004,4.353978821663817,437.29295764332767,419.8770423566724
2024-05-15,440.0,441.0,434.0,434.0,36943,430.20672669681045,441.3090502397065,52.63113439835493,428.82785471697315,431.92279403212916,-3.0949393151560116,-4.733842216457817,1.6389029013018055,428.38500000000005,3.974030831936436,436.3330616638729,420.4369383361272
2024-05-16,442.6,442.6,428.0,431.0,40117,430.28227653520946,440.904773759718,48.29461437463543,429.1620309143619,431.8544389186381,-2.692408004276217,-4.325555374021498,1.6331473697452807,428.18500000000006,3.715865699307072,435.6167313986142,420.7532686013859
2024-05-19,439.6,439.6,432.2,437.0,47893,430.92205972233234,440.75164537698396,56.08754823082524,430.3678723121524,432.23559159133157,-1.867719279179198,-3.833988155053038,1.96626887587384,428.38500000000005,4.078605928051802,436.5422118561037,420.2277881438964
2024-05-20,443.0,463.4,441.0,458.0,97887,433.50091117734826,441.42805144063163,71.99623569787968,434.61896887951355,434.14406628827,0.4749025912435627,-2.9722100057937184,3.447112597037281,429.78999999999996,7.784390589034829,445.35878117806965,414.2212188219303
2024-05-21,460.0,481.0,457.0,480.9,144313,438.0151101128389,442.97597099197947,80.35442603469735,441.73912751343454,437.6074687854352,4.1316587279993655,-1.5514362590351016,5.683094987034467,432.43499999999995,13.80397635315424,460.0429527063084,404.82704729369146
2024-05-22,480.9,515.0,480.9,514.0,307056,445.25176629256856,445.76122703150975,86.58632905515536,452.85618481906,443.2661748013289,9.590010017731117,0.6768529963181422,8.913157021412975,436.68499999999995,22.826860332339237,482.3387206646784,391.03127933532147
2024-05-26,515.0,532.0,507.0,517.0,257882,452.084931407562,448.55490440282307,86.98917477342279,462.72446407766614,448.7279396308601,13.996524446806063,3.340787286415727,10.655737160390336,441.0849999999999,28.932303472262056,498.949606944524,383.2203930554758
2024-05-27,523.9,523.9,500.2,507.9,101039,457.4006522258894,450.8821630536928,79.21746025182864,469.674546527256,453.1110552137593,16.563491313496684,5.985328091831919,10.578163221664765,445.11500000000007,32.32555246404616,509.7661049280924,380.46389507190776
2024-05-29,505.0,522.0,488.5,489.0,124575,460.41011391866186,452.37698018884214,66.02400398282391,472.64769321537045,455.76949556829567,16.878197647074785,8.163902002880493,8.714295644194292,448.21500000000003,33.45021870749851,515.115437414997,381.31456258500305
2024-05-30,485.0,492.0,469.8,478.3,104947,462.113912593075,453.39356920104444,59.93781757561173,473.5172788745442,457.43842182249597,16.07885705204825,9.746893012714045,6.3319640393342045,450.68,33.77463389494216,518.2292677898844,383.1307322101157
2024-06-02,476.0,490.5,476.0,490.0,77895,464.7697304413536,454.82911550688584,63.86073750973896,476.0530821246143,459.85039057638517,16.202691548229154,11.038052719817067,5.164638828412087,453.605,34.5503975908345,522.705795181669,384.504204818331
2024-06-03,496.9,497.0,484.0,484.9,46126,466.6868989707485,456.00836587916484,61.054270852313536,477.4141464131352,461.7059172003566,15.708229212778576,11.97208801840937,3.736141194369207,456.375,34.73640400442199,525.847808008844,386.90219199115603
2024-06-04,493.0,493.0,480.3,483.0,37907,468.240527640201,457.06686133488387,59.99643205943376,478.2735085034221,463.28325666699686,14.990251836425216,12.575720782012539,2.4145310544126772,459.225,34.450221525534815,528.1254430510696,390.3245569489304
2024-06-05,483.0,487.6,479.0,480.0,43444,469.3604773887533,457.9662001060649,58.27942901326919,478.5391225798187,464.521533950923,14.01758862889568,12.864094351389168,1.1534942775065122,462.025,33.704237981228154,529.4334759624563,394.6165240375437
2024-06-06,480.1,485.0,477.0,477.0,40452,470.0880509707768,458.71262363131723,56.53696889740719,478.30233449061586,465.44586476937315,12.856469721242718,12.862569425359878,-0.0060997041171599875,464.775,32.48848986463874,529.7519797292774,399.79802027072253
2024-06-09,486.5,486.5,474.0,474.0,42853,470.4606175449885,459.3121285869518,54.77336258444069,477.6404368766749,466.0795044160862,11.560932460588731,12.602242032405648,-1.0413095718169174,467.25,31.11527802087442,529.4805560417489,405.01944395825114
2024-06-10,483.4,483.4,462.6,468.0,57462,470.22627301689437,459.6528294266792,51.32500121630313,476.1572927418019,466.22176334822797,9.935529393573916,12.068899504639301,-2.1333701110653855,469.515,29.297301384625374,528.1096027692507,410.92039723074924
2024-06-11,477.3,478.1,466.1,478.0,50026,470.96662796766634,460.3723263119075,56.266830657487475,476.4407861661401,467.09422532243326,9.346560843706811,11.524431772452804,-2.1778709287459925,472.31499999999994,27.1116847017838,526.5383694035676,418.0916305964323
2024-06-12,480.0,490.0,480.0,483.0,45437,472.11266339931717,461.25968606438175,58.533726166582156,477.4498959867339,468.27243085410487,9.177465132629038,11.055038444488051,-1.8775733118590132,474.925,25.360825053001243,525.6466501060025,424.20334989399754
2024-06-13,490.0,490.0,479.0,479.1,63580,472.77812402795365,461.95930621871975,56.09144066657894,477.703758142621,469.07447301306007,8.629285129560913,10.569887781502624,-1.9406026519417114,477.20500000000004,23.41579482676028,524.0365896535207,430.3734103464795
2024-06-16,488.6,488.6,473.2,475.0,48170,472.98973126338666,462.4707059748484,53.56129646801016,477.28779535144855,469.51340093801855,7.774394413430002,10.010789107888101,-2.236394694458099,479.255,21.11600727311878,521.4870145462376,437.02298545376243
2024-06-18,483.0,483.0,468.7,469.0,43382,472.60975685734985,462.72675672093277,50.006404668119025,476.0127499127642,469.47537123890606,6.537378673858143,9.316107021082109,-2.778728347223966,481.15500000000003,18.02958022690499,517.21416045381,445.09583954619006
2024-06-19,469.0,475.0,469.0,472.0,29603,472.5516847756975,463.0904133201119,51.73142597049081,475.3954037723389,469.66238077676485,5.733022995574061,8.5994902159805,-2.86646722040644,482.90500000000003,14.954579478170821,512.8141589563417,452.9958410436584
2024-06-20,481.4,481.4,469.6,470.1,51724,472.3181909875358,463.3652990722644,50.541967547142846,474.58072626890214,469.694797015523,4.885929253379118,7.856778023460224,-2.9708487700811066,483.51000000000005,14.115198975068303,511.74039795013664,455.27960204986346
2024-06-23,469.0,469.0,465.0,466.0,53680,471.7164585125324,463.46862067727363,47.97833975542355,473.2606145352249,469.42110834770654,3.8395061875183387,7.053323656271847,-3.2138174687535086,482.76500000000004,14.643528299325213,512.0520565986504,453.4779434013496
2024-06-24,464.0,467.0,461.1,461.1,45036,470.70536722562457,463.37573359189037,45.03811875706103,471.3897507605749,468.80472995158016,2.5850208089947273,6.159663086816424,-3.574642277821697,480.12000000000006,13.432192281016283,506.98438456203263,453.2556154379675
2024-06-25,462.0,465.0,455.3,458.2,56926,469.51437987080317,463.1727636471104,43.34510150030701,469.3605583358711,468.01919439961125,1.3413639362598246,5.196003256705104,-3.85463932044528,477.18,11.181592015474004,499.543184030948,454.816815969052
2024-06-26,458.8,460.0,455.1,456.0,57007,468.22729607358383,462.8914787982041,42.053603537485074,467.3050878226602,467.1288837033438,0.17620411931642366,4.192043429227369,-4.0158393099109455,474.5849999999999,9.585420672782124,493.7558413455642,455.41415865443565
2024-06-27,456.0,457.0,454.6,456.0,29699,467.0627916856235,462.6212247276863,42.053603537485074,465.56584354225095,466.30452194754054,-0.7386784052895905,3.2058990623239776,-3.944577467613568,472.93499999999995,9.811071887386404,492.5571437747727,453.31285622522716
2024-06-30,456.9,461.0,450.8,452.0,55043,465.6282400965165,462.20470611091434,39.56760891469025,463.47879068959696,465.24492772920416,-1.7661370396072016,2.2114918419377423,-3.977628881544944,471.62,10.769821383481569,493.15964276696315,450.08035723303686
2024-07-01,457.0,458.8,450.0,458.8,31786,464.9779315158959,462.0711882242118,45.469240811303344,462.7589767373513,464.767525675189,-2.008548937837702,1.3674836859826536,-3.3760326238203557,470.06000000000006,10.212603152889784,490.4852063057796,449.6347936942205
2024-07-02,467.9,499.3,466.0,477.1,93437,466.1324142286677,462.6605533918898,57.498382892376526,464.965288008528,465.68104229184166,-0.7157542833136858,0.9508360921233857,-1.6665903754370714,469.66999999999996,9.754734343168103,489.1794686863362,450.16053131366374
2024-07-03,477.0,484.0,469.0,484.0,48855,467.83408906403264,463.4973944353451,60.9923999875095,467.8937052379852,467.0380021220756,0.8557031159095914,0.9318094968806269,-0.0761063809710355,469.71999999999997,9.828936870309017,489.377873740618,450.06212625938196
2024-07-04,485.0,490.0,480.0,487.0,58487,469.65941391507715,464.4190652418022,62.43824677226304,470.8331352013721,468.5166686315515,2.316466569820591,1.2087409114686198,1.107725658351971,470.07,10.32631283869634,490.72262567739267,449.4173743226073
2024-07-07,487.0,490.0,482.0,487.0,59675,471.3108983041175,465.3045920950649,62.43824677226304,473.32034517039176,469.88580428847365,3.4345408819181102,1.653900905558518,1.7806399763595921,470.57,10.905387369769564,492.3807747395391,448.7592252604609
2024-07-08,487.0,490.0,482.0,490.0,79001,473.0908127513444,466.2730394638859,63.98638292342837,475.88644591340847,471.3757447115497,4.510701201858751,2.225260964818565,2.285440237040186,471.37,11.72622342401814,494.8224468480363,447.9175531519637
2024-07-09,490.0,491.9,482.1,490.2,48124,474.7202591559783,467.21135164177275,64.09263569059654,478.08853115749946,472.77013399217566,5.318397165323802,2.8438882049196126,2.474508960404189,472.48,12.420594103957084,497.3211882079142,447.63881179208585
2024-07-10,500.0,500.0,490.0,497.1,82435,476.8516630458851,468.38345549895814,67.63985282342924,481.01337251788414,474.57234628905155,6.441026228832584,3.5633158097022073,2.8777104191303766,473.43500000000006,13.550268010574932,500.53553602114994,446.3344639788502
2024-07-11,507.0,507.0,498.6,507.0,115571,479.7229332319913,469.89782979311667,71.92524872559923,485.0113152074404,476.97439471208475,8.036920495355673,4.458036746832901,3.578883748522772,474.63500000000005,15.380961403134872,505.3969228062698,443.8730771937303
2024-07-14,517.1,547.0,517.0,529.0,138178,484.4159872098969,472.2155619580925,78.68154113396749,491.7788051755265,480.82814325193027,10.950661923596215,5.756561782185564,5.194100141410651,477.13,19.60937208797675,516.3487441759535,437.9112558240465
2024-07-15,539.5,545.0,521.0,524.0,157693,488.1858931899068,474.2463242342458,74.30489007262257,496.7359120715993,484.02605856660205,12.709853504997227,7.1472201267478965,5.5626333782493305,479.58000000000004,22.21691152917626,524.0138230583526,435.1461769416475
2024-07-16,534.4,534.4,514.5,532.9,116735,492.44437955277283,476.5464683819224,76.78072871164908,502.29961790673786,487.6463505246315,14.653267382106378,8.648429577819593,6.004837804286785,482.775,25.031724607837347,532.8384492156747,432.71155078432525
2024-07-17,539.0,543.0,531.0,538.0,138575,496.78301007155636,478.9564107983176,78.08389569410609,507.7919843826243,491.3762504857699,16.41573389685442,10.20189044162656,6.21384345522786,486.075,27.7403918881072,541.5557837762144,430.59421622378557
2024-07-18,538.0,589.0,538.0,567.0,242256,503.47034244569386,482.40910057093265,83.6895847627371,516.9009098622206,496.9780097090462,19.922900153174396,12.146092383936127,7.776807769238269,490.91999999999996,32.803427292064434,556.5268545841288,425.3131454158711
2024-07-21,578.0,584.0,568.0,577.0,248449,510.4731669746754,486.1185476073667,85.10443155114888,526.1469237295712,502.9055645454132,23.241359184158,14.365145743980502,8.876213440177498,496.46999999999997,37.42919069108978,571.3283813821795,421.6116186178204
2024-07-22,580.0,587.0,563.0,574.0,183975,516.5233415485159,489.56487907374446,82.78437428700808,533.5089354634833,508.17181902353076,25.33711643995258,16.55953988317492,8.77757655677766,502.11499999999995,40.22337988625726,582.5617597725145,421.6682402274854
2024-07-23,574.0,580.0,563.0,579.0,185075,522.4734994962763,493.07213871791134,83.58744917555633,540.5075607767935,513.4183509477136,27.08920982907989,18.665473872355914,8.423735956723977,508.15500000000003,42.298207937657544,592.7514158753152,423.55858412468496
2024-07-24,576.0,590.0,570.0,579.0,162758,527.8569757347262,496.4418587681893,83.58744917555633,546.4294745034407,518.2762508775127,28.153223625928035,20.56302382307034,7.590199802857697,514.3050000000001,43.24717788176829,600.7993557635366,427.8106442364635
2024-07-25,579.0,579.0,570.0,575.9,129069,532.4325018552285,499.55786430669167,80.87471611927876,550.9634015029113,522.5446767384376,28.418724764473723,22.134164011351018,6.284560753122705,520.3,43.049371900796544,606.398743801593,434.2012561984069
2024-07-28,587.4,633.4,587.4,633.4,348250,542.0484540594924,504.8065755103508,88.39676246179076,563.6459551178481,530.75618216522,32.88977295262805,24.285285799606427,8.604487153021623,529.37,46.844166069397495,623.058332138795,435.681667861205
2024-07-29,646.0,690.0,643.0,649.0,451587,552.234315577636,510.4612196079841,89.59269784492655,576.7773466381791,539.5149834863148,37.26236315186429,26.880701270058005,10.381661881806288,538.8799999999999,50.8949134052388,640.6698268104775,437.09017318952226
2024-07-30,658.9,658.9,620.0,644.0,331425,560.9739045702421,515.6980345253181,86.51483539490111,587.1192933092284,547.2546143391804,39.864678970047976,29.477496810056003,10.387182159991973,547.225,53.83024854015788,654.8854970803158,439.5645029196843
2024-07-31,656.8,656.8,640.0,649.3,288592,569.3859136587905,520.9373272890311,87.02371778655521,596.6855558770394,554.8135317955374,41.87202408150199,31.9564022643452,9.91562181715679,555.49,56.24753468282108,667.9850693656422,442.99493063435784
2024-08-01,649.3,660.0,638.0,645.0,197788,576.5872552150962,525.8025301404417,84.24600240841609,604.1185472805719,561.4940109217939,42.62453635877796,34.090029083231755,8.534507275546204,563.3900000000001,57.20916286566244,677.808325731325,448.9716742686752
2024-08-05,657.9,700.0,657.0,660.0,314107,584.5313261469919,531.0651760172872,85.93280793084442,612.7156938527917,568.7907508535129,43.924942999278755,36.05701186644116,7.867931132837597,572.0400000000001,58.12259638494072,688.2851927698815,455.79480723011864
2024-08-06,668.0,668.0,624.0,625.0,421596,588.3854855615641,534.7488946048446,67.71419106779999,614.6055871062084,572.9543989384379,41.651188167770556,37.17584712670704,4.4753410410635155,578.7900000000001,55.88966480110028,690.5693296022007,467.0106703977995
2024-08-07,613.0,640.0,608.0,631.5,251049,592.491629793796,538.543055600733,69.0274876969284,617.2047275514071,577.2911101281833,39.913617423223855,37.723401186010406,2.1902162372134484,585.855,52.9554477591193,691.7658955182386,479.9441044817614
2024-08-08,644.1,644.1,628.0,630.0,154915,596.0638555277202,542.1296024399201,68.33666354249965,619.1732310050368,581.1954723409104,37.97775866412633,37.77427268163359,0.20348598249273664,592.5,49.4546682379601,691.4093364759202,493.5906635240798
2024-08-11,640.0,643.0,635.0,639.1,196534,600.1625359536516,545.9323631285506,70.2799204959629,622.2388877734926,585.4846966119542,36.754191161538415,37.570256377614555,-0.8160652160761401,599.105,46.14525664168195,691.3955132833639,506.8144867166361
2024-08-12,645.0,657.9,640.0,646.9,228497,604.6137230056848,549.89187829998,71.87333820460583,626.0329050391091,590.033978344402,35.99892669470705,37.255990441033056,-1.2570637463260041,605.0,44.20820357307299,693.416407146146,516.583592853854
2024-08-13,648.0,658.9,643.0,647.9,208455,608.736225576572,553.735334052922,72.08001179476622,629.3970734946308,594.3203503188907,35.076723175740085,36.820136987974465,-1.7434138122343796,611.1949999999999,40.810724532192104,692.8164490643842,529.5735509356157
2024-08-14,650.0,650.0,640.0,645.0,160074,612.1899183788032,557.3143405606505,70.46300940618991,631.7975237262261,598.0743984434174,33.723125282808724,36.200734646941314,-2.47760936413259,616.8,37.012899600577896,690.8257992011557,542.7742007988442
2024-08-15,657.9,673.0,647.0,660.0,460088,616.7432594855838,561.3412291661152,73.74398210513573,636.1363662298836,602.6614800402014,33.47488618968225,35.6555649554895,-2.180678765807251,622.9,33.19935002534852,689.298700050697,556.501299949303
2024-08-18,670.0,682.0,656.0,662.0,385734,621.0534252488616,565.2886319439147,74.15619002430373,640.1153868099015,607.0569259631494,33.05846084675204,35.13614413374201,-2.0776832869899664,627.65,31.53485123011685,690.7197024602336,564.5802975397663
2024-08-21,675.0,675.0,651.0,658.3,251551,624.6007180823034,568.9361365735651,71.90705571919358,642.9130196083781,610.8527092251384,32.06031038323977,34.520977383641565,-2.4606670004017985,631.7149999999999,29.857561415570153,691.4301228311402,571.9998771688596
2024-08-22,658.3,668.0,652.0,654.0,210335,627.4006496935126,572.271974354994,69.2773295135151,644.6187088993969,614.0488048380911,30.569904061305806,33.730762719174415,-3.1608586578686086,635.7149999999999,26.934233255338057,689.5834665106761,581.8465334893237
2024-08-25,654.0,654.0,636.0,636.9,206816,628.3053497227019,574.8064067332296,59.89628396116156,643.4312152225666,615.7414859611955,27.6897292613711,32.52255602761375,-4.832826766242654,638.61,23.396803650348357,685.4036073006968,591.8163926993033
2024-08-27,625.0,640.0,605.0,605.6,307846,626.142935463397,576.0139986260441,47.27681160323477,637.6110282652487,614.9902647788847,22.620763486364012,30.542197519363807,-7.9214340329997945,639.9399999999999,20.39314642356476,680.7262928471295,599.1537071528704
2024-08-28,617.7,630.0,609.7,616.0,256298,625.1769416097401,577.5820771112973,50.972970105602336,634.2862546859797,615.0650599804488,19.22119470553082,28.277996956597214,-9.056802251066394,641.9449999999999,15.03212262212603,672.009245244252,611.8807547557478
2024-08-29,625.0,625.0,600.0,605.0,155077,623.2553281230981,578.6572897735994,47.203605709571164,629.7806770419828,614.319499981897,15.461177060085788,25.71463297729493,-10.253455917209141,640.525,17.08325973455342,674.6915194691068,606.3584805308932
2024-09-01,614.0,614.0,589.0,595.0,150454,620.5643444923269,579.2981803707131,44.016915895235016,624.4298036509085,612.8884259091639,11.541377741744668,22.87998193018488,-11.338604188440211,637.825,19.734844284860504,677.2946885697211,598.355311430279
2024-09-02,600.0,612.0,585.0,611.7,174550,619.7201212073434,580.5688399640185,50.07809257064572,622.4713723199995,612.8003943603369,9.67097795966265,20.23818113608043,-10.567203176417781,636.21,20.50935345026004,677.2287069005201,595.1912930994799
2024-09-03,615.0,623.0,610.0,610.0,107180,618.7943953780725,581.7230031026844,49.49068341966134,620.5526996553842,612.5929577410527,7.9597419143315165,17.78249329173065,-9.822751377399133,634.245,21.06434940343046,676.373698806861,592.1163011931391
2024-09-04,622.2,622.2,595.0,595.0,139235,616.5282624849227,582.2436696476773,44.527624027726716,616.6215150930175,611.2897756861598,5.3317394068576505,15.29234251475605,-9.9606031078984,631.745,22.62966090404161,677.0043218080832,586.4856781919168
2024-09-05,596.0,598.0,585.0,592.0,92820,614.1922374863586,582.6262708379645,43.58619060181853,612.8335896940918,609.8609034131109,2.972686280980838,12.828411268001009,-9.85572498702017,628.345,23.260594077590525,674.8661881551811,581.8238118448189
2024-09-08,603.8,603.8,585.0,586.0,99880,611.5072624876578,582.7585739423581,41.687807640619475,608.70534512577,608.0934290862137,0.6119160395562631,10.38511222231206,-9.773196182755797,626.395,25.116475511217715,676.6279510224354,576.1620489775646
2024-09-09,588.0,592.0,572.0,573.0,93805,607.8399041555,582.375884768148,37.84201428976961,603.2122151064208,605.4939158205683,-2.2817007141475187,7.851749635020145,-10.133450349167664,623.47,27.75813015089494,678.9862603017899,567.9537396982101
2024-09-10,583.0,583.0,567.5,569.8,97919,604.2170561406905,581.882712816456,36.938677820735684,598.0718743208176,602.8499220560818,-4.778047735264181,5.32579016096328,-10.10383789622746,620.4599999999999,30.171778378588446,680.8035567571768,560.116443242823
2024-09-11,577.0,577.5,560.0,561.5,78865,600.1487650796723,581.0833907452225,34.629614948008324,592.4454321176149,599.7869648667424,-7.341532749127509,2.792325578945122,-10.13385832807263,616.5799999999999,32.544812829475724,681.6696256589514,551.4903743410484
2024-09-12,572.7,572.7,554.0,569.0,91654,597.1822160244654,580.6095322846254,38.37811275756216,588.8384425610589,597.5064489506874,-8.668006389628545,0.5002591852303888,-9.168265574858934,612.685,33.376059415479396,679.4371188309588,545.9328811690411
2024-09-15,574.0,590.0,570.0,571.0,100482,594.6886716411831,580.2326878813068,39.37643581054115,586.0940667824344,595.5430082876735,-9.448941505239077,-1.4895809528635042,-7.959360552375573,608.8399999999999,33.53484283861902,675.9096856772379,541.7703143227619
2024-09-16,571.0,571.0,560.1,561.2,56485,591.4992743420228,579.4863079643928,36.27525332702962,582.2642103543676,592.9990817478458,-10.734871393478215,-3.338639040986447,-7.396232352491769,604.65,34.01085739955677,672.6717147991135,536.6282852008865
2024-09-18,562.0,565.0,550.0,556.0,68886,588.1183910713539,578.5652762795147,34.71302216624572,578.2235626075419,590.2584090257832,-12.034846418241273,-5.077880516437412,-6.95696590180386,599.45,33.03939434898475,665.5287886979695,533.3712113020306
2024-09-22,556.0,578.0,556.0,562.0,55026,585.6309252550345,577.9156576018867,38.02932120817252,575.7276298986893,588.1651935423919,-12.43756364370256,-6.5498171418904425,-5.887746501812118,594.45,30.54800363880019,655.5460072776004,533.3539927223997
2024-09-23,573.2,573.2,555.0,568.0,123568,583.9517895164598,577.5268082841657,41.24348379196438,574.5387637604294,586.6714755022147,-12.132711741785215,-7.666396061869397,-4.466315679915818,589.9350000000001,27.0919540396143,644.1189080792286,535.7510919207715
2024-09-24,567.0,567.0,552.1,553.5,66337,581.0516190863208,576.5845805083161,36.338376180435326,571.3020308742095,584.2143291687173,-12.912298294507764,-8.71557650839707,-4.196721786110693,584.9100000000001,23.690635502803254,632.2912710056066,537.5287289943935
2024-09-25,550.0,560.0,545.1,555.0,50441,578.5705125066712,575.738126370735,37.17083436901157,568.7940261243311,582.0503047858493,-13.256278661518195,-9.623716939021296,-3.6325617224968987,580.8149999999999,21.175886857718506,623.166773715437,538.4632262845629
2024-09-26,555.2,562.0,549.0,550.0,50686,575.8495113155597,574.7287880816866,35.50424565642277,565.9026374898186,579.6762081350457,-13.773570645227096,-10.453687680262457,-3.3198829649646395,578.0350000000001,21.399268925051775,620.8335378501037,535.2364621498965
2024-09-29,550.0,550.0,540.0,541.5,46227,572.5781292855063,573.4256983529931,32.81098148966073,562.1483855683081,576.848340865783,-14.699955297474958,-11.302941203704957,-3.39701409377,574.3100000000001,20.921655866850017,616.1533117337001,532.4666882663
2024-09-30,540.0,550.5,540.0,550.0,49497,570.4278312583152,572.5070435156209,37.885300156748094,560.2794031731837,574.859574875725,-14.580171702541293,-11.958387303472225,-2.6217843990690675,571.5600000000001,20.28020554241207,612.1204110848242,530.9995889151759
2024-10-01,550.0,571.0,550.0,568.0,74522,570.1966092337137,572.3302967110868,47.011667688849826,561.4671873003862,574.3514582182638,-12.884270917877643,-12.14356402635331,-0.7407068915243329,570.21,19.522238331555663,609.2544766631114,531.1655233368887
2024-10-02,571.0,579.3,565.0,565.0,56823,569.7016940685982,572.0428340949658,45.80374812758758,562.0106969464806,573.6587576095035,-11.648060663022875,-12.044463353687224,0.39640269066434897,567.875,16.91762939099048,601.710258781981,534.039741218019
2024-10-06,565.0,574.0,556.0,574.0,84468,570.1110565382554,572.1195856990847,49.95782449799125,563.8552051085605,573.6840348236143,-9.828829715053757,-11.601336625960531,1.772506910906774,566.075,13.833821065184333,593.7426421303687,538.4073578696314
2024-10-07,584.0,593.2,580.0,591.5,69067,572.1480987727073,572.8796019461795,56.878923217152554,568.1082504764743,575.003735947791,-6.895485471316761,-10.660166395031778,3.7646809237150176,565.9,13.465902358036375,592.8318047160727,538.9681952839272
2024-10-08,592.0,600.0,580.0,591.0,65705,573.9435179372114,573.5902057914274,56.637897919643166,571.6300580954783,576.1886443961029,-4.558586300624597,-9.439850376150343,4.8812640755257455,565.85,13.36537159584862,592.5807431916973,539.1192568083028
2024-10-09,595.0,595.0,580.0,593.0,38505,575.7584209908104,574.3513741917635,57.41523641740653,574.9177414654047,577.4339299963915,-2.516188530986824,-8.055118007117638,5.538929476130814,566.2,13.997518577096791,594.1950371541936,538.2049628458064
2024-10-15,593.0,601.0,593.0,600.0,69441,578.0671428012093,575.3572026548316,60.11055770467537,578.776550470727,579.1054907373996,-0.32894026667258913,-6.509882459028629,6.1809421923560395,567.55,15.865271573649263,599.2805431472984,535.8194568527015
2024-10-16,608.0,608.0,601.0,608.0,94498,580.9178911058561,576.6373123546422,62.99334600427801,583.2724657829228,581.2458247568514,2.0266410260713883,-4.802577762008625,6.829218788080014,569.46,18.26790109801057,605.9958021960211,532.9241978039789
2024-10-17,615.0,619.0,602.0,607.1,70872,583.4114252862508,577.8319275564209,62.44658106512962,586.9382402778577,583.1609488489365,3.7772914289212167,-3.0866039238226572,6.863895352743874,571.74,19.986900973555045,611.7138019471101,531.7661980528899
2024-10-20,600.0,606.0,593.0,597.0,100302,584.7055752589889,578.5836166718553,56.51793141790898,588.4862033120335,584.1860637490153,4.300139563018206,-1.6092552264544846,5.909394789472691,573.1400000000001,20.75091374019495,614.64182748039,531.6381725196102
2024-10-21,595.0,597.0,584.0,585.5,112249,584.7812347581328,578.8548473906062,50.62449047644566,588.0267874178744,584.2833923601993,3.743395057675116,-0.5387251696285644,4.282120227303681,573.865,20.92478447352655,615.7145689470531,532.015431052947
2024-10-22,581.5,592.0,577.0,591.0,77275,585.3734981145011,579.3311278850922,53.14114654637733,588.4842047382015,584.7809188520364,3.7032858861650766,0.30967704153016384,3.3936088446349126,575.355,21.036171229584056,617.4273424591681,533.2826575408319
2024-10-23,591.0,607.2,591.0,594.0,63996,586.1950697226439,579.9063777719513,54.503328589372096,589.332788624632,585.4638137518856,3.868974872746435,1.021536607773418,2.8474382649730168,577.255,20.911731157424054,619.0784623148481,535.4315376851519
2024-10-24,590.1,600.0,590.0,591.5,41245,586.7003011776302,580.3610296240316,53.11757761905972,589.666205759304,585.9109386591533,3.755267100150718,1.568282706248878,2.18698439390184,578.73,20.819274976009513,620.3685499520191,537.091450047981
2024-10-27,588.09,599.0,585.1,587.0,33289,586.7288439226178,580.6213814034813,50.622615622506615,589.2560202578726,585.9916098695865,3.2644103882861373,1.90750824265633,1.3569021456298074,579.6800000000001,20.7372180035485,621.154436007097,538.2055639929031
2024-10-28,585.0,594.9,583.5,585.0,51581,586.5641921204636,580.7930919366783,49.509559905290494,588.6012479105076,585.9181572866542,2.6830906238534453,2.062624718895753,0.6204659049576922,581.255,19.820124674321388,620.8952493486428,541.6147506513572
2024-10-29,595.0,595.0,586.1,591.8,38978,587.0628404899433,581.2247353901419,53.2715472101489,589.0933636165834,586.3538493394946,2.7395142770888015,2.198002630534363,0.5415116465544383,583.095,18.94322472965665,620.9814494593134,545.2085505406867
2024-10-30,580.0,583.0,569.0,576.0,215581,586.0092366337582,581.0198438062148,44.90029833297844,587.0789999832629,585.586897536569,1.4921024466938206,2.0568225937662548,-0.5647201470724341,584.395,17.380160346918302,619.1553206938365,549.6346793061634
2024-11-05,570.1,576.0,565.0,567.0,98344,584.1988331448289,580.4700460098927,40.95257869094264,583.9899230627609,584.210090311638,-0.22016724887714645,1.6014246252375746,-1.821591874114721,585.67,14.813617490615718,615.2972349812314,556.0427650187685
2024-11-06,565.0,567.0,562.8,564.6,54129,582.3322776072262,579.8476912644068,39.944017540343395,581.0068579761823,582.7574910292944,-1.7506330531120966,0.9310130895676404,-2.681646142679737,586.4,13.239414838411072,612.8788296768221,559.9211703231779
2024-11-10,565.0,573.0,565.0,570.0,108867,581.1577749779666,579.4615072932536,43.32600513142399,579.3134952106159,581.8124916937911,-2.498996483175233,0.24501117501906577,-2.744007658194299,586.5,13.099939734709201,612.6998794694184,560.3001205305816
2024-11-11,573.0,579.0,568.0,569.0,87145,579.9998916467316,579.0512521052829,42.84482790985253,577.7268036397519,580.8634182349917,-3.1366145952398483,-0.43131397903271707,-2.7053006162071314,586.7,12.781071530746775,612.2621430614936,561.1378569385065
2024-11-12,570.6,572.0,566.0,566.2,58126,578.6856162518047,578.5472814344876,41.45650090576945,575.9534492336362,579.7772391064738,-3.8237898728375512,-1.109809157793684,-2.713980715043867,586.3100000000001,13.297562103450325,612.9051242069007,559.7148757930994
2024-11-13,566.2,570.0,560.2,561.0,48085,577.001271846871,577.8591527507822,38.93333956674492,573.6529185823075,578.3863325059942,-4.733413923686726,-1.8345301109722925,-2.898883812714433,584.7850000000001,14.376196517722295,613.5373930354447,556.0326069645555
2024-11-14,566.0,566.0,557.0,562.0,59666,575.572579290026,577.237225191928,39.693487177267315,571.8601618773372,577.1725300981428,-5.312368220805638,-2.5300977329389616,-2.7822704878666764,583.335,15.157602747565743,613.6502054951316,553.0197945048685
2024-11-17,562.0,570.0,562.0,562.1,62749,574.2894765004997,576.6436085177347,39.774221994552434,570.3585985115931,576.0560463871693,-5.697447875576245,-3.1635677614664184,-2.5338801141098264,581.79,15.686195741558437,613.1623914831168,550.4176085168831
2024-11-19,560.0,568.0,557.0,559.8,84892,572.909526357595,575.9830748503726,38.49765547150285,568.7341987405788,574.8518948029346,-6.117696062355776,-3.7543934216442905,-2.3633026407114857,579.78,15.805115760756294,611.3902315215125,548.1697684784874
2024-11-20,560.0,562.0,552.0,557.0,61578,571.3943333711574,575.238640542515,36.943155822592495,566.9289373958744,573.5295322249394,-6.600594829065017,-4.323633703128436,-2.2769611259365803,577.23,15.11141429865661,607.4528285973132,547.0071714026868
2024-11-21,565.0,565.0,552.2,553.7,56753,569.7091587643805,574.3939879722203,35.14210996013301,564.8937162580476,572.060677986055,-7.166961728007436,-4.892299308104237,-2.2746624199031995,574.56,14.248929784386595,603.0578595687731,546.0621404312268
2024-11-24,564.0,564.7,555.0,558.0,109617,568.5940007868204,573.7510864831137,39.29503589662394,563.8331445260402,571.0191462833843,-7.1860017573441155,-5.351039797952213,-1.8349619593919027,572.6099999999999,13.67332785890914,599.9566557178182,545.2633442821816
2024-11-25,569.1,569.1,542.7,547.6,78417,566.5945721404566,572.7255536798543,33.67822135893873,561.3357376758802,569.2843947068374,-7.948657030957179,-5.870563244553206,-2.078093786403973,570.7149999999999,14.399863851708675,599.5147277034173,541.9152722965825
2024-11-26,547.6,556.0,540.0,545.0,96250,564.5379462223179,571.6382770649581,32.4301870072503,558.8225472642063,567.485550654479,-8.663003390272706,-6.429051273697106,-2.2339521165756,568.415,14.660626647063467,597.7362532941269,539.0937467058731
2024-11-27,545.0,549.5,544.0,548.0,59923,562.9629037249543,570.7112858075087,35.40466746921972,557.1575399927899,566.042176531925,-8.884636539135045,-6.920168326784694,-1.9644682123503507,566.115,14.030278348154457,594.175556696309,538.0544433036911
2024-11-28,545.0,551.0,539.0,540.0,98283,560.775960513054,569.5069216581946,31.431174661504727,554.5179184554376,564.113126418449,-9.59520796301149,-7.455176254030054,-2.140031708981436,563.54,13.850912947313589,591.2418258946271,535.8381741053728
2024-12-01,537.3,540.0,534.1,536.0,79422,558.4163452260965,568.1929247304223,29.63997331305015,551.6690079238318,562.030672609675,-10.361664685843152,-8.036473940392673,-2.325190745450479,560.99,13.998379605487262,588.9867592109746,532.9932407890254
2024-12-02,546.7,546.7,533.0,534.0,80685,556.0909790140873,566.8520257213862,28.757523596290156,548.9506990124731,559.9543264904398,-11.003627477966688,-8.629904647907477,-2.3737228300592115,558.4399999999999,14.039545651681074,586.5190913033621,530.3609086966378
2024-12-03,544.6,544.6,530.2,532.0,62719,553.7966000603648,565.4852796146652,27.86413100537004,546.3428991644004,557.8836356392961,-11.540736474895766,-9.212071013305135,-2.3286654615906315,555.45,12.880932460540471,581.211864921081,529.6881350789191
2024-12-04,542.6,542.6,530.0,530.0,69630,551.5302571974729,564.0937000219332,26.96208433493905,543.8286069852618,555.8181811474964,-11.98957416223459,-9.767571643091026,-2.2220025191435635,553.15,13.123001100933822,579.3960022018676,526.9039977981323
2024-12-05,540.6,540.6,523.0,525.0,61452,549.0035660358088,562.5606137465633,24.80051625775792,540.9318982182984,553.5353529143486,-12.603454696050107,-10.334748253682843,-2.2687064423672645,551.05,14.113170407379831,579.2763408147596,522.8236591852403
2024-12-08,526.0,526.0,513.5,514.5,76545,545.7175121276366,560.6758837957176,20.99409692015793,536.8654523385602,550.6438452910635,-13.778392952503282,-11.023477193446931,-2.7549157590563507,548.545,15.91300279315975,580.3710055863195,516.7189944136804
2024-12-09,505.0,516.9,505.0,510.0,54624,542.315844305957,558.6885942351013,19.605304314398865,532.7323058249356,547.633190084318,-14.900884259382451,-11.798958606634034,-3.1019256527484167,545.545,17.25451809634842,580.0540361926968,511.0359638073031
2024-12-10,510.0,514.0,505.0,508.1,51966,539.0571924672944,556.704727794509,19.032812940121445,528.942720313407,544.7048056336279,-15.762085320220876,-12.591583949351405,-3.170501370869472,542.5,18.242806801596412,578.9856136031929,506.0143863968072
2024-12-11,508.0,529.8,506.1,528.0,70328,538.0041265180283,555.5790521947245,39.09340822869237,528.7976864190367,543.4674126237295,-14.669726204692779,-13.00721240041968,-1.6625138042730985,540.5899999999999,17.6199617659049,575.8299235318098,505.35007646819014
2024-12-12,535.0,538.5,518.3,520.0,56954,536.2894478020256,554.1837952459117,35.30629331075747,527.4441962007234,541.7290857627125,-14.28488956198919,-13.262747832733583,-1.0221417292556065,538.54,17.505078962234215,573.5501579244684,503.5298420755315
2024-12-16,520.0,524.0,509.7,512.9,47147,534.0618813446898,552.564822883327,32.31434963278285,525.2066275544582,539.5935979284375,-14.386970373979239,-13.487592340982715,-0.8993780329965233,536.0849999999999,17.484768559501063,571.054537119002,501.1154628809978
2024-12-17,513.0,518.0,509.1,512.0,53169,531.9607497880527,550.9740455153534,31.944802076462196,523.1748386999262,537.5496277115162,-14.374789011589996,-13.665031675104172,-0.7097573364858238,533.58,17.147091206454633,567.8741824129092,499.2858175870908
2024-12-18,501.8,520.4,501.8,511.8,57475,530.0406783796667,549.43780843632,31.857613352467865,521.4248635153222,535.6422478810335,-14.217384365711382,-13.775502213225614,-0.4418821524857677,531.1800000000001,16.63558645922869,564.4511729184575,497.90882708154265
2024-12-19,512.0,514.0,508.0,508.0,73723,527.9415661530318,547.812796340778,30.1725713626184,519.3594998975802,533.59467396392,-14.23517406633971,-13.867436583848434,-0.36773748249127536,528.73,16.236252484400737,561.2025049688015,496.2574950311986
2024-12-22,497.9,511.0,497.9,502.9,67080,525.5566550908383,546.0515102097672,28.029740785527082,516.8272691441064,531.320994411037,-14.493725266930596,-13.992694320464867,-0.501030946465729,526.19,16.09733224057714,558.3846644811543,493.99533551884576
2024-12-23,502.9,502.9,498.0,501.0,86473,523.2179260345679,544.2847843191881,27.253205471738852,514.3923046603977,529.0749948250342,-14.682690164636483,-14.130693489299192,-0.5519966753372909,523.34,15.189275995369991,553.71855199074,492.96144800926004
2024-12-24,503.0,506.0,499.1,501.0,66517,521.1019330788947,542.587341796867,27.253205471738852,512.3319500972596,526.9953655787353,-14.663415481475795,-14.237237887734514,-0.42617759374128106,521.01,14.842183837056984,550.694367674114,491.32563232588603
2024-12-26,511.0,511.0,498.0,502.0,127622,519.2827013570952,540.9956813342449,28.46293700356101,510.74241931306574,525.1438570173475,-14.401437704281761,-14.270077851043965,-0.13135985323779664,518.86,14.288250601928867,547.4365012038578,490.2834987961423
2024-12-29,504.1,508.9,499.0,502.7,64296,517.7033964659433,539.4938899093726,29.348620412117086,509.50512403413256,523.4813490901365,-13.976225056003955,-14.211307292035963,0.2350822360320084,516.595,12.954027010541353,542.5030540210828,490.6869459789173
2024-12-31,512.7,512.7,498.0,502.0,53222,516.2078348977583,538.0235412854756,28.962460189272605,508.35048956734295,521.8901380464227,-13.539648479079801,-14.07697552944473,0.5373270503649294,514.6949999999999,12.099041936857388,538.8930838737147,490.49691612628516
2025-01-01,502.0,502.9,500.0,501.4,29808,514.7975649074956,536.5873239801629,28.614915855671796,507.28118348005944,520.372350042984,-13.091166562924514,-13.879813736140687,0.7886471732161731,512.965,11.342387894894701,535.6497757897895,490.28022421021063
2025-01-02,502.0,502.0,499.0,499.3,43634,513.321606344877,535.1250759809409,27.37666665056024,506.0533090985118,518.8114352249852,-12.758126126473371,-13.655476214207225,0.8973500877338534,511.23,10.58400481363717,532.3980096272744,490.0619903727257
2025-01-05,502.0,504.0,498.0,499.0,67379,511.95764383584105,533.7084063346296,27.195615569843454,504.96818462181767,517.3439215046159,-12.375736882798208,-13.399528347925422,1.0237914651272142,509.58000000000004,9.711989334964393,529.0039786699289,490.15602133007127
2025-01-06,501.5,501.5,498.0,499.0,102420,510.7235825181419,532.3472923607226,27.195615569843454,504.05000237230723,515.985112504274,-11.935110131966724,-13.106644704733682,1.1715345727669586,508.03000000000003,8.702818660177565,525.4356373203551,490.6243626796449
2025-01-07,499.0,504.0,498.0,500.0,64195,509.70228894498547,531.0787710916746,29.01055626565821,503.42692508426,514.80103009655,-11.374105012289988,-12.760136766244944,1.3860317539549563,506.78000000000003,7.89500841640412,522.5700168328083,490.9899831671918
2025-01-08,510.0,510.0,497.0,498.9,74206,508.6734995216535,529.8168584998443,28.1784116965661,502.73047507129695,513.623176015324,-10.89270094402707,-12.38664960180137,1.4939486577743004,506.0,7.86270343224978,521.7254068644995,490.2745931355004
2025-01-09,499.0,500.0,494.0,495.5,138476,507.4188805195913,528.4710993429877,25.72242736590924,501.6180942910974,512.2807185327074,-10.66262424160999,-12.041844529763095,1.379220288153105,505.275,8.138141194745721,521.5512823894915,488.99871761050855
2025-01-12,505.4,505.4,490.0,490.6,46984,505.81708237486833,526.9859581922823,22.65748303069273,499.9230028616978,510.67473938213647,-10.75173652043867,-11.78382292789821,1.0320864074595413,504.4,8.73715598677257,521.8743119735451,486.92568802645485
2025-01-13,491.0,496.0,489.5,489.5,86269,504.2630745296428,525.5159206161144,22.02307327310305,498.31946395989814,509.10624016864483,-10.786776208746687,-11.584413584067907,0.7976373753212194,502.475,7.403262083300636,517.2815241666013,487.66847583339876
2025-01-15,492.1,494.0,489.0,489.5,52957,502.8570674315815,524.1035315723452,22.02307327310305,496.96262335068303,507.65392608207856,-10.691302731395524,-11.40579141353343,0.7144886821379064,500.95,6.712400151199685,514.3748003023993,487.5251996976006
2025-01-16,490.0,495.0,487.0,489.1,51859,501.54687053333566,522.7308440597042,21.766048809016283,495.75298898903947,506.2795611871098,-10.526572198070312,-11.229947570440807,0.7033753723704947,499.76000000000005,6.590934763217041,512.9418695264342,486.578130473566
2025-01-19,489.0,497.0,485.0,488.2,52392,500.2757400063513,521.3766933122648,21.167454779645283,494.5909906830334,504.9403344325091,-10.349343749475679,-11.053826806247782,0.7044830567721032,498.57,6.410772184405768,511.39154436881154,485.74845563118845
2025-01-20,490.0,495.0,482.2,484.5,82199,498.773288577175,519.9305484764898,18.86989809592565,493.03853057795135,503.4262355856565,-10.387705007705165,-10.92060244653926,0.5328974388340946,497.2049999999999,6.351665757506988,509.9083315150139,484.50166848498594
2025-01-21,484.0,489.0,480.3,483.4,50098,497.3091658555393,518.497977948,18.236164487491052,491.55567971980497,501.94281072745974,-10.387131007654773,-10.813908158762363,0.42677715110758996,495.975,6.53056578513942,509.0361315702789,482.91386842972116
2025-01-22,483.0,488.8,483.0,486.0,62780,496.232102440726,517.2235474402353,24.67546905238561,490.7009597629119,500.7618617846849,-10.060902021773018,-10.663306931364495,0.6024049095914776,495.13,6.679040271454991,508.48808054291,481.77191945709
2025-01-23,490.0,492.0,485.3,488.0,51932,495.4480926844664,516.0775259719908,29.288726592763382,490.2854274916947,499.8165386895231,-9.531111197828409,-10.436867784657279,0.9057565868288702,494.48,6.710212170175393,507.9004243403508,481.0595756596492
2025-01-26,492.0,492.0,482.1,482.2,54531,494.18636957166007,514.7489955417167,24.58607187775138,489.04151556989547,498.5116098977066,-9.470094327811125,-10.24351309328805,0.773418765476924,493.53999999999996,7.056643006888219,507.6532860137764,479.42671398622355
2025-01-27,481.0,483.0,477.2,479.5,62150,492.78766770769244,513.3666819910611,22.75447507119722,487.57359009760387,497.1033424978765,-9.529752400272628,-10.100760954684965,0.5710085544123373,492.41499999999996,7.421042273252516,507.257084546505,477.57291545349494
2025-01-28,478.0,481.0,475.0,476.0,108959,491.1888422117217,511.90132191298034,20.61095386039436,485.7930377748956,495.54013194247824,-9.747094167582645,-10.030027597264503,0.282933429681858,491.08000000000004,7.861940298902412,506.8038805978049,475.3561194021952
2025-02-02,479.0,493.4,476.1,491.4,105241,491.208952477272,511.09734850462814,45.111652947339586,486.6556473479885,495.23345550229465,-8.577808154306126,-9.739583708672829,1.1617755543667023,490.55,7.432609515565446,505.4152190311309,475.6847809688691
2025-02-03,492.0,503.0,491.4,495.9,109341,491.655718908008,510.50137405346624,49.97037052168904,488.077855448298,495.28282916879135,-7.204973720493342,-9.232661711036931,2.0276879905435887,490.275,7.104548209668617,504.4840964193372,476.06590358066273
2025-02-04,500.0,500.0,490.0,493.0,53987,491.78374567867394,509.8150456592127,47.078152161659816,488.83510845625216,495.11373071184386,-6.278622255591699,-8.641853819947885,2.3632315643561856,489.96000000000004,6.817191889884388,503.5943837797688,476.32561622023127
2025-02-05,491.1,493.0,489.5,490.0,70028,491.6138651378479,509.0379850451259,44.22642307467257,489.0143225399057,494.73493584429986,-5.720613304394135,-8.057605716837136,2.336992412443001,489.51000000000005,6.477645771203425,502.4652915424069,476.5547084575932
2025-02-06,494.0,495.0,486.0,486.7,50451,491.1458779818624,508.1619856315915,41.265333247178965,488.6582729183817,494.13975541138876,-5.481482493007036,-7.542381072071116,2.06089857906408,488.895,6.102240744645411,501.0994814892908,476.6905185107092
2025-02-09,495.0,495.0,485.0,486.3,49012,490.68436579311356,507.3046528617252,40.90780800457478,488.29546170016914,493.55903278832295,-5.26357108815381,-7.086619075287655,1.8230479871338447,488.21000000000004,5.5323831355250555,499.27476627105017,477.1452337289499
2025-02-10,486.5,490.0,484.0,490.0,51838,490.6191880985313,506.6260390240104,45.602695100183354,488.55769836168156,493.29540072992864,-4.737702368247085,-6.616835733879542,1.8791333656324571,487.76500000000004,4.955090418244538,497.6751808364891,477.85481916351097
2025-02-11,492.0,492.0,486.0,487.0,29647,490.2745035177188,505.8563904348336,42.64427399823859,488.31805245988437,492.8290747499339,-4.511022290049539,-6.1956730451135416,1.6846507550640029,487.34000000000003,4.609189904885082,496.5583798097702,478.12162019022986
2025-02-12,487.0,487.0,482.1,485.0,51961,489.7721698493647,505.0384927707225,40.74646357430682,487.80758285067134,492.2491432869758,-4.441560436304485,-5.844850523351731,1.403290087047246,487.06000000000006,4.570661589832285,496.20132317966466,477.91867682033546
2025-02-13,488.0,490.0,482.1,485.5,40707,489.3652965303776,504.2722773679491,41.44801325368788,487.4525701044142,491.7492067471999,-4.2966366427857,-5.535207747238525,1.2385711044528254,486.86,4.545720949169177,495.9514418983384,477.76855810166165
2025-02-16,486.8,488.3,482.9,487.0,53350,489.1400301941511,503.5949331574413,43.60520674854403,487.3829439345043,491.3974136548147,-4.014469720310444,-5.231060141852909,1.216590421542465,486.735,4.503481109720595,495.7419622194412,477.72803778055885
2025-02-17,487.0,495.9,485.3,494.0,70310,489.6028844613748,503.2186612689142,52.41574095363936,488.40095255996516,491.59019782853215,-3.1892452685669923,-4.8226971671957255,1.6334518986287332,486.98,4.764628444157366,496.5092568883147,477.4507431116853
2025-02-18,500.0,500.0,494.0,496.0,60431,490.2121335602915,502.9355765132705,54.59823279703144,489.570036781509,491.9168498412335,-2.346813059724525,-4.327520345701486,1.980707285976961,487.37000000000006,5.171592445407876,497.7131848908158,477.0268151091843
2025-02-20,486.1,503.8,486.1,494.9,44322,490.6585970307399,502.62045586569127,53.15420899866438,490.39003112281523,492.1378239270681,-1.7477928042528674,-3.8115748374117624,2.063782033158895,487.89000000000004,5.3862300066519415,498.6624600133039,477.11753998669616
2025-02-23,485.1,495.0,485.1,489.9,84304,490.58634969447894,502.12161445919355,47.06133732133625,490.3146417193052,491.9720591917297,-1.6574174724245267,-3.3807433644143154,1.7233258919897887,488.215,5.296401459613868,498.8078029192277,477.62219708077225
2025-02-24,490.0,495.0,488.5,489.0,63464,490.43526877119524,501.60704134314676,46.03837060187717,490.1123891471044,491.751906659009,-1.6395175119046144,-3.0324981939123754,1.392980682007761,488.36499999999995,5.272797619593361,498.91059523918665,477.81940476081326
2025-02-25,490.0,490.0,488.0,489.0,36470,490.2985765072719,501.1126475649842,46.03837060187717,489.94125235524217,491.54806172130463,-1.606809366062464,-2.7473604283423936,1.1405510622799295,488.41499999999996,5.273895494277247,498.96279098855445,477.8672090114455
2025-02-27,498.7,518.0,498.0,501.8,123140,491.39395017324597,501.1396025624358,60.279604801049445,491.7656750698203,492.3074645567636,-0.5417894869432871,-2.3062462400625723,1.7644567531192852,489.395,5.84802935772117,501.09105871544233,477.69894128455763
2025-03-02,511.8,519.0,506.0,519.0,114489,494.023097775794,501.8400103050854,71.25697310375398,495.9555712129249,494.28468940441076,1.6708818085141388,-1.5108206303472302,3.181702438861369,491.37,8.430277513090337,508.2305550261807,474.5094449738193
2025-03-03,523.0,529.2,515.0,515.0,110922,496.02089798762313,502.356088332337,66.64418839034602,498.8854833340134,495.8191568559359,3.0663264780774853,-0.5953912086622872,3.6617176867397725,493.32,9.166334284264071,511.65266856852816,474.98733143147183
2025-03-04,520.0,520.0,504.0,507.0,116499,497.06652675070666,502.5382025153826,58.48915338187673,500.13387051339595,496.64736745919987,3.4865030541960778,0.22098764390938574,3.265515410286692,494.1,9.645560746043328,513.3911214920867,474.8088785079134
2025-03-05,509.5,509.5,498.5,499.0,66686,497.25066706016315,502.39944947556364,51.67892465974957,499.9594288959504,496.8216365362962,3.137792359654213,0.8043485870583513,2.333443772595862,494.25499999999994,9.700758244934494,513.656516489869,474.85348351013096
2025-03-06,502.0,502.0,498.1,498.1,76130,497.3315559115762,502.23084361377687,50.96004960973544,499.67336291195807,496.91633012620014,2.7570327857579287,1.1948854267982667,1.562147358959662,494.50999999999993,9.733009487540807,513.9760189750815,475.0439810249183
2025-03-09,498.0,502.0,493.0,495.0,53038,497.10950296761655,501.947281119119,48.45956973126351,498.9543840024261,496.77437974648166,2.180004255944425,1.3919091926274985,0.7880950633169266,494.75999999999993,9.675111858476523,514.110223716953,475.4097762830469
2025-03-10,496.0,500.0,490.0,491.0,44625,496.5276455421293,501.51797597719275,45.36635286678003,497.73063261743744,496.34664791340896,1.383984704028478,1.3903242949076944,-0.006339590879216317,494.975,9.533314163905294,514.0416283278106,475.90837167218945
2025-03-11,492.0,495.0,486.1,491.0,45903,496.00120310954554,501.1055063310283,45.36635286678003,496.6951506762932,495.9505999198231,0.7445507564701188,1.2611695872201794,-0.5166188307500605,495.2099999999999,9.36465358902582,513.9393071780515,476.4806928219483
2025-03-12,494.0,494.0,489.0,491.0,39132,495.5248980514936,500.7092119651057,45.36635286678003,495.8189736491712,495.58388881465106,0.23508483452013706,1.055952636680171,-0.820867802160034,495.25999999999993,9.338003843960582,513.9360076879211,476.58399231207875
2025-03-16,494.9,494.9,485.0,491.1,71238,495.1034791894466,500.33238012333686,45.475025538715244,495.09297770314487,495.2517489024547,-0.15877119930985373,0.8130078694821661,-0.9717790687920198,495.465,9.19097240146871,513.8469448029374,477.08305519706255
2025-03-17,491.1,498.0,486.0,490.0,41530,494.6174335523565,499.92718874595107,44.42814835694746,494.3094426718918,494.86273046523587,-0.5532877933440545,0.539748736916922,-1.0930365302609766,495.715,8.95634294495903,513.627685889918,477.8023141100819
2025-03-18,499.8,499.8,488.0,491.4,28929,494.31101130927493,499.5927891872863,46.12798063290611,493.8618361069854,494.6062319122554,-0.7443958052700168,0.28291982847953434,-1.0273156337495513,496.00999999999993,8.695546349490552,513.4010926989811,478.61890730101885
2025-03-19,495.0,496.0,487.0,488.9,49272,493.7956768988678,499.17346412111823,43.56533297940129,493.0984767059107,494.18354806690314,-1.0850713609924583,0.00932159058513582,-1.094392951577594,496.1049999999999,8.601803666449177,513.3086073328983,478.90139266710156
2025-03-20,489.0,490.0,487.0,487.31,36716,493.1779933846899,498.70823023401556,41.968392997953565,492.2079418280783,493.67439635824365,-1.4664545301653789,-0.2858336335649671,-1.1806208966004117,495.77049999999997,8.815395310139715,513.4012906202794,478.13970937972056
2025-03-23,488.0,488.0,482.0,482.62,48632,492.1724702051956,498.07731924444636,37.591213975318354,490.7328738545278,492.8555521835589,-2.122678329031146,-0.6532025726582029,-1.469475756372943,495.10149999999993,9.29188795899167,513.6852759179833,476.51772408201657
2025-03-24,484.5,486.0,476.5,484.03,54964,491.3969968523199,497.5264439799583,39.62978408258415,489.7016624922927,492.2018075773694,-2.5001450850766673,-1.0225910751418958,-1.4775540099347715,494.558,9.616526673571238,513.7910533471425,475.32494665285753
2025-03-25,485.0,485.0,478.0,480.13,78144,490.32394953305135,496.84423049054817,36.11574437165386,488.22909903194,491.30759960867533,-3.078500576735337,-1.4337729754605841,-1.6447276012747527,494.06949999999995,10.101515506430955,514.2725310128618,473.86646898713803
2025-03-26,485.0,485.0,477.0,481.31,49757,489.4654781489512,496.2350449811149,37.90969640162687,487.1646222577954,490.5670366746994,-3.402414416904037,-1.8275012637492747,-1.5749131531547622,493.68500000000006,10.445144679168898,514.5752893583378,472.7947106416623
2025-03-27,490.9,490.9,480.0,485.09,38210,489.0487659442892,495.7979843936202,43.393452501809335,486.84544960274997,490.1613302543513,-3.315880651601333,-2.1251771413196865,-1.1907035102816463,493.48949999999996,10.573253980548818,514.6360079610976,472.3429920389023
2025-03-30,485.0,492.0,484.0,485.96,52866,488.7545977591188,495.4121810840665,44.606083198112955,486.7092265869423,489.8501206058808,-3.140894018938525,-2.328320516843454,-0.8125735020950708,492.69750000000005,10.511056772467441,513.7196135449349,471.67538645506517
2025-04-01,490.0,493.0,483.0,484.56,37377,488.3551122582503,494.9866053552796,43.0094000519977,486.3785763427973,489.45825982026,-3.0796834774627087,-2.478593108967305,-0.6010903684954036,490.9755,8.627543698151143,508.2305873963023,473.7204126036977
2025-04-02,494.2,494.2,484.0,485.26,36189,488.06033966222645,494.605169851151,44.08708416309001,486.20648767467463,489.1472776113519,-2.9407899366772767,-2.5710324745092996,-0.3697574621679771,489.48850000000004,6.5915522291660205,502.67160445833207,476.305395541668
2025-04-03,491.0,494.0,486.1,488.73,42041,488.1241168372525,494.37477103345884,49.213916248984525,486.59472034010935,489.11636815865916,-2.521647818549809,-2.561155543317402,0.03950772476759301,488.575,5.144008778777455,498.8630175575549,478.2869824424451
2025-04-07,490.0,497.0,482.0,486.97,46130,488.01420094799033,494.0843878556762,46.866617129623116,486.6524556724002,488.9573779246844,-2.3049222522842,-2.509908885110762,0.2049866328265617,487.97350000000006,4.5271988260818095,497.0278976521637,478.91910234783643
2025-04-08,485.0,486.0,478.0,484.65,38820,487.6938008577055,493.714411861336,43.89459809008178,486.344385568954,488.63831289322627,-2.2939273242722606,-2.4667125729430617,0.17278524867080103,487.30100000000004,3.8991873647740403,495.0993747295481,479.502625270452
2025-04-09,494.0,494.0,483.2,486.27,26187,487.5582007760193,493.4224741412836,46.44831545783518,486.33294163526875,488.4628823085428,-2.1299406732740636,-2.3993581930092622,0.2694175197351987,486.8645,3.4553337488786786,493.77516749775737,479.9538325022427
2025-04-10,491.0,492.4,484.0,485.97,30292,487.4069435592556,493.1302202533901,46.030480679037794,486.27710446061207,488.2782243597619,-2.001119899149842,-2.319710534237378,0.31859063508753627,486.613,3.3188458679317163,493.2506917358634,479.9753082641366
2025-04-13,495.6,495.6,484.1,486.97,44237,487.3653298869455,492.88864298855134,47.71875858839923,486.38370377436405,488.18131885163143,-1.7976150772673805,-2.2152914428433785,0.4176763655759981,486.4115,3.156860990943397,492.72522198188676,480.0977780181132
2025-04-15,496.0,496.0,486.0,487.96,62586,487.42196513580785,492.69536287135327,49.40613932292501,486.6262108860003,488.1649248626217,-1.538713976621409,-2.079975949598985,0.5412619729775758,486.2595,2.9932476202513176,492.2459952405026,480.2730047594974
2025-04-16,497.0,497.0,488.0,489.31,43376,487.6017779800166,492.56260354306494,51.695619909226274,487.03910151892336,488.24974524316826,-1.2106437242449033,-1.9061095045281686,0.6954657802832653,486.16999999999996,2.8649056198899534,491.89981123977986,480.44018876022005
2025-04-17,490.8,495.6,489.0,494.38,54656,488.2473229343007,492.6338739923565,59.168577669680005,488.16847051601206,488.70383818811877,-0.5353676721067018,-1.6319611380438752,1.0965934659371734,486.389,3.3064687795024352,493.0019375590049,479.77606244099513
2025-04-20,500.0,501.2,490.0,492.09,79228,488.613292178653,492.6125456004994,55.027636321760916,488.7717827443179,488.95466498899884,-0.18288224468096814,-1.342145359371294,1.1592631146903258,486.42350000000005,3.3645947203087565,493.15268944061756,479.69431055938253
2025-04-21,494.9,495.0,490.0,490.87,49104,488.828216733067,492.5442104789112,52.903410650429606,489.09458539903824,489.09654165648044,-0.0019562574422025136,-1.0741075389854757,1.0721512815432732,486.52200000000005,3.468153763411646,493.4583075268233,479.5856924731768
2025-04-22,490.0,494.0,485.0,487.76,31332,488.7264818061082,492.35659438169904,47.83416609315407,488.889264568417,488.9975385708152,-0.10827400239821827,-0.8809408316680243,0.772666829269806,486.54449999999997,3.4749880348651314,493.49447606973024,479.5945239302697
2025-04-23,487.0,488.0,482.0,486.77,65014,488.54015020552646,492.1375122490834,46.312846239350364,488.5632238655836,488.8325357137178,-0.26931184813417985,-0.7586150349612555,0.48930318682707563,486.75200000000007,3.349967164070489,493.451934328141,480.0520656718591
2025-04-24,483.0,489.9,483.0,485.87,30597,488.2858501859525,491.8917274550017,44.91435580818616,488.1488817324169,488.61308862381276,-0.464206891395861,-0.6997334062481766,0.23552651485231557,486.84399999999994,3.2961115847764906,493.43622316955293,480.25177683044694
2025-04-27,490.0,490.0,483.2,485.01,50578,487.973864453957,491.6218557900997,43.560744584527384,487.6659768505066,488.346193170197,-0.6802163196904303,-0.6958299889366274,0.015613669246197115,487.088,2.9336318429250774,492.9552636858502,481.22073631414986
2025-04-28,485.3,487.9,480.6,481.3,45746,487.33825831548495,491.21707713166444,38.210737756587946,486.6865957965825,487.8242529353676,-1.13765713878513,-0.784195418906328,-0.3534617198788019,487.0875,2.9346691287242495,492.95683825744845,481.2181617425515
2025-04-29,480.0,488.0,480.0,481.45,29998,486.77747180924825,490.8340544990502,38.539406063329665,485.88096567403136,487.3520860512663,-1.4711203772349677,-0.921580410572056,-0.5495399666629117,486.9055,3.168614963958875,493.24272992791776,480.56827007208227
2025-04-30,480.0,487.0,478.0,478.18,49915,485.95866497027225,490.33781706771487,34.260964720562725,484.69620172418036,486.672672269691,-1.976470545510665,-1.1325584375597777,-0.8439121079508873,486.5165,3.7203300292670862,493.95716005853416,479.07583994146586
2025-05-04,480.0,487.4,477.0,478.32,44594,485.23117306834155,489.8665301238829,34.59573860903113,483.715247612768,486.0539558052694,-2.3387081925014286,-1.373788388548108,-0.9649198039533207,486.2045,4.131930191280342,494.46836038256066,477.94063961743933
2025-05-05,478.0,481.0,477.0,478.25,39597,484.5662994427852,489.41097992294635,34.50113312830334,482.87444028772677,485.4758850048791,-2.601444717152333,-1.6193196542689532,-0.9821250628833798,485.854,4.49742078135475,494.8488415627095,476.8591584372905
2025-05-06,478.0,484.0,475.1,476.94,39968,483.839985210139,488.9219218867524,32.69900302917797,481.96144947423033,484.8435972267399,-2.8821477525095816,-1.871885273917079,-1.0102624785925025,485.26450000000006,4.85877878855797,494.982057577116,475.5469424228841
2025-05-07,477.0,485.0,474.1,483.31,66388,483.78951042822104,488.70184651864446,47.15399259981559,482.1689187858872,484.72999743216656,-2.561078646279384,-2.00972394838954,-0.551354697889844,485.08149999999995,4.860086933415028,494.80167386683,475.3613261331699
2025-05-08,490.0,490.0,480.5,482.64,54724,483.68003324458095,488.46412704732506,46.03405060594285,482.2413928188276,484.57518280756165,-2.333789988734054,-2.074537156458443,-0.25925283227561113,484.98099999999994,4.890168332086435,494.7613366641728,475.2006633358271
2025-05-11,490.0,490.0,484.5,485.65,44892,483.8676491260494,488.3537691239006,51.596087920672005,482.76579392362333,484.6547988958904,-1.8890049722670597,-2.0374307196201666,0.14842574735310698,484.95,4.883527629246581,494.71705525849313,475.18294474150684
2025-05-13,488.0,493.6,481.0,487.41,65061,484.20501587594947,488.31675857002216,54.5460508198024,483.48028716614283,484.85888786656517,-1.3786007004223393,-1.9056647157806013,0.527064015358262,485.02200000000005,4.909901489025057,494.84180297805017,475.2021970219499
2025-05-14,490.0,490.0,482.0,483.85,25028,484.17120484014475,488.14159156727624,48.153347005533,483.53716606365936,484.78415543200475,-1.246989368345396,-1.7739296462935603,0.5269402779481642,484.8660000000001,4.894291411573716,494.6545828231475,475.0774171768527
2025-05-15,485.0,486.0,481.5,482.11,47247,483.9748996172739,487.905058564638,45.35543203309127,483.3176020538656,484.58606984444884,-1.2684677905832586,-1.6728372751515002,0.4043694845682415,484.57349999999997,4.874419020747545,494.3223380414951,474.82466195850486
2025-05-18,483.0,485.0,479.0,480.49,37266,483.64300441562875,487.61427195426006,42.858561233090434,482.8825863532709,484.28265726337855,-1.4000709101076723,-1.6182840021427347,0.21821309203506245,484.1325,4.822044636255062,493.77658927251014,474.48841072748985
2025-05-19,488.0,488.0,479.9,482.58,42039,483.54176589985457,487.41684952468125,46.91855575780805,482.8360346066138,484.1565345031283,-1.320499896514491,-1.558727181017086,0.238227284502595,483.5424999999999,4.181583526587272,491.90566705317445,475.17933294682535
2025-05-20,482.6,489.0,481.0,488.16,43243,483.981597718916,487.4459926805761,55.92303421273236,483.6551062055963,484.45308750289655,-0.7979812973002254,-1.406578004273714,0.6085967069734886,483.3459999999999,3.836915427834254,491.0198308556684,475.6721691443314
2025-05-21,497.9,527.0,492.5,494.21,91325,484.9557312694954,487.7112478695731,63.210066510200605,485.27893602012,485.1758217619412,0.10311425817877762,-1.1046395517832155,1.207753809961993,483.51300000000003,4.233790264095796,491.98058052819164,475.04541947180843
2025-05-22,499.5,503.0,494.6,499.55,71455,486.34566162478154,488.17551265900164,68.20637869598802,487.47448432471697,486.24057570550116,1.2339086192158106,-0.6369299175834103,1.870838536799221,484.10249999999996,5.490531443008747,495.08356288601743,473.1214371139825
2025-05-25,509.5,510.0,495.0,496.75,108411,487.33655099385,488.511767064531,63.348378535373534,488.90148673629903,487.01905157916775,1.8824351571312832,-0.1330569026404716,2.0154920597717547,484.60149999999993,6.158590299251589,496.9186805985031,472.28431940149676
2025-05-26,506.6,516.0,496.1,498.07,87620,488.3587842325309,488.8865997286671,64.62746328832827,490.31202723840687,487.83764035108123,2.474386887325636,0.38843185535274993,2.085955031972886,485.2115,6.855600303887835,498.92270060777565,471.50029939222435
2025-05-27,498.0,498.1,493.6,496.48,33750,489.13223335324227,489.1843801314644,61.828466001218324,491.2609461248058,488.47781513989,2.783130984915772,0.8673716812653544,1.9157593036504177,485.785,7.3030141578545855,500.3910283157092,471.17897168429084
2025-05-28,501.9,501.9,494.0,500.42,66059,490.20725874817157,489.6249926753286,65.78312867961696,492.67003133637417,489.3624214258241,3.3076099105500703,1.3554193271222976,1.9521905834277726,486.741,7.911136653998905,502.5632733079978,470.91872669200217
2025-06-02,510.4,510.4,500.1,500.78,73634,491.21418648644095,490.0624439429628,66.12842833351661,493.9177188230858,490.2081679868742,3.7095508362116334,1.826245628940165,1.8833052072714684,487.7075,8.396590708535538,504.50068141707106,470.9143185829289
2025-06-03,505.9,505.9,495.0,497.45,54808,491.80807348773226,490.3521520236309,60.0879712410041,494.4611466964572,490.74459998784647,3.7165467086107355,2.204305844874279,1.5122408637364564,488.671,8.351263314476277,505.37352662895256,471.9684733710474
2025-06-04,499.0,499.0,490.0,491.11,48051,491.74159029842446,490.38187155211597,50.609406977221,493.94558566623306,490.77166665541336,3.173919010819702,2.3982284780633636,0.7756905327563386,489.31050000000005,7.999193034980139,505.30888606996035,473.31211393003974
2025-06-05,498.0,498.0,489.0,492.37,47113,491.80143884143166,490.45983737360166,52.222446094910396,493.703187871428,490.89006171797536,2.813126153452629,2.4812080131412166,0.3319181403114122,490.0165,7.583957635786252,505.1844152715725,474.8485847284275
2025-06-08,490.0,495.0,489.0,489.65,50694,491.59653990415245,490.4280790452251,48.53726367916093,493.0796205065929,490.7982052944216,2.2814152121712823,2.44124945294723,-0.15983424077594766,490.65199999999993,6.935318153847331,504.5226363076946,476.78136369230526
2025-06-09,489.9,494.9,489.0,490.93,29647,491.5330599132808,490.4477622199222,50.31415240493311,492.7489096594247,490.80796786520517,1.9409417942195546,2.341187921201695,-0.40024612698214046,491.033,6.716606364301754,504.4662127286035,477.5997872713965
2025-06-10,494.9,494.9,490.0,491.77,38403,491.5556256358255,490.49961468188604,51.49769458229231,492.5983081733594,490.8792295048196,1.7190786685397939,2.2167660706693146,-0.4976874021295208,491.4895,6.419854462223922,504.32920892444787,478.6497910755522
2025-06-11,495.0,495.0,490.0,490.34,39951,491.4398517657469,490.49335528259644,49.34284643772121,492.2508761466887,490.8392865785367,1.41158956815201,2.055730770165854,-0.6441412020138437,491.724,6.279448014656052,504.2828960293121,479.1651039706879
2025-06-12,493.0,493.0,488.3,489.44,53316,491.2493896928186,490.4520472322985,47.98203271300437,491.8184336625828,490.7356357208673,1.0827979417154552,1.8611442044757742,-0.778346262760319,491.82550000000003,6.222192433906015,504.26988486781204,479.38111513218803
2025-06-15,495.0,495.0,490.0,490.73,43276,491.1999240077883,490.46294734083585,50.106032204335165,491.6509823298777,490.7352182600623,0.9157640698153955,1.6720681775436985,-0.756304107728303,492.16949999999997,5.941923731581003,504.05334746316197,480.285652536838
2025-06-16,497.0,497.0,489.0,490.59,48455,491.14183600704655,490.467929798058,49.868048940183535,491.4877542791273,490.7244613519095,0.7632929272177762,1.490313127478514,-0.7270202002607378,492.59350000000006,5.470150844675516,503.5338016893511,481.65319831064903
2025-06-17,490.0,492.0,487.1,488.99,36559,490.9368992444707,490.4099717667616,47.11393194980333,491.10348439003076,490.5959827332495,0.507501656781244,1.29375083333906,-0.7862491765578159,493.0185,4.7650396530441315,502.5485793060883,483.48842069391173
2025-06-18,490.0,492.0,488.0,489.97,44689,490.8448136021401,490.3927179719866,48.9728163496626,490.92910217617987,490.54961364189774,0.3794885342821317,1.1108983735276743,-0.7314098392455426,493.38800000000003,4.16126827836855,501.7105365567371,485.06546344326296
2025-06-19,494.8,494.8,487.0,489.04,78016,490.67292659241247,490.3396702083793,47.27464716560459,490.63847107215224,490.43779040916456,0.20068066298767917,0.9288548314196753,-0.7281741684319961,493.4320000000001,4.107383082915386,501.64676616583085,485.2172338341693
2025-06-22,493.0,493.0,485.0,488.99,47834,490.5126478693256,490.28674196491346,47.17992429431087,490.384860137975,490.3305466751524,0.05431346282261984,0.7539465577002643,-0.6996330948776445,493.171,4.219659377663547,501.61031875532706,484.7316812446729
2025-06-23,489.9,489.9,485.0,487.35,30576,490.2114433103422,490.17157561334824,44.061438588884414,489.9179585782865,490.10976543995594,-0.19180686166941996,0.5647958738263275,-0.7566027354957474,492.56100000000004,4.129836112503252,500.82067222500655,484.3013277749935
2025-06-24,489.0,493.0,483.2,487.3,54280,489.9341629950715,490.05896480498166,43.96602405109885,489.51519572008857,489.9016346666259,-0.38643894653733923,0.3745489097535941,-0.7609878562909334,492.0885,4.1657794810284186,500.4200589620568,483.7569410379432
2025-06-25,488.0,488.9,481.0,486.24,24807,489.58233794792187,489.9092014792961,41.894756992701424,489.01131945545956,489.63040246909804,-0.6190830136384875,0.17582252507517782,-0.7949055387136653,491.497,4.111279862233968,499.71955972446796,483.2744402755321
2025-06-26,486.0,488.5,485.1,485.95,33097,489.23640100050073,489.75393867618646,41.321210332847585,488.5403472315427,489.35778006397965,-0.817432832436964,-0.022828546427250546,-0.7946042860097134,490.9705,4.113806631375355,499.1981132627507,482.7428867372493
2025-06-29,482.0,490.0,482.0,489.82,40790,489.29198185759594,489.756529316336,50.96806549296528,488.73721688822843,489.39201857775896,-0.6548016895305295,-0.14922317504790636,-0.5055785144826231,490.4405,3.4637771823212495,497.3680543646425,483.5129456353575
2025-06-30,490.1,493.1,490.1,491.81,37425,489.5317931092535,489.8370575784405,55.05944561641172,489.2099527515779,489.5711283127398,-0.3611755611619287,-0.19161365227071087,-0.16956190889121786,489.992,2.501625997611878,494.9952519952238,484.98874800477626
2025-07-01,496.4,496.4,491.0,491.79,35495,489.74686043218173,489.9136435557566,55.00976440347979,489.606883097489,489.7354891784628,-0.1286060809737819,-0.1790121380113251,0.050406057037543195,489.709,1.8483816535529265,493.4057633071059,486.01223669289413
2025-07-02,494.5,495.8,491.0,494.96,55089,490.24334991483113,490.1115398869035,61.01430262020795,490.4304395440291,490.12248998005816,0.30794956397096485,-0.08161979761486711,0.38956936158583194,489.90149999999994,2.173801605805231,494.2491032116104,485.55389678838947
2025-07-03,491.1,500.0,490.0,498.22,91180,491.00303087532336,490.4295187148681,66.03471740058123,491.6288334603323,490.7223055370909,0.9065279232414127,0.11600974655638886,0.7905181766850239,490.1940000000001,2.8207471948387495,495.8354943896776,484.55250561032256
2025-07-06,506.0,506.8,499.1,500.89,64130,491.9446469824354,490.8397336672262,69.49909600740851,493.0536283125889,491.475468089899,1.5781602226899167,0.40843984178309445,1.1697203809068224,490.75600000000003,3.691863600196164,498.1397272003924,483.3722727996077
2025-07-07,500.0,503.0,496.3,497.07,36175,492.43277584125104,491.0840578371389,60.06034136467174,493.6715316491137,491.88987786101757,1.7816537880961505,0.6830826310457057,1.0985711570504448,491.063,3.953137461538815,498.9692749230776,483.1567250769224
2025-07-08,500.0,500.0,493.0,495.46,33006,492.72108290398904,491.25566341215307,56.57301901445262,493.94668062617313,492.15433135279403,1.7923492733791022,0.904935959512385,0.8874133138667172,491.24750000000006,4.072187922239337,499.3918758444787,483.1031241555214
2025-07-09,500.0,500.0,495.2,499.01,42721,493.3200273893234,491.55975504304905,61.835079324621816,494.72565283753113,492.6621586599945,2.063494177536654,1.136647603117239,0.9268465744194152,491.6809999999999,4.417346071583806,500.51569214316754,482.8463078568323
2025-07-10,503.0,522.0,500.0,511.17,264663,495.0200247808164,492.3287842570472,73.62439352880956,497.2555524009879,494.03310987036525,3.2224425306226294,1.553806588618317,1.6686359420043124,492.7674999999999,6.164138113682822,505.09577622736555,480.4392237726343
2025-07-13,521.3,537.5,521.3,535.77,270279,498.90097480169106,494.0323613450061,84.23447664758851,503.1808520316051,497.12473136144934,6.056120670155792,2.454269404925812,3.60185126522998,495.0195,11.391522459606241,517.8025449192124,472.2364550807875
2025-07-14,538.0,538.0,521.1,522.22,165976,501.1218343443872,495.1377589393196,68.0067638654749,506.1099517190505,498.9836401494901,7.126311569560414,3.3886778378527325,3.7376337317076818,496.601,12.84685662967801,522.2947132593561,470.907286740644
2025-07-15,524.0,530.0,515.0,529.8,136308,503.85308821635033,496.49706251032666,71.3337631614169,509.75457453150426,501.26633347175004,8.488241059754216,4.40859048223303,4.079650577521186,498.6415,14.683980270324858,528.0094605406497,469.2735394593503
2025-07-16,530.0,543.6,530.0,541.37,260180,507.42612743384075,498.2567855491374,75.51860900279215,514.6184861420421,504.2369754368056,10.381510705236508,5.603174526833726,4.778336178402782,501.2115,17.34358375976313,535.8986675195263,466.52433248047373
2025-07-17,545.0,554.0,542.2,548.66,192877,511.3531629163321,500.23338219426927,77.72510571205754,519.8556421201895,507.5275698488941,12.328072271295412,6.948154075726063,5.379918195569348,504.1925,20.05346219616378,544.2994243923275,464.08557560767247
2025-07-20,550.0,560.0,548.0,549.77,233008,515.0119093052529,502.17599465723913,78.04951365187617,524.4578510247758,510.656638748976,13.801212275799799,8.318765715740811,5.482446560058987,507.2315,22.126630365153332,551.4847607303067,462.9782392696933
2025-07-21,550.0,554.0,540.0,545.21,126936,517.8879179428478,503.86360270989644,73.32502724728278,527.6504893286565,513.2161469897926,14.434342338863871,9.541881040365425,4.892461298498446,510.1245,23.149253818833024,556.423007637666,463.825992362334
2025-07-22,545.2,555.5,545.2,554.63,172337,521.3871638530528,505.8544418193123,76.49088518582319,531.801183278094,516.2838398053635,15.517343472730431,10.736973526838426,4.780369945892005,513.491,24.510992571547114,562.5129851430942,464.46901485690574
2025-07-23,543.6,562.0,543.6,551.41,132486,524.2464815813335,507.6409342969863,73.28892842805338,534.8179243122333,518.8857775975588,15.932146714674559,11.776008164405653,4.156138550268906,516.7495,25.024055263734457,566.7976105274689,466.7013894725311
2025-07-24,552.0,556.0,547.1,548.08,95913,526.5163404783493,509.22678001083,70.0243442504263,536.8582436488128,521.0483125903322,15.809931058480629,12.582792743220649,3.22713831525998,519.856,24.855209853116005,569.566419706232,470.145580293768
2025-07-27,550.0,554.0,545.1,547.84,147629,528.547165194697,510.7410239319739,69.78308091324925,538.5477446259185,523.0328820280854,15.514862597833144,13.169206714143149,2.345655883689995,522.757,24.549064319189373,571.8551286383787,473.6588713616212
2025-07-28,545.5,547.0,536.0,540.43,183214,529.6788637475829,511.9052975032691,62.6104163420671,538.8373223757771,524.3215574334124,14.51576494236474,13.438518359787468,1.0772465825772723,525.188,23.71641394744667,572.6208278948933,477.7551721051066
2025-07-29,547.0,552.0,545.0,548.55,142244,531.4761148192417,513.3423446600036,66.65508127593938,540.3315804718114,526.1162568827892,14.215323589022205,13.593879405634416,0.6214441833877888,528.0260000000001,22.891240889781624,573.8084817795633,482.24351822043684
2025-07-30,550.7,555.0,545.0,545.18,115662,532.7812467412188,514.5908801635329,63.58098322720968,541.0774911684558,527.5283860025826,13.549105165873243,13.584924557682182,-0.035819391808939116,530.537,21.801697447200578,574.1403948944012,486.9336051055989
2025-07-31,540.1,548.2,535.0,536.48,110940,533.1335089563407,515.449277019865,56.355088587319976,540.3701848348472,528.1914685209098,12.178716313937457,13.303682908933238,-1.1249665949957812,532.45,20.453677574365784,573.3573551487316,491.5426448512685
2025-08-03,536.0,538.0,522.5,524.4,166184,532.3017461985941,515.8002857641841,48.16919429072912,537.9132333217938,527.9106190008424,10.002614320951352,12.643469191336862,-2.6408548703855104,533.6255,19.180360699926144,571.9862213998523,495.2647786001477
2025-08-04,524.4,532.0,519.0,527.97,103313,531.889198941585,516.2775294597063,50.45942888105741,536.3835051184409,527.9150175933727,8.468487525068213,11.808472858083132,-3.339985333014919,535.1705,17.225712260892436,569.6219245217849,500.7190754782151
2025-08-05,517.5,540.0,517.5,527.73,91553,531.4930847566723,516.7266459514826,50.298521879745245,535.0521966386807,527.9013125864562,7.1508840522244554,10.876955096911397,-3.7260710446869414,536.7839999999999,14.625406301159869,566.0348126023196,507.53318739768014
2025-08-06,530.0,530.0,523.0,525.93,48952,530.9632671607988,517.0875617965226,49.03556154657993,533.6487817711914,527.7552894319039,5.893492339287491,9.880262545386616,-3.9867702060991252,538.13,11.962325948810506,562.054651897621,514.2053481023789
2025-08-07,534.9,534.9,525.6,527.36,63502,530.6200988597703,517.4904025103845,50.1073746464437,532.6812768833157,527.7260087332443,4.955268150071447,8.895263666323583,-3.939995516252136,538.9395000000001,10.500358627976052,559.9402172559521,517.938782744048
2025-08-11,533.0,534.0,525.0,526.3,69423,530.2086608731255,517.8358769217419,49.280047178471506,531.6995419781902,527.6203784567077,4.079163521482428,7.932043637355352,-3.8528801158729236,538.466,10.858225792860589,560.1824515857212,516.7495484142788
2025-08-12,530.0,534.5,524.2,524.86,79172,529.6992645994944,518.1113327287325,48.11773632545515,530.6473047507764,527.4159059784331,3.2313987723432547,6.991914664352933,-3.7605158920096784,538.598,10.664655150261824,559.9273103005236,517.2686896994763
2025-08-13,523.0,524.9,522.0,523.63,50014,529.1212393995426,518.3277510530959,47.09594549502396,529.5677194045031,527.1354684985491,2.4322509059539925,6.079981912673146,-3.6477310067191535,538.2895,11.016005807355512,560.321511614711,516.257488385289
2025-08-14,524.1,526.5,523.1,523.82,47263,528.616359456729,518.5431333647392,47.28217456464277,528.6834548807334,526.8898782393974,1.793576641336017,5.222700858405721,-3.4291242170697043,537.412,11.448217788225296,560.3084355764506,514.5155644235494
2025-08-17,525.0,528.0,519.0,521.21,63880,527.9109918894214,518.6477163700436,44.94182458941041,527.5336925913898,526.4691465179606,1.0645460734292556,4.391069901410428,-3.3265238279811724,536.0395,11.672018485533634,559.3835369710672,512.6954630289327
2025-08-18,520.0,524.0,517.0,518.95,48703,527.057564090429,518.6595706300418,42.95897448283905,526.2131245004067,525.9121727018153,0.3009517985914272,3.573046280846628,-3.2720944822552007,534.4985,11.79766938403772,558.0938387680754,510.90316123192457
2025-08-19,525.0,525.0,518.0,518.81,44459,526.2720817961024,518.6654698210206,42.8329018094554,525.0741822695749,525.3860858350141,-0.3119035654392519,2.796056311589452,-3.107959877028704,533.1785,12.01109104778662,557.2006820955733,509.15631790442677
2025-08-20,518.0,521.0,517.0,518.81,43704,525.5614073393308,518.6711376711767,42.8329018094554,524.1104619204095,524.8989683657538,-0.7885064453442965,2.0791437602027023,-2.867650205546999,531.3875,11.293205164835324,553.9739103296707,508.8010896703294
2025-08-21,524.9,524.9,517.3,518.14,38427,524.8546066403469,518.6503087428953,42.14639690637609,523.1919293172696,524.3983040423647,-1.2063747250950883,1.4220400631431442,-2.6284147882382323,529.7239999999999,10.618861768734224,550.9617235374684,508.48627646253146
2025-08-24,520.0,520.0,513.0,513.56,72676,523.7789298174567,518.4506887921935,37.69840049380149,521.7100940376896,523.5954667058933,-1.8853726682036722,0.760557516873781,-2.6459301850774533,527.998,10.278221533663563,548.5544430673272,507.44155693267294
2025-08-25,512.0,525.0,509.0,522.58,81167,523.664746025318,518.6126225650487,49.09317488572097,521.8439257241989,523.5202469499012,-1.6763212257022815,0.2731817683585685,-1.94950299406085,526.735,9.207952226790464,545.1509044535809,508.3190955464191
2025-08-26,514.5,533.0,514.5,529.35,67932,524.2061987848115,519.0336961899487,55.64964977729085,522.9987063820145,523.9520805091678,-0.9533741271533245,0.027870589256189904,-0.9812447164095144,526.181,8.657482860162862,543.4959657203258,508.8660342796743
2025-08-27,539.9,539.9,526.5,533.87,64476,525.1265608053056,519.615512025637,59.408570651894976,524.6712130924737,524.6867412121924,-0.015528119718624112,0.019190847461227102,-0.034718967179851214,525.4469999999999,7.152701440369694,539.7524028807393,511.1415971192605
2025-08-28,532.0,538.9,527.0,528.86,83641,525.4821264428956,519.9780409658081,53.950426664822345,525.3156418474778,524.9958714927707,0.3197703547070887,0.07930674891039942,0.2404636057966893,524.6310000000001,5.529831919051588,535.6906638381033,513.5713361618969
2025-08-31,535.0,536.9,520.0,520.84,66938,525.0400191626198,520.0118432808745,46.57378416016558,524.6270815632504,524.6880291599729,-0.06094759672248529,0.051255879783822476,-0.11220347650630777,523.8489999999999,4.8272482081915395,533.503496416383,514.1945035836169
2025-09-01,531.2,531.2,518.0,527.66,42334,525.2895411471322,520.31177099535,52.51913107397365,525.0936843996734,524.9081751481231,0.18550925155034292,0.07810655413712657,0.10740269741321636,524.012,4.9013044450929915,533.8146088901859,514.209391109814
2025-09-02,538.2,538.2,523.3,523.75,34983,525.1429181807387,520.4466035053363,49.14269288493885,524.8869637228006,524.8223843964103,0.06457932639034425,0.0754011085877701,-0.010821782197425855,523.801,4.811966334081166,533.4249326681623,514.1770673318377
2025-09-03,520.0,529.0,519.0,519.88,34096,524.6416878778111,520.424383760029,45.99107386477628,524.1166616116005,524.4562818485281,-0.3396202369275443,-0.007603160515292778,-0.33201707641225153,523.4085,4.794741939196376,532.9979838783928,513.8190161216072
2025-09-04,528.0,528.0,515.0,517.58,40199,523.9691461751625,520.3128392988514,44.17773182260234,523.1110213636621,523.946927637526,-0.835906273863884,-0.17326378318501104,-0.662642490678873,522.991,4.925384195574506,532.841768391149,513.140231608851
2025-09-07,507.3,517.8,507.3,514.87,25831,523.102560825147,520.0993946204651,42.07281984471445,521.8431719230987,523.2745626273388,-1.4313907042401297,-0.4248891673960348,-1.006501536844095,522.3665,5.129846899358457,532.6261937987169,512.106806201283
2025-09-08,515.0,515.0,510.0,513.15,42962,522.1546978894187,519.8268693412311,40.745859786484296,520.5057608580066,522.5245950253137,-2.018834167307091,-0.743678167378246,-1.2751559999288449,521.7090000000001,5.432923900221213,532.5748478004425,510.8431521995576
2025-09-18,502.9,502.9,471.0,483.0,16660,518.4256790428074,518.3826783866731,25.53978724288838,514.7356438029286,519.5968472456609,-4.86120344273229,-1.5671832224490547,-3.294020220283235,519.616,10.160971462068218,539.9379429241365,499.2940570758635
2025-09-21,474.0,514.0,474.0,510.18,122490,517.6403762768257,518.0610047244506,45.34268296658772,514.034775525555,518.8993030052416,-4.864527479686558,-2.226652073896555,-2.6378754057900027,518.9435000000001,10.3250901742114,539.5936803484229,498.2933196515773
2025-09-23,516.9,525.0,513.0,523.5,55373,518.1984356790327,518.2742986568252,52.07012792862436,515.4909639062389,519.2400953752237,-3.7491314689848423,-2.5311479529142127,-1.2179835160706296,518.9275,10.31738077483647,539.5622615496729,498.2927384503271
2025-09-24,525.0,528.0,515.0,522.0,59254,518.5604894238868,518.4204045918517,51.30430672834346,516.4923540745099,519.4445327548368,-2.952178680326938,-2.615354098396758,-0.33682458193018006,518.967,10.328085928559174,539.6231718571183,498.31082814288163
2025-09-25,523.0,524.9,516.0,521.6,28626,518.8499666216119,518.5450946078575,51.08852457817962,517.2781457553546,519.6041969952194,-2.326051239864796,-2.5574935266903656,0.23144228682556944,519.0995,10.344841315478877,539.7891826309578,498.4098173690423
2025-09-28,524.0,528.0,521.0,527.0,30997,519.6261602766965,518.8766595251965,53.9070053102388,518.7738156391462,520.1520342548328,-1.3782186156865919,-2.3216385444896113,0.9434199288030194,519.509,10.493806143090039,540.49661228618,498.52138771381993
2025-10-07,530.0,530.0,512.6,521.0,48977,519.7570021551064,518.9599277791103,50.42977459225392,519.116305540816,520.2148465322525,-1.0985409914364936,-2.077019033878988,0.9784780424424944,519.6185,10.497553737610362,540.6136074752208,498.6233925247793
2025-10-08,523.0,523.0,505.0,514.0,78401,519.2087162355724,518.7654208073806,46.64915036907107,518.3291816114597,519.7544875298635,-1.425305918403751,-1.9466764107839407,0.5213704923801896,519.4114999999999,10.568818723531004,540.549137447062,498.27386255293794
2025-10-09,523.9,544.0,514.0,519.9,43284,519.2745527845655,518.809914109052,50.04826431968314,518.5708459789274,519.7652662313551,-1.1944202524276761,-1.7962251791126878,0.6018049266850116,519.7284999999999,10.478769149812862,540.6860382996257,498.7709617003742
2025-10-12,530.2,530.2,505.0,510.5,65413,518.4388810907973,518.4840351243834,45.116315775760455,517.3291773667847,519.0789502142177,-1.7497728474329506,-1.7869347127767405,0.03716186534378996,519.1245,10.652465232360496,540.429430464721,497.819569535279
2025-10-13,519.9,520.0,506.0,510.0,53374,517.635178129769,518.1513278646037,44.86306818529289,516.2016116180487,518.4064353835349,-2.2048237654862533,-1.8705125233186433,-0.33431124216761,518.1569999999999,10.55312330920479,539.2632466184095,497.05075338159037
2025-10-14,518.5,518.5,510.0,510.0,31168,516.9080183078862,517.8316679483447,44.86306818529288,515.2475175229642,517.7837364662361,-2.5362189432718196,-2.003653807309279,-0.5325651359625407,516.9635000000001,10.018796164174734,537.0010923283495,496.9259076716506
2025-10-15,518.0,518.0,507.0,508.7,38107,516.1263022785637,517.4735633229195,44.116354642085135,514.2402071348158,517.1108670983667,-2.8706599635509065,-2.1770550385576044,-0.6936049249933021,515.9555,9.769950425469174,535.4954008509384,496.4155991490617
2025-10-16,517.9,517.9,506.0,509.0,37341,515.4476068234624,517.1412667220208,44.34656223226068,513.4340214217672,516.5100621281174,-3.076040706350227,-2.3568521721161293,-0.7191885342340978,515.3635,9.817004728655352,534.9975094573108,495.72949054268935
2025-10-19,512.0,512.0,506.0,507.9,38379,514.7287871259898,516.7788641054709,43.63675009207807,512.582633510726,515.8722797482569,-3.28964623753086,-2.543410985199076,-0.7462352523317843,514.3755,9.503669914430022,533.38283982886,495.36816017113995
2025-10-26,508.0,508.0,503.0,505.3,32708,513.830807399705,516.3287125719231,41.928474740796325,511.46222835522974,515.0891479150528,-3.6269195598230226,-2.7601127001238654,-0.8668068596991572,513.453,9.441059318369376,532.3351186367387,494.5708813632612
2025-10-28,505.3,510.0,505.0,509.0,49884,513.370730504495,516.0413120789066,45.215308621155124,511.0834239928867,514.6380999213452,-3.5546759284584937,-2.919025345790791,-0.6356505826677026,512.909,9.364385443646588,531.6377708872932,494.1802291127068
2025-10-29,509.0,516.3,507.0,507.0,51578,512.7639942659716,515.6867508209102,43.773078479573286,510.455204917058,514.0723147419864,-3.6171098249283773,-3.0586422416183083,-0.558467583310069,512.38,9.385441693911483,531.150883387823,493.60911661217705
2025-10-30,503.1,512.0,503.1,506.0,37178,512.119804335879,515.3068782396981,43.03395831497761,509.76978877597213,513.4743655018392,-3.7045767258670708,-3.187829138468061,-0.5167475873990099,511.93649999999997,9.47077014321443,530.8780402864288,492.9949597135711
2025-11-02,516.1,516.1,508.0,511.1,33330,512.0226801134144,515.1419026224551,47.86857876284116,509.9744366565918,513.298486575777,-3.3240499191851995,-3.215073294611489,-0.10897662457371071,511.834,9.468038422993759,530.7700768459875,492.89792315401246
2025-11-03,515.0,517.0,510.1,513.1,32079,512.1252820073748,515.0618280098098,49.672414310216986,510.45529255557767,513.2837838664602,-2.828491310882555,-3.137756897865702,0.3092655869831473,513.339,6.601969323444791,526.5429386468896,500.1350613531105
2025-11-04,515.0,517.9,511.1,511.1,27560,512.0276361019106,514.9064622055035,47.88794826062957,510.55447831625804,513.1220220985742,-2.567543782316193,-3.0237142747558003,0.4561704924396075,513.385,6.581974987583873,526.5489499751677,500.22105002483227
2025-11-05,513.0,516.9,508.0,513.1,27044,512.1297659969667,514.8356205503858,49.82897138299638,510.94609703683375,513.1203908320132,-2.1742937951794374,-2.853830178840528,0.6795363836610906,512.865,6.13654068505093,525.1380813701019,500.59191862989815
2025-11-06,515.0,517.0,506.7,507.3,46224,511.6697882829699,514.5401060189981,44.636593822663315,510.385159031167,512.6892507703826,-2.3040917392156075,-2.743882490915544,0.4397907516999364,512.13,5.858875408554959,523.84775081711,500.4122491828901
2025-11-09,510.0,514.9,507.0,508.5,39600,511.3679036845918,514.3032391162924,45.89284640013741,510.0951345648336,512.3789358985024,-2.283801333668805,-2.651866259466196,0.36806492579739114,511.475,5.463358808830253,522.4017176176606,500.5482823823395
2025-11-10,509.0,510.0,506.0,509.0,49391,511.142389047964,514.0952689548692,46.438205699407256,509.92665232408996,512.1286443504652,-2.201992026375194,-2.561891412847996,0.35989938647280173,510.575,4.078296212922694,518.7315924258454,502.4184075741546
2025-11-11,510.0,510.0,505.3,507.9,21898,510.833590091015,513.8523172311488,45.35512268384867,509.6148596588454,511.8154114356159,-2.20055177677051,-2.4896234856324986,0.2890717088619885,509.91999999999996,3.292031847438688,516.5040636948773,503.3359363051226
2025-11-12,508.0,508.9,504.0,504.0,29577,510.1827719871088,513.4659518495351,41.646431167270116,508.75103509594607,511.2364920700147,-2.4854569740686543,-2.48879018331973,0.0033332092510756084,509.41999999999996,3.397460351857794,516.2149207037155,502.62507929628435
2025-11-13,505.1,505.1,502.0,503.0,32775,509.4986984645271,513.0555223652397,40.72683924539531,507.86626046580056,510.6263815463099,-2.76012108050935,-2.543056362757654,-0.217064717751696,508.575,2.6795276489324995,513.934055297865,503.215944702135
2025-11-16,503.0,506.9,501.0,503.5,31462,508.92739384885783,512.6807959979753,41.423300470036324,507.1945280864466,510.09850143176845,-2.9039733453218446,-2.615239759270492,-0.28873358605135246,508.225,2.8655623128388643,513.9561246256777,502.4938753743223
2025-11-17,504.0,509.9,504.0,508.0,24130,508.8390706251571,512.4972353706038,47.41224981055777,507.31844684237785,509.94305688126707,-2.624610038889216,-2.6171138151942372,-0.00749622369497871,508.125,2.835094911680415,513.7951898233608,502.45481017663917
2025-11-18,508.0,510.0,505.6,507.1,24383,508.67344485133265,512.2855790815605,46.390672844666945,507.2848396358582,509.7324600752473,-2.447620439389084,-2.583215140033207,0.13559470064412293,507.98,2.808183529825579,513.5963670596511,502.36363294034885
2025-11-19,511.0,511.0,505.0,507.0,18121,508.5140691512057,512.0783014705189,46.27137431235249,507.24101815341845,509.53005562522895,-2.289037471810502,-2.524379606388666,0.2353421345781639,507.895,2.810970051765148,513.5169401035303,502.2730598964697
2025-11-20,508.0,508.0,503.0,506.0,27947,508.27463399394804,511.8399367069692,45.02445716288422,507.0500922836618,509.26857002336016,-2.2184777396983577,-2.463199233050605,0.24472149335224724,507.745,2.828887637128704,513.4027752742575,502.0872247257426
2025-11-23,505.0,510.5,505.0,509.5,48408,508.39133551833396,511.7481744831665,50.093596199695554,507.42700116309845,509.28571298459275,-1.8587118214942961,-2.342301750739343,0.48358992924504696,507.825,2.8559955403777257,513.5369910807555,502.1130089192445
2025-11-24,508.0,513.9,507.0,513.0,22139,508.83025594515925,511.7972656799051,54.60165319753954,508.28438559954486,509.5608453561044,-1.2764597565595182,-2.129133351903378,0.8526735953438598,508.21000000000004,3.0124129164656,514.2348258329313,502.18517416706885
2025-11-25,518.0,518.0,508.5,510.5,29221,508.9892791884774,511.7463925159872,51.054165089424714,508.625249353461,509.63041236676327,-1.0051630133022513,-1.9043392841831528,0.8991762708809015,508.285,3.0515354203079466,514.3880708406159,502.18192915938414
2025-11-26,510.0,513.0,507.0,511.0,35156,509.1807764086224,511.7171222212427,51.72964176458381,508.9905956067747,509.73186330255857,-0.7412676957838471,-1.6717249665032918,0.9304572707194447,508.485,3.093673510539682,514.6723470210794,502.29765297892067
2025-11-27,511.0,517.0,509.0,514.9,50106,509.725464369706,511.8419409576645,56.7440507093505,509.899734744194,510.1146882431098,-0.21495349891580418,-1.3803706729857943,1.1654171740699901,508.93,3.3471275981407826,515.6242551962815,502.23574480371843
2025-11-30,518.0,522.0,513.0,513.2,40956,510.05637252497206,511.89519817501105,54.105591556879496,510.4074678604719,510.3432298547313,0.06423800574060579,-1.0914489372405143,1.15568694298112,509.035,3.450137297088617,515.9352745941773,502.1347254058228
2025-12-01,519.4,519.4,510.5,512.0,21944,510.2414799035462,511.8993080505008,52.258436060577274,510.65247280501467,510.4659535691957,0.18651923581899155,-0.8358553026286132,1.0223745384476048,508.98,3.390171552921129,515.7603431058423,502.1996568941578
2025-12-02,512.0,516.8,510.0,512.5,39306,510.4565770555894,511.92286459754,52.97876159726964,510.93670775808937,510.61662367518113,0.3200840829082381,-0.604667425521243,0.9247515084294811,509.05,3.450171620494724,515.9503432409895,502.14965675901055
2025-12-03,515.0,515.0,510.0,510.2,25319,510.43214114553325,511.8553012799894,49.29432088395806,510.8233681029987,510.5857626622048,0.23760544079391366,-0.43621285225821166,0.6738182930521253,508.90500000000003,3.3298451047148703,515.5646902094297,502.2453097905703
2025-12-07,502.0,510.0,502.0,503.0,88964,509.724318179292,511.5080345631271,39.932058421645934,509.61977301022966,510.0238543168563,-0.40408130662660824,-0.429786543131891,0.02570523650528278,508.68999999999994,3.569151454562309,515.8283029091245,501.55169709087534
2025-12-08,503.0,503.0,495.0,495.0,81912,508.32200216221656,510.8606606586908,32.537527265233095,507.37057716250206,508.9109762193114,-1.540399056809349,-0.6519090458673826,-0.8884900109419664,508.015,4.703333084696918,517.4216661693938,498.60833383060617
2025-12-09,500.0,500.0,491.1,496.0,55413,507.1484781467674,510.27788965246765,34.17831587209824,505.62125759904023,507.95460761047354,-2.3333500114333106,-0.9881972389805682,-1.3451527724527423,507.36499999999995,5.405871564212649,518.1767431284253,496.55325687157466
2025-12-10,500.0,500.0,493.0,494.7,29665,505.9629087994562,509.66699201903754,33.052862544860304,503.94106412226483,506.97278482451253,-3.0317207022476964,-1.396901931633994,-1.6348187706137025,506.70500000000004,6.098530884377872,518.9020617687557,494.5079382312443
2025-12-11,492.2,497.5,492.0,495.0,37306,504.9188222471271,509.09181586142824,33.59627781739208,502.5655157957625,506.0859118745487,-3.5203960787861774,-1.8216007610644307,-1.6987953177217467,506.255,6.618512712585693,519.4920254251714,493.0179745748286
2025-12-14,500.0,500.0,490.0,492.0,78923,503.68845822359117,508.4215485727448,30.89555214731638,500.94005182718365,505.0425109949525,-4.10245916776887,-2.2777724424053187,-1.8246867253635517,505.70500000000004,7.322817619952025,520.3506352399041,491.059364760096
2025-12-15,492.0,495.0,489.0,494.0,36245,502.7657479165825,507.85599764832347,34.66623838898349,499.87235154607845,504.22454721754866,-4.352195671470213,-2.6926570882182976,-1.6595385832519152,505.23,7.767957124951203,520.7659142499024,489.6940857500976
2025-12-16,494.0,500.0,494.0,499.0,30522,502.40710525786034,507.508703622899,43.03476464578594,499.7381436159125,503.83754371995246,-4.099400104039944,-2.9740056913826267,-1.1253944126573172,504.78000000000003,7.859195084025123,520.4983901680503,489.0616098319498
2025-12-17,503.0,505.0,497.0,499.9,44903,502.1683333285403,507.21032308866774,44.414916181206046,499.7630445980798,503.54587381477074,-3.7828292166909705,-3.1357703964442956,-0.6470588202466749,504.41999999999996,7.912056090504618,520.2441121810092,488.5958878189907
2025-12-18,500.0,504.0,495.1,499.0,39506,501.86658729725076,506.88834963421016,43.28552536152738,499.64565312145214,503.20914242108404,-3.5634892996318968,-3.221314177081816,-0.34217512255008087,504.02,7.976716116319051,519.9734322326381,488.0665677673619
2025-12-21,500.0,504.4,493.0,497.0,24230,501.40310279275064,506.5005712171823,40.802536680160564,499.23862956430565,502.7492059454481,-3.510576381142471,-3.279166617893947,-0.2314097632485237,503.57,8.111856170239959,519.7937123404799,487.3462876595201
2025-12-22,500.0,500.0,492.0,497.1,36711,500.99328347915537,506.1319213655281,40.98482148170378,498.90960963133557,502.33074624578535,-3.421136614449779,-3.3075606172051133,-0.1135759972446655,502.95,8.108637370134675,519.1672747402694,486.7327252597306
2025-12-23,499.0,502.0,496.5,497.2,33607,500.6320183859025,505.781649939429,41.17987688046327,498.6465927649762,501.95069096831975,-3.3040982033435284,-3.3068681344327966,0.0027699310892681517,502.15999999999997,7.843294152219442,517.8465883044388,486.4734116955611
2025-12-24,498.5,500.0,496.1,498.6,40096,500.43849282534035,505.500016608471,43.97186236430702,498.63942464728757,501.7024916373331,-3.063066990045513,-3.25810790555534,0.19504091550982672,501.56499999999994,7.625668219232917,516.8163364384658,486.3136635615341
2025-12-28,499.0,504.0,496.0,503.4,61455,500.7205411276889,505.417663015982,52.32706524398634,499.3718208553972,501.8282329975306,-2.456412142133445,-3.0977687528709614,0.6413566107375166,501.18499999999995,7.313741572534479,515.8124831450689,486.557516854931
2025-12-29,508.0,508.9,500.0,506.5,78664,501.2709657821947,505.4601076035906,56.80697787773333,500.46846380072066,502.17428981252834,-1.7058260118076873,-2.819380204658307,1.1135541928506196,500.765,6.700139432981847,514.1652788659637,487.3647211340363
2025-12-31,500.0,502.0,494.7,496.7,65111,500.83563570769996,505.1165739720773,43.03806963685065,499.8887001390714,501.7687868634522,-1.880086724380817,-2.631521508602809,0.751434784221992,499.93999999999994,6.075091508977558,512.090183017955,487.78981698204484
2026-01-01,495.0,496.0,490.0,492.0,35796,499.9941465926809,504.60219852219194,38.249752416146706,498.6750539638296,501.045173021715,-2.370119057885404,-2.5792410184593284,0.20912196057392451,498.93999999999994,5.614023793879142,510.1680475877582,487.71195241224166
2026-01-04,491.5,495.0,488.1,490.3,44294,499.07089453623513,504.04132799190995,36.660951051175566,497.3865841232405,500.24923427936574,-2.8626501561252553,-2.6359228459925137,-0.2267273101327416,497.8299999999999,4.94688631473104,507.723772629462,487.93622737053784
2026-01-05,492.0,492.0,488.1,489.5,57630,498.15938077087935,503.4710798353645,35.90512276518983,496.1732634888958,499.4529947031164,-3.2797312142205897,-2.764684519638129,-0.5150466945824608,496.79499999999996,4.352310336304769,505.4996206726095,488.0903793273904
2026-01-06,490.0,492.0,489.0,489.5,47593,497.3346778403194,502.9231943516247,35.90512276518983,495.14660756752727,498.71573583621887,-3.5691282686915997,-2.9255732694488232,-0.6435549992427765,496.12,4.38605445526595,504.89210891053193,487.3478910894681
2026-01-07,493.0,493.9,489.0,489.0,38590,496.5408989983842,502.3771867299924,35.3764546664396,494.20097563406154,497.99605170020266,-3.795076066141121,-3.099473828787283,-0.695602237353838,495.82,4.6631365094334365,505.14627301886685,486.49372698113314
2026-01-08,492.0,492.0,486.5,489.0,35678,495.8227181413952,501.8525911719535,35.3764546664396,493.4008255365136,497.32967750018764,-3.928851963674049,-3.2653494557646363,-0.6635025079094126,495.46999999999997,4.905324711643855,505.2806494232877,485.65935057671226
2026-01-12,490.0,495.0,487.0,487.0,40413,494.9824592707862,501.27013661619065,33.114547036164296,492.4160831462807,496.5645162038775,-4.148433057596776,-3.4419661761310647,-0.7064668814657113,495.0849999999999,5.258404300719178,505.6018086014383,484.56819139856157
2026-01-13,496.0,496.0,485.0,488.1,60812,494.32698695928275,500.7536606704577,35.555144663381995,491.7520703545452,495.93751500359025,-4.185444649045053,-3.5906618707138627,-0.5947827783311901,494.73999999999995,5.4857135025379655,505.7114270050759,483.768572994924
2026-01-14,490.0,490.0,487.0,487.5,44542,493.67679772506534,500.23390927161626,34.809039912036795,491.09790568461517,495.3125138922132,-4.214608207598019,-3.715451138090694,-0.4991570695073251,494.515,5.692402600727533,505.899805201455,483.13019479854495
2026-01-18,488.0,492.0,487.7,490.8,71435,493.40281698934484,499.8639520452784,42.01601156089336,491.05207404082824,494.9782536039011,-3.9261795630728784,-3.757596823087131,-0.16858273998574758,494.355,5.752297024057451,505.8595940481149,482.85040595188514
2026-01-20,490.8,500.0,490.8,496.5,72522,493.69778679988343,499.73203235722826,51.906116179400044,491.8902164960855,495.0909755591677,-3.2007590630822165,-3.646229271086148,0.44547020800393167,494.23,5.672658339079453,505.5753166781589,482.8846833218411
2026-01-21,502.0,504.0,493.0,496.1,44079,493.9265690094183,499.5895997157683,51.245546330094236,492.5378754966877,495.16571811034044,-2.6278426136527173,-3.442551939599462,0.8147093259467448,494.03999999999996,5.534713419132719,505.1094268382654,482.97057316173454
2026-01-22,498.0,498.0,492.3,493.1,63230,493.84784815137846,499.3351056092676,46.46904496378803,492.624356189505,495.01270195401895,-2.3883457645139288,-3.2317107045823557,0.8433649400684269,493.745,5.412312960213628,504.56962592042726,482.92037407957275
2026-01-25,496.9,499.0,492.0,497.2,104063,494.16710070839,499.2513759775316,52.92671134312671,493.3283013911196,495.174724031499,-1.8464226403793873,-2.954653091741762,1.1082304513623749,493.755,5.418824401573266,504.5926488031465,482.9173511968535
2026-01-26,501.0,504.0,496.0,497.0,109372,494.4369006409243,499.1630867235108,52.59341327816473,493.89317810017815,495.30992965879534,-1.416751558617193,-2.6470727851168485,1.2303212264996555,493.75,5.415620681765856,504.5812413635317,482.9187586364683
2026-01-27,497.0,500.0,492.1,494.9,72291,494.48100534178866,498.99590685200053,49.09727009719869,494.0480737770738,495.2795644988846,-1.2314907218108146,-2.363956372455642,1.1324656506448272,493.63500000000005,5.362665774675447,504.3603315493509,482.9096684506492
2026-01-28,492.1,495.0,490.1,492.0,48841,494.24471911876117,498.7215575636868,44.68018096239831,493.7329855036778,495.0366337952635,-1.3036482915857164,-2.151894756281657,0.8482464646959404,493.305,5.242787025030005,503.79057405006,482.81942594994
2026-01-29,500.0,508.0,493.0,497.0,132087,494.5071268217363,498.65404550236576,52.598415587397156,494.2356031184966,495.1820683289477,-0.9464652104510947,-1.9108088471155447,0.96434363666445,492.985,4.768015696761078,502.52103139352215,483.4489686064779
2026-02-01,500.0,506.0,497.0,498.1,84076,494.8493052196662,498.6323182277632,54.15317863565784,494.830125715651,495.39821141569234,-0.5680857000413653,-1.642264217700709,1.0741785176593437,492.56500000000005,3.7831030149075193,500.1312060298151,484.99879397018503
2026-02-02,488.2,500.0,488.2,498.8,61083,495.22556186541226,498.63889398353723,55.16107659679729,495.44087560555084,495.6501957552707,-0.209320149719872,-1.3556754041045416,1.1463552543846696,492.66999999999996,3.930193513426693,500.53038702685336,484.80961297314656
2026-02-03,500.0,500.0,496.0,498.0,78804,495.4897940687064,498.6138393175161,53.70788780573226,495.8345870508507,495.82425532895434,0.010331721896363888,-1.0824739789043605,1.0928057008007244,492.96999999999997,4.101617139402972,501.1732342788059,484.766765721194
2026-02-04,489.0,502.0,489.0,496.1,49627,495.54790891930577,498.5152573834959,50.31744674926266,495.8754198122583,495.84468086014294,0.03073895211537092,-0.8598313927004142,0.8905703448157851,493.26000000000005,4.107938399621657,501.47587679924334,485.04412320075676
2026-02-05,499.9,501.0,496.5,499.3,98644,495.9052509269909,498.546031603751,55.421599552108475,496.40227830268014,496.1006304260583,0.3016478766218711,-0.6275355388359571,0.9291834154578282,493.7500000000001,4.218817494628151,502.1876349892564,485.3123650107438
2026-02-08,497.3,500.9,497.0,498.5,75640,496.1523698863251,498.5442264428196,53.929924370717735,496.72500471765244,496.2783615056095,0.4466432120429431,-0.4126997886601771,0.8593430007031202,494.2000000000001,4.221623534080996,502.6432470681621,485.7567529318381
2026-02-09,499.0,499.0,494.0,495.9,68038,496.128334659056,498.4405312881992,49.286960652924236,496.5980809149367,496.2503347274162,0.34774618752049946,-0.2606105934240418,0.6083567809445413,494.5450000000001,4.052870977250953,502.650741954502,486.43925804549815
2026-02-10,496.0,499.8,492.1,496.4,63267,496.1542075486697,498.36051045336785,50.17532534634894,496.56760692802334,496.2614210439039,0.3061858841194294,-0.14725129791534758,0.45343718203477695,494.9150000000001,3.8528560835240224,502.6207121670481,487.20928783295204
2026-02-11,500.0,500.0,495.0,496.0,42061,496.1395211154631,498.2679414159809,49.42933858575395,496.48028278525055,496.2420565221333,0.23822626311726935,-0.07015578570882419,0.30838204882609355,495.36500000000007,3.375807895558652,502.1166157911174,488.61338420888274
2026-02-12,495.0,498.7,492.5,495.0,83293,496.03099529494284,498.13978685064836,47.52692334777331,496.25254697213506,496.1500523353086,0.10249463682646365,-0.03562570120176663,0.13812033802823026,495.71000000000004,2.9154578949436987,501.54091578988744,489.87908421011264
2026-02-16,498.7,498.8,493.0,497.9,82231,496.2089957430435,498.1303834447406,53.1573887579227,496.5060012841143,496.2796780882487,0.22632319586557514,0.016764078211701727,0.20955911765387342,496.23,2.2181310293814627,500.6662620587629,491.7937379412371
2026-02-17,495.0,498.5,492.0,497.0,90768,496.28432948180125,498.08605468220173,51.31704643725148,496.58200108655825,496.3330352668969,0.24896581966135045,0.06320442650163148,0.18576139315971896,496.53999999999996,1.8161265897013859,500.17225317940273,492.9077468205972
2026-02-22,497.8,497.8,490.0,495.0,43286,496.1620123882964,497.96503292995857,47.39060272412442,496.3386163040109,496.23429191379347,0.10432439021741402,0.07142841924478799,0.03289597097262603,496.465,1.848548506070138,500.16209701214024,492.7679029878597
2026-02-23,494.5,498.6,493.0,495.4,57825,496.0894397798872,497.86444340329354,48.24353975258166,496.1942137957015,496.1724925127717,0.021721282929775043,0.06148699198178541,-0.039765709052010365,496.43,1.862398001538951,500.15479600307793,492.7052039969221
2026-02-24,496.0,497.9,495.0,496.0,33305,496.08092170561224,497.7913279757134,49.56442936180903,496.164334750209,496.15971528960347,0.004619460605510994,0.05011348570653053,-0.04549402510101953,496.575,1.6948451257701078,499.9646902515402,493.18530974845976
2026-02-25,497.0,499.0,495.0,496.0,30849,496.0732148765063,497.72107981980304,49.56442936180903,496.1390524809461,496.14788452741067,-0.008832046464590348,0.03832437927230636,-0.047156425736896705,496.515,1.69279432652809,499.90058865305616,493.1294113469438
2026-02-26,498.0,499.0,496.5,497.9,32698,496.24719441207714,497.7280962974578,53.88659008810738,496.4099674838775,496.2776708587136,0.13229662516391727,0.057118828450628545,0.07517779671328872,496.55999999999995,1.7181385276940584,499.9962770553881,493.1237229446118
2026-03-01,497.9,500.0,494.0,499.0,58125,496.50936637283166,497.7779748740281,56.22547669430113,496.8084340248194,496.4793248691792,0.3291091556401966,0.11151689388854216,0.21759226175165444,496.765,1.7538754082645034,500.27275081652897,493.257249183471
2026-03-03,508.9,508.9,497.0,504.0,53465,497.2227600516096,498.0219758593603,64.93216321393811,497.9148287902318,497.0364119159067,0.8784168743251257,0.2648968899758589,0.6135199843492668,497.36499999999995,2.063281749857132,501.49156349971423,493.2384365002857
2026-03-09,514.0,550.0,514.0,545.0,4906,501.7729733800278,499.864251315856,87.2777907010042,505.1587012840423,500.5892702925062,4.5694309915360805,1.1258037102879033,3.443627281248177,499.765,10.844949103291164,521.4548982065824,478.0751017934177
2026-03-10,545.0,555.0,528.0,534.8,271844,504.9184044866918,501.23428067601856,74.55052069836111,509.71890108649734,503.1233984189872,6.595502667510118,2.219743501732346,4.375759165777772,501.6,13.361334632372524,528.3226692647451,474.877330735255
2026-03-11,539.0,539.0,525.0,527.0,78574,507.0214135831974,502.24470104166494,66.55755437380334,512.3775316885747,504.89203557313635,7.485496115438309,3.2728940244735387,4.21260209096477,503.01000000000005,14.490537747470517,531.9910754949411,474.028924505059
2026-03-12,522.1,531.7,522.0,529.0,81850,509.11461228955955,503.29392845179575,67.51917641923768,514.934834505717,506.677810715867,8.257023789850052,4.269719977548842,3.98730381230121,504.56000000000006,15.545972570355168,535.6519451407104,473.46805485928974
2026-03-15,531.0,539.0,528.5,530.5,92278,511.1513158810301,504.36083321839203,68.25641540908487,517.3294753509913,508.4424173295065,8.88705802148479,5.193187586336032,3.6938704351487583,506.28000000000003,16.43810079951684,539.1562015990337,473.40379840096637
2026-03-16,530.0,532.0,523.0,523.0,67561,512.2797619875987,505.09178093531784,60.82276535770079,518.2018637585311,509.52075678658014,8.681106971950953,5.890771463459016,2.7903355084919372,507.465,16.75954637623526,540.9840927524705,473.9459072475295
2026-03-17,523.0,530.0,523.0,525.8,47099,513.5674037030655,505.90386795746224,62.46623692479304,519.3708077956802,510.7266266542409,8.644181141439333,6.44145339905508,2.202727742384253,508.8299999999999,17.099248983210074,543.0284979664201,474.63150203357975
2026-03-19,528.0,536.0,527.0,535.2,151867,515.6276509694402,507.05273588069906,67.40910688398421,521.8060681348063,512.539469124297,9.266599010509253,7.006482521345915,2.2601164891633383,510.79499999999996,17.779748236933973,546.3544964738679,475.235503526132
2026-03-22,545.0,545.9,537.0,542.1,178526,518.1488270675887,508.42713839518143,70.48201583528461,524.9282114986822,514.7291380780529,10.199073420629361,7.645000701202605,2.554072719426756,513.08,18.74290321836415,550.5658064367284,475.59419356327174
2026-03-23,542.1,546.0,536.7,542.0,100511,520.420367346866,509.74372120321357,70.37844709282314,527.554640498885,516.749201924123,10.805438574761979,8.27708827591448,2.5283502988474993,515.38,19.349244511303958,554.0784890226079,476.68151097739207
2026-03-24,546.0,546.0,542.5,544.6,99147,522.7231895043074,511.1106340972052,71.54903858755826,530.1770034990566,518.8122240038176,11.364779495238963,8.894626519779377,2.4701529754595857,517.86,19.77362411210057,557.4072482242011,478.31275177579886
2026-03-25,544.0,548.0,538.0,539.0,133329,524.2733619324686,512.2043347208443,65.54128823746382,531.5343875761248,520.3076148183496,11.226772757775166,9.361055767378536,1.8657169903966295,519.915,19.72570524388794,559.3664104877759,480.4635895122241
2026-03-26,539.0,543.0,533.0,543.0,58580,526.0568512722334,513.4120078690464,67.63193861723742,533.2983279490287,521.9885322392126,11.309795709816058,9.750803755866041,1.5589919539500166,522.2149999999999,19.594555500533374,561.4041110010667,483.02588899893317
2026-03-29,550.0,550.0,534.0,534.1,174352,526.8228654367826,514.2233016781034,59.047729723948386,533.4216621107166,522.885677999271,10.5359841114456,9.907839826981954,0.6281442844636462,524.17,18.664830423477333,561.4996608469546,486.8403391530453
2026-03-30,533.0,539.0,525.1,527.0,104673,526.8397353951843,514.724348671119,53.24201189017336,532.4337140936833,523.1904425919176,9.243271501765662,9.774926161938696,-0.5316546601730341,525.75,17.395568098628047,560.541136197256,490.9588638027439
2026-03-31,535.0,535.0,520.0,531.0,86278,527.2359510718335,515.3626095075457,55.87428416837513,532.2131426946551,523.7689283258496,8.444214368805433,9.508783803312044,-1.0645694345066108,527.5,15.945235222978358,559.3904704459567,495.60952955404326
2026-04-01,531.0,531.0,520.0,523.0,70913,526.8325271602303,515.6621150170538,49.83203915477329,530.7957361262467,523.711970672083,7.083765454163654,9.023780133482367,-1.940014679318713,528.85,14.18358947962874,557.2171789592575,500.4828210407425
2026-04-02,512.6,524.9,512.0,517.5,83066,525.9437150497322,515.7341889379536,46.137991999343136,528.7502382606702,523.2518246963732,5.498413564297039,8.318706819645302,-2.820293255348263,529.83,12.511094024286171,554.8521880485724,504.8078119514277
2026-04-05,510.0,518.0,499.8,505.3,103324,523.9776469497577,515.3250050580339,39.196906507996914,525.1425092974903,521.9220599040493,3.2204493934409584,7.299055334404433,-4.078605940963475,530.1450000000001,11.750183649194256,553.6453672983886,506.6446327016116
2026-04-06,506.0,522.0,505.0,518.0,66226,523.4083472402571,515.4299068204639,47.971700156720715,524.043661713261,521.6315369481938,2.412124765067233,6.321669220536994,-3.909544455469761,530.845,10.456449784969141,551.7578995699383,509.9321004300617
2026-04-07,523.9,525.9,518.0,520.0,48132,523.083742741185,515.6091261608378,49.214669669244806,523.4215599112208,521.5106823594386,1.9108775517821641,5.439510886786028,-3.528633335003864,529.595,10.165497631969714,549.9259952639395,509.2640047360606
2026-04-08,520.0,525.0,520.0,524.0,63582,523.1710053372626,515.9381800368834,51.69999200921055,523.51055069411,521.6950762587395,1.8154744353704473,4.714703596502912,-2.8992291611324648,529.0550000000001,10.161303014263838,549.3776060285278,508.7323939714724
2026-04-09,521.0,530.0,521.0,528.0,38820,523.6309095908566,516.4111925844567,54.11807264020912,524.2012352027084,522.162107646981,2.0391275557274184,4.179588388347813,-2.140460832620395,529.105,10.153115933456768,549.4112318669136,508.79876813308647
2026-04-10,532.0,538.0,526.2,529.5,85950,524.1898705822036,516.9244791497721,55.02733281949222,525.0164297869071,522.705655228686,2.3107745582210555,3.805825622322462,-1.4950510641014065,529.13,10.153459353462948,549.4369187069259,508.8230812930741
2026-04-13,540.0,540.0,520.0,530.0,51167,524.7432162410414,517.4372446733105,55.345005587158624,525.7831328966138,523.2459770635982,2.5371558330156176,3.5520916644610936,-1.014935831445476,529.105,10.150523709605643,549.4060474192113,508.80395258078875
2026-04-15,530.5,534.0,530.0,531.9,57069,525.4248146942756,518.004411548867,56.59957193760094,526.7241893740578,523.887015799628,2.837173574429812,3.4091080464548376,-0.5719344720250255,529.55,10.06350885758216,549.6770177151643,509.42298228483565
2026-04-16,535.0,538.0,530.0,531.0,59730,525.9557847233922,518.5140424685193,55.79986595859383,527.3820063934336,524.413903518174,2.9681028752595466,3.3209070122157796,-0.3528041369562329,529.8100000000001,10.028637940801689,549.8672758816034,509.75272411839666
2026-04-17,541.6,541.6,528.0,530.0,39114,526.3409480830691,518.9644721756362,54.872157730330464,527.7847746405977,524.8276884427537,2.957086197843978,3.2481428493414195,-0.29105665149744153,529.55,9.948631220334459,549.4472624406689,509.65273755933106
2026-04-20,533.0,534.9,527.1,528.0,39912,526.4989530275387,519.3188066001211,52.97516675678699,527.8178862343519,525.0626744840312,2.7552117503207683,3.1495566295372894,-0.39434487921652117,528.845,9.502048255663125,547.8490965113263,509.8409034886738
2026-04-21,550.0,550.0,525.0,526.0,35671,526.4514336915827,519.5808141844301,51.07367258934702,527.538211429067,525.1321060037326,2.406105425334431,3.0008663886967177,-0.5947609633622868,528.045,8.99628432072191,546.0375686414437,510.05243135855613
2026-04-22,526.0,527.0,519.0,526.5,66642,526.4560590542891,519.8521548046485,51.54196076767127,527.378486593826,525.2334314849376,2.145055108888414,2.829704132735057,-0.6846490238466432,527.14,8.109993834789273,543.3599876695786,510.92001233042146
2026-04-23,530.0,530.0,518.0,520.0,33344,525.841196287214,519.8579526554466,45.45154101630271,526.2433348101604,524.8457698934607,1.3975649166997073,2.5432762895279875,-1.1457113728282802,526.1899999999999,7.752547968269572,541.6950959365391,510.6849040634608
2026-04-24,520.0,520.0,515.0,518.0,38819,525.0944156884317,519.7850917669978,43.73894125987266,524.9751294547511,524.3386758272784,0.636453627472747,2.1619117571169393,-1.5254581296441923,524.9399999999999,6.86404821479703,538.668096429594,511.21190357040587
2026-04-27,518.0,522.0,517.5,519.2,36199,524.533042765724,519.7621469918214,45.07616492463042,524.086648000174,523.958033173406,0.12861482676805736,1.755252371047163,-1.6266375442791057,524.195,6.621851784278579,537.4387035685572,510.95129643144287
2026-04-28,519.2,532.0,519.2,525.0,66167,524.577514883274,519.9675529921421,51.12304958730869,524.227163692455,524.0352159013019,0.19194779115309757,1.44259145506835,-1.2506436639152525,524.095,6.592298137763795,537.2795962755276,510.9104037244724
2026-04-29,525.0,527.0,522.0,524.9,36190,524.6082277515336,520.160982286568,51.01875605283269,524.3306769705388,524.0992739826869,0.23140298785187952,1.2003537616250561,-0.9689507737731766,523.7900000000001,6.394150287181164,536.5783005743624,511.00169942563775
2026-04-30,524.0,528.1,520.0,528.0,47024,524.931253679959,520.4683947459183,54.14197450626498,524.8951882058406,524.388216650636,0.5069715552045864,1.0616773203409622,-0.5547057651363758,524.0400000000001,6.45905321400703,536.9581064280142,511.121893571986
2026-05-04,528.0,535.0,516.0,521.0,62346,524.5568485675819,520.4892420107842,46.87382321483444,524.2959284818651,524.1372376394777,0.1586908423873865,0.8810800247502472,-0.7223891823628606,524.215,6.318417106931438,536.851834213863,511.57816578613716
2026-05-05,520.0,526.0,516.0,521.6,38727,524.275243942098,520.5328011476163,47.52408433524707,523.8811702538859,523.9492941106275,-0.06812385674163579,0.6912392484518706,-0.7593631051935064,525.03,4.555517187150808,534.1410343743016,515.9189656256983
2026-05-06,525.0,527.0,522.0,522.3,23570,524.087125471422,520.602103063396,48.318856795151035,523.6379132917496,523.827124176507,-0.18921088475747183,0.5151492218100021,-0.7043601065674739,525.245,4.300608892055437,533.8462177841109,516.6437822158891
2026-05-07,525.0,525.0,522.2,523.0,32514,523.983589712239,520.6961382373805,49.14827423695521,523.5397727853266,523.765855718988,-0.22608293366135968,0.36690279071572973,-0.5929857243770894,525.395,4.157994835609165,533.7109896712183,517.0790103287817
2026-05-08,525.0,528.0,520.1,523.0,44672,523.8899145015496,520.7864857574833,49.14827423695522,523.4567308183533,523.7091256657296,-0.25239484737630846,0.2430432630973221,-0.49543811047363057,525.345,4.181598158385821,533.7081963167717,516.9818036832283
2026-05-11,523.0,532.0,523.0,527.0,37981,524.1861131204496,521.0301529826801,54.036848010564526,524.0018491539912,523.9528941349348,0.04895501905639321,0.20422561428913635,-0.15527059523274314,525.295,4.154069026148362,533.6031380522967,516.9868619477032
2026-05-12,530.0,533.0,527.0,527.0,37974,524.4541023470734,521.2642646304181,54.036848010564526,524.4631031303003,524.1786056804953,0.28449744980503056,0.2202799813923152,0.06421746841271536,525.17,4.057364973309264,533.2847299466185,517.0552700533814
2026-05-13,527.0,528.0,523.1,527.0,29723,524.6965687902093,521.4891954292252,54.036848010564526,524.8533949564079,524.3875978523105,0.4657971040974189,0.269383405933336,0.19641369816408294,525.02,3.922619962313744,532.8652399246274,517.1747600753725
2026-05-14,530.0,530.0,525.0,527.0,23778,524.9159431911418,521.7053054123928,54.036848010564526,525.1836418861913,524.5811091225097,0.6025327636815518,0.33601327748297916,0.2665194861985727,524.775,3.610930044987738,531.9968600899755,517.5531399100245
2026-05-15,525.1,531.0,525.0,527.0,22776,525.1144247919854,521.9129404942597,54.03684801056452,525.463081596008,524.760286224546,0.7027953714620025,0.40936969627878383,0.2934256751832187,524.575,3.3492929340707693,531.2735858681416,517.8764141318585
2026-05-18,527.0,532.0,525.0,526.0,44305,525.1987652879868,522.0732173376222,52.218955972952344,525.5456844273914,524.8521168745797,0.6935675528117144,0.46620926758536996,0.2273582852263445,524.375,3.1198642008748965,530.6147284017497,518.1352715982503
2026-05-19,526.0,530.0,523.0,526.0,41228,525.2750733557976,522.2272088145781,52.218955972952344,525.6155791308696,524.9371452542405,0.6784338766291285,0.5086541893941217,0.1697796872350068,524.275,3.0282659620918397,530.3315319241837,518.2184680758163
2026-05-20,529.9,531.0,524.0,527.4,55468,525.4774473219121,522.4300633708692,54.69372049420584,525.8901054184281,525.1195789391115,0.7705264793165725,0.5610286473786119,0.20949783193796057,524.345,3.0858718806003145,530.5167437612007,518.1732562387994
2026-05-21,527.4,530.0,526.2,527.9,27246,525.7081666245872,522.6445706896587,55.578625977404315,526.1993199694392,525.3255360547329,0.8737839147063369,0.6235797008441569,0.25020421386217995,524.415,3.152488574261305,530.7199771485226,518.1100228514773
2026-05-22,529.0,530.8,527.9,530.0,42686,526.1169126603407,522.9330188979075,59.18440106453551,526.7840399741408,525.6717926432711,1.1122473308696499,0.7213132268492556,0.3909341040203943,524.915,3.2079301410403236,531.3308602820806,518.4991397179193
2026-05-25,530.0,536.0,530.0,535.4,59099,527.0010162164988,523.4219201175973,66.67527331453401,528.1095722858114,526.3924005956214,1.7171716901899572,0.9204849195173959,0.7966867706725613,525.7850000000001,3.5725967262960876,532.9301934525922,518.6398065474079
2026-05-26,540.0,540.0,532.1,537.0,59432,527.9533003863561,523.9543938384759,68.51887608407777,529.4773303956865,527.1781486996495,2.299181696037067,1.19622427482133,1.102957421215737,526.675,4.033266274674282,534.7415325493486,518.6084674506513
2026-05-27,538.7,540.0,534.0,537.0,68884,528.8148908257507,524.465986236967,68.51887608407779,530.6346641809655,527.9056932404162,2.7289709405492886,1.5027736079669218,1.2261973325823667,527.275,4.620762639298875,536.5165252785978,518.0334747214022
2026-06-01,537.0,544.0,531.0,534.0,44350,529.3087107471077,524.839869129635,61.16109825815164,531.1524081531246,528.3571233707557,2.795284782368867,1.761275842847311,1.0340089395215561,527.7299999999999,4.818396763316615,537.3667935266332,518.0932064733666
2026-06-02,540.0,540.0,530.0,536.9,43239,530.0316906759547,525.3128154382767,65.0662917320908,532.0366530526439,528.989929046996,3.0467240056478886,2.0183654754074265,1.028358530240462,528.175,5.237403434638276,538.6498068692765,517.7001931307234
2026-06-03,536.0,539.0,532.0,536.5,36962,530.6477201353875,525.7515285583444,64.10878934248954,532.7233218137757,529.5462305990704,3.1770912147052286,2.2501106232669867,0.9269805914382419,528.95,5.26652786850995,539.48305573702,518.4169442629801
2026-06-04,563.0,563.0,531.1,538.8,35729,531.4241277415412,526.2632333207623,67.10622618003966,533.6581953808872,530.2316949991393,3.4265003817478146,2.485388574963152,0.9411118067846624,529.81,5.4056403292060375,540.621280658412,518.9987193415878
2026-06-05,537.0,540.0,535.0,535.0,38895,531.7646870042515,526.6058516219089,58.424651474099754,533.8646268607506,530.5849027769809,3.279724083769679,2.6442556767244576,0.6354684070452215,530.4449999999999,5.219747422836858,540.8844948456737,520.0055051543262
2026-06-08,536.0,539.9,530.2,533.0,52406,531.8823358609895,526.8566025386967,54.4332018378186,533.7316073437121,530.7637988675749,2.9678084761371792,2.708966236607002,0.25884223953017704,530.9449999999999,4.940538538757546,540.826077077515,521.0639229224848
2026-06-09,531.0,535.0,530.1,533.0,49834,531.9887800647048,527.0975200861989,54.4332018378186,533.6190523677564,530.9294433959027,2.6896089718536587,2.7050947836563335,-0.015485811802674831,531.4449999999999,4.587566147557048,540.620132295114,522.2698677048859
2026-06-10,535.0,538.0,531.5,536.0,29859,532.3708010109234,527.4466369455637,59.273501225511616,533.9853520034861,531.3050401813914,2.6803118220947226,2.7001381913440117,-0.019826369249289044,531.895,4.56997926982522,541.0349585396505,522.7550414603495
2026-06-11,536.0,537.8,533.1,533.1,31193,532.4402485336926,527.6683374575024,53.371558101909486,533.8491440029497,531.438000167955,2.411143834994732,2.6423393200741563,-0.23119548507942422,532.2,4.427426483124733,541.0548529662495,523.3451470337505
2026-06-12,533.1,535.0,532.0,533.0,27399,532.4935581971505,527.8774222630906,53.17493791004989,533.7185064640344,531.5537038592176,2.164802604816714,2.5468319770226677,-0.3820293722059538,532.5,4.256512038883287,541.0130240777665,523.9869759222335
2026-06-15,533.0,536.7,530.0,531.5,39328,532.3989336069457,528.0194841351263,50.18820855501959,533.3771977772599,531.5497257955719,1.8274719816879497,2.402959977955724,-0.5754879962677744,532.725,4.065111508835098,540.8552230176703,524.5947769823298
2026-06-16,532.0,535.0,531.3,532.0,30151,532.3609399300937,528.1755827964939,51.17270682365883,533.1653211961429,531.5830794403444,1.5822417557985773,2.2388163335242948,-0.6565745777257175,532.975,3.842131398654482,540.659262797309,525.290737202691
2026-06-17,532.0,535.0,530.5,532.0,20805,532.3265646986562,528.3255599417295,51.17270682365883,532.986041012121,531.6139624447633,1.3720785673576756,2.065468780290971,-0.6933902129332954,533.275,3.4866474623385457,540.2482949246771,526.3017050753228
