Date,Open,High,Low,Close,Volume,EMA20,EMA50,RSI,EMA12,EMA26,MACD,MACD_Signal,MACD_Hist,BB_Middle,BB_Std,BB_Upper,BB_Lower
2012-01-01,49.19,49.19,49.19,49.19,100,49.19,49.19,,49.19,49.19,0.0,0.0,0.0,,,,
2012-01-02,49.19,53.0,50.14,53.0,235,49.552857142857135,49.33941176470588,100.0,49.776153846153846,49.47222222222222,0.303931623931625,0.060786324786325,0.24314529914529998,,,,
2012-01-03,53.0,56.81,53.0,53.0,2686,49.881156462585025,49.482964244521334,100.0,50.27213017751479,49.733539094650205,0.5385910828645848,0.156347276401977,0.3822438064626078,,,,
2012-01-04,53.0,52.05,52.05,52.05,50,50.08771298995788,49.58363231336364,97.97623213986822,50.54564861174328,49.90512879134278,0.6405198204004989,0.2531817852016814,0.38733803519881754,,,,
2012-01-05,52.05,51.09,51.09,51.09,1250,50.183168895676175,49.642705555976825,95.86491869215715,50.629394979167394,49.992897029021094,0.6364979501462997,0.3298450181906051,0.30665293195569465,,,,
2012-01-08,51.09,51.41,50.78,51.09,844,50.269533762754634,49.69946220084048,95.86491869215715,50.70025729006472,50.07416391576027,0.6260933743044461,0.3890946894133733,0.23699868489107284,,,,
2012-01-09,51.09,51.73,50.14,51.09,3559,50.34767340439705,49.753993094925164,95.86491869215715,50.76021770697784,50.14941103311136,0.6108066738664775,0.43343708630399413,0.17736958756248333,,,,
2012-01-10,51.09,53.0,51.73,51.73,414,50.47932355635923,49.83148356179085,95.93780658067783,50.9094149828274,50.266491697325336,0.6429232855020643,0.47533432614360815,0.1675889593584562,,,,
2012-01-11,51.73,52.05,52.05,52.05,236,50.62891178908692,49.9184842064265,95.97599960228828,51.084889600853955,50.39860342344939,0.6862861774045683,0.5175246963958002,0.1687614810087681,,,,
2012-01-12,52.05,51.09,49.19,49.83,937,50.552824952031024,49.91501423754703,89.67672095579445,50.89182966226104,50.35648465134203,0.5353450109190092,0.5210887593004421,0.01425625161856714,,,,
2012-01-16,49.83,50.78,47.92,50.78,2376,50.57446067088521,49.9489352478393,89.97980268975687,50.87462509883626,50.38785615865003,0.48676894018623074,0.5142247954775998,-0.02745585529136907,,,,
2012-01-18,50.78,51.73,51.09,51.09,2603,50.623559654610425,49.993682885178934,90.08212806934048,50.907759699015294,50.43986681356485,0.46789288545044627,0.5049584134721692,-0.037065528021722915,,,,
2012-01-22,51.09,50.14,48.56,48.56,4227,50.42703016369514,49.93746002693663,82.66286053817711,50.546565899166794,50.30061741996745,0.24594847919934182,0.45315642661760375,-0.20720794741826193,,,,
2012-01-23,48.56,51.09,48.87,51.09,1628,50.49017014810513,49.98265767293911,84.0753253759733,50.63017114544883,50.35909020367357,0.27108094177526,0.416741329649135,-0.14566038787387503,,,,
2012-01-25,51.09,50.14,49.19,49.19,258,50.36634441971417,49.951573058314054,78.87806793213451,50.40860635384132,50.272490929327375,0.13611542451394598,0.36061614862209723,-0.22450072410815125,,,,
2012-01-26,49.19,48.56,48.56,48.56,553,50.194311617836625,49.897001565831154,77.17453195713537,50.12420537632727,50.145639749377196,-0.021434373049928013,0.2842060442876922,-0.3056404173376202,,,,
2012-01-29,48.56,50.46,49.51,50.46,573,50.21961527328076,49.91907993579856,78.67066461570964,50.17586608766153,50.16892569386778,0.006940393793755106,0.22875291418890478,-0.22181252039514968,,,,
2012-02-01,50.46,49.51,48.24,49.51,1905,50.15203286630164,49.90303758537509,75.9886936162795,50.07342515109822,50.120116383210906,-0.046691232112685555,0.17366408492858673,-0.2203553170412723,,,,
2012-02-02,49.51,50.14,48.24,49.19,725,50.060410688558626,49.87507532712509,75.06044681772978,49.937513589390804,50.05121887334343,-0.11370528395262625,0.11619021115234414,-0.22989549510497037,,,,
2012-02-05,49.19,49.83,47.6,48.87,5961,49.94703824202923,49.8356606084143,74.08582908138845,49.773280729484526,49.96372117902169,-0.19044044953716366,0.05486407901444258,-0.24530452855160623,50.571,1.401108208000482,53.373216416000965,47.76878358399903
2012-02-06,48.87,48.56,47.6,48.56,13376,49.81493936183597,49.78563470220198,73.09565596269653,49.58662215571768,49.85974183242749,-0.2731196767098112,-0.010732672130408176,-0.262387004579403,50.539500000000004,1.440323337236983,53.42014667447397,47.65885332552604
2012-02-07,48.56,48.87,46.97,47.6,3631,49.60399275594683,49.69992353740975,69.9766008292413,49.28098797791496,49.69235354854397,-0.4113655706290089,-0.09085925183012833,-0.3205063187988806,50.2695,1.4607981776376506,53.1910963552753,47.3479036447247
2012-02-08,47.6,48.24,48.24,48.24,120,49.47408868395189,49.64267163398192,70.86904215519814,49.12083598131266,49.58477180420738,-0.4639358228947188,-0.16547456604304644,-0.29846125685167235,50.03150000000001,1.3779285559357444,52.7873571118715,47.275642888128516
2012-02-09,48.24,47.92,47.29,47.92,1224,49.326080237861234,49.57511588362969,69.75260335483708,48.936091984187634,49.46145537426609,-0.5253633900784536,-0.2374523308501279,-0.28791105922832566,49.825,1.3689469637183516,52.562893927436704,47.0871060725633
2012-02-12,47.92,48.24,47.29,47.29,313,49.1321678342554,49.48550349603637,67.49812875835961,48.682847063543385,49.30060682802415,-0.6177597644807662,-0.31351381757625557,-0.3042459469045106,49.635,1.445688690373448,52.526377380746894,46.7436226192531
2012-02-13,47.29,47.6,46.97,47.6,546,48.98624708813583,49.41156218246632,68.04542665086771,48.51625520761363,49.174635951874215,-0.6583807442605831,-0.3824872029131211,-0.275893541347462,49.4605,1.471223890793688,52.40294778158738,46.51805221841263
2012-02-14,47.6,48.24,47.6,48.24,457,48.91517593688481,49.36561856746764,69.19858524135503,48.4737544064423,49.10540365914279,-0.631649252700484,-0.43231961287059373,-0.19932963982989027,49.318,1.4428356582931126,52.203671316586224,46.43232868341377
2012-02-15,48.24,48.56,47.6,47.92,763,48.820397276229116,49.30892764325323,67.87957008447106,48.38856142083579,49.017595980687766,-0.6290345598519735,-0.47166260226686973,-0.1573719575851038,49.1275,1.3565547498990602,51.84060949979812,46.414390500201876
2012-02-16,47.92,47.6,46.65,47.29,653,48.67464515468348,49.22975401018447,65.24286912924447,48.21955197147644,48.88962590804422,-0.6700739365677819,-0.5113448691270522,-0.15872906744072968,48.889500000000005,1.2283299531006446,51.346159906201294,46.43284009379872
2012-02-21,47.29,47.6,46.97,47.29,1263,48.54277418757077,49.15368522547136,65.24286912924447,48.07654397586468,48.771135100040944,-0.694591124176263,-0.5479941201368944,-0.1465970040393686,48.7625,1.2569464879955046,51.276392975991016,46.24860702400899
2012-02-23,47.29,47.29,46.97,46.97,341,48.39298616970689,49.06805051074699,63.78335616700155,47.90630644111627,48.637717685223095,-0.7314112441068232,-0.5846775449308802,-0.14673369917594303,48.572,1.2233543188601197,51.018708637720245,46.12529136227976
2012-02-26,46.97,47.6,46.97,47.6,331,48.31746367735385,49.01047990248241,65.42331704286248,47.85918237325223,48.560849708539905,-0.7016673352876737,-0.6080755030022389,-0.09359183228543477,48.3975,1.0865390491202702,50.57057809824054,46.22442190175946
2012-02-27,47.6,47.6,47.6,47.6,667,48.24913380332015,48.95516696513016,65.42331704286248,47.81930816198266,48.48967565605547,-0.6703674940728064,-0.6205339012163524,-0.049833592856453945,48.3495,1.100102746397627,50.549705492795255,46.14929450720474
2012-02-28,47.6,48.56,47.29,48.56,537,48.27874010776585,48.93967022139957,67.98529200166578,47.93326075244687,48.494884866718024,-0.5616241142711544,-0.6087519438273128,0.04712782955615835,48.223,0.8946690067164328,50.01233801343287,46.43366198656713
2012-02-29,48.56,50.46,48.56,49.51,1487,48.39600295464529,48.962036095070175,70.32828633256405,48.1758360213012,48.57007858029447,-0.39424255899326965,-0.5658500668605042,0.17160750786723455,48.239,0.9154918149049261,50.06998362980985,46.40801637019015
2012-03-01,49.51,50.14,48.87,49.51,1919,48.502097911345736,48.98352487565566,70.32828633256405,48.3810920180241,48.63970238916155,-0.25861037113745056,-0.5044021277158935,0.245791756578443,48.286500000000004,0.9567393914530303,50.199978782906065,46.37302121709394
2012-03-04,49.51,48.87,48.56,48.87,1220,48.53713620550328,48.979072919747594,66.52439284581993,48.456308630635775,48.656761471445876,-0.20045284081010095,-0.44361227033473505,0.2431594295246341,48.207,0.8233954092658157,49.853790818531635,46.560209181468366
2012-03-05,48.87,50.46,49.19,50.14,2915,48.68978990021726,49.02459947191436,69.99281533682344,48.71533807207643,48.76663099207952,-0.05129292000309249,-0.36514840026840656,0.31385548026531407,48.2385,0.8855701404655821,50.009640280931166,46.46735971906884
2012-03-06,50.14,50.46,49.83,50.14,1240,48.82790514781561,49.06834066909419,69.99281533682344,48.93451683021852,48.86836202970326,0.0661548005152568,-0.2788877601116739,0.34504256062693067,48.286,0.9615141567778558,50.20902831355571,46.36297168644429
2012-03-12,50.14,49.19,48.56,48.56,653,48.80239037183318,49.048405740894424,60.8900637217835,48.876898856338755,48.845520397873386,0.03137845846536891,-0.21683451639626533,0.24821297486163424,48.270500000000006,0.9540742274996051,50.17864845499921,46.3623515450008
2012-03-13,48.56,49.19,48.87,48.87,2664,48.80882938403954,49.04140943732994,61.93604153092704,48.875837493825095,48.84733370173461,0.028503792090482705,-0.16776685469891575,0.19627064678939846,48.286,0.9615141567778558,50.20902831355571,46.36297168644429
2012-03-14,48.87,49.19,48.87,48.87,922,48.81465515698815,49.03468749861112,61.93604153092704,48.874939417852005,48.849012686791305,0.025926731060700092,-0.1290281375469926,0.1549548686076927,48.3495,0.9557442677113885,50.260988535422776,46.43801146457722
2012-03-15,48.87,48.87,48.87,48.87,100,48.81992609441785,49.02822916533225,61.93604153092704,48.87417950741323,48.85056730258454,0.023612204828694416,-0.0985000690718552,0.12211227390054961,48.381,0.9623047990713806,50.30560959814276,46.45639040185724
2012-03-18,48.87,49.83,48.24,48.24,3873,48.76469503780663,48.99731821767216,57.99884058959445,48.77661342934966,48.80534009498568,-0.028726665636021664,-0.0845453883846885,0.05581872274866684,48.397000000000006,0.9568814478623665,50.310762895724736,46.483237104275275
2012-03-19,48.24,48.56,48.24,48.56,1287,48.74520027230124,48.980168483645805,59.41025507228519,48.74328828637279,48.787166754616365,-0.04387846824357666,-0.07641200435646614,0.03253353611288948,48.4605,0.9210204580846989,50.3025409161694,46.61845908383061
2012-03-20,48.56,48.87,48.56,48.87,432,48.757085960653505,48.97584815095381,60.78506050209858,48.76278239616159,48.79330255057071,-0.030520154409117595,-0.06723363436699643,0.03671347995787884,48.524,0.9021576475609213,50.32831529512185,46.719684704878155
2012-03-25,48.87,48.56,47.92,47.92,328,48.67736348821032,48.93444234111249,54.67354717845636,48.633123565982885,48.72861347275065,-0.09548990676776725,-0.07288488884715061,-0.022605017920616644,48.507999999999996,0.9102608070449528,50.3285216140899,46.68747838591009
2012-03-26,47.92,48.24,46.97,46.97,1645,48.514757441714096,48.85740538655906,49.332019452066966,48.37725840198552,48.59834580810246,-0.22108740611693634,-0.10252539230110776,-0.11856201381582858,48.4605,0.9656602595334076,50.39182051906682,46.52917948093319
2012-03-27,46.97,46.97,46.33,46.33,1336,48.30668530440799,48.758291449831255,46.06676519177943,48.06229557091083,48.43032019268746,-0.36802462177663386,-0.155625238196213,-0.21239938358042088,48.4125,1.047311721554421,50.507123443108846,46.31787655689116
2012-03-28,46.33,47.29,46.02,47.29,1178,48.20985813255961,48.70071139297512,51.2763581876066,47.94348086769378,48.345852030266165,-0.40237116257238625,-0.20497442307144764,-0.1973967395009386,48.4125,1.047311721554421,50.507123443108846,46.31787655689116
2012-03-29,47.29,47.29,46.65,46.65,696,48.061300215172984,48.62029133834865,47.951000093092624,47.744483811125505,48.22023336135756,-0.47574955023205234,-0.2591294485035686,-0.21662010172848373,48.396499999999996,1.072646873761116,50.54179374752223,46.251206252477765
2012-04-01,46.65,46.65,45.7,46.65,5184,47.9268906708708,48.54302501135459,47.951000093092624,47.57610168633696,48.103919779034776,-0.5278180926978138,-0.31286717734241765,-0.21495091535539612,48.349,1.12931231986085,50.6076246397217,46.090375360278294
2012-04-02,46.65,48.56,46.65,48.56,3769,47.987186797454534,48.54369069718382,57.49237296854306,47.72747065766974,48.13770349910628,-0.4102328414365388,-0.3323403101612419,-0.07789253127529694,48.397000000000006,1.1161262897794606,50.62925257955893,46.16474742044108
2012-04-03,48.56,48.24,47.6,48.24,2848,48.01126424531601,48.531781258078574,55.65169354064274,47.806321325720546,48.145281017691,-0.3389596919704516,-0.3336641865230838,-0.005295505447367788,48.381,1.1159602898047378,50.61292057960948,46.14907942039052
2012-04-04,48.24,49.19,48.24,48.24,712,48.03304860290497,48.520338855800986,55.65169354064273,47.873041121763535,48.15229723860277,-0.27925611683923535,-0.32278257258631415,0.04352645574707881,48.3175,1.0840124052504487,50.4855248105009,46.14947518949911
2012-04-08,48.24,49.19,48.24,48.24,937,48.05275825977117,48.50934517518134,55.65169354064272,47.92949633379991,48.158793739447006,-0.22929740564709533,-0.3040855391984704,0.07478813355137509,48.254000000000005,1.0470479806027189,50.348095961205445,46.159904038794565
2012-04-09,48.24,48.87,48.87,48.87,79,48.13059080645963,48.52348850164481,58.88821768074982,48.074189205523,48.211475684673154,-0.13728647915015557,-0.27072572718880744,0.13343924803865187,48.254000000000005,1.0470479806027189,50.348095961205445,46.159904038794565
2012-04-10,48.87,48.87,47.92,48.87,770,48.20101072965395,48.53707718785482,58.88821768074982,48.19662163544253,48.26025526358625,-0.06363362814371953,-0.22930730737978988,0.16567367923607035,48.1905,0.9616787679010071,50.11385753580201,46.26714246419799
2012-04-11,48.87,51.73,48.24,48.24,2767,48.20472399349643,48.52542710205659,54.29291290715768,48.203295229989834,48.258754873690975,-0.055459643701141204,-0.19453777464406016,0.13907813094291896,48.0955,0.8458286189480689,49.78715723789614,46.403842762103864
2012-04-12,48.24,53.0,48.56,53.0,5232,48.66141694649677,48.70090054903476,72.04367685336233,48.9412498099914,48.609958216380534,0.3312915936108638,-0.08937190099307539,0.4206634946039392,48.317499999999995,1.3849904996824165,51.08748099936483,45.54751900063516
2012-04-15,53.0,58.08,53.95,58.08,1974,49.55842485635422,49.06870837064125,80.67111355518537,50.34721137768503,49.31144279294494,1.0357685847400901,0.13565619615355773,0.9001123885865324,48.778,2.587477129316677,53.952954258633355,43.60304574136664
2012-04-16,58.08,59.03,59.03,59.03,107,50.46047963193953,49.459347258067076,81.80212496105338,51.68302501188733,50.031335919393456,1.651689092493875,0.4388627754216212,1.2128263170722537,49.285999999999994,3.4575583109593753,56.20111662191874,42.370883378081245
2012-04-17,59.03,61.89,53.32,53.32,9024,50.73281490508814,49.61074540480955,59.33046747976037,51.934867317750815,50.274940666105046,1.659926651645769,0.6830755506664508,0.9768511009793182,49.5085,3.570710197676299,56.649920395352595,42.3670796046474
2012-04-18,53.32,58.39,52.36,58.39,2661,51.46207062841308,49.95502989873859,67.7911017959379,52.92796465348146,50.87605617231949,2.0519084811619734,0.9568421367655554,1.0950663443964181,50.016000000000005,4.067653403441149,58.1513068068823,41.88069319311771
2012-04-19,58.39,64.11,58.71,59.98,5224,52.27330199713565,50.348165981140994,69.90553613462805,54.012893168330464,51.550422381777295,2.462470786553169,1.2579678667230783,1.2045029198300907,50.587,4.61696425667001,59.82092851334002,41.353071486659985
2012-04-22,59.98,65.69,60.93,65.69,9545,53.5510827593132,50.949806530900176,75.99907943150868,55.80937114243347,52.59779850164564,3.2115726407878284,1.6486888215360285,1.5628838192518,51.428,5.694030669320102,62.8160613386402,40.03993866135979
2012-04-24,65.69,72.04,66.96,72.04,1660,55.311932020331,51.776872941453114,80.68331032346221,58.30639096667448,54.03796157559782,4.268429391076658,2.1726369354441544,2.095792455632504,52.634,7.252866874190983,67.13973374838197,38.12826625161804
2012-04-25,72.04,74.58,73.31,74.58,612,57.146986113632806,52.671113218258874,82.1813708420133,60.81002312564763,55.55959405147946,5.250429074168174,2.7881953631889584,2.462233710979216,54.0145,8.617326166692191,71.24915233338439,36.779847666615616
2012-04-26,74.58,81.88,72.68,80.93,20246,59.41203505519159,53.77930485675853,85.25918763898775,63.90540418324031,57.4388833809995,6.466520802240808,3.5238604509993285,2.9426603512414795,55.7445,10.301871304205907,76.34824260841182,35.14075739158819
2012-04-29,80.93,84.74,74.9,76.17,9887,61.00803171660191,54.657371332964075,74.82553829637942,65.7922650781264,58.82637350092546,6.965891577200942,4.2122666762396515,2.7536249009612908,57.1885,11.051225831029837,79.29095166205967,35.086048337940326
2012-04-30,76.17,75.53,71.41,72.04,6256,62.05869536263983,55.33904304539686,67.14746188136397,66.75345506610697,59.80516064900506,6.948294417101906,4.759472224412102,2.1888221926898037,58.458000000000006,11.233729099176475,80.92545819835296,35.990541801647055
2012-05-03,72.04,75.21,73.31,75.21,1189,63.31120056619794,56.118296259302866,69.71612919261044,68.05446197901358,60.94625986018987,7.108202118823712,5.229218203294424,1.8789839155292878,59.886,11.466550162606845,82.8191003252137,36.95289967478631
2012-05-07,75.21,80.29,76.48,80.29,1712,64.9282290837029,57.06620620991844,73.3166725884032,69.93685244378072,62.37912950017581,7.557722943604915,5.6949191513565225,1.8628037922483927,61.472500000000004,11.999690730663813,85.47188146132763,37.47311853867238
2012-05-08,80.29,84.42,80.29,82.51,23993,66.60268345668358,58.0640020448236,74.73059514811715,71.87118283704523,63.87030509275538,8.000877744289845,6.156110869943187,1.844766874346658,63.186,12.449085106946617,88.08417021389323,38.28782978610677
2012-05-09,82.51,80.93,76.8,77.75,8787,67.66433265128514,58.83600196463444,66.58369835649154,72.77561624673058,64.89843064144016,7.877185605290421,6.500325817012635,1.3768597882777867,64.6615,12.332669184346361,89.32683836869273,39.99616163130728
2012-05-10,77.75,77.75,72.99,75.21,10371,68.38296763687703,59.47811953464878,62.65829921518184,73.15013682415665,65.66225059392607,7.487886230230572,6.697837899656223,0.7900483305743489,66.01,11.909827874490885,89.82965574898178,42.19034425101823
2012-05-13,75.21,73.94,67.91,68.55,5013,68.39887548098397,59.833879552897855,53.71607815309046,72.44242346659408,65.87615795733896,6.566265509255118,6.671523421576003,-0.10525791232088544,66.994,11.211701781714732,89.41740356342946,44.57059643657054
2012-05-14,68.55,67.28,62.2,64.74,1589,68.0504111494617,60.02627643317637,49.37489219202807,71.25743524096421,65.79199810864719,5.465437132317021,6.430306163724207,-0.9648690314071864,67.7875,10.393194066057696,88.57388813211539,47.0011118678846
2012-05-15,64.74,71.09,66.01,71.09,1976,68.33989580189392,60.46014794560083,55.7881179548423,71.23167597312356,66.18444269319184,5.047233279931717,6.15369158696571,-1.1064583070339928,68.92999999999999,9.333152003251072,87.59630400650214,50.26369599349785
2012-05-16,71.09,72.36,72.36,72.36,10,68.72276286838022,60.92680881047923,56.96240229190822,71.4052642849507,66.64189138258504,4.76337290236566,5.8756278500457,-1.1122549476800403,69.898,8.566477873542592,87.03095574708519,52.76504425291481
2012-05-17,72.36,77.44,73.63,77.12,14497,69.52249973805829,61.56183591595063,61.129574736898554,72.28445439495829,67.41804757646764,4.8664068184906455,5.67378364373469,-0.8073768252440443,70.85,8.235585173980951,87.3211703479619,54.37882965203809
2012-05-20,77.12,75.85,72.04,74.58,8161,70.00416642967178,62.0723521545408,57.907471154286576,72.63761525727239,67.94856257080338,4.689052686469012,5.476837452281554,-0.7877847658125425,71.6275,7.782513377674615,87.19252675534923,56.06247324465077
2012-05-21,74.58,77.12,72.36,74.58,5557,70.43996010303637,62.56284814848038,57.907471154286576,72.93644367923048,68.43978015815128,4.496663521079199,5.280802666041083,-0.784139144961884,72.69050000000001,6.4958938244823194,85.68228764896466,59.698712351035375
2012-05-22,74.58,73.63,70.77,71.72,2571,70.56186866465195,62.92195214265762,54.17827699149788,72.7492984978104,68.68275940569563,4.066539092114766,5.03794995125582,-0.971410859141054,73.357,5.56913118046822,84.49526236093644,62.21873763906356
2012-05-23,71.72,70.45,65.69,66.01,4243,70.12835736325653,63.04305205863183,47.58894709865972,71.7124833443011,68.48477722749595,3.2277061168051517,4.675901184365687,-1.448195067560535,73.6585,4.93380100616363,83.52610201232727,63.79089798767274
2012-05-24,66.01,72.36,65.38,72.04,4151,70.3104185667559,63.39587354652863,53.95750109530658,71.76287052210094,68.74812706249625,3.014743459604688,4.343669639413488,-1.3289261798088,73.976,4.586088116306371,83.14817623261274,64.80382376738726
2012-05-27,72.04,76.8,72.04,75.53,10497,70.8075215603982,63.87172164274319,57.19913034559403,72.34242890331618,69.25048802082986,3.0919408824863126,4.093323888028053,-1.00138300554174,74.1505,4.574929939066677,83.30035987813335,65.00064012186664
2012-06-03,75.53,75.53,70.45,71.72,3680,70.8944242689317,64.17949726459639,52.82652081654833,72.2466706104983,69.43341483410173,2.8132557763965735,3.837310265701757,-1.0240544893051835,74.00750000000001,4.605394862778377,83.21828972555676,64.79671027444326
2012-06-04,71.72,70.77,66.65,69.82,2544,70.79209814808107,64.40069345029849,50.7432632286017,71.87333667042164,69.46205077231642,2.41128589810522,3.5521053921824497,-1.1408194940772298,73.452,4.391535638379596,82.23507127675919,64.66892872324081
2012-06-05,69.82,68.55,64.74,64.74,5794,70.21570784826382,64.41399958950247,45.5689279094016,70.77590025958753,69.11226923362631,1.663631025961223,3.1744105189382044,-1.5107794929769813,72.8805,4.748436280004537,82.37737256000906,63.383627439990924
2012-06-06,64.74,64.74,61.25,61.57,3672,69.39230710081013,64.3024701938357,42.64652520457136,69.35960791195868,68.55358262372806,0.8060252882306145,2.7007334727966863,-1.8947081845660718,72.357,5.380986115847868,83.11897223169574,61.59502776830426
2012-06-07,61.57,66.65,60.62,61.57,3479,68.64732547216154,64.19531449995979,42.64652520457136,68.16120669473426,68.03628020715561,0.124926487578648,2.1855720757530785,-2.0606455881744306,71.675,5.844756984727976,83.36451396945594,59.985486030544045
2012-06-11,61.57,63.47,61.89,62.84,3369,68.0942468557652,64.14216491172608,44.306084696154485,67.342559510929,67.65137056218113,-0.30881105125213537,1.6866954503520357,-1.995506501604171,70.8025,5.793264578256748,82.38902915651349,59.2159708434865
2012-06-12,62.84,63.15,60.93,60.93,2033,67.41193763140662,64.01619766028584,42.32263967378531,66.356011893863,67.15349126127882,-0.7974793674158178,1.1898604867984652,-1.987339854214283,69.7235,5.500202173317681,80.72390434663536,58.72309565336464
2012-06-13,60.93,61.25,59.66,59.66,3083,66.67365785698694,63.845366379490315,41.00807718030766,65.32585621788408,66.59841783451742,-1.2725616166333396,0.6973760661121042,-1.9699376827454438,68.81899999999999,5.597363947242922,80.01372789448584,57.624272105514144
2012-06-14,59.66,59.98,59.03,59.66,1718,66.0056904420358,63.68123436460834,41.00807718030766,64.45418603051729,66.0844609578865,-1.6302749273692143,0.2318458674158405,-1.8621207947850549,68.0415,5.741040869316125,79.52358173863225,56.55941826136775
2012-06-17,59.66,59.66,57.12,57.12,2026,65.15943420946097,63.42393105619233,38.252173886769434,63.325849718130016,65.42042681285787,-2.0945770947278533,-0.23343872501289825,-1.861138369714955,67.47,6.235382063168574,79.94076412633714,54.999235873662855
2012-06-18,57.12,58.71,57.44,57.76,3209,64.4547261895123,63.20181611281224,39.3580304663695,62.469565146110014,64.85298778968321,-2.3834226435731978,-0.6634355087249582,-1.7199871348482396,67.121,6.581932926780078,80.28486585356015,53.95713414643984
2012-06-19,57.76,58.71,57.76,57.76,1531,63.817133219082564,62.98841155936862,39.3580304663695,61.745016662093086,64.32758128674372,-2.5825646246506366,-1.0472613319100939,-1.5353032927405428,66.45450000000001,6.829139943537636,80.11277988707528,52.796220112924736
2012-06-20,57.76,58.71,57.76,58.71,2179,63.33073957916994,62.82063071390319,41.171774027894145,61.278091021771075,63.911464154392334,-2.6333731326212586,-1.364483692052327,-1.2688894405689317,65.77199999999999,6.889702919269427,79.55140583853884,51.99259416146114
2012-06-21,58.71,59.03,59.03,59.03,79,62.92114533353471,62.671978529044246,41.803186057233916,60.93223086457553,63.54987421702994,-2.617643352454408,-1.6151156241327431,-1.002527728321665,64.86749999999999,6.497801956289379,77.86310391257875,51.871896087421234
2012-06-25,59.03,62.84,59.03,60.93,3765,62.731512444626645,62.60366564555232,45.54073735868184,60.93188765464083,63.35580946021291,-2.4239218055720784,-1.7768768604206104,-0.6470449451514679,64.185,6.130434431244631,76.44586886248926,51.92413113751074
2012-06-26,60.93,60.3,59.66,59.66,648,62.438987449900296,62.48822777709928,43.52842360332417,60.736212630849934,63.08204579649343,-2.345833165643498,-1.8906681214651881,-0.4551650441783097,63.439,5.690951173851181,74.82090234770236,52.05709765229764
2012-06-27,59.66,61.25,59.03,59.66,2935,62.17432197848122,62.3773168838797,43.52842360332417,60.57064145687302,62.8285609226791,-2.257919465806083,-1.9641183903333672,-0.2938010754727156,62.83599999999999,5.398758531756239,73.63351706351247,52.03848293648751
2012-06-28,59.66,62.84,60.62,61.89,2615,62.14724369481634,62.35820641784521,48.190462198351206,60.77361969427717,62.75903789136954,-1.9854181970923648,-1.9683783516851667,-0.01703984540719805,62.629999999999995,5.349654194431661,73.32930838886332,51.93069161113667
2012-07-01,61.89,61.25,60.3,60.93,955,62.03131572388145,62.30219832302775,46.41403926174198,60.797678202849916,62.623553603119944,-1.8258754002700286,-1.9398777614021392,0.1140023611321106,62.0745,4.877054196087964,71.82860839217592,52.32039160782407
2012-07-02,60.93,60.3,57.12,57.12,6024,61.56357136922607,62.09897485937961,40.09672341109827,60.23188155625762,62.215882965851804,-1.9840014095941854,-1.9487024910405486,-0.03529891855363676,61.153999999999996,3.82840959146227,68.81081918292453,53.49718081707546
2012-07-03,57.12,60.62,57.12,60.62,1804,61.47370742929978,62.04097584528629,47.205569150227134,60.29159208606414,62.097669412825745,-1.8060773267616028,-1.9201774581847595,0.11410013142315667,60.599000000000004,2.9106155977550627,66.42023119551013,54.77776880448988
2012-07-04,60.62,60.3,59.66,59.98,2743,61.33144957889028,61.9601532631182,46.1276008441414,60.243654842054276,61.940805011875696,-1.6971501698214198,-1.8755720005120917,0.17842183069067197,60.107000000000006,1.9395742886141232,63.98614857722825,56.227851422771764
2012-07-05,59.98,59.98,59.03,59.98,1723,61.20274009518644,61.88250019397631,46.1276008441414,60.20309255866131,61.7955601961812,-1.5924676375198885,-1.8189511279136512,0.2264834903937627,59.86899999999999,1.6041981108789938,63.07739622175798,56.660603778242006
2012-07-08,59.98,59.66,58.71,59.03,1221,60.99581246707344,61.77063744127136,44.382820925945424,60.02261678040573,61.590703885352966,-1.5680871049472387,-1.7687783233203689,0.2006912183731302,59.742000000000004,1.5624461253871162,62.866892250774235,56.617107749225774
2012-07-09,59.03,59.03,57.44,57.76,1823,60.68763985116169,61.61335754161367,42.09073399301764,59.67452189111254,61.306948041993486,-1.6324261508809457,-1.7415078888324844,0.10908173795153875,59.5515,1.5601021390315788,62.67170427806315,56.43129572193684
2012-07-10,57.76,59.98,58.71,59.98,1520,60.620245579622484,61.549304304687645,47.22176869845564,59.721518523249074,61.20865559443841,-1.4871370711893377,-1.6906337253038553,0.20349665411451756,59.408500000000004,1.3612079581252623,62.13091591625053,56.68608408374948
2012-07-11,59.98,60.3,59.66,60.3,770,60.589746000610816,61.500311979013624,47.93784730768842,59.810515673518445,61.14134777262816,-1.3308320991097133,-1.618673400065027,0.2878413009553136,59.376999999999995,1.3311020365018367,62.03920407300367,56.714795926996324
2012-07-12,60.3,59.35,57.44,57.44,1326,60.289770191028836,61.34108405826799,42.40077267157565,59.44582095451561,60.86717386354459,-1.4213529090289825,-1.5792093018578182,0.15785639282883568,59.266,1.3971828799410606,62.06036575988212,56.47163424011788
2012-07-15,57.44,57.44,56.49,57.12,2300,59.98788731569275,61.17555135010062,41.818747854112864,59.08800234612859,60.58960542920796,-1.5016030830793667,-1.563688058102128,0.062084975022761224,59.138999999999996,1.4728736680739685,62.084747336147935,56.19325266385206
2012-07-16,57.12,57.12,55.54,56.81,2888,59.68523138086487,61.00435325793981,41.22832947335037,58.737540446724196,60.309634656674035,-1.5720942099498387,-1.5653692884716703,-0.006724921478168389,59.1235,1.4966779880790666,62.116855976158135,56.130144023841865
2012-07-17,56.81,56.81,54.9,56.81,1241,59.4113998207825,60.839868816451975,41.22832947335037,58.440995762612786,60.050402459883365,-1.609406697270579,-1.5741767702314522,-0.03522992703912675,59.076,1.5561233884240684,62.18824677684814,55.96375322315186
2012-07-18,56.81,56.49,55.86,56.49,657,59.133171266422266,60.66928572561073,40.54305746456337,58.14084256836466,59.78666894433645,-1.6458263759717866,-1.5885066913795192,-0.05731968459226744,59.01249999999999,1.6364881365451562,62.2854762730903,55.739523726909674
2012-07-19,56.49,57.44,53.63,54.27,7243,58.67001209819157,60.418333344214226,36.06453028459293,57.54532832707779,59.37802680031153,-1.8326984732337408,-1.6373450477503635,-0.1953534254833773,58.790499999999994,1.9506799759113411,62.69185995182268,54.88914004817731
2012-07-22,54.27,57.12,55.22,56.49,1646,58.462391898363805,60.26428105620583,42.861736393089075,57.38297012291197,59.164098889177346,-1.7811287662653754,-1.666101791453366,-0.11502697481200941,58.6635,2.0158615110119475,62.695223022023896,54.6317769779761
2012-07-23,56.49,59.35,57.44,58.39,4745,58.45549743185296,60.19077983831541,47.960950464267306,57.537897796310126,59.10675823071976,-1.5688604344096362,-1.64665352004462,0.07779308563498377,58.536500000000004,1.944296043626996,62.425092087253994,54.647907912746014
2012-07-24,58.39,58.08,57.12,58.08,1170,58.419735771676486,60.108004158381476,47.22049403402998,57.62129813533934,59.03070206548126,-1.4094039301419201,-1.59920360206408,0.18979967192215996,58.457499999999996,1.9282767736478885,62.31405354729577,54.60094645270422
2012-07-25,58.08,57.76,57.12,57.12,1051,58.2959514124692,59.990827524719464,44.90825802808465,57.54417534528713,58.88916857914931,-1.3449932338621835,-1.548361528423701,0.2033682945615174,58.33050000000001,1.9285540670341934,62.1876081340684,54.47339186593162
2012-07-26,57.12,56.17,54.27,56.17,3871,58.0934798493769,59.84099115120105,42.68098663486867,57.3327637537045,58.68774868439751,-1.3549849306930142,-1.5096862088775636,0.15470127818454937,58.04449999999999,1.792218487033213,61.62893697406642,54.460063025933565
2012-07-29,56.17,56.17,54.59,55.22,1682,57.8198151018172,59.65977581193827,40.516932261633094,57.0077231762115,58.43087841147918,-1.4231552352676786,-1.4923800141555867,0.06922477888790812,57.75899999999999,1.762927887590012,61.28485577518002,54.233144224819966
2012-07-30,55.22,57.12,55.86,57.12,2282,57.75316604450127,59.56017676048971,46.373313744804726,57.02499653371743,58.33377630692517,-1.308779773207739,-1.4556599659660172,0.14688019275827813,57.759,1.762927887590012,61.28485577518003,54.23314422481997
2012-07-31,57.12,58.08,57.12,57.12,1613,57.692864516453525,59.464483554196,46.373313744804726,57.039612451607056,58.243866950856635,-1.2042544992495792,-1.4053788726227296,0.20112437337315048,57.58399999999999,1.6328999066886012,60.84979981337719,54.31820018662279
2012-08-01,57.12,57.44,56.49,57.12,4535,57.638305991077,59.37254302265891,46.373313744804726,57.051979766744424,58.16061754708948,-1.108637780345056,-1.3460306541671951,0.23739287382213914,57.440999999999995,1.5342815908432488,60.509563181686495,54.372436818313496
2012-08-05,57.12,57.12,56.81,56.81,731,57.55941970621252,59.272051139417385,45.46122050988323,57.014752110322206,58.06057180286063,-1.0458196925384229,-1.2859884618414408,0.2401687693030179,57.282500000000006,1.4174769096793716,60.11745381935875,54.44754618064126
2012-08-06,56.81,56.17,55.22,56.17,3860,57.42709401990657,59.15040207512651,43.556517717585436,56.88479024719571,57.92052944709317,-1.0357391998974634,-1.2359386094526452,0.20019940955518178,57.1395,1.3755476421374788,59.89059528427496,54.38840471572504
2012-08-07,56.17,57.44,56.17,56.17,600,57.307370779915466,59.03352356237645,43.556517717585436,56.77482251685791,57.79086059916035,-1.0160380823024369,-1.1919585040226037,0.17592042172016686,57.05999999999999,1.3837211462309966,59.82744229246198,54.292557707537995
2012-08-08,56.17,56.17,55.86,56.17,282,57.19904975325685,58.921228520714635,43.556517717585436,56.68177289887977,57.6707968510744,-0.9890239521946285,-1.1513715936570088,0.16234764146238034,56.869499999999995,1.2121945084499877,59.29388901689997,54.44511098310002
2012-08-12,56.17,55.22,52.68,53.95,2155,56.88961644342287,58.7262783826474,36.86496369570986,56.26150014520596,57.39518226951333,-1.13368212430737,-1.147833699787081,0.01415157547971102,56.552,1.0920266046501297,58.73605320930026,54.36794679069974
2012-08-13,53.95,53.32,52.68,53.0,1341,56.5191767821445,58.50171844607299,34.42751843671546,55.759730892097345,57.06961321251234,-1.3098823204149923,-1.1802434239126633,-0.12963889650232896,56.330000000000005,1.3278474864866687,58.98569497297334,53.67430502702667
2012-08-14,53.0,52.05,50.14,52.05,5362,56.09354089813073,58.24870987956032,32.13908024177512,55.18900306254391,56.6977900115855,-1.5087869490415855,-1.2459521289384479,-0.26283482010313763,56.076499999999996,1.620744711869573,59.31798942373914,52.83501057626085
2012-08-15,52.05,51.09,47.92,48.56,5796,55.376060812594474,57.868760472518744,25.447055838665733,54.169156437537154,56.094990751468046,-1.925834313930892,-1.3819285659369367,-0.5439057479939553,55.664,2.3222729337758596,60.30854586755172,51.01945413244828
2012-08-16,48.56,51.09,48.24,51.09,2407,54.96786454472833,57.6029267284984,35.871541787697566,53.69544006253144,55.72425069580375,-2.0288106332723075,-1.511304979404011,-0.5175056538682965,55.37800000000001,2.5177090672611486,60.4134181345223,50.34258186547771
2012-08-19,51.09,50.46,48.56,49.19,1376,54.41759173094468,57.273008033263174,32.22711642268372,53.0022954375266,55.24023212574421,-2.2379366882176086,-1.6566313211667307,-0.5813053670508779,55.013,2.8546233966747177,60.722246793349434,49.30375320665056
2012-08-21,49.19,50.14,48.24,50.14,1307,54.01020204228328,56.993282228037174,35.74238342702975,52.561942293291736,54.862437153466864,-2.300494860175128,-1.7854040289684103,-0.5150908312067177,54.80649999999999,3.0536419584697416,60.91378391693948,48.699216083060506
2012-08-22,50.14,50.78,50.14,50.14,250,53.64161137158963,56.724526062231796,35.74238342702975,52.18933578663147,54.5126269939508,-2.323291207319336,-1.8929814646385954,-0.43030974268074074,54.48900000000001,3.196180121398302,60.88136024279662,48.096639757203405
2012-08-23,50.14,51.09,48.87,48.87,808,53.187172193343,56.41650543234035,33.082003631602646,51.67866874253431,54.09465462402852,-2.4159858814942083,-1.9975823480097181,-0.4184035334844902,54.013,3.2920927594529785,60.59718551890595,47.428814481094044
2012-08-26,48.87,49.19,48.87,48.87,1220,52.77601293683414,56.120564042836804,33.082003631602646,51.246565859067495,53.70764317039678,-2.4610773113292836,-2.0902813406736316,-0.37079597065565206,53.552499999999995,3.3370990790143655,60.226698158028725,46.878301841971265
2012-08-27,48.87,50.78,49.19,49.19,1838,52.434487895230895,55.84877721762752,34.50654047834561,50.930171111518646,53.37300293555257,-2.4428318240339237,-2.16079143734569,-0.2820403866882337,53.15599999999999,3.361926765851393,59.87985353170278,46.432146468297205
2012-08-28,49.19,50.46,49.51,49.51,530,52.15596523854224,55.600197718897036,35.974349131059014,50.71168324820809,53.08685456995609,-2.375171321747999,-2.203667414226152,-0.17150390752184697,52.823,3.377478193470546,59.57795638694109,46.06804361305891
2012-08-29,49.51,49.51,49.19,49.19,881,51.87349235868108,55.348817416195196,35.12655242959835,50.47757813309916,52.79819867588527,-2.3206205427861093,-2.2270580399381434,-0.09356250284796586,52.5215,3.4211021231238843,59.36370424624777,45.679295753752235
2012-08-30,49.19,50.14,49.19,49.51,1177,51.6483978483305,55.11984418418754,36.732257573302654,50.32871995877621,52.55462840359747,-2.2259084448212576,-2.2268281209147665,0.0009196760935088477,52.141,3.3039225491114292,58.74884509822286,45.53315490177714
2012-09-02,49.51,48.56,47.6,48.24,1144,51.323788529441885,54.850046373042936,33.21816729626143,50.00737842665679,52.235026299627286,-2.2276478729704934,-2.226992071325912,-0.0006558016445814552,51.697,3.194459183286721,58.085918366573445,45.30808163342656
2012-09-03,48.24,53.0,49.19,51.73,1763,51.36247533616171,54.72769161331576,47.95358636827972,50.27239713024805,52.19761694409934,-1.9252198138512853,-2.1666376198309867,0.24141780597970142,51.427499999999995,2.9292209760133234,57.28594195202664,45.56905804797335
2012-09-04,51.73,51.73,50.78,51.41,5945,51.3670014946225,54.597586059852404,46.9310617504503,50.447412956363735,52.13927494824013,-1.6918619918763937,-2.071682494240068,0.37982050236367426,51.1575,2.6417435928808404,56.44098718576168,45.87401281423832
2012-09-05,51.41,53.0,50.46,51.09,448,51.340620399896544,54.460033665348384,45.8775542768023,50.546272501538546,52.06155087800012,-1.5152783764615734,-1.960401670684369,0.4451232942227956,50.9035,2.3640560038785754,55.631612007757155,46.17538799224285
2012-09-06,51.09,50.78,49.83,49.83,2031,51.196751790382585,54.278463717687664,41.89011532182417,50.43607673207108,51.896250812963075,-1.4601740808919956,-1.8603561527258945,0.40018207183389887,50.5865,2.020852542864188,54.628205085728375,46.54479491427163
2012-09-09,49.83,50.46,48.24,50.46,1678,51.12658495320329,54.128720042484225,44.48808847961639,50.43975723482937,51.7898618638547,-1.3501046290253313,-1.758305847985782,0.4082012189604507,50.301,1.5356017164550193,53.37220343291004,47.22979656708996
2012-09-10,50.46,52.36,51.41,52.36,324,51.24405305289822,54.05935847219073,51.52667129808423,50.73517919870178,51.83209431838399,-1.0969151196822082,-1.6260277023250673,0.5291125826428591,50.2215,1.3688499783243406,52.95919995664868,47.483800043351316
2012-09-11,52.36,52.36,51.09,52.05,1165,51.320809905003145,53.98056010073227,50.40373647131234,50.93745932197843,51.84823547998517,-0.9107761580067404,-1.4829773934614021,0.5722012354546617,50.174,1.281025082954486,52.73605016590897,47.61194983409103
2012-09-12,52.05,53.32,52.36,52.36,2014,51.41978039024094,53.917008724232964,51.541052409843246,51.15631173398175,51.886143962949234,-0.7298322289674815,-1.332348360562618,0.6025161315951366,50.189499999999995,1.3065401276898505,52.802580255379695,47.576419744620296
2012-09-13,52.36,53.32,52.68,53.32,3645,51.60075368640847,53.893596617400306,54.98372663857955,51.48918685183071,51.99235552124929,-0.503168669418578,-1.1665124223338101,0.6633437529152322,50.427499999999995,1.422484390812747,53.27246878162549,47.5825312183745
2012-09-16,53.32,54.27,53.0,53.0,2630,51.73401524008385,53.85855361279637,53.616366981796006,51.721619643856755,52.0669958530086,-0.3453762091518442,-1.002285179697417,0.6569089705455728,50.523,1.5293999511334377,53.58179990226688,47.464200097733126
2012-09-17,53.0,53.95,53.95,53.95,395,51.945061407694915,53.862139745627886,57.032588995152395,52.06444739095572,52.206477641674624,-0.14203025071890352,-0.8302341939017144,0.6882039431828109,50.761,1.6745271131373838,54.11005422627477,47.411945773725236
2012-09-18,53.95,55.86,54.59,55.86,4782,52.31791270220016,53.940487206583654,62.942159025538054,52.648378561577914,52.47710892747651,0.1712696341014066,-0.6299334283010902,0.8012030624024968,51.047,2.0164458049278586,55.079891609855714,47.01410839014428
2012-09-19,55.86,55.22,53.32,53.32,1118,52.41334958770491,53.916154374952924,52.58454245907506,52.75170493671977,52.539545303218986,0.21215963350078226,-0.4615148159407158,0.6736744494414981,51.205999999999996,2.0659301460653703,55.337860292130735,47.07413970786926
2012-09-20,53.32,54.27,52.36,52.36,2503,52.408268674590154,53.85512871319007,49.283565353165514,52.69144263876289,52.52624565112869,0.16519698763419655,-0.33617245522573336,0.5013694428599299,51.3805,2.0047193661065705,55.38993873221314,47.37106126778686
2012-09-23,52.36,51.41,49.83,50.46,1277,52.22271927701014,53.72198641071203,43.467655332144815,52.3481437712609,52.373190417711754,-0.025046646450853416,-0.27394729347075736,0.24890064701990394,51.46,1.9300586301431613,55.320117260286324,47.59988273971368
2012-09-24,50.46,50.14,49.51,50.14,1528,52.024365060152036,53.581516355389994,42.5567667755014,52.00842934491307,52.20776890528867,-0.19933956037559852,-0.2590257468517256,0.05968618647612706,51.50749999999999,1.8823526013449485,55.27220520268989,47.7427947973101
2012-09-25,50.14,50.46,49.51,50.14,10084,51.84490172108994,53.44655492968843,42.5567667755014,51.7209786764649,52.05460083823025,-0.33362216176534787,-0.27394502983445,-0.05967713193089785,51.539,1.852196136027826,55.24339227205565,47.83460772794435
2012-09-26,50.14,50.78,49.83,49.83,661,51.65300631908138,53.30472924617124,41.57785799224978,51.43005888008569,51.88981559095394,-0.4597567108682483,-0.3111073660412097,-0.14864934482703862,51.571000000000005,1.8146245080632457,55.2002490161265,47.94175098387351
2012-09-27,49.83,51.73,49.83,51.73,2500,51.66033905059744,53.2429751580861,49.27873622554216,51.47620366776481,51.87797739903142,-0.40177373126661564,-0.3292406390862909,-0.07253309218032472,51.682,1.7486162950656263,55.17923259013126,48.18476740986875
2012-09-30,51.73,50.78,50.14,50.78,892,51.57649723625483,53.146387896984685,46.01288123938719,51.369095411185604,51.79664573984391,-0.427550328658306,-0.34890257700069394,-0.07864775165761206,51.809000000000005,1.5684249558413301,54.945849911682664,48.672150088317345
2012-10-01,50.78,50.78,49.51,50.78,2794,51.50064035661151,53.05358837161274,46.012881239387184,51.27846534792628,51.72133864800362,-0.4428733000773448,-0.3676967216160241,-0.0751765784613207,51.7615,1.5852387334738824,54.931977466947764,48.59102253305223
2012-10-02,50.78,51.41,51.41,51.41,44,51.49200794169613,52.98913392566714,48.631203149982994,51.29870144824531,51.69827652592928,-0.39957507768396994,-0.3740723928296133,-0.02550268485435664,51.7615,1.5852387334738824,54.931977466947764,48.59102253305223
2012-10-03,51.41,51.73,51.09,51.41,3073,51.484197661534594,52.927207105052744,48.631203149983,51.31582430236141,51.67692270919378,-0.3610984068323688,-0.3714775956301644,0.010379188797795591,51.777499999999996,1.57970975015585,54.936919500311696,48.6180804996883
2012-10-04,51.41,52.36,51.09,52.36,2050,51.56760740805511,52.904963689168326,52.64752063420292,51.476466717382735,51.72752102703128,-0.2510543096485449,-0.3473929384338405,0.09633862878529559,51.903999999999996,1.5155454116381513,54.9350908232763,48.872909176723695
2012-10-07,52.36,53.32,52.05,52.68,5279,51.67354955966891,52.896141583710744,53.95350002386097,51.661625683939235,51.798075025028965,-0.13644934108972961,-0.30520421896501837,0.16875487787528876,52.015,1.485213080583877,54.98542616116775,49.04457383883225
2012-10-08,52.68,53.32,52.68,52.68,3137,51.76940198255759,52.88766544317306,53.953500023860975,51.818298655640895,51.86340280095274,-0.045104145311846366,-0.253184204234384,0.20808005892253761,52.03099999999999,1.4908383371006488,55.01267667420129,49.049323325798696
2012-10-09,52.68,53.63,51.73,53.63,4428,51.94660179374258,52.916776602264314,57.94683112502096,52.09702193938845,51.99426185273402,0.1027600866544276,-0.18199534605662168,0.2847554327110493,52.11,1.5331597918576605,55.17631958371532,49.04368041628468
2012-10-10,53.63,53.95,53.0,53.32,1383,52.07740162290995,52.93258928452846,56.233058608488335,52.28517241025176,52.092464678457425,0.19270773179433576,-0.1070547304864302,0.299762462280766,52.158,1.5562525840183397,55.27050516803668,49.045494831963325
2012-10-11,53.32,53.32,52.68,52.68,2025,52.134791944537575,52.92268382239009,52.76360633479116,52.345915116366875,52.135985813386505,0.20992930298037038,-0.04365792379307008,0.2535872267734405,52.126,1.5375695106240248,55.201139021248046,49.05086097875195
2012-10-14,52.68,54.59,53.0,53.95,950,52.30766890220067,52.96297073131597,58.266179049475646,52.59269740615659,52.27035723461713,0.3223401715394587,0.029541695273435677,0.292798476266023,52.173500000000004,1.5800775297435887,55.333655059487185,49.01334494051282
2012-10-15,53.95,56.49,54.59,55.54,576,52.61550995913394,53.06403070263691,63.93116975420826,53.04612857444019,52.51255299501586,0.5335755794243298,0.1303484721036145,0.40322710732071526,52.253,1.7089119345362993,55.6708238690726,48.8351761309274
2012-10-17,55.54,58.39,56.17,58.39,2010,53.16546139159737,53.272892243709975,71.41988673593622,53.86826263991093,52.9479194398295,0.9203432000814331,0.28834741769917827,0.6319957823822548,52.37950000000001,2.049640469114564,56.478780938229136,48.28021906177088
2012-10-18,58.39,59.35,57.44,57.76,2680,53.60303649715952,53.448857253760565,68.05614179669607,54.466991464540015,53.30436985169398,1.1626216128460385,0.4632022567285503,0.6994193561174882,52.6015,2.371975137439717,57.34545027487943,47.85754972512057
2012-10-30,57.76,58.71,58.71,58.71,1000,54.08941397362052,53.655176577142505,70.32575241846527,55.11976200845693,53.704786899716645,1.4149751087402862,0.6535568271308976,0.7614182816093886,52.919,2.7351357129805507,58.3892714259611,47.448728574038896
2012-10-31,58.71,62.52,59.35,61.25,9065,54.77137454756143,53.95301278980358,75.36543976551262,56.0628755456174,54.26369157381171,1.7991839718056895,0.882682256065856,0.9165017157398334,53.458499999999994,3.241799816865954,59.9420996337319,46.97490036626809
2012-11-01,61.25,61.89,59.98,61.57,23435,55.41886268588891,54.251718170595595,75.92029037720785,56.910125461676266,54.804899605381216,2.10522585629505,1.1271909761116947,0.9780348801833552,54.029999999999994,3.612316649872752,61.2546332997455,46.80536670025449
2012-11-04,61.57,62.84,60.93,62.2,5671,56.06468528723283,54.56341549723891,77.0177753329738,57.72395231372607,55.352684819797425,2.3712674939286487,1.3760062796750856,0.9952612142535631,54.633,3.9220860453805626,62.47717209076113,46.788827909238876
2012-11-05,62.2,64.74,61.57,62.2,10288,56.64900097416304,54.86288939930797,77.01777533297378,58.412575034691294,55.85989335166428,2.5526816830270107,1.6113413603454707,0.94134032268154,55.2515,4.096290073764497,63.44408014752899,47.05891985247101
2012-11-06,62.2,64.74,62.2,63.79,8854,57.32909611948084,55.212972167962555,79.7228551022808,59.23987118320032,56.44730865894841,2.792562524251913,1.8475855931267593,0.9449769311251539,55.854499999999994,4.425078619581144,64.70465723916229,47.00434276083771
2012-11-07,63.79,67.91,65.06,67.91,8724,58.33680125095885,55.710894828042456,84.73626838029604,60.57373715501566,57.29639690643371,3.277340248581943,2.133536524217796,1.143803724364147,56.711,5.010293509629153,66.7315870192583,46.69041298074169
2012-11-08,67.91,74.26,69.18,72.99,18236,59.73234398896277,56.3885067955702,88.50886786134791,62.4839314388594,58.45888602447566,4.02504541438374,2.511838302250985,1.513207112132755,57.8215,5.991760373080806,69.80502074616162,45.83797925383839
2012-11-11,72.99,77.44,68.87,72.99,7494,60.994977894775836,57.03954574476352,88.50886786134791,64.10024967903487,59.53526483747746,4.564984841557411,2.9224676101122706,1.6425172314451406,58.90049999999999,6.679953888116949,72.26040777623389,45.54059222376609
2012-11-12,72.99,74.26,69.82,72.36,8594,62.07736095241623,57.64034787241985,85.47048598644082,65.3709804976449,60.48524521988654,4.885735277758357,3.3151211436414885,1.5706141341168687,59.948,7.074488339318835,74.09697667863767,45.79902332136233
2012-11-18,72.36,79.34,72.99,77.12,5281,63.5099932426623,58.40425579899162,88.64281005912736,67.17852195954568,61.71744927767272,5.461072681872956,3.744311451287782,1.716761230585174,61.18599999999999,7.805417416937534,76.79683483387507,45.575165166124926
2012-11-20,77.12,83.15,77.75,78.07,10169,64.89666055288494,59.17546145393313,89.15188539809745,68.85413396576942,62.928749331178444,5.925384634590976,4.180526087948421,1.744858546642555,62.45550000000001,8.39188547598842,79.23927095197685,45.67172904802317
2012-11-21,78.07,78.71,74.26,75.53,10459,65.90935954784828,59.816815906720066,78.96086102760248,69.88119027872797,63.862175306646705,6.019014972081266,4.54822386477499,1.4707911073062752,63.598,8.545011225393758,80.68802245078751,46.507977549212484
2012-11-22,75.53,78.07,74.26,77.12,10373,66.97703959091035,60.49537214567222,80.46616083688286,70.99485331276982,64.84423639504325,6.150616917726566,4.868702475365306,1.28191444236126,64.7725,8.715447794758335,82.20339558951666,47.34160441048333
2012-11-25,77.12,80.29,76.48,79.02,11633,68.12398820129984,61.22182813995959,82.11307821503881,72.22949126465139,65.89429295837338,6.335198306278002,5.162001641547846,1.1731966647301562,66.05749999999999,8.831846010170716,83.72119202034142,48.39380797965856
2012-11-26,79.02,78.39,77.75,77.75,14229,69.04075122974747,61.86999174231411,77.41475641198235,73.07880030085887,66.77249347997535,6.3063068208835205,5.390862677414981,0.9154441434685392,67.31099999999999,8.609542991722362,84.53008598344472,50.091914016555265
2012-11-27,77.75,79.02,76.8,77.44,4822,69.84067968405724,62.480580301439055,76.26762465351857,73.74975410072673,67.56267914812533,6.187074952601407,5.550105132452266,0.6369698201491403,68.4855,8.287122842096634,85.05974568419327,51.91125431580673
2012-11-28,77.44,77.12,75.53,76.8,3519,70.5034720950994,63.042126171970864,73.83511012788072,74.21902270061493,68.24692513715308,5.972097563461844,5.634503618654183,0.3375939448076615,69.5485,7.893359150843844,85.33521830168769,53.76178169831232
2012-11-29,76.8,75.53,73.94,75.21,3500,70.95171284794708,63.51929769463868,68.02991300840452,74.37148074667417,68.76270846032693,5.608772286347232,5.629357352192793,-0.020585065845560635,70.3895,7.5295631207576275,85.44862624151526,55.33037375848474
2012-12-02,75.21,75.21,74.58,74.9,460,71.32774019576165,63.96559974582932,66.92509112403609,74.45279140103199,69.21732264845086,5.235468752581127,5.55057963227046,-0.3151108796893327,71.2465,6.971156571715201,85.1888131434304,57.30418685656959
2012-12-03,74.9,73.94,72.36,72.68,6900,71.45652684378435,64.3073409322674,59.47589661576319,74.18005426241169,69.47381726708413,4.706236995327558,5.38171110488188,-0.6754741095543224,71.94500000000001,6.3182130218498695,84.58142604369975,59.308573956300265
2012-12-04,72.68,77.12,73.63,75.85,7714,71.87495285866203,64.75999422904123,65.39842536222454,74.43696899127143,69.94612709915197,4.490841892119462,5.203537262329396,-0.7126953702099339,72.675,5.843054806664382,84.36110961332876,60.98889038667123
2012-12-05,75.85,80.29,76.8,79.34,9172,72.58590972926565,65.3317591612357,70.5086427056177,75.19128145415274,70.64196953625182,4.549311917900923,5.072692193443702,-0.5233802755427792,73.5635,5.399790712318543,84.36308142463709,62.76391857536292
2012-12-06,79.34,79.02,76.48,79.02,3631,73.19868023124036,65.86855291961861,69.49518079186943,75.78031507659078,71.26256438541836,4.517750691172424,4.961703892989446,-0.44395320181702225,74.4045,4.814974968508962,84.03444993701792,64.77455006298207
2012-12-09,79.02,78.07,74.58,74.58,4778,73.33023449493176,66.21017829531984,57.20829648956526,75.59565121865374,71.50830035686884,4.087350861784898,4.786833286748537,-0.6994824249636382,75.0235,3.8655935405901234,82.75468708118025,67.29231291881975
2012-12-10,74.58,74.9,74.9,74.9,1000,73.47973597160494,66.55095561707199,57.787564020717056,75.48862795424547,71.75953736747115,3.729090586774319,4.5752847467536935,-0.8461941599793743,75.579,2.824382373099139,81.22776474619828,69.93023525380171
2012-12-11,74.9,76.17,74.9,75.53,4670,73.67499921240446,66.9030750046378,58.96529521517156,75.49499288436155,72.03883089580663,3.456161988554925,4.35146019511394,-0.8952982065590156,75.96,2.174628824952714,80.30925764990542,71.61074235009457
2012-12-13,75.53,77.12,76.17,76.8,2430,73.9726183350326,67.29118971033829,61.308799863300386,75.69576320984439,72.39151008870984,3.3042531211345505,4.142018780318063,-0.8377656591835123,76.1505,2.0648702648170767,80.28024052963414,72.02075947036585
2012-12-16,76.8,81.88,77.75,80.93,4859,74.63522611264855,67.82604501581521,67.75752531306225,76.50103040832985,73.02399082287948,3.4770395854503704,4.009022941344525,-0.5319833558941545,76.54749999999999,2.1850301093913544,80.9175602187827,72.17743978121727
2012-12-17,80.93,85.69,79.34,81.88,24950,75.3252045781106,68.3771805053911,69.03595716670357,77.32856419166372,73.67999150266618,3.6485726889975325,3.9369328908751267,-0.28836020187759415,77.0235,2.2604337613549097,81.54436752270982,72.50263247729018
2012-12-18,81.88,81.88,79.34,81.24,5805,75.88851842781435,68.88160479929734,67.10555092222735,77.93032354679238,74.23999213209832,3.6903314146940573,3.8876125956389127,-0.19728118094485536,77.2295,2.449516547359681,82.12853309471936,72.33046690528064
2012-12-19,81.24,84.42,80.61,81.56,3192,76.42865952992727,69.37879676795235,67.59348414730455,78.48873530882432,74.78221493712807,3.706520371696243,3.851394150850379,-0.1448737791541359,77.404,2.630191908147318,82.66438381629463,72.14361618370536
2012-12-20,81.56,82.83,80.93,81.24,4420,76.88688243183896,69.84394199273854,66.53070124508265,78.91200679977442,75.2605693862297,3.6514374135447127,3.811402803389246,-0.15996538984453323,77.6895,2.724287400790285,83.13807480158056,72.24092519841943
2012-12-23,81.24,81.24,79.97,79.97,10050,77.18051267642574,70.2410423067488,62.341281479892594,79.07477498442451,75.60941609836084,3.465358886063669,3.742194019924131,-0.276835133860462,77.83200000000001,2.7671315187581325,83.36626303751628,72.29773696248374
2012-12-24,79.97,85.69,80.93,85.69,10266,77.99094004057567,70.8468837849155,71.15220436554975,80.09250190989766,76.35612601700078,3.7363758928968878,3.7410303945186825,-0.004654501621794704,78.16550000000001,3.2734634402626632,84.71242688052533,71.61857311947469
2012-12-26,85.69,92.99,87.27,89.18,12849,79.05656479861608,71.56582951884039,74.99614687382062,81.49057853914418,77.30604260833405,4.184535930810128,3.8297315017769717,0.35480442903315623,78.737,4.0924193076312605,86.92183861526252,70.55216138473747
2012-12-27,89.18,92.35,87.27,89.18,9184,80.02070148446218,72.25658130241528,74.99614687382062,82.67356645619893,78.18559500771673,4.487971448482199,3.9613794911180173,0.5265919573641815,79.324,4.694300463552022,88.71260092710403,69.93539907289596
2012-12-31,89.18,92.03,86.0,88.86,3233,80.86253943832293,72.9076957611441,73.94832726039787,83.62532546293755,78.97629167381179,4.649033789125767,4.098910350719567,0.5501234384061995,79.92699999999999,5.109254863789569,90.14550972757912,69.70849027242086
2013-01-01,88.86,87.27,85.05,85.69,6092,81.32229758705408,73.4089625940404,64.35587321666864,83.9429676994087,79.47360340167758,4.4693642977311185,4.173001140121878,0.2963631576092407,80.451,5.137354326273757,90.72570865254751,70.17629134745248
2013-01-02,85.69,86.96,83.78,84.74,8346,81.64779305495368,73.85331700211725,61.76988128351093,84.06558805334582,79.86370685340516,4.201881199940658,4.178777152085634,0.023104047855023957,80.943,5.048170173960327,91.03934034792066,70.84665965207934
2013-01-03,84.74,88.54,84.42,87.59,9018,82.21371752591047,74.39201045301462,66.16267616082422,84.60780527590799,80.43602486426403,4.171780411643965,4.177377803997301,-0.005597392353335451,81.6885,4.86115892073393,91.41081784146786,71.96618215853215
2013-01-06,87.59,87.27,85.69,87.27,2526,82.69526823772853,74.89702965093562,65.2560137307675,85.01737369499908,80.9422452446889,4.075128450310174,4.156927933259876,-0.08179948294970174,82.2595,4.80969796075426,91.87889592150853,72.64010407849148
2013-01-07,87.27,85.69,84.1,84.1,3022,82.82905221508771,75.25793044893815,56.932833102786184,84.87623928038384,81.17615300434157,3.7000862760422706,4.065559601816355,-0.36547332577408476,82.4975,4.775274998970106,92.04804999794021,72.9469500020598
2013-01-08,84.1,84.1,82.83,83.15,1806,82.85961867079365,75.56742337250921,54.68190590524154,84.61066400647863,81.32236389290887,3.288300113569761,3.9101077041670367,-0.6218075905972755,82.70400000000001,4.705772938356449,92.1155458767129,73.29245412328711
2013-01-09,83.15,83.78,81.88,82.83,5134,82.85679784500378,75.85223029907748,53.908746676178936,84.33671569778961,81.43404064158229,2.902675056207329,3.708621174575095,-0.8059461183677663,83.1165,4.300275725553995,91.71705145110799,74.51594854889201
2013-01-10,82.83,84.74,81.24,83.78,6508,82.94472185976532,76.16312322852542,55.90217568693399,84.2510671288989,81.60781540887248,2.643251720026413,3.495547283665359,-0.852295563638946,83.5605,3.841201121085831,91.24290224217167,75.87809775782834
2013-01-13,83.78,85.37,82.2,85.37,4613,83.17570073026386,76.52417721956364,59.09119570168906,84.42321064752983,81.886495748956,2.536714898573834,3.3037808066470538,-0.7670659080732198,84.05250000000001,3.3583029470567403,90.7691058941135,77.33589410588652
2013-01-15,85.37,86.96,84.1,86.96,5891,83.53611018452443,76.93342517173761,62.04696968889154,84.81348593252524,82.26231087866294,2.551175053862295,3.1532596560901025,-0.6020846022278077,84.56049999999999,2.9467135574183545,90.4539271148367,78.66707288516328
2013-01-16,86.96,85.37,83.78,83.78,1522,83.5593377859983,77.20191830225771,53.69143698625174,84.65448809675212,82.37473229505828,2.279755801693838,2.97855888521085,-0.6988030835170118,84.703,2.8284440580420065,90.35988811608402,79.04611188391598
2013-01-17,83.78,83.15,81.56,81.56,6560,83.36892466352226,77.37282346687506,48.75531305822056,84.1784130049441,82.3143817546836,1.8640312502605099,2.755653358220782,-0.8916221079602722,84.687,2.846103707841462,90.37920741568293,78.99479258431707
2013-01-20,81.56,79.97,76.48,78.07,2566,82.86426517175823,77.40016372307605,42.188793150285996,83.23865715802962,81.99998310618852,1.2386740518411017,2.452257496944846,-1.2135834451037444,84.5285,3.122973068963793,90.77444613792758,78.2825538620724
2013-01-21,78.07,82.83,79.34,81.24,7252,82.7095732506384,77.55074553785738,48.91849082338912,82.93117144140969,81.94368806128567,0.9874833801240186,2.159302673580681,-1.1718192934566622,84.5125,3.1397567371407136,90.79201347428143,78.23298652571857
2013-01-22,81.24,83.78,82.83,83.78,2481,82.81151865533951,77.79503002656885,53.58118280019862,83.06176045042358,82.0797111678571,0.9820492825664786,1.9238519953778404,-0.9418027128113617,84.6395,3.050522776595147,90.74054555319029,78.53845444680971
2013-01-23,83.78,85.05,82.51,83.15,4557,82.8437549738786,78.00502884905636,52.30587506189704,83.07533576574302,82.1589918220899,0.9163439436531178,1.7223503850328958,-0.8060064413797781,84.7985,2.871977633324334,90.54245526664867,79.05454473335134
2013-01-24,83.15,82.51,79.34,82.51,2374,82.81196878589017,78.18169438438748,50.97843981162599,82.98836103255178,82.18499242786102,0.8033686046907604,1.5385540289644688,-0.7351854242737084,84.6395,2.907826960391281,90.45515392078256,78.82384607921743
2013-01-27,82.51,82.83,80.93,82.2,3813,82.75368604437682,78.33927499676444,50.312393760188925,82.86707471985152,82.18610409987132,0.6809706199802008,1.3670373471676154,-0.6860667271874146,84.29050000000001,2.74870969729425,89.78791939458851,78.7930806054115
2013-01-28,82.2,83.78,82.2,82.2,3867,82.70095404015045,78.49067597728349,50.312393760188925,82.76444783987436,82.18713342580678,0.5773144140675868,1.2090927605476096,-0.6317783464800228,83.94149999999999,2.5296104859297537,89.0007209718595,78.88227902814049
2013-01-30,82.2,83.47,82.83,82.83,957,82.7132441315647,78.66084554680178,51.796763656546744,82.774532787586,82.23475317204331,0.5397796155426846,1.0752301315466246,-0.53545051600394,83.64,2.25721533147173,88.15443066294345,79.12556933705655
2013-01-31,82.83,81.56,80.29,80.61,2524,82.51293516665376,78.73728297633896,46.52258311300817,82.441527743342,82.1144010852253,0.32712665811669694,0.9256094368606391,-0.5984827787439422,83.386,2.2998109762141876,87.98562195242837,78.78637804757162
2013-02-03,80.61,86.32,79.34,80.61,9241,82.33170324602007,78.81072285961979,46.52258311300817,82.1597542443663,82.00296396780121,0.15679027656508993,0.7718456048015293,-0.6150553282364394,83.1795,2.356552957627886,87.89260591525577,78.46639408474424
2013-02-04,80.61,85.69,82.2,84.74,3090,82.5610648416372,79.04324353179156,56.15506573823702,82.5567151298484,82.20570737759371,0.35100775225468794,0.687678034292161,-0.33667028203747307,83.03699999999999,2.1532108215650276,87.34342164313004,78.73057835686994
2013-02-05,84.74,84.74,84.1,84.74,1715,82.76858247576699,79.26664574623112,56.15506573823702,82.89260510987172,82.3934327570312,0.4991723528405174,0.6499768980018323,-0.15080454516131492,82.91049999999998,1.956795110700821,86.82409022140163,78.99690977859834
2013-02-06,84.74,86.32,83.78,85.05,5477,82.98586033521775,79.49344395226127,56.83194514540667,83.22451201604531,82.59021551576963,0.6342965002756813,0.6468408184566021,-0.012544318180920833,82.958,1.998279786532066,86.95455957306413,78.96144042693587
2013-02-07,85.05,83.78,83.15,83.78,2136,83.06149268424463,79.6615441894275,53.20789134066402,83.3099717058845,82.6783476997867,0.6316240060977947,0.6437974559848406,-0.01217344988704594,82.98949999999999,2.0064146472854474,87.00232929457088,78.9766707054291
2013-02-10,83.78,84.74,83.78,84.74,2185,83.22135052384037,79.86069931925388,55.51702027292819,83.52997605882534,82.83106268498769,0.6989133738376552,0.6548206395554036,0.04409273428225158,83.08500000000001,2.0435353782366343,87.17207075647327,78.99792924352674
2013-02-12,84.74,92.03,85.69,92.03,7204,84.06026952156986,80.3379267969302,68.30721064626306,84.83767204977529,83.51246544906267,1.3252066007126189,0.7888978317868467,0.5363087689257722,83.4975,2.8605444365861024,89.21858887317221,77.7764111268278
2013-02-13,92.03,90.45,87.27,87.27,1942,84.3659581385632,80.60977280489372,56.81925433325608,85.21187634980987,83.79080134172469,1.4210750080851824,0.9153332670465139,0.5057417410386685,83.5925,2.9559625291406695,89.50442505828134,77.68057494171866
2013-02-14,87.27,90.45,85.69,88.23,8880,84.7339621253667,80.90860524391749,58.34097280418179,85.67620306522375,84.1196308719673,1.556572193256443,1.0435810522884998,0.5129911409679431,83.656,3.044427869507024,89.74485573901406,77.56714426098596
2013-02-17,88.23,96.79,88.23,96.79,7234,85.88215620866512,81.53140503827368,68.87402712964916,87.38601797826625,85.05817673330306,2.3278412449631958,1.300433090823439,1.0274081541397568,84.3065,4.230999975120916,92.76849995024183,75.84450004975817
2013-02-19,96.79,98.7,92.03,92.67,9736,86.52861752212559,81.96821268383158,60.89361871068628,88.1989382893022,85.62201549379913,2.57692279550308,1.5557310317593673,1.0211917637437127,84.862,4.567385063226987,93.99677012645397,75.72722987354602
2013-02-20,92.67,92.67,88.86,89.81,3705,86.841130139066,82.27573375505386,56.039427998279926,88.44679393710186,85.93223656833253,2.5145573687693314,1.7474962991613605,0.7670610696079709,85.449,4.399875476706793,94.24875095341358,76.64924904658642
2013-02-21,89.81,93.94,87.27,91.08,2450,87.24483203058352,82.62099909799294,57.65372212134578,88.8519025621631,86.31355237808567,2.53835018407743,1.9056670761445746,0.6326831079328554,85.941,4.4542728155995315,94.84954563119906,77.03245436880094
2013-02-24,91.08,90.76,87.91,89.81,3537,87.48913374195652,82.90292070199321,55.4604748484603,88.99930216798417,86.57254849822748,2.4267536697566925,2.009884394866998,0.4168692748896943,86.24249999999999,4.504100909171497,95.25070181834299,77.234298181657
2013-02-25,89.81,93.62,88.86,89.18,19224,87.65016862367496,83.14908067446407,54.35581698842463,89.02710183444815,86.76569305391433,2.261408780533813,2.060189272000361,0.20121950853345183,86.544,4.487989117164722,95.51997823432944,77.56802176567055
2013-02-26,89.18,92.35,89.5,90.76,7752,87.94634304046782,83.4475480989949,56.68591693207459,89.29370155222536,87.06156764251328,2.2321339097120756,2.094578199542704,0.13755571016937163,86.95649999999999,4.476824855796036,95.91014971159207,78.00285028840791
2013-02-27,90.76,90.13,90.13,90.13,191,88.15431036994707,83.70960503628922,55.46996844678899,89.422362851883,87.28885892825305,2.133503923629945,2.1023633443601524,0.031140579269792745,87.353,4.383580728126212,96.12016145625242,78.58583854374757
2013-02-28,90.13,90.45,88.86,89.5,5814,88.28247128709496,83.93667934859161,54.21750739095468,89.43430702851639,87.45264715578986,1.9816598727265244,2.078222650033427,-0.09656277730690244,87.718,4.233273711418742,96.18454742283748,79.25145257716252
2013-03-03,89.5,90.45,89.81,90.45,4233,88.48890259308592,84.19210368786253,55.83683327570364,89.59056748566772,87.67467329239803,1.9158941932696933,2.04575695868068,-0.12986276541098674,88.099,4.111342334259363,96.32168466851873,79.87631533148128
2013-03-04,90.45,90.45,88.86,88.86,3799,88.52424520326822,84.37515844520125,52.49046708449724,89.47817248787268,87.76247527073892,1.7156972171337657,1.9797450103712972,-0.2640477932375316,88.5115,3.715192528835531,95.94188505767106,81.08111494232894
2013-03-05,88.86,89.81,81.56,88.86,37562,88.55622185057601,84.55103458460512,52.49046708449724,89.38306902819997,87.84377339883234,1.5392956293676292,1.8916551341705639,-0.35235950480293465,88.924,3.216201420767508,95.35640284153502,82.491597158465
2013-03-06,88.86,91.08,90.45,90.45,1567,88.73658167433068,84.78236656167942,55.57805691716858,89.54721225463075,88.03682722114105,1.5103850334896975,1.8154011140343906,-0.3050160805446931,89.2095,3.0756060164495422,95.36071203289909,83.05828796710092
2013-03-07,90.45,90.45,88.86,89.18,4969,88.7788119910611,84.9548227749469,52.63560265266613,89.49071806161064,88.12150668624172,1.36921137536892,1.7261631663012964,-0.3569517909323765,89.4315,2.8906970111939922,95.21289402238799,83.65010597761201
2013-03-11,89.18,89.81,88.23,89.81,4052,88.8770203728648,85.14522188181174,53.93837090862719,89.53983835982439,88.24658026503863,1.293258094785756,1.6395821519981886,-0.34632405721243265,89.6695,2.7006753054120947,95.0708506108242,84.2681493891758
2013-03-13,89.81,92.35,90.13,92.35,2206,89.20778033735387,85.42776220017207,58.85239786334178,89.97217091985141,88.55053728244317,1.4216336374082346,1.595992449080198,-0.17435881167196343,90.098,2.377591882113975,94.85318376422795,85.34281623577205
2013-03-14,92.35,98.06,91.08,91.72,5649,89.44703935284397,85.67451662369473,57.221783926936624,90.24106770141273,88.7853122985585,1.455755402854237,1.5679450398350059,-0.11218963698076889,90.447,2.0377053658206488,94.5224107316413,86.3715892683587
2013-03-17,91.72,90.13,88.54,88.54,4748,89.36065465257312,85.78688852080474,49.731627114860245,89.97936497811847,88.7671410171838,1.212223960934665,1.4968008240549378,-0.28457686312027275,90.27250000000001,2.0444324267062353,94.36136485341248,86.18363514658753
2013-03-18,88.54,88.86,85.69,87.59,1917,89.19202087613758,85.85759877489083,47.721938543579434,89.61177036610025,88.67994538628129,0.9318249798189555,1.3838056552077413,-0.45198067538878584,90.2885,2.0208134761186343,94.33012695223726,86.24687304776273
2013-03-19,87.59,88.86,87.27,88.54,1883,89.12992364983876,85.96279097979708,49.90215600447688,89.44688261746944,88.66957906137156,0.7773035560978769,1.2625052353857684,-0.4852016792878915,90.304,2.005322916639493,94.31464583327899,86.29335416672102
2013-03-20,88.54,89.5,89.5,89.5,157,89.16516901652078,86.10150505902072,52.07713670690366,89.45505452247414,88.7310917234922,0.7239627989819439,1.1547967481050037,-0.4308339491230597,89.9395,1.3043670576383541,92.5482341152767,87.33076588472329
2013-03-21,89.5,87.91,87.27,87.59,1881,89.01515291970927,86.15987740964736,47.645117891401505,89.16812305747811,88.64656641064092,0.5215566468371975,1.0281487278514425,-0.506592081014245,89.6855,1.2375760476365512,92.16065209527311,87.2103479047269
2013-03-24,87.59,86.32,86.0,86.0,429,88.72799549878458,86.15360770730825,44.267663175726376,88.68071951017379,88.45052445429714,0.23019505587664923,0.8685579934564839,-0.6383629375798346,89.495,1.485755168610268,92.46651033722054,86.52348966277947
2013-03-25,86.0,86.64,84.42,86.0,3002,88.46818640366224,86.1475838756491,44.267663175726376,88.2683011239932,88.2690041243492,-0.0007030003559975739,0.6947057946939876,-0.6954087950499852,89.24100000000001,1.6279528636650626,92.49690572733014,85.98509427266988
2013-03-27,86.0,88.86,84.1,88.86,10450,88.50550198426585,86.25395313542758,51.44759256768441,88.35933172030192,88.31278159661963,0.0465501236822945,0.565074660491649,-0.5185245368093545,89.1935,1.6243323324724153,92.44216466494483,85.94483533505517
2013-03-28,88.86,88.86,86.0,87.27,1303,88.38783512862148,86.29379811050886,47.76354485618531,88.19174222487086,88.23553851538854,-0.043796290517676084,0.443300470289784,-0.48709676080746006,89.098,1.6803495876875116,92.45869917537502,85.73730082462498
2013-03-31,87.27,85.69,82.83,84.1,2327,87.97946987827657,86.20776681205753,41.39862516139068,87.56224342104457,87.92920232906346,-0.3669589080188871,0.2812485946280498,-0.6482075026469369,88.76500000000001,1.968808081849872,92.70261616369976,84.82738383630027
2013-04-01,84.1,86.32,82.83,85.05,1425,87.70047274701213,86.16236419197683,43.81500791723111,87.17574443319157,87.71592808246616,-0.5401836492745957,0.1169621458475207,-0.6571457951221165,88.511,2.106326060628715,92.72365212125743,84.29834787874256
2013-04-02,85.05,85.69,85.05,85.69,1371,87.50899915205859,86.14384010601697,45.446998415490306,86.9471683665467,87.5658593356168,-0.6186909690701015,-0.030168477136003735,-0.5885224919340977,88.3205,2.1830651435658295,92.68663028713165,83.95436971286834
2013-04-03,85.69,86.0,84.42,85.37,2560,87.30528494710063,86.11349343519277,44.747128761294256,86.70452707938567,87.40320308853407,-0.6986760091484001,-0.163869983538483,-0.5348060256099171,88.06649999999999,2.217514670929807,92.50152934185961,83.63147065814037
2013-04-04,85.37,85.05,84.42,85.05,953,87.09049590451961,86.07178781028324,44.01713621601713,86.44998445178788,87.22889174864265,-0.7789072968547686,-0.28687744620174016,-0.4920298506530284,87.876,2.3075833793453775,92.49116675869075,83.26083324130926
2013-04-07,85.05,85.37,85.05,85.37,600,86.92663915170822,86.04426671968389,44.983697366067744,86.28383299766666,87.091196063558,-0.8073630658913373,-0.39097457013965964,-0.4163884957516777,87.7015,2.3606049068650266,92.42270981373005,82.98029018626994
2013-04-08,85.37,86.96,84.74,86.32,2008,86.86886399440267,86.05507978950021,47.8616887845846,86.2893971518718,87.03407042922036,-0.7446732773485678,-0.46171431158144133,-0.2829589657671265,87.495,2.2870125307459346,92.06902506149187,82.92097493850814
2013-04-09,86.32,86.64,85.37,86.64,1207,86.84706742350718,86.07801783697079,48.832650423994174,86.34333605158383,87.00488002705589,-0.6615439754720569,-0.5016802443595645,-0.1598637311124924,87.36800000000001,2.2588693026191757,91.88573860523836,82.85026139476166
2013-04-11,86.64,87.59,85.69,85.69,5995,86.73687052603032,86.06280145120722,46.088571071737256,86.24282281287863,86.90748150653323,-0.6646586936546015,-0.5342759342185719,-0.13038275943602962,87.162,2.2118213499760735,91.58564269995216,82.73835730004785
2013-04-15,85.69,88.86,86.32,86.64,4424,86.72764476164649,86.08543668841477,49.16491312910445,86.3039269955127,86.88766806160484,-0.5837410660921449,-0.5441689605932865,-0.03957210549885848,86.8765,1.8450196832495875,90.56653936649917,83.18646063350081
2013-04-16,86.64,86.32,84.74,84.74,4241,86.5383452605373,86.0326744653397,43.78369199783633,86.0633228423569,86.728581538523,-0.6652586961661058,-0.5683869077078503,-0.0968717884582555,86.5275,1.510436935737992,89.54837387147599,83.50662612852402
2013-04-17,84.74,85.69,83.78,83.78,4580,86.2756457119147,85.94433429022834,41.32266594809946,85.71204240507122,86.510168091225,-0.7981256861537815,-0.6143346633970366,-0.18379102275674497,86.2895,1.5511064811253135,89.39171296225064,83.18728703774937
2013-04-18,83.78,85.69,84.1,85.69,573,86.2198699298276,85.9343603964939,47.629836540391466,85.70865126582949,86.4494148992824,-0.7407636334529144,-0.6396204574082122,-0.10114317604470224,86.1945,1.5252315613666523,89.24496312273331,83.1440368772667
2013-04-21,85.69,84.1,80.93,84.1,5158,86.0179775555583,85.86242469467061,43.44347087594288,85.46116645570187,86.27538416600223,-0.8142177103003547,-0.6745399079866408,-0.13967780231371396,85.9725,1.4885559056380837,88.94961181127617,82.99538818872382
2013-04-23,84.1,85.37,81.56,81.56,2847,85.59340826455275,85.69370215762471,37.73723841514233,84.8609870009785,85.92609645000206,-1.0651094490235664,-0.7526538161940259,-0.3124556328295405,85.5755,1.5555485578370658,88.68659711567413,82.46440288432588
2013-04-25,81.56,82.51,79.97,80.61,2714,85.11879795364297,85.49434128869825,35.84105517563134,84.20698900082796,85.5323115277797,-1.3253225269517372,-0.8671875583455684,-0.45813496860616887,85.2265,1.8372871162036526,88.90107423240731,81.55192576759269
2013-04-28,80.61,83.15,80.93,82.51,13831,84.87034100567698,85.3773082969846,42.106535969985494,83.94591376993135,85.30843659979601,-1.362522829864659,-0.9662546126493866,-0.3962682172152724,85.05199999999999,1.9236604361694727,88.89932087233893,81.20467912766105
2013-04-29,82.51,82.2,80.29,80.93,2956,84.49507043370774,85.20290405004403,38.720250852627814,83.48192703609575,84.98410796277409,-1.502180926678335,-1.0734398754551764,-0.42874105122315864,84.79849999999999,2.1165495132655834,89.03159902653115,80.56540097346883
2013-04-30,80.93,81.56,79.97,80.93,5609,84.15553991621177,85.03533918533641,38.720250852627814,83.0893228766964,84.68380366923527,-1.5944807925388744,-1.177648058871916,-0.4168327336669584,84.402,2.0576061717185476,88.5172123434371,80.28678765656291
2013-05-02,80.93,80.93,79.34,79.34,1502,83.69691706704874,84.81199255061733,35.39779218420894,82.51250397258927,84.28796636040303,-1.7754623878137608,-1.297210924660285,-0.4782514631534758,84.00550000000001,2.232479091668357,88.47045818333673,79.54054181666329
2013-05-05,79.34,80.29,79.02,79.02,1013,83.25149639399649,84.58485558784803,34.75149472112889,81.975195669114,83.89774663000281,-1.9225509608888132,-1.4222789319059908,-0.5002720289828224,83.7515,2.4947445286356342,88.74098905727126,78.76201094272872
2013-05-06,79.02,79.02,76.48,78.39,1751,82.78849673742539,84.34192007459909,33.45637357240433,81.42362710463493,83.48976539815077,-2.0661382935158343,-1.5510508042279596,-0.5150874892878747,83.4185,2.744305635502754,88.9071112710055,77.92988872899448
2013-05-07,78.39,81.88,77.44,80.29,4635,82.5505446671944,84.18302124814423,40.64125125080876,81.24922293469109,83.2527457390285,-2.0035228043374076,-1.6415452042498493,-0.3619776000875583,83.14849999999998,2.7745350961917112,88.69757019238341,77.59942980761656
2013-05-08,80.29,79.66,78.07,79.34,1941,82.24477850841399,83.99309884625622,38.40823466939667,80.955496329354,82.9629127213227,-2.0074163919686896,-1.7147194417936173,-0.29269695017507225,82.84700000000001,2.847107673633491,88.54121534726698,77.15278465273303
2013-05-09,79.34,79.97,78.39,78.71,1331,81.90813293618409,83.78591849934422,36.95801065804679,80.61003535560722,82.64788214937288,-2.0378467937656524,-1.7793449121880243,-0.2585018815776281,82.53,2.940338326397793,88.41067665279559,76.64932334720442
2013-05-12,78.71,79.34,78.71,78.71,3191,81.6035488470237,83.58686287191897,36.95801065804679,80.31772222397534,82.35618717534526,-2.0384649513699173,-1.831168920024403,-0.20729603134551433,82.19699999999999,2.978654058463248,88.15430811692649,76.23969188307349
2013-05-13,78.71,79.97,78.71,79.97,5516,81.44797276635478,83.44502511223588,42.034674278607255,80.2642264972099,82.17943256976413,-1.915206072554227,-1.847976350530368,-0.06722972202385913,81.8795,2.8517722559839163,87.58304451196783,76.17595548803216
2013-05-14,79.97,80.29,78.07,80.29,4249,81.33768964574956,83.32129863724624,43.283838188253895,80.2681916514853,82.03947460163346,-1.7712829501481622,-1.832637670453927,0.06135472030576472,81.56199999999998,2.639452893867776,86.84090578773554,76.28309421226443
2013-05-15,80.29,80.93,79.97,79.97,7507,81.20743348901152,83.18987516127581,42.30209541839005,80.22231601279526,81.88618018669766,-1.6638641739023967,-1.798882971143621,0.13501879724122423,81.276,2.473285477382505,86.222570954765,76.32942904523499
2013-05-16,79.97,80.29,80.29,80.29,1200,81.12005887101041,83.07615456671599,43.67783419000489,80.23272893390367,81.76794461731265,-1.5352156834089783,-1.7461495135966925,0.21093383018771417,80.9585,2.132570169142256,85.22364033828451,76.69335966171549
2013-05-19,80.29,79.34,79.34,79.34,96,80.9505294547237,82.92963870135458,40.584052550359026,80.09538602099542,81.58809686788209,-1.4927108468866663,-1.6954617802546874,0.20275093336802108,80.6885,1.9637645774860932,84.6160291549722,76.76097084502781
2013-05-20,79.34,79.66,79.34,79.34,1017,80.79714569713097,82.78886855620341,40.584052550359026,79.97917278699613,81.4215711739649,-1.442398386968776,-1.6448491015975053,0.20245071462872932,80.4665,1.8431445526884043,84.15278910537681,76.78021089462318
2013-05-21,79.34,79.66,79.34,79.34,773,80.65836991645183,82.65361880890131,40.584052550359026,79.88083851207365,81.26738071663418,-1.3865422045605271,-1.5931877221901096,0.2066455176295825,80.149,1.3862934298639304,82.92158685972787,77.37641314027213
2013-05-22,79.34,79.97,78.71,79.34,792,80.53281087678975,82.52367297325813,40.584052550359026,79.79763258713925,81.12461177466128,-1.3269791875220278,-1.5399460152564934,0.21296682773446562,79.911,1.0368367886584129,81.98467357731683,77.83732642268318
2013-05-23,79.34,79.34,77.44,77.44,856,80.23825745995264,82.32431324881664,34.08863715492599,79.43491988142551,80.85167756913081,-1.4167576877052994,-1.5153083497462547,0.0985506620409553,79.70500000000001,1.099365845911907,81.90373169182382,77.5062683081762
2013-05-26,77.44,78.07,76.8,78.07,3064,80.03175674948095,82.15747743513755,37.65188847056674,79.22493220736004,80.64562737882483,-1.4206951714647857,-1.496385714089961,0.07569054262517527,79.578,1.1354368507781374,81.84887370155627,77.30712629844373
2013-05-27,78.07,79.34,78.07,79.02,5578,79.9353989638161,82.03443910434784,42.683781833340035,79.1934041754585,80.52521053594891,-1.3318063604904182,-1.4634698433700526,0.13166348287963436,79.4035,0.9061443767847692,81.21578875356953,77.59121124643046
2013-05-28,79.02,79.97,78.39,79.34,7686,79.87869430059553,81.92877482574596,44.3140710303367,79.21595737923411,80.43741716291566,-1.2214597836815528,-1.4150678314323528,0.19360804775079998,79.324,0.8318742313846583,80.98774846276932,77.66025153723068
2013-05-30,79.34,78.71,77.75,78.07,2655,79.7064377005388,81.77745032277554,39.51075779481333,79.03965624396731,80.26205292862562,-1.2223966846583068,-1.3765336020775436,0.15413691741923685,79.18100000000001,0.7858143613640753,80.75262872272816,77.60937127727186
2013-06-02,78.07,78.71,76.17,76.17,3041,79.36963411001129,81.55755031011768,33.63659648883562,78.59817066797234,79.95893789687557,-1.360767228903228,-1.3733803274426806,0.012613098539452583,79.0225,1.0329053301500322,81.08831066030005,76.95668933969993
2013-06-03,76.17,78.71,76.8,78.71,1920,79.30681181381973,81.44588167050523,45.33673218276017,78.61537518059197,79.8664239785885,-1.251048797996532,-1.348914021553451,0.09786522355691907,79.00699999999999,1.0352680812232724,81.07753616244653,76.93646383755345
2013-06-04,78.71,79.02,77.44,77.44,2617,79.12902021250356,81.28878827166189,41.405944133827994,78.43454822973166,79.68668886906343,-1.2521406393317704,-1.3295593451091148,0.07741870577734433,78.9595,1.085635758438215,81.13077151687644,76.78822848312358
2013-06-05,77.44,79.34,77.44,78.39,1118,79.05863733512227,81.17511030022418,45.231255300011824,78.42769465592679,79.59063784172541,-1.1629431857986248,-1.2962361132470168,0.13329292744839205,78.8645,1.0454687943691678,80.95543758873835,76.77356241126166
2013-06-06,78.39,78.39,78.39,78.39,500,78.99495758892014,81.06589028845069,45.23125530001182,78.4218954780919,79.50170170530131,-1.079806227209417,-1.2529501360394968,0.17314390883007968,78.817,1.0443083835724596,80.9056167671449,76.72838323285508
2013-06-09,78.39,79.34,77.75,78.07,1210,78.90686638997536,80.94840439478595,44.10636489282259,78.36775771223161,79.39564972713086,-1.0278920148992512,-1.2079385118114476,0.18004649691219643,78.785,1.0574821138214854,80.89996422764297,76.67003577235702
2013-06-10,78.07,79.34,78.07,79.34,4373,78.94811720997771,80.88532971263749,49.476703591988354,78.51733344881137,79.39152752512118,-0.8741940763098057,-1.1411896247111193,0.26699554840131356,78.8165,1.0644903648421762,80.94548072968436,76.68751927031565
2013-06-12,79.34,79.34,78.39,79.02,845,78.95496318997984,80.81217952782816,48.219535683393204,78.59466676437886,79.3640069677048,-0.7693402033259389,-1.0668197404340831,0.29747953710814423,78.769,1.0309775636946865,80.83095512738937,76.70704487261064
2013-06-13,79.02,78.07,76.8,78.07,1907,78.87068098141033,80.70464307575648,44.5966619890856,78.51394880062826,79.26815459972667,-0.7542057990984148,-1.0042969521669496,0.2500911530685348,78.658,0.9766785820480084,80.61135716409602,76.70464283590398
2013-06-16,78.07,78.07,78.07,78.07,96,78.79442564984744,80.60132373945231,44.5966619890856,78.44564898514699,79.17940240715433,-0.7337534220073394,-0.9501882461350276,0.21643482412768822,78.563,0.9338099660162728,80.43061993203254,76.69538006796746
2013-06-17,78.07,78.07,77.44,77.44,1132,78.66543273081435,80.47735025947378,42.16041477815464,78.29093375666284,79.05055778440216,-0.7596240277393207,-0.9120754024558863,0.15245137471656556,78.42049999999999,0.8717947307889151,80.16408946157782,76.67691053842216
2013-06-18,77.44,77.75,76.8,76.8,854,78.48777247073679,80.33314044537677,39.78281568180557,78.06155933256086,78.88384980037236,-0.8222904678114986,-0.8941184155270088,0.07182794771551015,78.2935,0.9147462978735844,80.12299259574716,76.46400740425283
2013-06-19,76.8,76.8,76.17,76.48,1767,78.29655604495233,80.18203689849925,38.61037085969656,77.81824251216688,78.70578685219662,-0.8875443400297485,-0.8928036004275567,0.005259260397808219,78.1505,0.9647223489305441,80.07994469786108,76.22105530213891
2013-06-20,76.48,76.48,75.85,76.17,4409,78.094026897814,80.02470211816595,37.45865467496409,77.56466674106429,78.51795078907094,-0.9532840480066511,-0.9048996899433757,-0.04838435806327546,77.99199999999999,1.0179473670603114,80.02789473412061,75.95610526587937
2013-06-23,76.17,76.17,76.17,76.17,100,77.91078624087933,79.87353732921827,37.45865467496409,77.3501026270544,78.344028508399,-0.9939258813446088,-0.9227049282236224,-0.07122095312098642,77.8335,1.0434824034527626,79.92046480690553,75.74653519309447
2013-06-24,76.17,77.75,76.17,77.75,1277,77.89547326555748,79.79026135552343,46.833136972226455,77.41162529981527,78.30002639666574,-0.8884010968504725,-0.9158441619489924,0.027443065098519903,77.849,1.0396249323673241,79.92824986473465,75.76975013526535
2013-06-25,77.75,79.97,77.12,79.97,2322,78.0930472402663,79.79730992981663,56.66248384937282,77.80522140753601,78.42372814506088,-0.6185067375248678,-0.8563766770641676,0.2378699395392998,77.94399999999999,1.1425935410283736,80.22918708205674,75.65881291794324
2013-06-26,79.97,80.93,79.34,80.29,7635,78.30228083643141,79.81663110903952,57.87152491333328,78.18749503714585,78.561970504686,-0.37447546754015093,-0.7599964351593643,0.3855209676192134,78.00750000000001,1.2369354108141906,80.48137082162839,75.53362917837163
2013-06-27,80.29,80.93,77.75,77.75,1894,78.24968266153317,79.73558675182228,46.7279987245312,78.12018810835418,78.50182454137592,-0.38163643302173966,-0.6843244347318395,0.3026880017100998,77.928,1.1972450832947463,80.32249016658949,75.5335098334105
2013-06-30,77.75,77.75,76.48,76.48,770,78.08114145567286,79.60791668312338,42.33819833544045,77.86785147629969,78.35205976053327,-0.4842082842335742,-0.6443012046321864,0.16009292039861223,77.8485,1.2393685786254132,80.32723715725083,75.36976284274917
2013-07-01,76.48,77.75,77.75,77.75,50,78.0496041741802,79.53505720535384,47.635882502636946,77.8497204799459,78.3074627412345,-0.45774226128860107,-0.6069894159634694,0.14924715467486838,77.92750000000001,1.1754545593311512,80.27840911866231,75.57659088133771
2013-07-02,77.75,77.44,77.12,77.44,897,77.99154663378208,79.45289809926153,46.51254409893009,77.78668655995422,78.24320624188381,-0.456519681929592,-0.576895469156694,0.12037578722710196,77.864,1.1652169438845097,80.19443388776902,75.53356611223099
2013-07-03,77.44,77.75,77.12,77.75,445,77.9685421924695,79.38611778164343,47.837256195263926,77.78104247380742,78.2066724461887,-0.4256299723812873,-0.5466423698016127,0.12101239742032543,77.8795,1.161335324891941,80.20217064978388,75.5568293502161
2013-07-04,77.75,77.75,76.17,77.12,2527,77.88772865032955,79.29725041765742,45.37759884298108,77.67934363168321,78.12617819091548,-0.446834559232272,-0.5266808076877446,0.07984624845547261,77.816,1.166661453622341,80.14932290724468,75.48267709275532
2013-07-07,77.12,77.12,75.21,76.8,2211,77.78413544553626,79.19931902872969,44.13623874448049,77.54405999603964,78.02794276936618,-0.48388277332654184,-0.5181212008155041,0.03423842748896222,77.7365,1.1795908077312207,80.09568161546245,75.37731838453756
2013-07-08,76.8,78.07,77.12,78.07,552,77.81136064119947,79.15503200799519,49.984169007237206,77.62497384280276,78.0310581197835,-0.4060842769807351,-0.4957138160485503,0.08962953906781518,77.7365,1.1795908077312207,80.09568161546245,75.37731838453756
2013-07-09,78.07,80.29,79.02,79.97,1402,78.01694534203763,79.18699153709342,57.20233194517564,77.98574709775619,78.17468344424398,-0.18893634648779312,-0.4343583221363989,0.2454219756486058,77.768,1.231915923310126,80.23183184662025,75.30416815337975
2013-07-10,79.97,81.24,79.97,80.93,3384,78.29437911898643,79.25534481014859,60.31842493975263,78.43870908271677,78.37878096689258,0.05992811582419222,-0.3355010345442807,0.3954291503684729,77.8635,1.397046791214192,80.65759358242839,75.06940641757161
2013-07-11,80.93,80.61,79.66,80.61,841,78.51491444098772,79.30846854308393,58.78204570483643,78.77275383922188,78.54405645082646,0.22869738839541753,-0.22266134995634104,0.45135873835175855,77.9905,1.5262802219085514,81.0430604438171,74.9379395561829
2013-07-14,80.61,81.88,80.93,80.93,606,78.74492258946509,79.3720580119826,59.88248759752767,79.10463786395698,78.72079301002451,0.38384485393247303,-0.10136010917857824,0.48520496311105127,78.1335,1.6620604682139934,81.45762093642799,74.80937906357201
2013-07-15,80.93,80.93,79.34,79.97,1362,78.86159662856366,79.39550671739505,55.12744426725195,79.2377705002713,78.8133268611338,0.4244436391374933,0.0038006404846360614,0.4206429986528572,78.26,1.702292571798308,81.66458514359663,74.85541485640339
2013-07-16,79.97,79.97,78.71,79.97,560,78.96715885441475,79.4180358657325,55.12744426725195,79.35042119253725,78.89900635290168,0.45141483963557505,0.09332348031482386,0.3580913593207512,78.41850000000001,1.7067706502723934,81.8320413005448,75.00495869945522
2013-07-17,79.97,82.83,80.29,82.83,732,79.33504848732763,79.55183838080183,64.7881290871913,79.88574100906999,79.19019106750156,0.6955499415684301,0.2137687725655451,0.481781169002885,78.736,1.9061628582324446,82.54832571646489,74.92367428353512
2013-07-18,82.83,83.78,81.56,83.78,6046,79.75837720282023,79.71764864037823,67.30602132174451,80.48485777690537,79.53017691435329,0.9546808625520811,0.3619511905628523,0.5927296719892288,79.1165,2.1150793813645006,83.346658762729,74.886341237271
2013-07-21,83.78,88.54,84.1,87.27,9298,80.47376985017067,80.01381928193203,74.51558796392048,81.52872581122763,80.10349714291971,1.4252286683079234,0.5746066861118666,0.8506219821960568,79.6715,2.68166145475043,85.03482290950086,74.30817709049913
2013-07-22,87.27,88.86,84.1,85.69,5532,80.97055367396393,80.2364146042092,67.2819570704518,82.16892184026953,80.5173121693701,1.6516096708994326,0.7900072830693798,0.8616023878300527,80.0685,2.9559294112359837,85.98035882247197,74.15664117752803
2013-07-23,85.69,87.27,85.05,86.64,3392,81.51050094311023,80.48753560012256,69.21691931025866,82.8567800186896,80.97084460126861,1.8859354174209955,1.009192909939703,0.8767425074812925,80.40200000000002,3.3004251719723623,87.00285034394474,73.80114965605529
2013-07-24,86.64,85.69,85.05,85.05,209,81.84759609138544,80.66645577266677,62.549368856808194,83.19419847735274,81.2730042604339,1.921194216918849,1.191593171335532,0.7296010455833168,80.64,3.4597064067709433,87.55941281354188,73.72058718645812
2013-07-25,85.05,84.1,84.1,84.1,191,82.06211074934873,80.80110456589551,58.89871205196676,83.33355255776002,81.4824113522536,1.8511412055064085,1.3235027781697073,0.5276384273367012,80.9575,3.4718808416975646,87.90126168339512,74.01373831660487
2013-07-28,84.1,85.37,82.83,83.78,5278,82.22571924941076,80.91792399468392,57.677570276581285,83.40223677964309,81.65260310393852,1.7496336757045725,1.4087289576766804,0.34090471802789213,81.32249999999999,3.358251228807731,88.03900245761545,74.60599754238453
2013-07-29,83.78,84.42,83.15,83.78,5994,82.37374598756212,81.0301622694022,57.67757027658129,83.46035419815954,81.81018805920233,1.6501661389572035,1.457016393932785,0.19314974502441862,81.624,3.290638076022269,88.20527615204453,75.04272384795546
2013-07-30,83.78,85.37,83.15,84.1,7464,82.53815113160383,81.15054806275897,58.67132932031806,83.55876124459652,81.97980375852067,1.5789574860758506,1.481404612361398,0.09755287371445265,81.95700000000001,3.1800746432813765,88.31714928656277,75.59685071343725
2013-07-31,84.1,86.32,84.1,84.1,1990,82.68689864287965,81.26621284461156,58.67132932031806,83.64202874542782,82.13685533196359,1.5051734134642345,1.4861583725819654,0.01901504088226913,82.2745,3.0523683212253525,88.3792366424507,76.1697633575493
2013-08-01,84.1,84.42,83.15,83.15,4688,82.73100353403397,81.34008685070523,54.28283055160408,83.566332015362,82.21190308515148,1.354428930210517,1.4598124841076758,-0.10538355389715881,82.576,2.8041480552546547,88.18429611050931,76.96770388949068
2013-08-04,83.15,86.96,83.47,85.05,2695,82.95186034031644,81.48557364087365,60.626100075291546,83.79458862838322,82.42213248625137,1.3724561421318526,1.4423412157125113,-0.06988507358065865,82.9885,2.5000742620547105,87.98864852410942,77.98835147589058
2013-08-05,85.05,84.42,82.51,82.83,2271,82.94025459361964,81.53829624319233,51.61471723486139,83.64619037786274,82.4523448946772,1.193845483185541,1.3926420692071173,-0.19879658602157635,83.2265,2.2178421827008608,87.66218436540173,78.79081563459827
2013-08-06,82.83,83.15,80.29,82.51,3233,82.89927796565587,81.57640227287106,50.45064424506413,83.47139185819154,82.45661564321962,1.014776214971917,1.3170688983600773,-0.3022926833881603,83.3535,2.0906263856101615,87.53475277122033,79.17224722877967
2013-08-07,82.51,85.05,81.24,81.24,6545,82.74125149273627,81.56321002687612,46.0151135973048,83.12810080308515,82.3664959659441,0.76160483714105,1.2059760861162718,-0.44437124897522184,83.369,2.0727858192853557,87.51457163857071,79.22342836142928
2013-08-08,81.24,81.24,79.34,79.34,3317,82.41732277914234,81.47602531993981,40.305833640422435,82.54531606414898,82.14231107957787,0.4030049845711119,1.0453818658072398,-0.6423768812361279,83.30550000000001,2.1785134356878713,87.66252687137575,78.94847312862427
2013-08-11,79.34,82.51,80.29,80.29,2384,82.21472060970021,81.42951452307943,44.04419013842524,82.1983443619722,82.00510285146099,0.1932415105112142,0.8749537947480347,-0.6817122842368205,83.2735,2.219557269746176,87.71261453949235,78.83438546050765
2013-08-12,80.29,79.66,79.02,79.34,1594,81.94093769449067,81.34757277707632,41.2614179484233,81.75859907551495,81.80768782542685,-0.049088749911902596,0.6901452858160473,-0.7392340357279499,83.24199999999999,2.2727414468455085,87.787482893691,78.69651710630897
2013-08-13,79.34,79.34,78.71,78.71,2064,81.63322934263442,81.24413855052431,39.479992254159264,81.28958383312803,81.57822946798784,-0.28864563485980455,0.4943871016808769,-0.7830327365406815,83.179,2.3830031914634966,87.94500638292699,78.41299361707301
2013-08-14,78.71,79.34,77.12,78.39,6514,81.32435035762163,81.13221154854297,38.56912013820784,80.8434940126468,81.34206432221097,-0.4985703095641725,0.29579561943186705,-0.7943659289960395,82.95700000000001,2.6129477203864204,88.18289544077285,77.73110455922716
2013-08-15,78.39,78.71,78.07,78.71,486,81.0753646092767,81.03722286036482,40.05845703898385,80.51526416454729,81.14709659463979,-0.6318324300925013,0.11027000952699337,-0.7421024396194947,82.70349999999999,2.7701116735989992,88.24372334719799,77.163276652802
2013-08-18,78.71,79.97,78.71,79.34,3589,80.9100917893456,80.97066510113483,42.98894888309273,80.33445429307848,81.01323758762945,-0.6787832945509678,-0.047540651288598856,-0.6312426432623689,82.307,2.6468732298196267,87.60074645963925,77.01325354036075
2013-08-19,79.34,81.24,79.66,81.24,2328,80.94151161893173,80.98122725403151,50.80102379881282,80.47376901722025,81.0300348033606,-0.5562657861403579,-0.14928567825895067,-0.40698010788140726,82.0845,2.5320731572533917,87.14864631450679,77.02035368549322
2013-08-20,81.24,82.51,80.93,81.88,6881,81.03089146474775,81.01647324406949,53.13075780679197,80.6901122453402,81.09299518829685,-0.4028829429566514,-0.20000513119849084,-0.20287781175816055,81.84649999999999,2.2938459430670735,86.43419188613414,77.25880811386584
2013-08-25,81.88,81.24,80.61,80.61,929,80.9908065633432,81.00053311685107,48.24827732434336,80.67778728451863,81.05721776694153,-0.37943048242290445,-0.23589020144337358,-0.14354028097953087,81.6245,2.179494086636432,85.98348817327286,77.26551182672713
2013-08-26,80.61,80.29,78.39,78.39,3132,80.74311070016766,80.89815926913143,41.1326229242351,80.3258200099773,80.85964608050142,-0.533826070524114,-0.29547737525952167,-0.23834869526459235,81.339,2.2118982083743135,85.76279641674863,76.91520358325137
2013-08-27,78.39,79.97,78.07,79.34,5267,80.60948110967551,80.83705498406745,44.878951130277194,80.17415539305773,80.74707970416799,-0.5729243111102562,-0.3509667624296686,-0.2219575486805876,81.117,2.176540228991881,85.47008045798377,76.76391954201624
2013-08-29,79.34,79.66,78.07,78.71,5195,80.42857814684928,80.75364106312364,42.927883856381385,79.94890071720269,80.59618491126666,-0.6472841940639711,-0.41023024875652914,-0.23705394530744195,80.8635,2.1450807247720216,85.15366144954405,76.57333855045596
2013-09-01,78.71,79.34,77.75,78.07,3632,80.20395165667315,80.64840023711879,40.97887554521795,79.65983906840228,80.4090601030247,-0.7492210346224226,-0.47802840592970786,-0.27119262869271477,80.562,2.0892799061673832,84.74055981233477,76.38344018766523
2013-09-02,78.07,78.71,76.17,77.75,11536,79.97024197508523,80.53473748272198,40.00096447755398,79.36601767326347,80.21209268798583,-0.8460750147223592,-0.5516377276882382,-0.2944372870341211,80.2445,2.004081296281235,84.25266259256247,76.23633740743753
2013-09-03,77.75,77.75,75.85,77.12,9537,79.69879035841045,80.40082620888975,38.07455158615539,79.0204764927614,79.98304878517206,-0.9625722924106555,-0.6338246406327217,-0.32874765177793375,79.943,1.997538221753826,83.93807644350765,75.94792355649234
2013-09-04,77.12,76.48,74.58,76.48,18092,79.3922388957047,80.24706831834506,36.16892158753403,78.6296339554135,79.72356368997413,-1.093929734560632,-0.7258456594183038,-0.3680840751423282,79.5145,1.747956626584333,83.01041325316866,76.01858674683133
2013-09-05,76.48,77.12,74.58,76.8,37264,79.14535900087567,80.11188916860604,37.84402399097483,78.3481518084268,79.5070034166427,-1.1588516082158975,-0.8124468491778225,-0.346404759038075,79.213,1.664009425580304,82.5410188511606,75.88498114883939
2013-09-08,76.8,77.44,74.58,75.85,20639,78.83151528650656,79.94475626003326,34.91464774815712,77.96382076097652,79.23611427466916,-1.2722935136926452,-0.904416182080787,-0.3678773316118582,78.88000000000001,1.6356456957740935,82.1512913915482,75.60870860845182
2013-09-09,75.85,77.44,75.21,77.44,6195,78.69899002112497,79.84653052434568,42.883529956737725,77.88323295159552,79.10306877284182,-1.2198358212463063,-0.9675001099138909,-0.2523357113324154,78.69,1.5663131366697813,81.82262627333957,75.55737372666043
2013-09-10,77.44,77.75,77.44,77.44,1591,78.57908620958925,79.7521567782929,42.883529956737725,77.81504326673466,78.97987849337207,-1.1648352266374076,-1.0069671332585943,-0.15786809337881325,78.595,1.5823516809180993,81.7597033618362,75.4302966381638
2013-09-11,77.44,78.39,76.17,77.44,3468,78.47060180867598,79.66148396345788,42.883529956737725,77.75734430262163,78.86581341978896,-1.1084691171673313,-1.0272675300403418,-0.08120158712698955,78.4525,1.5496650741706555,81.55183014834131,75.35316985165869
2013-09-12,77.44,77.75,77.44,77.75,844,78.40197306499255,79.58652380802816,44.53714712363141,77.75621440991061,78.78316057387866,-1.0269461639680486,-1.027203256825883,0.00025709285783448443,78.373,1.542506845501872,81.45801369100374,75.28798630899627
2013-09-15,77.75,78.07,75.85,77.44,2496,78.3103565826123,79.50234640379176,43.19052188920213,77.70756603915513,78.6836671980358,-0.9761011588806809,-1.0169828372368428,0.040881678356161855,78.3095,1.5540015410136407,81.41750308202728,75.20149691797272
2013-09-16,77.44,77.44,76.17,76.48,1118,78.1360369080778,79.38382301540777,39.23426819293587,77.51870972543895,78.5204325907739,-1.0017228653349406,-1.0139308428564624,0.012207977521521807,78.214,1.6065929953260307,81.42718599065206,75.00081400934793
2013-09-17,76.48,78.71,76.17,78.71,1612,78.19070005968943,79.357398583431,50.56267758639723,77.7019851522945,78.53447462108694,-0.8324894687924456,-0.9776425680436591,0.14515309925121356,78.214,1.6065929953260307,81.42718599065206,75.00081400934793
2013-09-19,78.71,77.75,77.12,77.12,795,78.0887286254333,79.26965746251216,44.23106231780042,77.61244897501842,78.42969872322865,-0.8172497482102301,-0.9455640040769734,0.12831425586674328,78.103,1.6013845982705208,81.30576919654104,74.90023080345895
2013-09-22,77.12,77.12,76.17,76.8,1804,77.96599256586823,79.17280815025678,43.06231830888539,77.48745682501558,78.30898029928578,-0.8215234742701938,-0.9207558981156175,0.09923242384542375,77.881,1.4435989383259942,80.76819787665198,74.99380212334802
2013-09-23,76.8,76.8,76.17,76.17,1037,77.79494565483317,79.05505096789378,40.77781778036979,77.28477115962858,78.1505373141535,-0.8657661545249198,-0.9097579493974781,0.04399179487255833,77.5955,1.1448027869688862,79.88510557393778,75.30589442606222
2013-09-24,76.17,77.12,76.17,77.12,758,77.73066511627763,78.97916661621167,45.4751977781239,77.25942175045495,78.0742012168088,-0.8147794663538548,-0.8907622527887535,0.07598278643489875,77.42099999999999,0.901191608809453,79.2233832176189,75.61861678238108
2013-09-25,77.12,77.12,75.21,76.8,14358,77.64203034329881,78.89370910185043,44.203343188611505,77.18874148115418,77.97981594148963,-0.7910744603354516,-0.8708246942980933,0.07975023396264169,77.3415,0.8811193538837795,79.10373870776756,75.57926129223243
2013-09-26,76.8,77.12,77.12,77.12,233,77.59231316774655,78.82415188217003,45.83477198582608,77.17816586866893,77.91612587174967,-0.7379600030807438,-0.8442517560546234,0.1062917529738796,77.23049999999999,0.7455021267922212,78.72150425358443,75.73949574641556
2013-09-29,77.12,78.39,74.58,78.39,56969,77.66828334224688,78.80712631816337,51.85175559521679,77.36460188887371,77.95122765902748,-0.5866257701537734,-0.7927265588744535,0.20610078872068016,77.21450000000002,0.7148829495645012,78.64426589912902,75.784734100871
2013-09-30,78.39,78.39,74.9,77.75,14534,77.6760658810805,78.76567038411775,48.903538414042195,77.42389390597006,77.93632190650692,-0.5124280005368576,-0.7366668472069344,0.22423884667007687,77.1985,0.6981123043413419,78.59472460868268,75.80227539131731
2013-10-01,77.75,77.44,74.58,77.44,11001,77.65358341621568,78.71368331023078,47.49486893754845,77.42637176659005,77.89955732083975,-0.4731855542496959,-0.6839705886154868,0.21078503436579088,77.18299999999999,0.6885996468800322,78.56019929376006,75.80580070623992
2013-10-02,77.44,77.44,76.48,76.48,671,77.54181356705229,78.62608788630016,43.332183297924864,77.28077611019158,77.79440492670346,-0.5136288165118827,-0.649902234194766,0.13627341768288326,77.151,0.7063240645834044,78.56364812916681,75.73835187083318
2013-10-03,76.48,77.12,76.48,77.12,695,77.50164084638065,78.56702561624918,46.6868885965442,77.25604132400827,77.7444490062069,-0.48840768219864117,-0.6176033237955411,0.1291956415968999,77.183,0.6885996468800322,78.56019929376006,75.80580070623995
2013-10-06,77.12,76.48,75.21,76.17,2800,77.37481790863012,78.47302461169039,42.650692179078135,77.08895804339161,77.62782315389528,-0.5388651105036644,-0.6018556811371658,0.06299057063350144,77.1515,0.7207034210073694,78.59290684201474,75.71009315798526
2013-10-07,76.17,79.34,77.44,78.39,1640,77.47150191733202,78.46976874456529,52.89840656763352,77.2891183444083,77.68428069805118,-0.3951623536428883,-0.5605170156383104,0.16535466199542204,77.2785,0.7028608831424078,78.68422176628481,75.87277823371518
2013-10-08,78.39,79.97,77.75,78.71,2473,77.58945411568135,78.47918957811176,54.169664158660744,77.50771552219163,77.76025990560295,-0.252544383411319,-0.49892248919291216,0.24637810578159314,77.34200000000001,0.7721712381665901,78.8863424763332,75.79765752366683
2013-10-09,78.71,80.93,78.39,80.93,1392,77.90760134275932,78.57529979073483,61.8603097903439,78.03422082646983,77.99505546815088,0.039165358318953736,-0.391304919690539,0.4304702780094927,77.51650000000001,1.1141164778939785,79.74473295578797,75.28826704421205
2013-10-10,80.93,82.51,80.61,82.51,3241,78.34592502440128,78.72960175972563,66.2067039603958,78.72280223778216,78.32949580384341,0.3933064339387471,-0.2343826489646818,0.627689082903429,77.77000000000001,1.576601942219284,80.92320388443858,74.61679611556144
2013-10-20,82.51,83.47,82.51,82.83,6968,78.77297978398211,78.89040169071679,67.0262951280697,79.35467881658491,78.6628664850402,0.6918123315447104,-0.049143652862803366,0.7409559844075138,78.024,1.9404378236283457,81.90487564725669,74.14312435274331
2013-10-21,82.83,85.69,82.83,83.78,5057,79.24983885217429,79.08215064402201,69.39908580943586,80.03549746018723,79.04191341207425,0.9935840481129787,0.15940188733235305,0.8341821607806257,78.341,2.3206326269947963,82.98226525398958,73.6997347460104
2013-10-22,83.78,82.51,80.93,80.93,579,79.40985419958626,79.1546153246486,56.308194384477616,80.17311323554304,79.18177167784653,0.991341557696515,0.3257898214051855,0.6655517362913295,78.5635,2.3460028155408086,83.25550563108162,73.87149436891839
2013-10-23,80.93,80.93,79.34,80.93,2486,79.55462999010186,79.22423825309376,56.308194384477616,80.28955735315179,79.31127007208012,0.9782872810716725,0.4562893133384829,0.5219979677331896,78.67450000000001,2.4050746240745853,83.48464924814918,73.86435075185084
2013-10-24,80.93,80.29,79.34,80.29,4242,79.62466522913977,79.26603283140382,53.67147748411308,80.2896254526669,79.38376858525938,0.9058568674075218,0.5462028241522907,0.3596540432552311,78.833,2.401690413459726,83.63638082691945,74.02961917308055
2013-10-27,80.29,79.66,79.02,79.34,2131,79.59755425493599,79.2689335046821,49.93369583231012,80.14352922917969,79.38052646783277,0.7630027613469252,0.5895628115912177,0.17343994975570753,78.96000000000001,2.355236048064896,83.6704720961298,74.24952790387022
2013-10-28,79.34,79.34,78.39,78.39,543,79.48254908779923,79.23446552410633,46.44999589813383,79.87375550161359,79.30715413688219,0.5666013647313974,0.5849705222192536,-0.01836915748785617,79.071,2.267504772814366,83.60600954562872,74.53599045437127
2013-10-29,78.39,79.66,78.39,79.02,3232,79.43849679372312,79.22605511139628,48.99150219576225,79.74240850136535,79.2858834600761,0.45652504128923965,0.5592814260332508,-0.10275638474401116,79.16600000000001,2.220783171481613,83.60756634296324,74.72443365703678
2013-10-30,79.02,80.61,80.29,80.29,1125,79.51959233717805,79.26777844036114,53.75617702074505,79.82665334730913,79.36026246303344,0.46639088427569675,0.5407033176817401,-0.07431243340604332,79.34049999999999,2.161409079865588,83.66331815973116,75.01768184026882
2013-10-31,80.29,79.97,79.34,79.34,2191,79.50248830506587,79.27061065838619,49.99420978476593,79.75178360156927,79.35876153984577,0.3930220617234994,0.511167066490092,-0.11814500476659262,79.4515,2.0974301945599345,83.64636038911986,75.25663961088013
2013-11-06,79.34,80.93,80.29,80.93,427,79.63844179982149,79.33568475021418,55.59531383837872,79.9330476628663,79.47514957393128,0.4578980889350248,0.5005132709790786,-0.04261518204405379,79.57849999999999,2.1066518084639325,83.79180361692785,75.36519638307213
2013-11-07,80.93,80.61,79.34,80.61,2362,79.73097115221944,79.38565789726461,54.27762839901177,80.03719417627148,79.55921256845488,0.47798160781660215,0.4960069383465833,-0.018025330529981176,79.72149999999999,2.0727969281292973,83.86709385625859,75.57590614374139
2013-11-10,80.61,82.2,80.29,81.24,2565,79.8746881853414,79.4583771954111,56.46531075434925,80.22224122607587,79.68371534116193,0.5385258849139376,0.5045107276600542,0.03401515725388338,79.9115,2.026298868691942,83.9640977373839,75.85890226261611
2013-11-11,81.24,83.78,81.88,83.78,7542,80.24662264388031,79.62785259951262,63.95378062888258,80.76958872975649,79.9871438344092,0.7824448953472967,0.5600975611975028,0.2223473341497939,80.27650000000001,2.0331134407988567,84.34272688159773,76.2102731184023
2013-11-12,83.78,87.91,83.78,85.05,7733,80.70408715398695,79.84048583090429,67.00942115662878,81.42811354056319,80.36217021704554,1.0659433235176436,0.661266713661531,0.40467660985611265,80.673,2.1547501992230282,84.98250039844606,76.36349960155394
2013-11-13,85.05,87.59,83.78,83.78,11824,80.99703123455961,79.99497658263353,61.40381504023984,81.78994222663039,80.61534279356069,1.1745994330697016,0.7639332575431652,0.4106661755265364,81.05350000000001,1.9827792164161042,85.01905843283222,77.0879415671678
2013-11-14,83.78,84.74,81.88,82.51,24212,81.1411234979349,80.09360495194201,56.32917988733225,81.90072034561032,80.75568777181545,1.1450325737948788,0.840153120793508,0.30487945300137076,81.2595,1.9039473538716367,85.06739470774328,77.45160529225673
2013-11-21,82.51,85.69,82.51,85.69,10240,81.57434983146491,80.31307142441487,64.28774576893301,82.48368644628566,81.12119238131059,1.362494064975067,0.9446213096298199,0.41787275534524704,81.6085,2.0464173443770988,85.7013346887542,77.51566531124581
2013-11-24,85.69,94.26,87.27,94.26,64132,82.78250699037301,80.86000979992802,76.64201810683221,84.29542699301093,82.0944373901024,2.2009896029085354,1.195894968285563,1.0050946346229723,82.275,3.4814115407099524,89.2378230814199,75.3121769185801
2013-11-25,94.26,97.43,90.45,94.57,75881,83.90512537224224,81.39765647444065,76.95260795100657,85.87613053254772,83.0185531389837,2.8575773935640143,1.5282314533412533,1.329345940222761,82.878,4.43742409868359,91.75284819736719,74.00315180263281
2013-11-26,94.57,98.38,94.26,96.48,31218,85.10273247964773,81.98912092642337,78.82118079583606,87.50749506600191,84.01569735091083,3.4917977150910815,1.920944705691219,1.5708530093998625,83.5605,5.379394874010013,94.31928974802003,72.80171025197998
2013-11-27,96.48,96.79,94.57,96.79,15650,86.21580557682412,82.56954755675972,79.11711270653674,88.93557274815547,84.9619419915841,3.9736307565713673,2.331481915867249,1.6421488407041185,84.211,6.140154206875377,96.49130841375076,71.93069158624924
2013-11-28,96.79,98.38,94.57,96.16,50599,87.16287171236469,83.10250647610246,76.76941683729574,90.04702309459307,85.79142776998528,4.255595324607796,2.7163045976153586,1.5392907269924376,84.9725,6.636202048730717,98.24490409746143,71.70009590253856
2013-12-01,96.16,95.21,93.3,93.3,2637,87.74736012071091,83.50240818292197,67.04334940859377,90.54748108004028,86.34761830554193,4.1998627744983565,3.0130162329919585,1.186846541506398,85.591,6.813681978582648,99.2183639571653,71.9636360428347
2013-12-02,93.3,95.21,92.03,93.62,5420,88.30665915683369,83.89917648947404,67.53889201691265,91.02017629849563,86.88631324587216,4.133863052623468,3.2371855969182604,0.8966774557052077,86.2575,6.919000441195384,100.09550088239077,72.41949911760922
2013-12-03,93.62,100.6,93.62,100.6,4604,89.47745352284953,84.55411074478879,76.01170244829618,92.4939953294963,87.90214189432608,4.591853435170222,3.5081191645686527,1.0837342706015693,87.32050000000001,7.415612602014523,102.15172520402905,72.48927479597097
2013-12-04,100.6,110.44,99.97,110.44,115112,91.47388652067339,85.56924365675785,82.81969844834663,95.2549191249584,89.57161286511675,5.6833062598416575,3.943156583623254,1.7401496762184037,88.923,8.730564037967495,106.384128075935,71.46187192406501
2013-12-05,110.44,118.06,108.54,114.25,58150,93.64304018537116,86.69397919963009,84.63768659091201,98.17723925958019,91.39964154177477,6.7775977178054205,4.5100448104596875,2.267552907345733,90.6845,10.077494715297087,110.83948943059417,70.52951056940583
2013-12-08,114.25,114.25,107.9,109.49,3811,95.15227445343105,87.5879407996446,74.08937701077659,99.91766398887555,92.7396680942359,7.1779958946396505,5.0436350272956805,2.13436086734397,92.1445,10.594266808539649,113.3330336170793,70.95596638292069
2013-12-09,109.49,111.39,107.58,107.58,4423,96.3358673626281,88.37194312122716,70.30316393086224,101.09648491366393,93.8389519391073,7.257532974556625,5.48641461674787,1.7711183578087555,93.5565,10.679433887519192,114.91536777503839,72.19763222496161
2013-12-10,107.58,108.22,106.0,106.32,4929,97.28673713761589,89.07578848902217,67.8401997946986,101.9001026192541,94.76347401769195,7.136628601562151,5.816457413710726,1.3201711878514253,94.826,10.608342496653957,116.04268499330792,73.60931500669207
2013-12-11,106.32,114.25,108.22,112.66,7487,98.7508574102239,90.00065952866836,72.97131266547157,103.55547144706117,96.08914260897403,7.466328838087136,6.146431698586008,1.319897139501128,96.4285,10.767393407388447,117.9632868147769,74.8937131852231
2013-12-12,112.66,122.18,114.25,118.38,4505,100.62029956163114,91.11357484126961,76.59895840363998,105.83616814751329,97.7403172305315,8.095850916981789,6.536315542265165,1.5595353747166234,98.2855,11.203869855404452,120.69323971080891,75.87776028919109
2013-12-15,118.38,126.94,118.38,125.99,8969,103.03646150814247,92.4812777886708,80.37314916853668,108.93675766328047,99.8328863245662,9.10387133871427,7.049826701554986,2.0540446371592846,100.39599999999999,12.254006605789606,124.9040132115792,75.88798678842078
2013-12-16,125.99,137.1,126.31,137.1,4553,106.28060803117651,94.23103160087979,84.34327059801741,113.26956417662194,102.59341326348722,10.67615091313472,7.775091543870934,2.901059369263786,102.99849999999999,14.196509309648826,131.39151861929764,74.60548138070234
2013-12-18,137.1,150.75,139.64,150.75,27711,110.51578821868351,96.44746173417862,87.64894755298943,119.03578507252625,106.16056783656225,12.875217235964001,8.795116682289548,4.080100553674454,106.34700000000001,17.03847444987214,140.4239488997443,72.27005110025573
2013-12-19,150.75,147.89,142.18,145.99,6038,113.8942845788089,98.39030637205396,81.20982179976151,123.18258736906068,109.11089614496504,14.071691224095645,9.850431590650768,4.221259633444877,109.521,18.234960609254163,145.99092121850833,73.05107878149167
2013-12-22,145.99,144.4,133.93,136.46,4651,116.04340033320806,99.8832355339342,70.10525975071155,125.22526623535904,111.13675568978245,14.088510545576597,10.698047381635934,3.3904631639406624,112.0595,18.27663952613881,148.61277905227763,75.50622094772238
2013-12-23,136.46,134.56,122.82,123.14,2363,116.71926696814062,100.7952655129956,58.139045312662944,124.9044560453038,112.02588489794671,12.878571147357093,11.134152134780168,1.744419012576925,113.5035,17.933984285942135,149.37146857188426,77.63553142811574
2013-12-24,123.14,130.12,120.91,125.36,12318,117.54219392355579,101.7585884340546,59.38339719038631,124.97453973064168,113.01359712772843,11.96094260291325,11.299510228406785,0.6614323745064645,115.043,17.540368507201308,150.12373701440262,79.96226298559739
2013-12-26,125.36,134.24,127.58,128.53,13158,118.5886516451219,102.8084477111505,61.158881261273194,125.52153361823527,114.16296030345225,11.358573314783015,11.311322845682032,0.04725046910098385,116.6455,17.216240947675523,151.07798189535106,82.21301810464895
2013-12-29,128.53,128.53,125.36,126.31,6106,119.3240181551103,103.73007721267402,59.20695108944213,125.64283613850677,115.06274102171504,10.580095116791725,11.16507729990397,-0.5849821831122455,118.1215,16.68149030165497,151.48448060330995,84.75851939669005
2013-12-31,126.31,127.58,125.36,125.36,3159,119.89887356890931,104.57830947884368,58.348745026282394,125.59932288642881,115.82550094603245,9.77382194039636,10.88682622800245,-1.1130042876060902,119.5815,15.91858671160022,151.41867342320046,87.74432657679957
2014-01-01,125.36,123.14,118.06,119.96,3818,119.90469513377509,105.18151302869295,53.59336986802877,124.73173475005514,116.13176013521522,8.599974614839923,10.429455905369945,-1.8294812905300226,120.9145,14.669185201424192,150.25287040284837,91.57612959715162
2014-01-02,119.96,126.63,114.57,125.36,1657,120.42424797817746,105.97282624325402,57.33776405027637,124.82839094235435,116.8153334585326,8.01305748382174,9.946176221060306,-1.9331187372385656,122.50150000000001,13.204696642522723,148.91089328504546,96.09210671495455
2014-01-05,125.36,125.04,123.14,125.04,4326,120.86384340882724,106.72055854744013,57.04403111920608,124.86094618199213,117.42456801715981,7.43637816483232,9.444216609814708,-2.0078384449823883,123.72350000000002,12.160806013366674,148.04511202673336,99.40188797326667
2014-01-06,125.04,123.77,122.18,123.77,2269,121.14062022703416,107.38916409459935,55.821797766017795,124.6931083078395,117.89460001588871,6.798508291950782,8.915074946241923,-2.116566654291141,124.39000000000001,11.752906023618083,147.89581204723618,100.88418795276385
2014-01-07,123.77,125.67,122.5,125.04,4680,121.5119897292214,108.0813537379484,56.818188013973,124.74647626047957,118.42388890360066,6.322587356878913,8.396577428369321,-2.0739900714904085,124.9295,11.508045000643692,147.9455900012874,101.91340999871262
2014-01-08,125.04,130.43,124.72,127.58,6090,122.08989546929554,108.84600653253867,58.81867804761889,125.18240298963656,119.10211935518579,6.080283634450765,7.933318669585611,-1.8530350351348455,125.83399999999999,10.926913851394072,147.68782770278813,103.98017229721185
2014-01-09,127.58,127.58,126.31,127.58,1663,122.61276256745786,109.58067294302735,58.81867804761889,125.55126406815401,119.73011051406091,5.821153554093101,7.510885646487109,-1.6897320923940082,126.83399999999999,10.048282073647071,146.93056414729412,106.73743585270584
2014-01-12,127.58,130.12,126.94,130.12,3948,123.3277375610333,110.38613674918315,60.918470859394596,126.25414651920724,120.49973195746381,5.754414561743431,7.1595914295383745,-1.4051768677949434,128.02399999999997,8.82592795180906,145.6758559036181,110.37214409638185
2014-01-13,130.12,132.66,130.12,130.12,5931,123.97461969807775,111.16001373941127,60.918470859394596,126.84889320855997,121.21234440505908,5.636548803500887,6.8549829043308765,-1.21843410082999,128.897,8.05618827198585,145.00937654397168,112.7846234560283
2014-01-14,130.12,134.88,128.21,133.29,13752,124.86179877445129,112.02785633786573,63.604546328174465,127.83983271493537,122.10698556023989,5.732847154695477,6.630555754403797,-0.8977085997083201,129.64249999999998,7.714364506350491,145.07122901270097,114.213770987299
2014-01-16,133.29,140.27,130.75,133.29,6222,125.66448460545593,112.86166589324355,63.604546328174465,128.6783199895607,122.93535700022213,5.742962989338565,6.453037201390751,-0.7100742120521861,130.0075,7.705145153863321,145.41779030772665,114.59720969227335
2014-01-19,133.29,131.7,129.48,130.75,3208,126.1488194049363,113.56316919154773,59.78606679853707,128.99703999116673,123.51421944465012,5.482820546516606,6.258993870415923,-0.7761733238993163,129.69,7.526261391043627,144.74252278208726,114.63747721791275
2014-01-20,130.75,131.7,128.53,129.17,5788,126.43655089018047,114.17520177227135,57.4746068617205,129.02364922329494,123.93316615245382,5.090483070841117,6.025291710500962,-0.9348086396598454,128.61100000000002,5.664801664201046,139.94060332840212,117.28139667159793
2014-01-21,129.17,136.46,129.48,130.12,4578,126.78735556730614,114.80048797728033,58.513204847725035,129.19231857355726,124.39145014116095,4.800868432396314,5.780407054880033,-0.9795386224837195,127.8175,3.9561023814645697,135.72970476292915,119.90529523707086
2014-01-22,130.12,130.12,127.9,129.48,6104,127.04379789422937,115.3761551154262,57.49445823691893,129.23657725454845,124.7683797603342,4.468197494214252,5.517965142746878,-1.049767648532626,127.46849999999999,3.4259017637309577,134.3203035274619,120.61669647253808
2014-01-23,129.48,130.75,128.85,128.85,3626,127.21581714239801,115.90454118933106,56.45252257383269,129.17710383077176,125.07072200030944,4.106381830462311,5.2356484802899645,-1.1292666498276533,127.75399999999999,3.281059520786757,134.3161190415735,121.19188095842648
2014-01-26,128.85,129.48,126.94,127.26,20675,127.2200250335982,116.34985329955336,53.802447322165115,128.8821647798838,125.23289074102726,3.6492740388565323,4.918373592003278,-1.269099553146746,127.849,3.235282302820794,134.3195646056416,121.37843539435842
2014-01-27,127.26,126.94,123.77,124.72,8510,126.98192741135077,116.6780943466297,49.782050594758736,128.24183173682474,125.1948988342845,3.0469329025402345,4.54408545411067,-1.4971525515704354,127.6585,3.304502948529499,134.267505897059,121.04949410294101
2014-01-28,124.72,130.12,124.72,127.9,10034,127.06936289598403,117.11816907813443,54.378423493982574,128.1892422388517,125.39527669841158,2.7939655404401265,4.194061471376561,-1.400095930936435,127.73800000000001,3.289445001979921,134.31689000395986,121.15910999604017
2014-01-29,127.9,128.53,126.94,128.53,2909,127.2084711916046,117.56569185938407,55.25225075446076,128.2416665097976,125.62747842445516,2.614188085342434,3.8780867941697363,-1.2638987088273024,127.89649999999999,3.2449025206343416,134.38630504126868,121.40669495873131
2014-02-02,128.53,128.53,124.72,125.67,5756,127.0619501257375,117.88350786489842,50.52138409542306,127.84602550829027,125.63062817079182,2.2153973374984446,3.5455489028354785,-1.330151565337034,128.182,2.718334629491516,133.61866925898303,122.74533074101696
2014-02-03,125.67,125.36,121.55,121.55,2270,126.53700249471488,118.02729187019652,44.59737283375279,126.87740619932254,125.32835941739984,1.5490467819226978,3.1462484786529226,-1.5972016967302247,127.9915,3.0408746577602592,134.0732493155205,121.90975068447949
2014-02-04,121.55,127.58,120.6,125.67,8903,126.45443082855155,118.32700591450254,50.80907098230232,126.69165139942676,125.35366612722207,1.3379852722046905,2.7845958373632764,-1.4466105651585859,128.023,3.0118155042394275,134.04663100847884,121.99936899152114
2014-02-05,125.67,127.26,123.77,126.63,7782,126.47115170202284,118.65261352569853,52.15516003060138,126.68216656874571,125.44820937705747,1.2339571916882477,2.474468108228271,-1.2405109165400234,128.166,2.863500618032363,133.89300123606472,122.43899876393527
2014-02-06,126.63,128.21,125.36,126.94,5959,126.5158039208778,118.97760907371035,52.60616956265446,126.72183325047715,125.55871238616432,1.1631208643128303,2.2121986594451832,-1.0490777951323529,128.261,2.784768534272055,133.83053706854412,122.69146293145589
2014-02-09,126.94,126.94,124.41,125.36,5217,126.40572735698467,119.22789891395702,50.0182023487156,126.51232044271144,125.54399295015214,0.9683274925592968,1.963424426068006,-0.9950969335087092,128.15,2.856657966372621,133.86331593274525,122.43668406725476
2014-02-10,125.36,133.29,127.58,129.48,23803,126.69851522774803,119.62994209380184,56.08500342706199,126.96888652844814,125.83554902791865,1.1333375005294926,1.7974070409603033,-0.6640695404308108,128.245,2.868273825289376,133.98154765057876,122.50845234942125
2014-02-11,129.48,129.48,126.94,126.94,9858,126.72151377748632,119.91661103129982,51.90231248937695,126.96444244714843,125.91736021103578,1.0470822361126437,1.6473420799907716,-0.6002598438781279,128.08599999999998,2.846925211151988,133.77985042230395,122.392149577696
2014-02-12,126.94,128.53,125.67,127.26,14712,126.77279817963048,120.20458706928807,52.38410706131202,127.00991283989482,126.01681501021831,0.9930978296765147,1.5164932299279203,-0.5233954002514056,127.94299999999998,2.810982409276377,133.56496481855274,122.32103518144723
2014-02-13,127.26,128.85,126.94,128.53,4200,126.94015073395138,120.53107385088462,54.33899384038342,127.24377240298793,126.20297686131325,1.040795541674683,1.421353692277273,-0.3805581506025899,127.705,2.520986648954853,132.7469732979097,122.66302670209029
2014-02-16,128.53,128.53,124.09,126.63,2866,126.91061256881316,120.77024742535974,50.96768057025074,127.14934587945133,126.23460820491967,0.9147376745316649,1.3200304887281513,-0.40529281419648644,127.372,2.1581878363201463,131.6883756726403,123.05562432735971
2014-02-17,126.63,126.94,122.82,126.94,1853,126.91341137178334,121.01219850671819,51.496434921953494,127.1171388210742,126.28685944899969,0.8302793720745143,1.222080265397424,-0.3918008933229098,127.1815,2.0071930518429375,131.19588610368587,123.16711389631412
2014-02-18,126.94,127.26,125.67,126.31,5013,126.85594362208968,121.21995542802337,50.30907766388372,126.99296361783203,126.2885735638886,0.7043900539434276,1.1185422231066249,-0.4141521691631973,127.0385,1.9593776536114327,130.95725530722285,123.11974469277713
2014-02-20,126.31,128.53,126.94,128.21,4351,126.98490137236685,121.49407482300285,53.770993774220436,127.18019998431942,126.430901448045,0.7492985362744093,1.044693485740182,-0.2953949494657726,126.94300000000001,1.8444571302313655,130.63191426046274,123.25408573953729
2014-02-23,128.21,132.66,126.94,131.39,99421,127.40443457499858,121.88215032014,58.92848404346842,127.82786152519334,126.79824208152316,1.0296194436701853,1.0416786773261826,-0.012059233655997259,127.0385,2.02348650392759,131.08547300785517,122.99152699214481
2014-02-24,131.39,135.2,128.85,133.29,47094,127.9649646154749,122.32951697425216,61.679340912382386,128.66819052131743,127.27911303844736,1.3890774828700643,1.111158438434959,0.2779190444351052,127.26050000000001,2.434505191268633,132.12951038253726,122.39148961746274
2014-02-25,133.29,135.51,131.7,135.2,20573,128.65401560447728,122.83424179879128,64.27008042771247,129.6730842872686,127.86584540596978,1.8072388812988294,1.2503745270077333,0.556864354291096,127.65749999999998,3.013067810650309,133.6836356213006,121.63136437869937
2014-02-26,135.2,138.05,131.39,133.93,14612,129.15649030881278,123.2693695713877,61.30235984096971,130.3279943969196,128.3150420425646,2.0129523543549794,1.4028900924771828,0.6100622618777967,128.118,3.236039814991251,134.59007962998248,121.64592037001749
2014-03-03,133.93,133.61,128.53,128.53,9653,129.09682456511632,123.47566880388231,50.60285034389885,130.05137987431658,128.3309648542265,1.720415020090087,1.4663950779997637,0.2540199420903233,128.1495,3.2368722313528755,134.62324446270574,121.67575553729424
2014-03-04,128.53,126.94,124.09,126.94,9326,128.8914127017719,123.61152492922027,47.94912825614148,129.57270604749866,128.2279304205801,1.3447756269185618,1.4420711877835233,-0.0972955608649615,128.07,3.246546343099513,134.563092686199,121.57690731380097
2014-03-05,126.94,131.7,125.36,130.12,6133,129.00842101588887,123.86675924572144,53.2317144016771,129.65690511711426,128.36808372275934,1.288821394354926,1.4114212290978039,-0.12259983474287783,128.2925,3.2258297586166913,134.74415951723338,121.84084048276661
2014-03-06,130.12,130.75,126.94,126.94,5739,128.81142853818517,123.98727849098728,47.98694534818849,129.2389197144813,128.2622997432957,0.9766199711856132,1.3244609775153657,-0.34784100632975257,128.56199999999998,2.834272579098496,134.23054515819697,122.89345484180299
2014-03-09,126.94,126.94,123.77,123.77,7805,128.33129248692944,123.97875776585053,43.39676166833492,128.39754745071494,127.92953679934787,0.46801065136706654,1.153170912285706,-0.6851602609186394,128.46699999999998,2.9651308660208655,134.39726173204173,122.53673826795826
2014-03-10,123.77,124.72,122.18,122.82,97794,127.80640748817424,123.93331628483679,42.09716428633765,127.53946322752802,127.55105259198878,-0.011589364460760976,0.9202188569364125,-0.9318082213971735,128.2765,3.2022710280112436,134.68104205602248,121.8719579439775
2014-03-11,122.82,125.04,121.55,123.14,6946,127.36198772739574,123.90220584229418,42.71942152361078,126.86262273098525,127.22430795554517,-0.36168522455992047,0.6638380406371459,-1.0255232651970663,128.0865,3.3928070585932524,134.8721141171865,121.3008858828135
2014-03-12,123.14,125.36,118.38,120.28,6362,126.68751270573901,123.76015855436108,38.7149136129376,125.84991154160289,126.70991477365294,-0.8600032320500475,0.35906978609970724,-1.2190730181497547,127.83250000000001,3.776164686138596,135.3848293722772,120.28017062772282
2014-03-13,120.28,124.72,120.6,123.77,3487,126.40965435281149,123.76054449340576,45.436476656014555,125.52992515058706,126.49214330893791,-0.9622181583508507,0.09481219720959566,-1.0570303555604463,127.547,3.8599728660074666,135.26694573201493,119.82705426798506
2014-03-17,123.77,123.77,117.42,117.42,1819,125.55349679540087,123.5118956897428,37.39917181751858,124.28224435818905,125.82013269346102,-1.5378883352719726,-0.231727909286718,-1.3061604259852546,127.071,4.476515209518532,136.02403041903708,118.11796958096294
2014-03-18,117.42,117.42,112.03,115.52,4409,124.59792567202936,123.19848801563525,35.38239614823266,122.93420676462149,125.05715990135279,-2.1229531367312973,-0.6099729547756338,-1.5129801819556634,126.48400000000001,5.1669143800264825,136.81782876005298,116.15017123994704
2014-03-19,115.52,121.55,117.42,117.74,7089,123.94478989374086,122.98442966208094,39.48839069458046,122.1350980316028,124.51514805680813,-2.3800500252053354,-0.9639883688615742,-1.4160616563437611,125.94449999999999,5.494941669150507,136.93438333830102,114.95461666169898
2014-03-20,117.74,120.28,115.84,120.28,5339,123.59576228481316,122.8783735969013,43.882128476751376,121.84969833443313,124.20143338593346,-2.3517350515003272,-1.2415377053893248,-1.1101973461110024,125.627,5.634918483508668,136.89683696701732,114.35716303298265
2014-03-23,120.28,120.6,118.69,119.33,3129,123.18949921006906,122.73922169114047,42.635209024441046,121.46205243682803,123.8405864684569,-2.378534031628874,-1.4689369706372348,-0.9095970609916391,125.24650000000001,5.796216801546029,136.83893360309207,113.65406639690795
2014-03-24,119.33,120.6,119.01,120.28,7968,122.91240404720534,122.64278162482124,44.338505553145964,121.28019821577757,123.57683932264528,-2.2966411068677104,-1.63447779788333,-0.6621633089843804,124.94499999999998,5.893991141743049,136.73298228348608,113.15701771651388
2014-03-25,120.28,119.33,117.42,119.33,3332,122.57122270937626,122.51286861992628,42.964650815306534,120.98016772104256,123.26225863207895,-2.2820909110363914,-1.7640004205139426,-0.5180904905224488,124.50099999999998,5.96908165377823,136.43916330755644,112.56283669244351
2014-03-26,119.33,119.96,118.06,119.96,1499,122.3225348322928,122.41275612502722,44.19945984130323,120.82321884088216,123.01764688155458,-2.1944280406724204,-1.8500859445456381,-0.34434209612678224,123.92949999999999,5.82010533002881,135.5697106600576,112.28928933994237
2014-03-27,119.96,121.23,119.01,120.6,4881,122.15848389588396,122.34166764953596,45.49053556047173,120.78887748074644,122.83856192736536,-2.049684446618926,-1.8900056449602958,-0.15967880165863013,123.295,5.4241841491793705,134.14336829835875,112.44663170164127
2014-03-31,120.6,122.18,119.64,122.18,4878,122.16053304865692,122.33532774171103,48.64932901680904,121.00289632986237,122.78977956237534,-1.7868832325129773,-1.869381162470832,0.08249792995785477,122.644,4.645608452585634,131.93521690517127,113.35278309482874
2014-04-01,122.18,125.67,123.45,125.36,5403,122.46524418688006,122.45394234007532,54.379458864698435,121.673219971422,122.98016626145865,-1.3069462900366489,-1.7568941879839957,0.4499478979473468,122.21549999999999,3.8823656312530765,129.98023126250615,114.45076873749383
2014-04-02,125.36,126.63,120.91,120.91,2859,122.31712569289148,122.39339558164099,46.55117504428111,121.55580151428015,122.82682061246172,-1.2710190981815686,-1.6597191700235103,0.3887000718419418,121.8345,3.5932004133536157,129.02090082670725,114.64809917329278
2014-04-03,120.91,126.63,121.23,122.5,5062,122.33454229356849,122.39757614706683,49.35646337122283,121.7010628197755,122.8026116782053,-1.101548858429794,-1.548085107704767,0.44653624927497293,121.6125,3.3927304250176427,128.39796085003528,114.82703914996472
2014-04-06,122.5,122.18,117.74,117.74,3178,121.89696683703816,122.21492610208381,42.213404440063755,121.09166853981004,122.42760340574564,-1.3359348659355987,-1.5056550593509335,0.16972019341533473,120.9935,2.843804484729345,126.68110896945869,115.3058910305413
2014-04-07,117.74,119.64,117.42,119.64,1461,121.6820176144631,122.11394860788444,45.59785046039531,120.8683349183008,122.22111426457931,-1.3527793462785098,-1.4750799167364488,0.12230057045793896,120.6285,2.486424774227661,125.60134954845532,115.65565045154469
2014-04-09,119.64,122.18,119.64,122.18,2247,121.72944450832377,122.11653885855564,49.82827825273086,121.07012954625452,122.21806876349937,-1.1479392172448541,-1.40965177683813,0.2617125595932759,120.549,2.4047713536126967,125.3585427072254,115.73945729277462
2014-04-10,122.18,124.41,122.5,123.14,2769,121.86378312657864,122.15667458959268,51.367554388395135,121.38857115452306,122.28635996620312,-0.8977888116800585,-1.3072791838065156,0.4094903721264571,120.56499999999998,2.421681668853589,125.40836333770716,115.72163666229281
2014-04-13,123.14,126.94,123.14,125.99,9058,122.25675616214258,122.30700107627533,55.711704353722816,122.09648328459645,122.5607036724103,-0.4642203878138531,-1.138667424607983,0.67444703679413,120.70750000000001,2.653896589029326,126.01529317805866,115.39970682194136
2014-04-15,125.99,127.26,125.36,125.36,4083,122.55230319431948,122.42672652426454,54.551679751091,122.59856277927392,122.76805895593546,-0.16949617666153927,-0.9448331750186943,0.7753369983571551,120.9615,2.8469083415630836,126.65531668312617,115.26768331687383
2014-04-16,125.36,125.36,122.82,123.77,3280,122.66827431867,122.47940391546986,51.62979925116131,122.77878389015486,122.84227681105135,-0.06349292089649339,-0.7685651241942543,0.7050722032977609,120.9615,2.8469083415630836,126.65531668312617,115.26768331687383
2014-04-17,123.77,122.82,121.55,122.18,1189,122.62177200260619,122.46766258545144,48.814112096017986,122.68666329166949,122.793219269492,-0.10655597782250936,-0.6361632949199053,0.529607317097396,121.19949999999999,2.7319021231597236,126.66330424631943,115.73569575368055
2014-04-20,122.18,122.18,119.33,122.18,2930,122.57969847854847,122.45638169974747,48.814112096017986,122.6087150929511,122.7477956199,-0.13908052694890216,-0.5367467413257047,0.3976662143768025,121.53249999999998,2.3873501606324825,126.30720032126494,116.75779967873503
2014-04-21,122.18,122.18,119.96,121.23,2309,122.45115576630575,122.40828829975737,47.03658750690534,122.39660507865092,122.63536631472223,-0.23876123607131206,-0.47714964027482615,0.2383884042035141,121.707,2.2170252710850678,126.14105054217013,117.27294945782985
2014-04-22,121.23,123.45,119.33,122.82,4739,122.48628378856233,122.42443385662963,50.29868054841186,122.46174275885846,122.64904288400207,-0.18730012514360794,-0.41917973724858254,0.2318796121049746,121.83399999999999,2.2036892511848634,126.24137850236971,117.42662149763026
2014-04-23,122.82,125.67,122.5,123.77,5727,122.60854247536592,122.47720115636966,52.19329296391556,122.66301310364948,122.73207674444636,-0.06906364079688387,-0.3491565179582428,0.28009287716135894,122.056,2.161396721907364,126.37879344381473,117.73320655618527
2014-04-27,123.77,125.99,123.77,125.04,8331,122.84010985866442,122.57770307180616,54.68044805388843,123.02870339539571,122.90303402263552,0.12566937276018564,-0.2541913398145571,0.37986071257474274,122.29400000000001,2.2169001591834663,126.72780031836695,117.86019968163308
2014-04-28,125.04,126.31,121.55,121.55,4110,122.71724225307733,122.53740099055885,47.38486400858083,122.80121056533483,122.80280928021809,-0.0015987148832579123,-0.20367281482829727,0.20207409994503936,122.40500000000002,2.1138652548797126,126.63273050975944,118.17726949024059
2014-04-29,121.55,122.82,120.6,121.87,3377,122.63655251468901,122.5112284026938,48.0690334010666,122.65794740143716,122.73371229649823,-0.07576489506107009,-0.17809123087485185,0.10232633581378175,122.50050000000002,2.039425809284843,126.5793516185697,118.42164838143033
2014-04-30,121.87,122.18,119.64,120.91,6985,122.47211894186148,122.44843513199993,46.131040711114764,122.38903241660066,122.59862249675763,-0.20959008015697123,-0.18439100073127573,-0.025199079425695492,122.51599999999999,2.0253509117650856,126.56670182353017,118.46529817646982
2014-05-04,120.91,125.04,120.6,121.87,8910,122.41477428073182,122.42575140133327,48.37260718518968,122.30918127558516,122.54465045996076,-0.23546918437560294,-0.19460663746014117,-0.04086254691546176,122.50050000000002,2.029240135201839,126.5589802704037,118.44201972959634
2014-05-05,121.87,132.02,122.18,132.02,8410,123.32955768256689,122.80199644441824,64.9698131523096,123.8031533870336,123.24652820366738,0.5566251833662221,-0.04436027329486851,0.6009854566610906,122.8335,2.887950056062945,128.60940011212588,117.0575998878741
2014-05-06,132.02,138.05,129.48,135.51,29813,124.4895998080367,123.30034952502929,68.69626118560001,125.60420671210537,124.15493352191424,1.4492731901911213,0.25436641940232946,1.194906770788792,123.5635,4.005264003388569,131.57402800677716,115.55297199322287
2014-05-07,135.51,138.05,134.88,135.2,31221,125.50963792155702,123.76700248483206,68.00425551049148,127.08048260255069,124.97308659436504,2.1073960081856455,0.6249723371589927,1.4824236710266527,124.1985,4.762867640181994,133.72423528036398,114.672764719636
2014-05-08,135.2,135.51,131.39,133.29,5603,126.25062478617063,124.14045336777983,63.74366365685665,128.03579297138904,125.5891542540417,2.4466387173473407,0.9893056131966623,1.4573331041506785,124.97600000000003,4.9197040989322325,134.81540819786449,115.13659180213557
2014-05-11,133.29,133.29,126.94,129.17,7899,126.52866052082105,124.33769049061199,55.64507881576101,128.21028636040612,125.85440208707564,2.3558842733304743,1.2626213452234247,1.0932629281070496,125.45249999999999,4.836494897623151,135.1254897952463,115.77951020475368
2014-05-12,129.17,131.7,126.63,130.12,17220,126.87069285217142,124.56444772627428,57.001626958764234,128.50408845880517,126.17037230284782,2.3337161559573474,1.4768403073702092,0.8568758485871382,125.8495,4.879420236268154,135.60834047253633,116.0906595274637
2014-05-13,130.12,132.02,129.48,131.07,7105,127.27062686625032,124.81956742328313,58.37268696171079,128.89884408052745,126.53330768782206,2.365536392705394,1.6545795244372463,0.7109568682681477,126.24600000000001,4.9690308278797115,136.18406165575942,116.30793834424058
2014-05-15,131.07,132.34,128.85,130.75,8050,127.60199573613124,125.0521334066838,57.70521875097781,129.18363729890785,126.84565526650191,2.3379820324059466,1.7912600260309863,0.5467220063749603,126.484,5.0691101679421715,136.62222033588435,116.34577966411565
2014-05-18,130.75,131.39,129.48,131.07,6940,127.9322818564997,125.28812817504914,58.2197088800089,129.47384694522972,127.15856969120547,2.3152772540242523,1.8960634716296396,0.4192137823946127,126.7695,5.162412201368655,137.0943244027373,116.44467559726269
2014-05-19,131.07,132.34,130.43,131.7,21264,128.29111215588068,125.53957412896878,59.270165597357426,129.816332030579,127.49497193630137,2.3213600942776225,1.9811227961592364,0.3402372981183861,127.16599999999998,5.224074231760609,137.6141484635212,116.71785153647876
2014-05-20,131.7,133.29,130.75,132.66,15969,128.70719671246349,125.81880651606805,60.884062582852366,130.2538194104899,127.87756660768646,2.3762528028034495,2.060148797488079,0.31610400531537053,127.69000000000001,5.2232294910129395,138.13645898202589,117.24354101797414
2014-05-21,132.66,135.2,131.7,133.93,16411,129.20460654937173,126.13689253504577,62.97424532035589,130.81938565502992,128.32589500711708,2.493490647912836,2.1468171675730305,0.3466734803398053,128.2775,5.231658562615423,138.74081712523085,117.81418287476916
2014-05-22,133.93,136.46,134.56,136.46,5600,129.89559640181253,126.54172027876947,66.78228725917414,131.687172477333,128.9284213028862,2.7587511744468145,2.2692039689477874,0.4895472054990271,129.03900000000002,5.260194012831592,139.5593880256632,118.51861197433684
2014-05-25,136.46,138.69,134.88,136.46,17997,130.52077769687799,126.93067242470008,66.78228725917413,132.4214536346664,129.48631602119093,2.9351376134754616,2.4023906978533223,0.5327469156221394,129.721,5.295559112670461,140.31211822534092,119.12988177465908
2014-05-26,136.46,136.15,133.93,134.88,7207,130.93594172574674,127.24241076098636,62.15248707520941,132.7996915370254,129.88584816776938,2.9138433692560284,2.504681232133864,0.40916213712216454,130.2765,5.220633431016803,140.7177668620336,119.8352331379664
2014-05-27,134.88,134.88,133.29,134.88,7844,131.31156632329467,127.54192406447709,62.15248707520941,133.11973899286764,130.2557853405272,2.8639536523404274,2.5765357161751767,0.2874179361652507,130.7685,5.164531134779117,141.0975622695582,120.43943773044175
2014-05-28,134.88,136.46,133.93,135.2,20770,131.68189334012376,127.84224076783093,62.75892372562971,133.4397791478111,130.62202346345111,2.8177556843599803,2.6247797098121373,0.192975974547843,131.451,4.768959833625612,140.98891966725122,121.91308033274876
2014-06-01,135.2,138.37,134.56,137.73,12090,132.2579034982072,128.22999603183757,67.22970724896118,134.09981312507094,131.14854024393622,2.951272881134713,2.6900783440766523,0.26119453705806084,132.244,4.3959902782323494,141.0359805564647,123.4520194435353
2014-06-02,137.73,142.18,138.05,142.18,20582,133.20286506980653,128.7770550109812,73.30099330252943,135.34291879813694,131.96568541105205,3.3772333870848854,2.827509352678299,0.5497240344065863,133.3075,4.070521594664381,141.44854318932877,125.16645681067124
2014-06-03,142.18,145.99,141.23,141.54,14944,133.99687792030116,129.2775626576094,71.2562994780475,136.29631590611586,132.67489389912225,3.621422006993612,2.9862918835413614,0.6351301234522504,134.291,3.4975629109119533,141.2861258218239,127.29587417817609
2014-06-04,141.54,143.45,141.23,142.18,8647,134.77622288027248,129.7835405926051,72.09458430465116,137.20149807440572,133.3789758325206,3.8225222418851104,3.1535379552101115,0.6689842866749989,134.79899999999998,3.8685205930620006,142.53604118612398,127.06195881387598
2014-06-05,142.18,141.23,139.32,140.59,13789,135.32991593929415,130.20732331446374,66.87635282964149,137.72280606295868,133.91312577085242,3.8096802921062647,3.2847664225893425,0.5249138695169222,135.053,4.078721548927016,143.21044309785404,126.89555690214597
2014-06-08,140.59,143.76,141.23,141.23,9505,135.89182870698042,130.63958514526908,67.8840026783758,138.26237436096505,134.45511645449298,3.807257906472074,3.389264719365889,0.41799318710618527,135.3545,4.3066600503721,143.9678201007442,126.7411798992558
2014-06-09,141.23,144.08,141.23,143.13,16815,136.58117835393466,131.1294053356507,70.73070506418588,139.01123984389352,135.09770042082684,3.9135394230666805,3.4941196601060476,0.4194197629606329,135.84650000000002,4.609795377351354,145.0660907547027,126.62690924529731
2014-06-10,143.13,152.33,144.72,145.99,23576,137.47725660594088,131.71217375386047,74.40795210914578,140.08489525252529,135.90453742669152,4.180357825833767,3.6313672932515915,0.5489905325821751,136.6875,4.85540054719293,146.39830109438586,126.97669890561414
2014-06-11,145.99,155.51,146.94,149.16,27520,138.5898988339465,132.39640223410123,77.74535829003108,141.48106521367524,136.8864235432329,4.594641670442343,3.824022168689742,0.7706195017526007,137.6395,5.342128961575372,148.32375792315074,126.95524207684926
2014-06-12,149.16,152.33,149.16,150.43,17451,139.7175275164278,133.1036021464894,78.9308026101969,142.85782441157136,137.88965142891934,4.968172982652021,4.052852331482198,0.9153206511698233,138.60750000000002,5.82158675692616,150.25067351385235,126.9643264861477
2014-06-15,150.43,161.85,152.02,157.09,20062,141.37204870533944,134.04424519956825,83.8032195145962,145.04738988671423,139.3118994712216,5.73549041549262,4.389379948284282,1.3461104672083382,139.92450000000002,6.840665153100173,153.60583030620037,126.24316969379967
2014-06-16,157.09,159.95,155.82,158.05,18878,142.96042501911663,134.98564734860477,84.3645124357592,147.04779144260436,140.6999069177978,6.347884524806574,4.78108086358874,1.5668036612178335,141.27349999999998,7.618657344758262,156.5108146895165,126.03618531048346
2014-06-17,158.05,160.27,153.92,157.41,19310,144.33657501729598,135.8650337270909,82.31646042794779,148.64197737451138,141.9376915905535,6.704285783957886,5.165721847662569,1.5385639362953167,142.55900000000003,8.073737085533107,158.70647417106625,126.4115258289338
2014-06-18,157.41,159.95,155.82,155.82,10192,145.43023453945827,136.64758142406774,77.29603815005194,149.74628854766348,142.96601073199398,6.780277815669507,5.488633041263957,1.2916447744055501,143.717,8.23843374230276,160.19386748460553,127.24013251539449
2014-06-19,155.82,157.73,152.97,154.24,6653,146.26925982141464,137.33748019175138,72.56020178321812,150.43762877109987,143.8011210481426,6.636507722957276,5.718207977602621,0.9182997453546555,144.73250000000002,8.220281001087434,161.17306200217487,128.29193799782516
2014-06-23,154.24,155.51,151.7,152.33,4611,146.8464731717561,137.92542214501603,67.20013086111076,150.72876280631527,144.43288985939128,6.295872946923993,5.833740971466895,0.4621319754570976,145.526,8.145332147277397,161.8166642945548,129.2353357054452
2014-06-24,152.33,155.19,151.06,153.92,11804,147.5201423934936,138.5526604922703,69.23737856002684,151.21972237457447,145.13563875869562,6.084083615878853,5.883809500349287,0.20027411552956664,146.399,8.057708241507635,162.51441648301528,130.28358351698472
2014-06-25,153.92,156.14,152.33,153.28,12097,148.0687002607799,139.1302032180636,67.42210710236822,151.53668816310147,145.73892477657003,5.797763386531443,5.866600277585719,-0.06883689105427582,147.31900000000002,7.71648740650393,162.75197481300788,131.88602518699216
2014-06-26,153.28,155.19,150.75,152.97,13393,148.5354907121342,139.67294034676698,66.51246529747473,151.75719767647047,146.27455997830558,5.482637698164893,5.789807761701555,-0.30717006353666143,148.2235,7.226348189638499,162.676196379277,133.770803620723
2014-06-29,152.97,159.63,151.7,158.68,12118,149.5016344538357,140.41831523512906,73.58246607674688,152.82224418778273,147.19348146139407,5.628762726388658,5.757598754638976,-0.12883602825031826,149.39749999999998,6.89905933710089,163.19561867420177,135.5993813257982
2014-06-30,158.68,157.09,155.51,156.78,4331,150.19481212489896,141.05994993179067,68.40711588742955,153.4311296973546,147.90359394573525,5.527535751619354,5.711586154035052,-0.18405040241569814,150.35,6.507360205344567,163.36472041068913,137.33527958931086
2014-07-01,156.78,158.68,155.51,157.09,7540,150.8514966844324,141.68857934623026,68.79278353810906,153.9940328208385,148.5840684682734,5.409964352565112,5.651261793741064,-0.2412974411759521,151.0955,6.374836612973078,163.84517322594616,138.34582677405382
2014-07-02,157.09,156.46,151.7,151.7,11572,150.93230652401024,142.08118407775063,55.993796309142304,153.64110469455565,148.81487821136423,4.8262264831914194,5.486254731631135,-0.6600282484397155,151.6035,5.96493638294897,163.53337276589792,139.67362723410207
2014-07-03,151.7,158.05,150.75,155.82,14430,151.39780114077118,142.61996117274083,61.83836924295875,153.9763193569317,149.33377612163355,4.642543235298149,5.317512432364538,-0.6749691970663889,152.2855,5.599355672518504,163.484211345037,141.08678865496302
2014-07-06,155.82,156.46,155.19,155.82,5279,151.81896293688823,143.137609754202,61.83836924295875,154.25996253278834,149.8142371496607,4.4457253831276375,5.143155022517158,-0.6974296393895205,153.047,4.919420269652757,162.88584053930552,143.20815946069447
2014-07-07,155.82,160.27,156.78,158.68,14913,152.47239503813697,143.74711525403723,65.52462957574775,154.93996829697477,150.47096032375993,4.469007973214843,5.008325612656695,-0.539317639441852,153.9195,4.209496125615947,162.33849225123188,145.50050774876811
2014-07-08,158.68,166.3,158.68,165.66,18557,153.72835741545725,144.6064440676044,72.5051077399898,156.58920394359404,151.5960743738518,4.993129569742251,5.005286404073807,-0.012156834331555899,155.046,4.18470447928454,163.41540895856906,146.67659104143092
2014-07-09,165.66,164.39,161.22,164.08,12053,154.71422813779466,145.37011292769836,69.09469244435772,157.74163410611803,152.52080960541832,5.220824500699706,5.048394023398988,0.17243047730071837,155.9505,4.077943851088233,164.10638770217648,147.79461229782353
2014-07-10,164.08,171.37,158.68,168.2,8641,155.9985873627666,146.26540261680822,72.70061460315009,159.35061347440757,153.68223111612807,5.668382358279501,5.172391690375091,0.4959906679044108,156.90249999999997,4.5984904559736695,166.09948091194732,147.70551908805263
2014-07-13,168.2,177.72,165.03,174.55,9388,157.76538856631265,147.3746025141883,77.12971945969599,161.688980632191,155.22799177419265,6.460988857998359,5.430111123899745,1.0308777340986142,158.1085,5.813905540303841,169.73631108060766,146.48068891939232
2014-07-14,174.55,171.37,161.85,166.93,11825,158.6382087028543,148.14148084696524,63.761144239985065,162.4952913041616,156.09480719832655,6.400484105835062,5.624185720286809,0.7762983855482535,158.60049999999998,6.130891130384583,170.86228226076915,146.33871773923082
2014-07-15,166.93,166.93,163.76,164.08,3848,159.15647454067772,148.76652081375093,59.60025583407745,162.7390926419829,156.68630296141345,6.052789680569447,5.709906512343336,0.34288316822611087,158.902,6.2495158549322385,171.40103170986447,146.4029682901355
2014-07-16,164.08,167.25,162.49,163.44,11446,159.56442934632744,149.3419513700744,58.67428445043843,162.8469245432163,157.18657681612356,5.660347727092727,5.699994755293214,-0.03964702820048682,159.2035,6.318818406365893,171.84113681273178,146.5658631872682
2014-07-17,163.44,168.2,160.27,166.61,16536,160.23543607524866,150.01912974771855,61.836971664454516,163.42585922887534,157.88460816307736,5.541251065797979,5.668246017394167,-0.12699495159618746,159.743,6.4734633210066095,172.6899266420132,146.79607335798678
2014-07-20,166.61,172.96,166.61,169.47,18470,161.11491835379638,150.78190897329824,64.47829245259001,164.3557270398176,158.74278533618275,5.612941703634846,5.657185154642303,-0.04424345100745697,160.50449999999998,6.68439933529417,173.87329867058833,147.13570132941163
2014-07-21,169.47,173.6,169.79,172.01,20865,162.15254517724435,151.61438313120811,66.68369330381032,165.53330749523028,159.725541977947,5.807765517283286,5.687301227170499,0.12046429011278725,161.4885,6.863832192617917,175.21616438523583,147.76083561476415
2014-07-22,172.01,171.37,163.44,165.03,9621,162.42658849369727,152.14048575351367,56.333130214574055,165.45587557288715,160.11846479439538,5.337410778491773,5.617323137434754,-0.2799123589429815,162.044,6.665780958707744,175.3755619174155,148.71243808258453
2014-07-23,165.03,171.37,167.25,167.57,18221,162.91643720858326,152.74556474357195,58.83701406721328,165.78112548475067,160.67043036518092,5.110695119569755,5.515997533861754,-0.40530241429199965,162.7585,6.438939333216239,175.63637866643248,149.88062133356752
2014-07-24,167.57,173.91,167.88,170.42,13364,163.63106223633724,153.43867985166716,61.50430339903529,166.49479848709672,161.39262070850086,5.102177778595859,5.433233582808576,-0.33105580421271696,163.631,6.221345175239098,176.0736903504782,151.1883096495218
2014-07-27,170.42,176.13,171.37,172.96,14216,164.5195324995432,154.20422181826845,63.75826140750119,167.48944487369724,162.24946361898228,5.239981254714962,5.394583117189853,-0.15460186247489105,164.345,6.438860229313007,177.22272045862601,151.46727954137398
2014-07-28,172.96,175.82,169.79,171.37,3428,165.1719579757772,154.87738959010107,61.337200692110585,168.08645335466687,162.92505890646507,5.161394448201804,5.347945383392244,-0.1865509351904402,165.0745,6.362710011010068,177.79992002202013,152.34907997797987
2014-07-30,171.37,171.37,165.03,165.03,7023,165.1584381685603,155.275531174803,52.73780246638618,167.6162297616412,163.08098046894912,4.535249292692072,5.18540616525221,-0.6501568725601379,165.47150000000002,6.079711969458438,177.6309239389169,153.31207606108313
2014-07-31,165.03,170.1,161.85,166.3,12933,165.26715834298312,155.70786328559507,54.125251230865445,167.41373287523484,163.31942636013807,4.0943065150967755,4.967186235221123,-0.8728797201243479,166.20149999999998,5.143566523235084,176.48863304647014,155.91436695352982
2014-08-03,166.3,169.47,163.44,164.71,7373,165.2140956436514,156.06088825478744,52.06451248653124,166.99777397135256,163.42243181494266,3.575342156409903,4.688817419458879,-1.1134752630489766,166.64600000000002,4.548954072959192,175.7439081459184,157.54809185408163
2014-08-04,164.71,165.03,160.27,160.27,8492,164.74322939187508,156.22595146048207,46.715710740252455,165.9627318219137,163.18891834716914,2.7738134747445713,4.305816630516018,-1.5320031557714469,166.86849999999998,4.075779905993764,175.02005981198752,158.71694018801244
2014-08-05,160.27,170.74,163.44,168.52,13020,165.10292183074412,156.7080710110514,55.80176426050017,166.35615769546544,163.58381328441587,2.7723444110495734,3.9991221866227296,-1.2267777755731561,167.3605,3.6016245968783873,174.56374919375676,160.15725080624324
2014-08-06,168.52,171.06,163.76,165.34,6437,165.12550070400658,157.04657803022587,52.11300680788675,166.1998257423169,163.71390118927394,2.4859245530429632,3.696482659906777,-1.2105581068638136,167.34449999999998,3.6102769612371013,174.5650539224742,160.12394607752577
2014-08-07,165.34,165.66,158.68,164.08,13084,165.0259292083869,157.32239849962878,50.68336986806554,165.87369870503738,163.74101961969808,2.132679085339305,3.3837219449932823,-1.2510428596539773,167.34449999999998,3.6102769612371013,174.5650539224742,160.12394607752577
2014-08-12,164.08,162.49,160.27,161.85,4982,164.7234597599691,157.49995149964334,48.164941140592745,165.25466813503164,163.60094409231303,1.6537240427186077,3.0377223645383475,-1.3839983218197398,167.027,3.8050480320638607,174.63709606412772,159.41690393587226
2014-08-13,161.85,167.25,158.68,164.39,16912,164.6917016875911,157.7701494800495,51.1428141083488,165.1216422681037,163.6593926780676,1.4622495900360946,2.7226278096378973,-1.2603782196018027,166.519,3.4049992657851225,173.32899853157025,159.70900146842976
2014-08-14,164.39,166.3,163.12,164.39,9429,164.66296819353482,158.029751461224,51.1428141083488,165.00908191916466,163.71351173895147,1.2955701802131898,2.437216283752956,-1.1416461035397663,166.392,3.4360895766764568,173.2641791533529,159.5198208466471
2014-08-18,164.39,164.39,160.27,160.27,3523,164.24459027034104,158.1176043450976,46.154751929156234,164.27999239313934,163.45843679532544,0.821555597813898,2.1140841465651445,-1.2925285487512466,166.2015,3.668753230070826,173.53900646014165,158.86399353985837
2014-08-19,160.27,165.03,159.31,160.27,8247,163.86605786364188,158.20201201783885,46.154751929156234,163.6630704865025,163.222256291968,0.44081419453451076,1.779430156159018,-1.3386159616245072,166.043,3.857935226325545,173.7588704526511,158.3271295473489
2014-08-20,160.27,160.27,155.51,156.78,9735,163.1911952099617,158.1462468406687,42.119013538237326,162.60413656550213,162.7450521221926,-0.14091555669045874,1.3953610135891228,-1.5362765702795815,165.5515,4.373604168308999,174.298708336618,156.804291663382
2014-08-21,156.78,160.27,151.06,159.0,11669,162.79203376139392,158.17972735672095,45.39008702117538,162.04965401696333,162.46764085388202,-0.4179868369186863,1.032691443487561,-1.4506782804062472,165.02800000000002,4.504537595288295,174.03707519057662,156.01892480942342
2014-08-24,159.0,159.63,152.33,155.19,6789,162.06803054602307,158.06248314665348,41.097434160680315,160.99432262973818,161.92855634618707,-0.9342337164488868,0.6393064115002715,-1.5735401279491583,164.18699999999998,4.698368249778171,173.58373649955632,154.79026350044364
2014-08-25,155.19,152.33,146.94,149.16,2228,160.83869430354468,157.7133661605102,35.392473101280885,159.17365760977845,160.98273735758062,-1.8090797478021727,0.14962917963978267,-1.9587089274419553,163.39350000000002,5.767083797406891,174.9276675948138,151.85933240518622
2014-08-26,149.16,158.36,143.45,144.4,6166,159.27310436987375,157.19127336990195,31.65671962106451,156.90078720827407,159.7543864422043,-2.8535992339302254,-0.45101650307421903,-2.4025827308560066,162.235,7.065085763251755,176.36517152650353,148.1048284734965
2014-08-27,144.4,158.36,147.25,154.24,15575,158.79376109655246,157.07553715931758,44.66063899702751,156.49143533007808,159.34591337241136,-2.854478042333284,-0.9317088109260321,-1.9227692314072518,161.426,7.004620580279967,175.4352411605599,147.41675883944006
2014-08-28,154.24,158.68,152.65,153.6,11393,158.2991171825951,156.93924158444239,44.073253635036984,156.04659912545068,158.92029015964013,-2.8736910341894486,-1.3201052555787154,-1.5535857786107332,160.458,6.655832898965006,173.76966579793,147.14633420207
2014-08-31,153.6,153.6,148.52,151.38,4671,157.64015364139559,156.7212321105427,42.00929375498305,155.32866079845826,158.36175014781494,-3.033089349356686,-1.6627020743343097,-1.3703872750223764,159.45850000000002,6.427983456402727,172.31446691280547,146.60253308719456
2014-09-01,151.38,150.75,146.3,150.75,4378,156.98394853269124,156.48706614542337,41.41654282938764,154.62425144484928,157.79791680353236,-3.173665358683081,-1.964894731204064,-1.208770627479017,158.7445,6.568108335377922,171.88071667075585,145.60828332924413
2014-09-03,150.75,149.79,147.89,148.84,2113,156.20833438672065,156.18718119854404,39.59257124385537,153.73436660718016,157.13436741067812,-3.40000080349796,-2.2519159456628435,-1.1480848578351166,157.87150000000003,6.670563201188526,171.21262640237708,144.53037359762297
2014-09-04,148.84,148.84,145.35,147.57,7189,155.38563587369964,155.84925252409133,38.382171554241204,152.78600251376784,156.4258957506279,-3.639893236860047,-2.5295114039022843,-1.1103818329577626,157.0145,6.844508728670021,170.70351745734004,143.32548254265996
2014-09-07,147.57,146.94,138.37,140.91,5711,154.00700388572824,155.2633994839309,32.731099079802846,150.9589252039574,155.27657013947027,-4.317644935512874,-2.8871381102244023,-1.4305068252884716,156.0465,7.678112621018965,171.40272524203795,140.69027475796207
2014-09-09,140.91,154.87,143.45,154.87,8043,154.08919399184938,155.2479720531885,49.51113294023818,151.56062901873318,155.24645383284283,-3.685824814109651,-3.046875451001452,-0.6389493631081988,155.364,7.095568223972677,169.55513644794536,141.17286355205465
2014-09-10,154.87,160.27,145.99,148.52,9582,153.5587945640542,154.98413001188698,44.11992307781613,151.09283993892808,154.748197993373,-3.6553580544449176,-3.1685719716901453,-0.4867860827547723,154.523,6.843240306662848,168.2094806133257,140.8365193866743
2014-09-11,148.52,153.28,139.96,147.89,6897,153.01890936747762,154.70592883495024,43.61252812404748,150.60009533293913,154.24018332719723,-3.6400879942580957,-3.262875176203736,-0.3772128180543599,153.7135,6.606708930680621,166.92691786136126,140.50008213863876
2014-09-14,147.89,148.21,143.76,143.76,4792,152.13710847533687,154.27667672377572,40.33750329713951,149.54777297402543,153.46387345110853,-3.9161004770830914,-3.393520236379607,-0.5225802407034843,152.80900000000003,6.6721360108563985,166.15327202171284,139.46472797828721
2014-09-15,143.76,155.19,145.67,155.19,5918,152.42786004911432,154.31249332284335,51.24865919015651,150.41580790109845,153.59173467695234,-3.1759267758538954,-3.3500015442744653,0.1740747684205699,152.349,6.126509180344093,164.60201836068816,140.09598163931182
2014-09-16,155.19,158.36,145.99,155.51,14629,152.7213971872939,154.35945436900636,51.51599446085948,151.1995297624679,153.7338284045855,-2.534298642117591,-3.186860963843091,0.6525623217255001,151.905,5.4974237985670165,162.89984759713403,140.91015240286598
2014-09-17,155.51,161.85,150.75,155.51,7319,152.98697840755162,154.40457380551592,51.51599446085948,151.86267902978054,153.8653966709125,-2.002717641131966,-2.950032299300866,0.9473146581689003,151.667,5.211836831472481,162.09067366294497,141.24332633705504
2014-09-21,148.52,147.57,141.23,144.4,3586,152.16917094016574,154.01223757784862,42.198482178607385,150.71457456366045,153.16425617677083,-2.4496816131103856,-2.84996216206277,0.4002805489523844,150.87349999999998,5.038308273930475,160.95011654786094,140.796883452139
2014-09-22,144.4,146.62,142.81,146.62,3337,151.64067846967376,153.72234590812909,44.36388299774448,150.084640015405,152.679496459973,-2.594856444567995,-2.798941018563815,0.20408457399582014,150.3655,4.922294581530735,160.21008916306147,140.52091083693853
2014-09-23,146.62,155.82,146.94,150.75,15280,151.55585194875246,153.60578332349658,48.24813018694044,150.18700308995807,152.5365707962713,-2.3495677063132234,-2.7090663561136967,0.3594986498004733,149.953,4.487062220252744,158.92712444050548,140.97887555949453
2014-09-24,150.75,159.31,152.97,158.68,45026,152.23434223934748,153.8047722127712,54.776727126048016,151.4936179991953,152.99163962617712,-1.4980216269818243,-2.4668574102873224,0.9688357833054981,150.1275,4.760949568045444,159.6493991360909,140.6056008639091
2014-09-28,158.68,163.44,158.68,159.63,13131,152.93869059750486,154.03321251815274,55.50096216673135,152.74536907624216,153.48337002423807,-0.7380009479959142,-2.1210861178290408,1.3830851698331266,150.651,5.203979145554559,161.05895829110912,140.2430417088909
2014-09-29,159.63,160.9,157.09,160.9,16580,153.69691054059965,154.3024983017546,56.50380665816117,153.9999276798972,154.03275002244266,-0.03282234254544392,-1.7034333627723215,1.6706110202268776,151.476,5.46231626211506,162.4006325242301,140.5513674757699
2015-11-16,196.89,212.12,178.99,181.28,26871,156.32387144149493,155.36043954482307,68.69571933370378,158.19686188298996,156.05106483559507,2.1457970473948933,-0.9335872807388786,3.079384328133772,152.828,8.617551612231379,170.06310322446276,135.59289677553724
2015-11-18,183.56,185.85,182.42,182.42,21302,158.80921701849542,156.42159877835942,69.21552110422111,161.92349851637613,158.00431929221767,3.919179224158455,0.03696602024058815,3.8822132039178667,154.269,10.868938310616988,176.00687662123397,132.53112337876604
2015-11-19,180.9,181.28,178.99,180.13,9782,160.83976777863873,157.3513400027375,66.81543863922106,164.72449874462595,159.64325860390525,5.081240140720695,1.0458208443366095,4.035419296384085,155.7065,12.276763363533888,180.26002672706778,131.15297327293223
2015-11-22,177.47,177.47,173.28,173.28,3936,162.02455179972077,157.97599333596347,60.10191178680557,166.0407297069912,160.65338759620855,5.38734211078264,1.9141250976258157,3.4732170131568245,156.833,12.819681455932365,182.47236291186474,131.19363708813526
2015-11-23,171.37,175.18,167.95,175.18,4257,163.27745162831877,158.6506602639649,61.26451265681896,167.446771290531,161.72943295945234,5.7173383310786505,2.674767744316383,3.0425705867622677,158.15,13.29933714216801,184.74867428433603,131.55132571566398
2015-11-24,172.14,172.52,167.57,169.09,28692,163.83102766371698,159.06004613596627,55.66548128597199,167.69957570737236,162.27466014764107,5.424915559731289,3.2247973073993643,2.200118252331925,159.226,13.268813217862517,185.76362643572503,132.68837356427497
2015-11-25,167.57,167.57,166.42,166.42,2902,164.0775964576487,159.34867177769308,53.36286430818033,167.50271790623813,162.58172235892692,4.9209955473112075,3.5640369553817335,1.356958591929474,160.5015,12.626010027341286,185.75352005468255,135.24947994531743
2015-11-26,163.38,163.76,158.05,161.85,3370,163.8654444140631,159.44676308052865,49.58233724606198,166.63306899758612,162.52752070271012,4.105548294876002,3.6723392232805874,0.4332090715954142,160.85049999999998,12.558442526213465,185.96738505242692,135.73361494757305
2015-11-29,158.81,158.81,153.86,158.05,8963,163.31159256510472,159.39198805776283,46.62446661734935,165.31259684411134,162.19585250250935,3.1167443416019864,3.5612202469448673,-0.44447590534288084,161.327,12.2427972809793,185.8125945619586,136.8414054380414
2015-11-30,160.33,160.71,148.14,150.81,16884,162.1209647017614,159.05543950647802,41.539865183535575,163.08142809886343,161.352456020842,1.7289720780214282,3.1947706131601796,-1.4657985351387515,161.473,12.090587073813657,185.65417414762732,137.2918258523727
2015-12-01,150.81,155.38,152.33,154.24,5401,161.370396634927,158.86659874151812,44.62111885059298,161.72120839134598,160.82560742670557,0.8956009646404084,2.7349366834562256,-1.8393357188158173,161.997,11.494937146413461,184.98687429282694,139.0071257071731
2015-12-02,153.09,156.9,149.67,154.24,12111,160.69131124112445,158.68516349675272,44.62111885059298,160.57025325421583,160.337784654357,0.2324685998588336,2.234443066736747,-2.0019744668779134,161.9495,11.52646541659654,185.00243083319307,138.89656916680693
2015-12-03,154.24,159.95,153.09,155.38,44604,160.1854720753031,158.5555492419781,45.723817973794645,159.77175275356726,159.97054134662687,-0.19878859305961782,1.747796734777474,-1.946585327837092,161.943,11.530323910180506,185.00364782036104,138.88235217963899
2015-12-04,158.43,164.52,158.05,158.43,8447,160.01828425860757,158.55062574229268,48.6687441550415,159.56532925301846,159.85642717280265,-0.2910979197841925,1.340017803865141,-1.6311157236493334,162.089,11.46286999058476,185.01473998116953,139.16326001883047
2015-12-07,160.71,160.71,157.28,158.81,5957,159.9032095673116,158.5607972818106,49.03973673733025,159.44912475255407,159.77891404889135,-0.3297892963372817,1.0060563838246563,-1.335845680161938,162.8095,10.721397922894594,184.2522958457892,141.36670415421082
2015-12-08,156.52,158.05,155.38,158.05,2264,159.72671341804383,158.54076601585726,48.28804864365038,159.23387479062268,159.65084634156605,-0.4169715509433729,0.7214507968710505,-1.1384223478144233,163.381,10.09960859064381,183.58021718128762,143.18178281871238
2015-12-09,159.95,163.0,158.81,163.0,16533,160.03845499727774,158.71563793680406,53.30809183715071,159.8132786689884,159.89893179774634,-0.08565312875794007,0.5600300117452525,-0.6456831405031925,163.99349999999998,9.654940526950073,183.30338105390013,144.68361894609984
2015-12-10,160.71,160.71,158.43,159.95,3303,160.03003071182272,158.76404429222353,50.08199449323806,159.83431271991327,159.9027146275429,-0.06840190762963516,0.434343627870275,-0.5027455354999102,164.057,9.622275745701293,183.30155149140256,144.8124485085974
2015-12-13,160.71,161.47,158.81,158.81,6805,159.91383731069675,158.7658464768422,48.89101822444427,159.67672614761892,159.82177280328045,-0.14504665566153108,0.31846557116391383,-0.4635122268254449,164.016,9.643854547135776,183.30370909427154,144.72829090572844
2015-12-14,158.81,161.85,157.28,158.05,1803,159.7363289953923,158.73777406598563,48.070304326778775,159.42646058644678,159.69053037340782,-0.2640697869610449,0.20195849953892211,-0.46602828649996697,163.87349999999998,9.713127999069682,183.29975599813935,144.4472440018606
2015-12-15,157.28,158.05,156.14,156.14,4184,159.3938214720216,158.6359005732019,45.98125826788143,158.92085126545496,159.42752812352575,-0.5066768580707901,0.060231428016979685,-0.5669082860877698,162.6165,8.937714458229133,180.49192891645828,144.74107108354173
2015-12-16,155.38,157.66,155.38,157.66,3628,159.22869561754337,158.5976299624881,47.920934441082224,158.72687414769266,159.2966001143757,-0.5697259666830519,-0.06576005092302663,-0.5039659157600253,161.3785,7.676030549704468,176.73056109940893,146.02643890059107
2015-12-17,156.14,156.14,155.76,156.14,1090,158.93453413015828,158.50125231690035,46.13684215154362,158.3288935095861,159.06277788368124,-0.7338843740951404,-0.19938491555744942,-0.534499458537691,160.179,6.351769666379082,172.88253933275817,147.47546066724183
2015-12-20,156.14,156.14,154.24,156.14,251,158.66838802252414,158.40865418682583,46.13684215154362,157.99214066195745,158.84627581822338,-0.8541351562659258,-0.3303349636991447,-0.5238001925667811,159.322,5.603302221857257,170.52860444371453,148.11539555628548
2015-12-21,156.14,159.95,156.52,159.95,3745,158.79044630609326,158.46909912067582,51.39707751715516,158.29334979088708,158.92803316502165,-0.6346833741345677,-0.3912046457862294,-0.24347872834833828,158.5605,4.191868663822116,166.94423732764423,150.17676267235575
2015-12-22,158.81,160.33,158.05,159.95,7202,158.9008799912272,158.52717366496304,51.397077517155175,158.54821905382752,159.00373441205707,-0.4555153582295475,-0.40406678827489306,-0.05144856995465441,158.1035,3.408556223140948,164.9206124462819,151.2863875537181
2015-12-23,159.95,159.57,158.05,158.05,2521,158.81984380158653,158.50846097221938,48.64926174670929,158.4715699686233,158.93308741857135,-0.46151744994804744,-0.415556920609524,-0.04596052933852346,157.685,2.7917425231898987,163.2684850463798,152.1015149536202
2015-12-24,156.14,158.81,156.14,156.9,1867,158.63700153476879,158.44538407134803,47.01102074847414,158.2297899734505,158.78248835052904,-0.5526983770785421,-0.4429852119033276,-0.10971316517521446,157.4375,2.61701492262854,162.67152984525708,152.20347015474292
2015-12-25,156.9,158.43,156.9,158.43,750,158.61728710288605,158.44478077443245,49.44996176965337,158.26059151599657,158.7563781023417,-0.4957865863451332,-0.45354548679168877,-0.042241099553444406,157.4565,2.6230682616471226,162.70263652329425,152.21036347670577
2015-12-28,158.43,160.33,157.66,158.81,14456,158.635640712135,158.45910309700372,50.06471403130713,158.34511589815094,158.76035009476084,-0.4152341966099016,-0.4458832287553314,0.0306490321454298,157.8565,2.117412211564245,162.0913244231285,153.62167557687152
2015-12-29,158.81,159.95,158.05,159.57,9050,158.7246273109793,158.50266768143496,51.33930727769695,158.5335596061277,158.8203241618156,-0.2867645556878813,-0.4140594941418414,0.12729493845396012,158.123,1.968459456421706,162.05991891284341,154.18608108715657
2015-12-31,162.62,165.66,160.33,163.0,6454,159.13180566231458,158.67903365471204,56.70985217505131,159.22070428210804,159.12992977945888,0.0907745026491682,-0.3130926947836395,0.4038671974328077,158.561,2.03252992468347,162.62605984936695,154.49594015063306
2016-01-03,161.47,161.85,158.43,158.43,8946,159.06496702780845,158.66926762903708,48.95699812435181,159.09905746947604,159.07808312912857,0.020974340347464704,-0.2462792877574187,0.2672536281048834,158.7135,1.8907761564186043,162.49505231283723,154.9319476871628
2016-01-04,158.43,161.47,158.43,160.33,2559,159.18544635849335,158.7343943886827,51.90114783277127,159.2884332434028,159.17081771215607,0.11761553124674151,-0.17350032395658666,0.29111585520332817,158.8085,1.9232354181641629,162.65497083632835,154.96202916367167
2016-01-05,159.95,161.85,158.81,160.33,16049,159.29445146720826,158.79696715775395,51.90114783277127,159.44867428287932,159.25668306681118,0.1919912160681463,-0.10040201595164008,0.2923932320197864,158.8845,1.953098685085078,162.79069737017016,154.97830262982984
2016-01-06,159.95,161.47,159.95,160.33,3648,159.39307513699794,158.857086092744,51.90114783277127,159.58426285474405,159.33618802482516,0.24807482991889174,-0.030706646777533722,0.27878147669642545,158.99849999999998,1.9683075150191924,162.93511503003836,155.0618849699616
2016-01-07,160.33,167.19,160.33,165.66,6039,159.9899251239505,159.12386703028346,59.98741289343515,160.5189916463219,159.8046185415048,0.7143731048170991,0.11830930354139285,0.5960638012757062,159.13150000000002,2.3126682584583937,163.7568365169168,154.50616348308324
2016-01-10,165.66,167.57,164.14,166.8,7792,160.6385036835743,159.42489185262528,61.4790810716999,161.48530062381084,160.32279494583779,1.1625056779730585,0.327148578427726,0.8353570995453325,159.474,2.8783226109364874,165.23064522187298,153.717354778127
2016-01-11,165.66,167.19,164.52,164.52,10454,161.00816999942435,159.62470001526742,56.90951310373796,161.95217745091688,160.63369902392387,1.3184784269930105,0.5254145481407829,0.7930638788522276,159.7595,3.0847766702404456,165.9290533404809,153.58994665951911
2016-01-12,163.0,167.19,163.0,167.19,16525,161.5969157137649,159.92137844604125,60.60249820582017,162.75799630462197,161.11935094807765,1.6386453565443162,0.7480607098214895,0.8905846467228267,160.2165,3.471038484069455,167.1585769681389,153.2744230318611
2016-01-13,167.19,172.14,166.04,169.47,12678,162.34673326483494,160.29583419325533,63.480734574561616,163.79061225775706,161.73791754451636,2.0526947132406974,1.0089875105053312,1.0437072027353662,160.883,3.9003307552047737,168.68366151040956,153.08233848959046
2016-01-14,171.37,177.47,170.99,175.18,24660,163.56894914437447,160.87952696999042,69.49190229694325,165.54282575656367,162.73362735603365,2.809198400530022,1.3690296885102695,1.4401687120197524,161.759,4.961472510624256,171.6819450212485,151.83605497875146
2016-01-17,178.61,182.04,177.47,178.99,11856,165.03762065443402,161.58974159861828,72.71872448705611,167.6116217940154,163.93780310743855,3.673818686576851,1.829987488123586,1.8438311984532652,162.9015,6.099767273385867,175.10103454677173,150.70196545322827
2016-01-18,180.51,186.61,174.42,178.23,9627,166.29403773496412,162.24230075161364,71.10316796401683,169.24521844108995,164.9964843587394,4.248734082350552,2.313736806968979,1.9349972753815727,164.00600000000003,6.773721203840883,177.55344240768179,150.45855759231827
2016-01-19,180.51,181.28,172.14,179.75,28309,167.57555795068183,162.92887719272684,72.42276491938964,170.86133868092227,166.08933736920315,4.772001311719123,2.8053897079190078,1.9666116038001151,164.996,7.551936245270242,180.0998724905405,149.89212750945953
2016-01-20,180.9,180.9,177.85,179.37,8650,168.69883814585498,163.57362710673755,71.54316753812608,172.17036349924194,167.0730901566696,5.09727334257235,3.263766434849676,1.8335069077226742,165.967,8.097745040246489,182.162490080493,149.77150991950703
2016-01-21,179.37,180.9,178.99,179.75,14019,169.75132975101164,164.20799467117922,71.91056530233249,173.3364614224355,168.01212051543482,5.324340907000675,3.675881329279876,1.6484595777207987,167.052,8.428159941529005,183.908319883058,150.195680116942
2016-01-24,179.75,186.61,177.85,184.7,40765,171.17501263186767,165.01160272328985,76.21788168713296,175.0846981266762,169.24825973651372,5.836438390162471,4.107992741456395,1.7284456487060753,168.442,8.942478521375211,186.32695704275042,150.5570429572496
2016-01-25,186.61,191.56,186.61,190.04,59476,172.97167809549933,165.9931084988471,79.81400571238245,177.38551379949524,170.7883886449201,6.597125154575139,4.605819224080144,1.9913059304949945,170.02249999999998,9.829237736146055,189.6809754722921,150.36402452770787
2016-01-26,190.02,195.37,191.66,191.66,11103,174.75151827688035,166.9996532635982,80.76428424413322,179.5815885995729,172.33443393048157,7.247154669091344,5.134086313082385,2.1130683560089594,171.66500000000002,10.573476000674288,192.8119520013486,150.51804799865144
2016-01-27,191.66,193.31,187.14,189.2,14989,176.1275641552727,167.87025509639827,74.99110179876479,181.0613441996386,173.58373512081624,7.477609078822354,5.60279086623038,1.8748182125919746,173.1465,10.861471876121676,194.86944375224334,151.42355624775666
2016-01-28,190.43,190.43,185.08,185.5,12607,177.02017709286577,168.56161764163755,67.20935715203606,181.74421432277111,174.46642140816317,7.277792914607943,5.937791275905893,1.3400016387020504,174.2715,10.920297024589374,196.11209404917875,152.43090595082126
2016-01-31,185.08,186.73,184.67,186.73,18267,177.94492213164045,169.27410322431842,68.3838862937346,182.511258273114,175.37483463718812,7.136423635925894,6.177517747909893,0.9589058880160009,175.6865,10.588030618033416,196.86256123606682,154.51043876393317
2016-02-01,186.73,196.19,190.43,196.19,22370,179.68254859529375,170.32962858807065,75.61759626743262,184.61568007725032,176.91669873813714,7.698981339113175,6.48181046615055,1.2171708729626252,177.4795,10.88285927744282,199.24521855488564,155.71378144511436
2016-02-02,199.07,201.95,195.37,199.48,21542,181.5680201576467,171.4727804081463,77.5420691367217,186.9024985269041,178.58805438716402,8.31444413974009,6.848337200868459,1.466106938871631,179.437,11.153419159493634,201.7438383189873,157.13016168101274
2016-02-03,199.48,200.71,196.19,200.3,7675,183.35201823787085,172.60325960782683,78.00798020762589,188.96365259968812,180.1963466547815,8.76730594490661,7.2321309496760895,1.5351749952305207,181.4355,11.130526291523985,203.69655258304795,159.17444741695203
2016-02-04,201.54,201.54,197.01,198.25,21254,184.77087364378792,173.6090141330101,73.88137473649988,190.39232143050532,181.5336543099829,8.858667120522426,7.557438183845357,1.3012289366770693,183.065,11.084933587151953,205.2348671743039,160.8951328256961
2016-02-07,198.25,205.65,197.42,197.42,22897,185.97555234437954,174.54277828465678,72.21568403866209,191.4735027488891,182.71042065739158,8.763082091497523,7.798566965375791,0.9645151261217322,184.596,10.831911626009251,206.25982325201852,162.9321767479815
2016-02-08,197.42,203.18,197.42,199.48,15360,187.2616902163434,175.52070854800357,73.79482283705401,192.7052715567523,183.952611719807,8.752659836945298,7.989385539689693,0.763274297255605,186.344,10.225493116406366,206.79498623281273,165.89301376718726
2016-02-11,199.48,207.71,199.48,207.29,56076,189.16914829097735,176.76656311474852,78.73049656147691,194.94907593263656,185.68130714796945,9.267768784667112,8.245062188685178,1.0227065959819335,188.349,10.20348800011106,208.75597600022212,167.94202399977786
2016-02-14,207.29,212.23,204.83,210.17,48114,191.16922940612235,178.07650181613096,80.21068256976079,197.29075655838477,187.495284396268,9.795472162116766,8.555144183371496,1.2403279787452703,190.384,10.298255038699232,210.98051007739843,169.78748992260154
2016-02-15,209.76,211.41,205.65,209.76,40191,192.93977898649166,179.31899194098855,79.36392683982983,199.20910170324868,189.14452258913707,10.06457911411161,8.85703116951952,1.2075479445920898,192.113,10.511913091445045,213.1368261828901,171.0891738171099
2016-02-16,209.76,216.75,210.58,213.88,46071,194.9340857496829,180.67432559036155,81.47971262938847,201.46616297967194,190.97678017512692,10.489382804545016,9.18350149652462,1.3058813080203961,193.8575,11.098197044185468,216.05389408837092,171.66110591162905
2016-02-17,213.88,226.21,213.05,220.87,71382,197.40417282114169,182.25062654760228,84.40174654826049,204.451368675107,193.19109275474713,11.260275920359874,9.598856381291672,1.661419539068202,195.98949999999996,11.997318768440161,219.9841375368803,171.99486246311963
2016-02-18,220.87,228.27,220.87,222.51,34207,199.79520398103296,183.82942550651984,84.99972840839347,207.22961964816747,195.3628636618029,11.86675598636458,10.052436302306253,1.8143196840583276,198.1275,12.738198201513423,223.60389640302685,172.65110359697314
2016-02-21,223.33,224.98,218.81,220.87,34695,201.80232741141077,185.28199705528377,81.62961535090383,209.32813970229557,197.252281168336,12.075858533959575,10.457120748636918,1.6187377853226579,200.2025,12.900912197449554,226.0043243948991,174.40067560510087
2016-02-22,220.46,224.98,218.4,224.98,54898,204.00972480080023,186.83878148448832,83.40534858792101,211.73611820963472,199.30618626697776,12.429931942656964,10.851682987440928,1.5782489552160364,202.464,13.089910296825334,228.64382059365067,176.28417940634932
2016-02-23,224.98,226.63,221.28,223.33,41233,205.84975101024781,188.26980966156722,80.05955273187067,213.51979233122938,201.08572802497943,12.434064306249951,11.168159251202733,1.2659050550472184,204.3955,13.180499341630542,230.75649868326107,178.03450131673893
2016-02-24,223.33,225.8,220.46,221.69,42215,207.35834615212897,189.5804053611136,76.76342183571765,214.7767473571941,202.61197039349946,12.164776963694635,11.367482793701114,0.7972941699935205,205.978,13.265941591752,232.509883183504,179.44611681649602
2016-02-25,218.4,222.92,217.99,221.28,55984,208.6842179471643,190.82352671950133,75.92186615273742,215.7772477637796,203.9947874013884,11.782460362391191,11.45047830743913,0.3319820549520607,207.45899999999997,13.236706896870919,233.9324137937418,180.98558620625815
2016-02-28,221.28,223.33,217.17,219.63,28693,209.72667338076772,191.95319233834442,72.47820257927543,216.36997887704428,205.15295129758186,11.21702757946241,11.403788161843787,-0.1867605823813765,208.98049999999998,12.768053668185683,234.51660733637135,183.4443926636286
2016-02-29,219.63,220.87,217.99,220.87,16809,210.78794258259938,193.08718479566426,73.45273448017831,217.06228981903746,206.3171771273906,10.745112691646852,11.2720530678044,-0.5269403761575475,210.74899999999997,11.75386874719559,234.25673749439113,187.2412625056088
2016-03-01,220.87,221.69,219.63,221.69,15831,211.82623376520897,194.20886382328527,74.10571472910338,217.77424523149324,207.45590474758387,10.318340483909367,11.081310551025393,-0.7629700671160258,212.49699999999999,10.529652915756571,233.55630583151313,191.43769416848684
2016-03-02,221.69,225.39,217.58,220.04,25417,212.60849721614144,195.22184955570546,70.35568900174923,218.1228228881866,208.38805995146654,9.734762936720045,10.812001028164325,-1.0772380914442792,213.6895,9.918445588635432,233.52639117727088,193.85260882272914
2016-03-03,222.1,224.16,220.04,220.87,15854,213.39530700508035,196.22765937705034,71.14665452587818,218.5454655207733,209.31264810320977,9.232817417563524,10.496164306044165,-1.2633468884806405,214.75899999999996,9.447664094478052,233.65432818895607,195.86367181104384
2016-03-06,220.04,222.51,219.22,219.63,19864,213.9890872903108,197.14539822500916,68.21815964826138,218.71231697911588,210.07689639186088,8.635420587254998,10.124015562286331,-1.488594975031333,215.7255,8.861181740721129,233.44786348144225,198.00313651855777
2016-03-10,220.46,222.1,218.4,218.81,28465,214.44822183409073,197.9949904514794,66.27539948279643,218.72734513617496,210.72379295542675,8.003552180748216,9.69992288597871,-1.6963707052304944,216.75349999999997,7.863559040883313,232.4806180817666,201.02638191823334
2016-03-13,222.92,223.33,217.99,222.1,24873,215.17696261179637,198.94028494357826,69.97055882196744,219.24621511522497,211.56647495872846,7.679740156496507,9.29588634008227,-1.6161461835857622,217.9875,6.485698335161792,230.95889667032358,205.01610332967644
2016-03-14,222.92,224.16,220.87,222.1,18217,215.836299505911,199.84850906343794,69.97055882196744,219.68525894365192,212.3467360728967,7.338522870755213,8.90441364621686,-1.5658907754616465,219.11849999999998,4.855941856712524,228.83038371342502,209.40661628657494
2016-03-15,220.04,223.33,220.04,222.92,29401,216.51093764820519,200.75327341389138,70.89244932241208,220.18291141385933,213.1299408082377,7.052970605621624,8.534125038097812,-1.4811544324761883,219.9,4.041536966627238,227.98307393325447,211.81692606674554
2016-03-16,224.16,224.16,220.46,222.92,22337,217.12132453885232,201.62255680942505,70.89244932241209,220.60400196557327,213.85513037799788,6.748871587575394,8.17707434799333,-1.4282027604179355,220.5375,3.3769012188821765,227.29130243776436,213.78369756223563
2016-03-17,222.92,227.86,218.81,225.39,28729,217.908817439914,202.5546134051339,73.71177836219346,221.3403093554851,214.70956516481286,6.630744190672232,7.86780831652911,-1.237064125856878,221.31900000000002,2.426207566940041,226.1714151338801,216.46658486611994
2016-03-20,228.27,232.38,227.45,230.74,52346,219.13083482658885,203.65992268336396,78.55657696279263,222.7864156084874,215.89700478223412,6.8894108262532825,7.6721288184739445,-0.782717992220662,222.16199999999998,2.6262512807147314,227.41450256142943,216.90949743857053
2016-03-21,234.85,246.37,234.44,236.91,72490,220.824088652628,204.96384728401634,82.55060388033402,224.95927474564317,217.45352294651306,7.50575179913011,7.638853414605178,-0.13310161547506816,222.964,4.19283147639581,231.34966295279162,214.57833704720838
2016-03-23,238.14,246.37,238.14,241.43,59664,222.78655639999678,206.39389248856472,84.78619633651505,227.4932324770827,219.2295582838084,8.263674193274312,7.763817570339005,0.4998566229353072,223.91,5.879964196094214,235.6699283921884,212.15007160781158
2016-03-24,241.43,248.01,242.67,245.13,74822,224.9145034095209,207.91295552822885,86.33011707701702,230.2065813267623,221.1481095220448,9.058471804717499,8.022748417214704,1.0357233875027951,225.123,7.499210554941731,240.12142110988344,210.12457889011654
2016-03-27,245.13,250.89,243.08,249.66,60865,227.2712173705189,209.55009452712184,87.94334322659523,233.19941496879886,223.26010140930074,9.939313559498117,8.406061445671387,1.5332521138267303,226.35699999999997,9.290951512088558,244.93890302417708,207.77509697582286
2016-03-28,249.66,250.48,245.55,247.19,44659,229.16824428761234,211.02616925154842,82.24408216319655,235.35181266590672,225.03268649009328,10.319126175813437,8.788674391699798,1.5304517841136391,227.55,10.352980755622804,248.25596151124563,206.8440384887544
2016-03-29,242.67,249.66,242.67,248.42,46013,231.00174483164926,212.49259398678183,82.84045013576159,237.36230302499797,226.76508008341972,10.597222941578252,9.15038410167549,1.446838839902762,228.88649999999998,11.243694501924692,251.37388900384937,206.3991109961506
2016-03-30,248.42,248.84,244.72,245.13,32854,232.34729294292075,213.77249226181002,75.53273107141129,238.55733332884444,228.12544452168493,10.43188880715951,9.406685042772295,1.0252037643872143,230.079,11.651844172986461,253.38268834597292,206.7753116540271
2016-03-31,245.13,244.72,241.02,242.67,33572,233.3304079007378,214.9057278593861,70.52321915773877,239.190051278253,229.20281900156013,9.987232276692879,9.522794489556413,0.46443778713646644,231.231,11.703246468169251,254.6374929363385,207.82450706366149
2016-04-03,242.67,246.78,235.26,240.61,29949,234.02370238638184,215.91373853156705,66.54323855082893,239.40850492775252,230.0477953718149,9.360709555937603,9.49037750283265,-0.12966794689504724,232.21800000000002,11.615519382545692,255.44903876509142,208.98696123490862
2016-04-04,240.61,242.67,239.38,242.25,16707,234.80715930196453,216.9465330989566,68.08733088888286,239.8456580157906,230.9516623813101,8.893995634480518,9.371101129162223,-0.47710549468170527,233.246,11.5443129767536,256.3346259535072,210.1573740464928
2016-04-05,241.84,245.96,241.84,245.96,8614,235.86933460653935,218.0843161146838,71.31279590831355,240.78632601336128,232.06339109380565,8.722934919555627,9.241467887240905,-0.5185329676852781,234.542,11.43817964906079,257.4183592981216,211.66564070187843
2016-04-06,245.96,246.78,243.9,245.96,14651,236.83035035829752,219.17748018861778,71.31279590831355,241.58227585745954,233.09276953130154,8.489506326157993,9.091075575024323,-0.6015692488663298,235.7965,11.233827802901407,258.26415560580284,213.3288443941972
2016-04-10,245.96,247.6,244.72,245.96,38460,237.69984080036443,220.2277750831818,71.31279590831356,242.25577187938885,234.04589771416812,8.209874165220725,8.914835293063604,-0.7049611278428785,237.113,10.772910519103394,258.6588210382068,215.56717896179322
2016-04-11,245.96,248.84,246.78,248.84,37663,238.76080834318685,221.34982311913544,73.8730901640423,243.26873005179056,235.14175714274825,8.126972909042308,8.757262816259345,-0.6302899072170369,238.6145,10.163114667109616,258.9407293342192,218.28827066578077
2016-04-12,248.84,250.48,246.78,250.48,28522,239.8769218343119,222.4921829968164,75.22885327822763,244.37815619766894,236.27792328032245,8.100232917346489,8.625856836476775,-0.525623919130286,240.0335,9.706967803971764,259.44743560794353,220.61956439205647
2016-04-14,250.48,252.54,246.78,252.54,20590,241.08292927866316,223.67052876164715,76.85360562063056,245.63382447495064,237.48252155585413,8.151302919096509,8.530946053000722,-0.37964313390421367,241.5555,9.115492003927141,259.78648400785426,223.3245159921457
2016-04-17,255.0,256.24,251.3,255.83,32426,242.48741220450478,224.9316844964845,79.20008130610879,247.20246686341977,238.84159403319828,8.360872830221496,8.496931408444878,-0.1360585782233823,243.20100000000002,8.52574361627777,260.25248723255555,226.1495127674445
2016-04-18,255.83,262.41,255.0,262.0,29379,244.34575389931385,226.38534392799494,82.73495819855805,249.47901042289362,240.55703151222065,8.921978910672976,8.581940908890498,0.340038001782478,245.15500000000003,8.100678659027047,261.3563573180541,228.95364268194595
2016-04-19,262.0,268.17,260.35,261.17,13803,245.94806305176016,227.74944808768143,80.74695793566929,251.2776242039869,242.08391806687098,9.193706137115925,8.704293954535583,0.4894121825803417,246.94400000000002,7.429009567759905,261.8020191355198,232.0859808644802
2016-04-20,261.17,265.29,261.17,261.17,27534,247.39777133254492,229.0600579665959,80.74695793566929,252.7995281726043,243.49770191376945,9.301826258834865,8.82380041539544,0.47802584343942556,248.46550000000002,7.0416942301943175,262.54888846038864,234.38211153961137
2016-04-21,261.17,262.0,256.24,259.94,15560,248.592269300874,230.27103608555294,77.54456134255821,253.89806229989597,244.7156499201569,9.182412379739077,8.895522808264168,0.2868895714749087,249.61700000000002,6.934806262233246,263.4866125244665,235.74738747553351
2016-04-24,259.94,263.23,259.12,261.59,23174,249.83014841507648,231.4992307488646,78.76141417497604,255.08143733068118,245.96560177792304,9.115835552758142,8.939585357162963,0.17625019559517874,250.625,7.144168398437666,264.91333679687534,236.33666320312466
2016-04-25,261.59,264.05,261.17,263.23,61555,251.10632475649777,232.74357464106598,79.92580617875721,256.33506235673025,247.2444460906695,9.09061626606075,8.96979153894252,0.12082472711822945,251.53000000000003,7.546537023867542,266.6230740477351,236.43692595226494
2016-04-26,263.23,275.57,263.23,267.34,71208,252.65238906540276,234.10029720416142,82.51322118482567,258.02812968646407,248.7330056395088,9.295124046955266,9.03485804054507,0.2602660064101965,252.414,8.312591210419928,269.03918242083984,235.78881757916014
2016-04-27,267.34,275.57,262.0,273.1,53125,254.59978058298344,235.62969731380215,85.36099165763243,260.3468789654696,250.53796818473037,9.80891078073924,9.189668588583903,0.6192421921553368,253.7095,9.403074231333676,272.51564846266734,234.90335153733264
2016-04-28,273.1,272.69,268.58,270.22,26453,256.08742052746123,236.98617977208443,78.47915774520192,261.86582066308966,251.99589646734296,9.869924195746705,9.325719710016465,0.5442044857302406,254.79950000000002,10.00208950538113,274.80367901076227,234.79532098923775
2016-05-02,270.22,273.51,267.34,269.4,20876,257.3552852391316,238.25730997710073,76.58594313100345,263.0249251764605,253.28508932161384,9.73983585484666,9.408542938982503,0.3312929158641573,256.01300000000003,10.236718789676607,276.48643757935326,235.53956242064683
2016-05-03,269.4,274.34,271.46,273.51,61892,258.89382950207147,239.6397684093713,79.28352166901294,264.6380136108512,254.78323085334614,9.854782757505063,9.497790902687015,0.3569918548180482,257.555,10.441747937963752,278.4384958759275,236.6715041240725
2016-05-04,273.51,273.51,266.52,271.05,26420,260.0515600256837,240.8715421972391,73.8026767835552,265.6244730553356,255.98817671606125,9.636296339274367,9.525491990004486,0.11080434926988048,259.077,10.053080753259117,279.1831615065182,238.97083849348178
2016-05-05,271.05,271.05,263.23,270.22,36073,261.0199828803805,242.02246211107288,71.99429415993961,266.3314772006686,257.04238584820484,9.289091352463743,9.478211862496337,-0.18912051003259478,260.4755,9.520412128959167,279.51632425791837,241.43467574208168
2016-05-08,270.22,275.16,270.22,273.92,25676,262.24855593939185,243.27334594985436,74.94193192104979,267.4989422467196,258.29257948907855,9.206362757641045,9.42384204152528,-0.21747928388423432,261.8735,9.327642718510385,280.52878543702076,243.2182145629792
2016-05-09,273.1,283.8,273.1,282.56,35896,264.1829791832593,244.8139990498601,80.1862685683949,269.8160280549166,260.09016619359124,9.72586186132537,9.484246005485298,0.24161585584007206,263.70349999999996,9.626737040794264,282.9569740815885,244.45002591841143
2016-05-10,282.56,286.26,274.34,279.68,28403,265.6588859277108,246.18129320476754,74.58294221147526,271.3335622003141,261.54126499406595,9.792297206248122,9.545856245637863,0.24644096061025955,265.3895,9.303004876748718,283.99550975349746,246.78349024650257
2016-05-11,279.68,281.74,273.51,275.57,24820,266.6028015536431,247.33379151046296,67.34996185953386,271.9853218618042,262.58043055006107,9.404891311743143,9.517663258858919,-0.11277194711577643,266.726,8.70088948870774,284.12777897741546,249.3242210225845
2016-05-12,275.98,276.8,273.51,273.92,13789,267.29967759615323,248.37638792181735,64.63974397458585,272.2829646522959,263.420398657464,8.862565994831925,9.38664380605352,-0.5240778112215949,267.898,7.943065562255137,283.7841311245103,252.01186887548974
2016-05-15,275.57,277.63,268.17,273.51,35057,267.8911368727101,249.3620197680206,63.951092601991505,272.47173932117346,264.16777653468887,8.30396278648459,9.170107602139735,-0.8661448156551455,268.9465,7.153919996460473,283.25433999292096,254.63866000707907
2016-05-16,273.51,274.34,271.46,272.28,22127,268.30912383721386,250.26076409084334,61.823164456736535,272.44224096406987,264.76868197656376,7.673558987506112,8.870797879213011,-1.197238891706899,269.769,6.480466113837726,282.7299322276755,256.80806777232453
2016-05-17,271.46,275.57,271.46,274.34,29614,268.88349299557444,251.20504785198673,63.98460815111713,272.7342038926745,265.4776684968183,7.25653539585619,8.547945382541647,-1.2914099866854567,270.386,6.286389977350734,282.95877995470147,257.8132200452986
2016-05-18,274.34,280.92,275.57,277.63,67235,269.7164936626626,252.24132048524214,67.1804815373192,273.4874032938015,266.37784120075764,7.109562093043849,8.260268724642089,-1.15070663159824,271.209,6.090759091915944,283.3905181838319,259.0274818161681
2016-05-19,277.63,283.8,279.68,281.74,38380,270.86158950431377,253.39813144660522,70.68063141482818,274.75703355629355,267.5157788895904,7.241254666703128,8.056465913054296,-0.8152112463511685,272.2375,6.042889579799665,284.32327915959934,260.1517208404007
2016-05-22,281.74,285.44,277.63,281.74,20791,271.897628599141,254.50957727222857,70.68063141482818,275.83133608609455,268.5694248977689,7.261911188325655,7.897554968108569,-0.6356437797829138,273.3275,5.662065714724775,284.65163142944954,262.00336857055044
2016-05-23,281.74,292.02,279.68,286.67,44347,273.30452111350854,255.77077032037647,74.46857844468425,277.49882284208,269.9102082386749,7.588614603405119,7.835766895167879,-0.24715229176275955,274.5815,5.702833344738533,285.9871666894771,263.17583331052293
2016-05-24,286.67,295.72,287.91,295.72,69458,275.43932862650774,257.3374067784009,79.66286017956898,280.3020808663754,271.8220446654397,8.480036200935672,7.9646207563214375,0.5154154446142343,276.206,6.8176376522855575,289.8412753045711,262.5707246954289
2016-05-25,295.72,295.31,279.68,286.67,83949,276.50891637636414,258.487704551797,65.34582656740241,281.28176073308686,272.92189320874047,8.359867524346384,8.043670109926428,0.31619741441995686,277.1725,6.8645940386709245,290.9016880773419,263.44331192265815
2016-05-26,286.67,288.32,275.98,281.74,60687,277.0071148167104,259.3995592752559,59.11328391508516,281.3522590818427,273.5750863043893,7.777172777453416,7.990370643431826,-0.21319786597840995,277.60450000000003,6.8666804015338485,291.3378608030677,263.87113919693235
2016-05-29,281.74,285.85,268.17,276.8,39873,276.9873895960713,260.0819294997557,53.59693104597777,280.65191153078996,273.81396880036044,6.837942730429518,7.759885060831364,-0.9219423304018459,277.9335,6.648411978967025,291.23032395793405,264.6366760420659
2016-05-30,276.8,280.09,271.87,273.51,26227,276.6562096345407,260.6085204997653,50.234722897974905,279.55315591066847,273.79145259292636,5.7617033177421035,7.360248712213512,-1.598545394471408,278.139,6.430717321040077,291.00043464208017,265.27756535791985
2016-05-31,273.51,279.68,268.17,273.51,28353,276.3565706217273,261.11446087232355,50.234722897974905,278.62343961671945,273.7706042527096,4.852835364009877,6.858766042572785,-2.0059306785629083,278.139,6.430717321040077,291.00043464208017,265.27756535791985
2016-06-01,273.51,275.57,267.76,273.51,25590,276.08546865775327,261.6005604459579,50.234722897974905,277.8367565987626,273.7513002339904,4.085456364772199,6.304104107012669,-2.21864774224047,278.262,6.310390429156348,290.8827808583127,265.6412191416873
2016-06-02,273.51,275.57,265.29,271.46,20452,275.6449478332053,261.9872051343517,47.89642527568745,276.8557171220299,273.58157429073185,3.274142831298036,5.698111851869743,-2.4239690205717066,278.324,6.232833604132966,290.78966720826594,265.8583327917341
2016-06-05,271.46,271.05,259.94,261.17,33947,274.2663813729,261.95515787418105,38.26760188072357,274.44252987248683,272.6621984173443,1.780331455142516,4.914555772524297,-3.134224317381781,277.6865,7.272342904164822,292.23118580832966,263.1418141916704
2016-06-06,261.17,276.39,263.23,268.17,33184,273.68577362310003,262.1988771732328,46.19228679679783,273.47752527671963,272.3294429790225,1.148082297697158,4.161261077558869,-3.013178779861711,276.967,7.473854849791795,291.91470969958357,262.0192903004164
2016-06-07,269.4,278.45,269.4,277.63,34887,274.06141423042385,262.80401924487074,54.66266206107635,274.1163675418397,272.72207683242823,1.3942907094114503,3.6078670039293854,-2.213576294517935,276.8645,7.448704214402063,291.76190842880413,261.9670915711959
2016-06-08,277.63,283.8,278.45,283.8,32414,274.9888985894311,263.62739103918955,59.17651030308807,275.6061571507874,273.54266373372985,2.0634934170575434,3.298992286555017,-1.2354988694974738,277.276,7.599236388228587,292.47447277645716,262.07752722354286
2016-06-09,283.8,283.8,275.57,281.74,30965,275.6318606285329,264.3376894298096,57.131328134620475,276.54982528143546,274.14987382752764,2.3999514539078177,3.1191841200255777,-0.7192326661177599,277.66700000000003,7.618628209162114,292.9042564183243,262.4297435816758
2016-06-12,281.74,291.2,282.15,288.73,54711,276.8793024734345,265.2942506286406,61.93823992660274,278.4236983150608,275.2298831736367,3.193815141424068,3.1341103243052757,0.059704817118792164,278.428,7.935109590326623,294.29821918065323,262.55778081934676
2016-06-13,288.73,303.54,287.91,298.19,70252,278.9088927140598,266.58428001575277,67.28479890957844,281.4646678050514,276.93063256818215,4.534035236869272,3.414095306818075,1.119939930051197,279.7235,8.931097813699184,297.58569562739837,261.86130437260164
2016-06-14,299.01,302.3,295.72,295.72,52700,280.509950550816,267.726857270037,64.7281607773574,283.6577958350435,278.32243756313164,5.3353582719118435,3.7983478998368287,1.5370103720750148,280.7925,9.51336006555045,299.8192201311009,261.76577986889913
2016-06-15,296.13,300.66,292.84,298.19,33720,282.19376478407156,268.92149031827086,66.11474957229187,285.8935195527291,279.7941088547515,6.099410697977589,4.258560459464981,1.8408502385126084,281.8205,10.23696165604506,302.2944233120901,261.3465766879099
2016-06-16,298.19,302.3,294.08,294.08,31855,283.3257871855885,269.90809854108375,61.763808514217345,287.1529780830785,280.8523230136588,6.30065506941969,4.666979381455923,1.633675687963767,282.4375,10.597386408175327,303.6322728163507,261.2427271836493
2016-06-19,294.08,301.89,287.91,291.2,33023,284.0757122155325,270.7430750688844,58.84164190010104,287.77559683952796,281.61881760523966,6.156779234288308,4.964939352022401,1.1918398822659073,282.9105,10.774257075375761,304.45901415075156,261.36198584924847
2016-06-20,291.2,294.9,289.97,292.43,27121,284.87135867119605,271.59354271324196,59.718192840167966,288.491658864216,282.41964593077745,6.072012933438543,5.186354068305629,0.885658865132914,283.1985,10.955498151011259,305.10949630202254,261.2875036979775
2016-06-21,292.43,299.84,291.61,299.84,33780,286.2969435596536,272.7012469205658,64.60829946684834,290.2375575004905,283.71004252849764,6.527514971992844,5.454586249043072,1.0729287229497713,283.4045,11.238417885935565,305.88133577187114,260.92766422812883
2016-06-22,299.84,311.35,299.43,304.36,73412,288.0172346492104,273.94276664917106,67.22222807538299,292.4102409619535,285.2396690078682,7.17057195408529,5.797783390051516,1.3727885640337734,284.289,12.166739346092648,308.62247869218527,259.9555213078147
2016-06-23,304.36,309.71,302.3,303.95,54489,289.53464087309516,275.1195208982232,66.74070931229748,294.18558850626835,286.62561945172985,7.559969054538499,6.150220522948913,1.4097485315895861,285.3995,12.912569753211365,311.2246395064227,259.5743604935773
2016-06-26,303.95,316.7,306.42,316.7,65408,292.12181793280035,276.7501279218223,73.17560198292675,297.6493441206886,288.8533513441943,8.795992776494302,6.679374973657991,2.116617802836311,287.3945,14.498864011761404,316.3922280235228,258.39677197647717
2016-06-27,316.7,334.8,319.17,327.39,73738,295.4806924153908,278.7360052582214,77.16479807400965,302.2248296405827,291.7079179112911,10.516911729291621,7.446882324784717,3.0700294045069043,290.08849999999995,16.63197942930469,323.35245885860934,256.82454114139057
2016-06-28,327.39,337.68,326.98,337.26,110316,299.4596740901155,281.03106387554607,80.10645317398428,307.6148558497238,295.0821462141584,12.532709635565425,8.46404778694086,4.068661848624565,293.276,19.198317744284267,331.6726354885685,254.87936451143148
2016-06-29,337.26,342.61,333.15,335.62,50009,302.9035146529617,283.17180646866194,78.30149018334623,311.9233395651509,298.08495019829485,13.838389366856063,9.538916102923901,4.299473263932162,296.3815,20.790141457962243,337.9617829159245,254.80121708407552
2016-06-30,335.62,333.56,327.8,331.51,26632,305.6279418288701,285.06742190126346,73.81284379646877,314.93667193974306,300.560879813236,14.375792126507065,10.506291307640534,3.8695008188665305,299.384,21.330728859656602,342.0454577193132,256.7225422806868
2016-07-03,331.51,333.15,322.46,329.04,26050,307.85766165469204,286.79183672866486,71.17228354839058,317.10641471824414,302.67044427151484,14.4359704467293,11.292227135458287,3.143743311271013,302.77750000000003,20.3053681973895,343.388236394779,262.16676360522104
2016-07-04,329.04,329.04,324.51,324.93,21718,309.4835986399595,288.2874509745996,66.88462686450694,318.3100432231297,304.3193002514026,13.990742971727116,11.831930302712054,2.1588126690150613,305.6155,19.14737977814198,343.91025955628396,267.32074044371603
2016-07-05,326.98,326.98,319.17,325.75,28581,311.0327797218681,289.75657054422317,67.30779218439667,319.45465195803285,305.90675949203944,13.547892465993414,12.175122735368326,1.3727697306250874,308.02149999999995,18.45656929830509,344.9346385966101,271.1083614033898
2016-07-06,328.63,331.92,326.98,329.45,33550,312.7868007007378,291.31317562092033,69.21911511902081,320.9923978106432,307.6507032333698,13.341694577273358,12.408437103749334,0.9332574735240247,310.304,18.12320042608897,346.5504008521779,274.05759914782203
2016-07-10,329.45,333.15,327.8,327.8,26070,314.2166292054294,292.7440314789235,67.32870097074638,322.03972122439035,309.1432437346017,12.896477489788651,12.506045180957198,0.3904323088314534,312.60699999999997,17.205704714914287,347.0184094298285,278.1955905701714
2016-07-11,327.8,328.22,324.93,326.98,11683,315.43218832872185,294.08661847975003,66.35876337880363,322.79976411294564,310.464484939446,12.335279173499657,12.471891979465692,-0.13661280596603476,314.5195,16.524317160825774,347.56813432165154,281.47086567834845
2016-07-12,326.98,326.98,310.53,320.81,35722,315.9443608688436,295.13459422564216,59.42214394398007,322.4936465571078,311.2308193883759,11.262827168731917,12.230079017318937,-0.9672518485870203,315.6505,16.116912814934285,347.8843256298686,283.41667437013143
2016-07-13,320.81,320.81,310.53,320.4,17631,316.36870745276326,296.12539445208756,58.98093469191104,322.17154708678356,311.9100179521999,10.261529134583668,11.836369040771885,-1.5748399061882168,316.8845,15.441264767873182,347.76702953574636,286.00197046425365
2016-07-14,322.87,326.57,319.17,324.1,49393,317.1050210286906,297.22243780690764,61.7416704971009,322.46823215035533,312.8129795853703,9.655252564985062,11.400145745614521,-1.7448931806294592,318.18,14.866481550259078,347.91296310051814,288.4470368994819
2016-07-17,324.1,335.21,318.76,332.33,43879,318.55501902595813,298.5992049517348,67.05336350363106,323.98542720414684,314.25868480126877,9.726742402878074,11.065465077067234,-1.3387226741891602,320.09250000000003,14.040341454461785,348.1731829089236,292.01181709107647
2016-07-18,332.33,347.55,334.39,337.68,27427,320.37644578539073,300.131785149706,69.97195095073954,326.092284557355,315.9935970382118,10.098687519143198,10.872109565482427,-0.7734220463392294,322.4165,12.798060410200513,348.012620820401,296.82037917959894
2016-07-19,339.32,350.01,333.97,344.67,29176,322.69011761535353,301.8783818105018,73.29994035256358,328.9503946254543,318.1177750353813,10.832619590072966,10.864211570400537,-0.03159198032757082,325.0285,11.633874891882956,348.2962497837659,301.7607502162341
2016-07-20,345.49,349.6,335.21,338.09,37917,324.15677308055797,303.2984452689135,65.89623968481601,330.35648775999977,319.5971991068345,10.759288653165243,10.843226986953479,-0.08393833378823601,326.941,10.34810681897067,347.63721363794133,306.2447863620586
2016-07-21,338.09,338.5,333.15,333.15,19256,325.0132708824096,304.46909447405415,60.92116961291771,330.78625887384595,320.601110284106,10.185148589739924,10.711611307510768,-0.5264627177708441,328.3805,8.949536580180318,346.2795731603606,310.48142683963937
2016-07-25,333.15,353.72,333.15,351.66,76807,327.5510546078944,306.3197182201697,70.04652740053866,333.99760366248506,322.9017687815797,11.095834880905386,10.788456022189692,0.30737885871569404,330.766,8.438830924269501,347.643661848539,313.888338151461
2016-07-26,351.66,370.17,349.6,366.06,82065,331.21857321666636,308.66247436839836,74.94766892637539,338.93028002210275,326.098674797759,12.831605224343775,11.197085862620508,1.6345193617232674,333.23400000000004,10.95218574676149,355.13837149352304,311.32962850647704
2016-07-27,366.06,375.1,361.94,364.41,51996,334.37966148174576,310.84865184414747,73.46435568329892,342.85023694177926,328.93655073866574,13.913686203113514,11.74040593071911,2.173280272394404,335.085,12.872499655016814,360.8299993100336,309.34000068996636
2016-07-28,364.41,370.99,357.83,366.06,90622,337.39683657872234,313.01380275222016,74.01812628372646,346.4209697199671,331.6864358691349,14.734533850832179,12.339231514741725,2.395302336090454,336.525,14.62077055352879,365.76654110705755,307.2834588929424
2016-07-31,366.06,373.05,359.06,361.53,53303,339.6952330950345,314.91639872272134,69.71648042563794,348.74543591689525,333.897070249199,14.848365667696271,12.841058345332636,2.0073073223636353,337.8205,15.648165009287258,369.1168300185745,306.5241699814255
2016-08-01,361.53,365.23,353.72,356.18,32348,341.26521089550744,316.53457916496757,64.91801817233446,349.88921500660365,335.5476576381472,14.34155736845645,13.141158149957398,1.2003992184990508,339.054,16.090622767706012,371.235245535412,306.87275446458796
2016-08-02,356.18,357.83,350.01,353.31,37834,342.41233366736384,317.9767525310473,62.435397826860935,350.41548962097227,336.86338670198813,13.552102918984133,13.223347103762746,0.3287558152213865,340.2675,16.210387142686542,372.68827428537304,307.8467257146269
2016-08-03,353.31,357.42,343.43,351.25,46959,343.25401617523397,319.28158576512385,60.64275412016508,350.54387583313036,337.9290617611001,12.614814072030242,13.101640497416247,-0.4868264253860044,341.5835,15.966240131833052,373.5159802636661,309.6510197363339
2016-08-04,351.25,351.25,338.09,339.73,57187,342.9183955871165,320.08348436256995,51.70259267851982,348.8802026280334,338.0624645936112,10.817738034422177,12.644860004817433,-1.8271219703952557,342.2825,15.53681430294507,373.35612860589015,311.2088713941099
2016-08-07,339.73,353.72,337.26,338.5,81581,342.4975960073911,320.805700662077,50.84077397761122,347.28324837756674,338.0948746237141,9.188373753852659,11.953562754624478,-2.7651890007718194,342.735,15.272952528812377,373.28090505762475,312.1890949423753
2016-08-08,338.5,337.26,309.3,309.3,47205,339.3359201971634,320.3544967145446,35.64888038118366,341.43967170409496,335.9619209478834,5.477750756211549,10.658400354941893,-5.180649598730344,341.81000000000006,16.717042989589324,375.2440859791787,308.3759140208214
2016-08-09,315.47,340.14,315.47,340.14,10651,339.41249922600497,321.1303988041703,51.972204680562605,341.2397222111573,336.2714082850772,4.9683139260801,9.520383069169535,-4.552069143089435,342.46799999999996,16.357730700931548,375.18346140186304,309.7525385981369
2016-08-10,346.72,367.29,337.26,351.25,70407,340.53988025209975,322.3115596353793,56.27514436700566,342.7797649479023,337.38093359729373,5.398831350608589,8.696072725457347,-3.297241374848758,343.98999999999995,15.63675932235484,375.2635186447096,312.7164813552903
2016-08-11,355.77,357.83,350.01,351.66,44946,341.5989392757093,323.46247886536446,56.430280105221485,344.1459549559173,338.4386422197164,5.70731273620089,8.098320727606055,-2.3910079914051643,345.553,14.68823019685411,374.9294603937082,316.1765396062918
2016-08-14,351.66,351.66,339.73,341.38,41864,341.57808791611797,324.1651267529972,51.49675567824714,343.7204234242377,338.65652057381146,5.0639028504262455,7.491437152170094,-2.427534301743848,346.417,13.843848757518263,374.1046975150365,318.72930248496345
2016-08-15,336.85,343.85,323.69,334.8,39982,340.9325557336306,324.58218060582084,48.56971921941202,342.3480505897396,338.37085238315876,3.9771982065808515,6.788589363052246,-2.8113911564713945,346.54049999999995,13.722046983633305,373.98459396726656,319.09640603273334
2016-08-16,333.15,345.9,326.57,341.38,38558,340.97516947328484,325.24091862127887,51.536257099703015,342.1991197297796,338.59375220662844,3.6053675231511875,6.151944995072035,-2.5465774719208474,346.7255,13.620871552220603,373.9672431044412,319.4837568955588
2016-08-17,341.79,343.02,337.68,339.32,28741,340.8175342853529,325.7930394596601,50.55314022399914,341.7561782328905,338.6475483394708,3.1086298934196748,5.543281974741563,-2.4346520813218886,346.45799999999997,13.715569178664229,373.8891383573284,319.0268616426715
2016-08-21,341.38,341.38,330.27,335.21,17065,340.2834834010336,326.1623320298695,48.56267689870692,340.7490738893689,338.3929151291396,2.3561587602292775,4.9058573318391065,-2.549698571609829,346.31399999999996,13.822748755507424,373.95949751101483,318.6685024889851
2016-08-22,329.45,331.1,322.05,324.93,33657,338.8212468866495,326.11400528360014,43.90609901955211,338.3153702140813,337.39566215661074,0.9197080574705865,4.1086274769654025,-3.188919419494816,345.903,14.347025035470189,374.5970500709404,317.20894992905966
2016-08-23,321.64,331.1,318.76,324.93,24827,337.4982709926829,326.0675737038511,43.90609901955211,336.25608248883805,336.47227977463956,-0.21619728580151332,3.2436625244120196,-3.459859810213533,344.5665,15.012108192003165,374.5907163840063,314.5422836159937
2016-08-24,325.34,333.15,324.93,333.15,14909,337.08414994576066,326.34531591154325,48.48678942783201,335.7782236444014,336.2261849765181,-0.44796133211667666,2.5053377531062804,-2.953299085222957,342.921,14.31987389682746,371.5607477936549,314.2812522063451
2016-08-28,335.62,345.49,324.93,343.43,41915,337.688516617593,327.01530352285533,53.59094605482028,336.9554200068012,336.7598009041834,0.19561910261779758,2.0433940230085836,-1.847774920390786,341.872,13.401867348285487,368.675734696571,315.06826530342903
2016-08-29,343.85,371.4,343.43,370.17,93824,340.7819912254413,328.70764456117473,63.67370622223321,342.06535539037026,339.2346304668365,2.830724923533751,2.200860203113617,0.6298647204201338,342.0775,13.817349458294075,369.71219891658814,314.44280108341184
2016-08-30,377.57,377.57,359.06,367.29,64649,343.306563489685,330.2206781077953,62.108598552845024,345.9460699456979,341.31280598781154,4.633263957886356,2.6873409540681648,1.9459230038181916,342.3655,14.295886959099686,370.95727391819935,313.77372608180065
2016-08-31,369.76,369.76,362.77,366.88,73032,345.55165268114354,331.6582985741563,61.87542550949391,349.1666745694367,343.20667221093663,5.960002358500049,3.3418732349545417,2.618129123545507,342.9005,15.021863180745605,372.94422636149125,312.8567736385088
2016-09-01,366.06,373.05,364.0,365.64,61054,347.4648286162727,332.9909143163462,61.12796362507539,351.7010323279849,344.8684001953117,6.8326321326731545,4.040025014498265,2.7926071181748897,343.517,15.708859082829603,374.9347181656592,312.0992818343408
2016-09-04,372.64,379.22,370.17,377.98,84273,350.37103541472294,334.7551921862934,65.58364278912754,355.74395043137184,347.3211112919553,8.422839139416567,4.916587839481926,3.5062512999346414,344.85350000000005,17.4427956097696,379.73909121953926,309.96790878046085
2016-09-05,380.45,386.62,378.39,381.27,82839,353.3137939466541,336.57930229663486,66.68023209978867,359.67103498039154,349.83584378884746,9.835191191544084,5.900308509894357,3.934882681649727,346.9305,19.186623485894025,385.30374697178803,308.55725302821196
2016-09-06,384.98,384.98,370.17,377.16,75501,355.5848611898299,338.1707022065708,63.93942517811609,362.3616449834082,351.859855360044,10.501789623364232,6.8206047325883326,3.6811848907758993,348.8635,20.21258526004832,389.2886705200966,308.43832947990336
2016-09-07,371.4,378.39,362.77,370.17,45047,356.97392202889375,339.4255766298425,59.46283835096218,363.56293037057617,353.2161623704111,10.34676800016507,7.525837386103682,2.820930614061389,351.907,18.44745314043123,388.80190628086245,315.0120937191375
2016-09-08,370.17,374.28,366.47,366.47,25664,357.8783104070943,340.48614225220166,57.180725190465786,364.01017185202596,354.19792812075104,9.812243731274918,7.983118655137929,1.8291250761369895,353.2235,18.50294038510424,390.2293807702085,316.2176192297915
2016-09-11,367.7,373.87,362.35,366.47,20836,358.6965665587996,341.5051170658408,57.180725190465786,364.3886069517143,355.1069704821769,9.281636469537375,8.24282221801782,1.0388142515195558,353.9845,18.729107510980842,391.4427150219617,316.52628497803835
2016-09-12,362.77,364.0,361.12,363.18,22653,359.1235602198663,342.35511247502353,55.00377941180413,364.20266742068134,355.70497266868233,8.497694751999006,8.293796724814058,0.2038980271849482,354.56050000000005,18.830725584868354,392.22195116973677,316.8990488302633
2016-09-14,366.06,366.06,357.83,359.89,41950,359.19655448464096,343.04275512306185,52.837450046174034,363.53918012519193,356.01497469322436,7.524205431967573,8.139878466244761,-0.6156730342771883,355.486,18.602313495057675,392.69062699011533,318.28137300988465
2016-09-18,361.12,365.23,353.72,356.18,44523,358.90926358134186,343.55794119666723,50.425624263013376,362.40699856747005,356.02719879002257,6.379799777447488,7.787862728485307,-1.4080629510378193,356.555,17.954021833560954,392.4630436671219,320.6469563328781
2016-09-20,363.18,368.11,351.66,356.18,48920,358.6493337164522,344.05292389483714,50.425624263013376,361.44899878785924,356.03851739816906,5.410481389690176,7.312386460726281,-1.9019050710361052,357.295,17.597097697302363,392.48919539460474,322.1008046053953
2016-09-21,350.43,354.95,345.08,351.66,29639,357.9836828863139,344.35124060484355,47.370387225867226,359.94299897434246,355.71418277608245,4.228816198260006,6.695672408233026,-2.4668562099730202,357.91200000000003,17.144184099018403,392.2003681980368,323.62363180196326
2016-09-22,351.66,357.83,344.67,346.31,27002,356.8719035638078,344.42805469877123,43.97420014180778,357.8456145167513,355.01757664452083,2.8280378722304818,5.922145501032517,-3.0941076288020355,358.467,16.539590493243573,391.5461809864871,325.38781901351285
2016-09-25,351.66,357.83,344.67,346.31,27002,355.8660079863023,344.50185647529,43.97420014180777,356.0709045910973,354.37257096714893,1.698333623948372,5.077383125615689,-3.3790495016673168,359.536,14.863962211724076,389.26392442344815,329.80807557655186
2016-09-26,333.56,339.32,332.33,336.03,25579,353.9768643685592,344.1696268095924,37.91633354173055,352.98768850015927,353.0138620066194,-0.026173506460111184,4.056671799200529,-4.08284530566064,360.091,13.662484901517468,387.41596980303495,332.76603019696506
2016-09-27,339.32,345.49,337.26,339.32,18441,352.58097252393446,343.97944536607895,40.73044249787726,350.88496719244245,351.99950185798093,-1.1145346655384856,3.022430506252726,-4.1369651717912115,360.3995,13.079352742314002,386.558205484628,334.240794515372
2016-09-28,340.14,340.14,329.45,329.86,18873,350.4170703787978,343.4257416262327,35.71717807212836,347.6503568551436,350.35953875738977,-2.7091819022461436,1.8761080245529522,-4.585289926799096,359.721,14.300919698065176,388.32283939613035,331.11916060386966
2016-09-29,331.92,341.38,326.98,337.26,35999,349.16401605700753,343.1839478369687,41.756324050168104,346.05184041589075,349.38920255313866,-3.337362137247908,0.8334139921927803,-4.170776129440688,358.07550000000003,14.915501111965206,387.90650222393043,328.24449777606964
2016-10-02,341.38,341.38,329.04,333.15,21143,347.63887167062586,342.79045968649933,39.53478108075704,344.0669418903691,348.1862986603135,-4.119356769944432,-0.15714016023466204,-3.9622166097097695,356.3685,15.736427493657548,387.84135498731507,324.8956450126849
2016-10-03,337.26,338.09,334.39,336.03,18176,346.53326484485194,342.52534362036215,41.868659073493916,342.83048929185077,347.2858320928829,-4.455342801032145,-1.0167806883941588,-3.4385621126379866,354.82599999999996,16.158173229212732,387.14234645842544,322.5096535415745
2016-10-04,335.21,338.5,333.56,337.26,22434,345.65009676438984,342.31885955681855,42.88265873429249,341.97349093925834,346.5431778637805,-4.569686924522159,-1.727361935619759,-2.8423249889024005,353.40700000000004,16.402816221612195,386.21263244322444,320.60136755677564
2016-10-05,337.26,339.32,334.39,335.21,15902,344.65580183444797,342.0400807506688,41.5808294111299,340.9329538716802,345.70368320720416,-4.770729335523981,-2.3360354156006036,-2.4346939199233777,351.2685,15.807776325859548,382.8840526517191,319.6529473482809
2016-10-06,337.26,339.32,333.97,335.21,16350,343.7562016597386,341.772234446721,41.5808294111299,340.05249942988326,344.92637334000386,-4.873873910120608,-2.8436031145046043,-2.0302707956160035,348.9655,14.508689401799176,377.9828788035984,319.94812119640164
2016-10-16,335.62,338.91,331.92,334.39,4316,342.8641824540492,341.4827350566535,41.00337027231552,339.18134567143966,344.1459012407443,-4.96455556930465,-3.2677936054646137,-1.6967619638400366,346.827,13.22993221130686,373.2868644226137,320.3671355773863
2016-10-17,333.56,334.8,329.04,334.8,13733,342.09616507747313,341.2206670152161,41.441269772642485,338.50729249121815,343.45361225994844,-4.946319768730291,-3.6034988381177495,-1.3428209306125414,345.0585,12.274904340928,369.608308681856,320.508691318144
2016-10-18,333.15,333.15,330.27,330.68,9737,341.0089112605709,340.8073075244233,38.360038322424344,337.30309364641533,342.5074187592115,-5.204325112796141,-3.9236640930534277,-1.2806610197427135,343.269,11.578189523045685,366.4253790460914,320.1126209539086
2016-10-19,329.04,331.51,329.04,330.68,18981,340.02520542623085,340.4101582097401,38.360038322424344,336.28415616235145,341.63131366593655,-5.347157503585095,-4.208362775159761,-1.1387947284253332,341.47950000000003,10.52111984984122,362.5217396996825,320.4372603003176
2016-10-20,330.27,333.15,326.16,329.04,24274,338.97899538563746,339.9642696524954,37.087035442114555,335.1696705989128,340.69862376475606,-5.528953165843291,-4.472480853296467,-1.0564723125468234,339.7725,9.538668601235546,358.84983720247106,320.6951627975289
2016-10-23,331.92,331.92,326.16,326.16,14378,337.7581386822434,339.4229257445544,34.89690212254705,333.78356742984926,339.62168867107044,-5.838121241221188,-4.745608930881412,-1.0925123103397762,338.086,8.743233413692128,355.5724668273843,320.59953317261574
2016-10-24,320.4,322.87,314.23,318.34,39888,335.90879214107736,338.5961443428072,29.758193981156168,331.4076339791032,338.0452672880282,-6.63763330892499,-5.124013806490128,-1.513619502434862,336.194,8.715856330787847,353.62571266157573,318.7622873384243
2016-10-25,313.0,313.0,296.96,299.01,38957,332.39462146097475,337.0437465254422,21.378140530121314,326.4233825977027,335.15376600743355,-8.730383409730848,-5.845287727138272,-2.885095682592576,333.33549999999997,10.913888050021823,355.1632761000436,311.5077238999563
2016-10-26,301.07,302.3,287.91,294.9,26810,328.8237051313581,335.391050583268,20.08314969480851,321.57363142882537,332.17200556243847,-10.598374133613106,-6.795905008433239,-3.802469125179867,330.4975,13.065747858628386,356.62899571725677,304.36600428274323
2016-10-27,296.13,297.78,293.67,295.31,10563,325.6319236902764,333.8192446780418,20.599857199172604,317.5330727474676,329.4414866318875,-11.908413884419929,-7.818406783630577,-4.090007100789352,327.9475,14.69270598666278,357.33291197332557,298.5620880266744
2016-11-03,294.08,300.25,289.55,289.55,6334,322.19555000548814,332.0831958671382,18.764322462796642,313.2279846324726,326.48656169619215,-13.258577063719542,-8.90644083964837,-4.352136224071172,325.10949999999997,16.34776388217543,357.8050277643508,292.4139722356491
2016-11-07,292.02,295.72,289.55,290.79,16526,319.20454524306075,330.4638548527406,20.408500971889353,309.77598699670756,323.84237194091867,-14.066384944211109,-9.938429660560919,-4.12795528365019,322.84749999999997,17.820709677817113,358.4889193556342,287.2060806443657
2016-11-08,287.91,290.79,283.8,287.09,16574,316.146017124674,328.7629193683194,19.16222878323211,306.28583515106027,321.1199740193691,-14.834138868308855,-10.917571502110507,-3.9165673661983487,320.236,19.06337502564575,358.36275005129147,282.1092499487085
2016-11-09,285.85,289.14,275.57,280.92,19153,312.79115835089556,326.8867264519147,17.26847345491079,302.38339897397407,318.1421981660825,-15.758799192108427,-11.885817040110092,-3.8729821519983343,317.789,20.822815649641175,359.43463129928233,276.14336870071764
2016-11-10,280.92,286.26,275.57,279.27,28813,309.5986670793817,325.01940384595724,16.790584358868614,298.8274914395165,315.26277607970604,-16.435284640189536,-12.795710560125983,-3.6395740800635537,314.88949999999994,21.974452744517848,358.8384054890356,270.9405945109643
2016-11-13,277.63,284.21,277.63,282.97,27774,307.062603548012,323.37040761670403,22.0031630928857,296.3878773718986,312.87071859232043,-16.482841220421847,-13.533136692185156,-2.9497045282366905,312.3805,22.63458217558155,357.6496643511631,267.11133564883687
2016-11-14,283.8,292.43,283.8,287.5,36940,305.1994984482013,321.96372496506854,27.953913212765244,295.02051162237575,310.9914061040004,-15.970894481624669,-14.020688250073059,-1.9502062315516095,309.954,22.56702797399215,355.0880559479843,264.8199440520157
2016-11-15,287.5,292.02,287.5,290.79,29778,303.82716526265835,320.7412259468305,32.01101285514498,294.3696636804718,309.49500565185224,-15.125341971380465,-14.24161899433454,-0.8837229770459238,307.6305,21.992597432820503,351.615694865641,263.645305134359
2016-11-16,291.2,291.2,284.21,287.91,27167,302.3112447614528,319.4537268900921,30.397316578510953,293.3758692680915,307.89611634430764,-14.520247076216151,-14.297344610710864,-0.22290246550528714,305.2655,21.406119753349405,348.0777395066988,262.4532604933012
2016-11-17,283.8,285.85,277.63,281.33,25873,300.3130309746478,317.95867877675516,27.04305984971461,291.522658611462,305.92825587435897,-14.405597262896947,-14.318995141148081,-0.08660212174886617,302.5715,20.821673494348694,344.2148469886974,260.92815301130264
2016-11-20,279.68,283.8,266.11,275.16,25857,297.9175042151575,316.28029921688244,24.331754489682737,289.0053265173909,303.6491258095916,-14.643799292200697,-14.383955971358604,-0.2598433208420925,299.61,20.262570367422242,340.1351407348445,259.0848592651555
2016-11-21,271.46,279.27,254.59,277.63,30478,295.98536095657107,314.76460120837726,27.466883480748336,287.25527628394616,301.7217831570293,-14.46650687308312,-14.400466151703508,-0.06604072137961126,296.7515,19.032143523661887,334.8157870473238,258.68721295267625
2016-11-22,272.28,274.75,257.06,265.29,30745,293.0619932464215,312.824420768833,22.460123431080447,283.87600300949293,299.0231325528049,-15.147129543311962,-14.5497988300252,-0.5973307132867625,293.482,18.506211645652577,330.49442329130517,256.4695767086949
2016-11-23,263.64,265.29,255.0,261.17,17338,290.0246605562861,310.79875720927095,21.078607045037387,280.38277177726326,296.2191968081527,-15.836425030889416,-14.807124070198043,-1.0293009606913728,290.0065,17.660407182228532,325.3273143644571,254.68568563554294
2016-11-24,266.11,276.39,259.12,265.29,33917,287.6689785985446,309.01410006380934,25.981674213025244,278.0608068884535,293.92814519273395,-15.867338304280452,-15.019166917014525,-0.8481713872659267,286.819,15.910932653202371,318.64086530640475,254.99713469359529
2016-11-27,261.59,265.29,252.13,257.06,27085,284.7538377796356,306.9766843750325,22.918656184758206,274.8299135209991,291.19717147475365,-16.367257953754518,-15.288785124362525,-1.078472829391993,283.364,14.343788459414288,312.0515769188286,254.6764230811714
2016-11-28,257.06,274.34,238.55,268.58,27312,283.21347227681315,305.47093204659984,34.549988741404874,273.86838836392235,289.52182543958673,-15.653437075664385,-15.361715514622897,-0.29172156104148783,280.876,12.097377445241506,305.070754890483,256.68124510951696
2016-11-29,273.92,273.92,248.84,273.51,19614,282.28933205997384,304.2175621624195,38.80568292334317,273.81325169254967,288.33576429591363,-14.522512603363964,-15.193874932371111,0.6713623290071471,279.601,11.409801372873579,302.42060274574715,256.78139725425285
2016-11-30,278.86,293.67,274.34,287.91,44119,282.82463376854776,303.57804992075603,49.196596850987476,275.9819822013882,288.30422619992004,-12.32224399853186,-14.619548745603261,2.2973047470714008,279.25149999999996,11.01679305472029,301.28508610944056,257.2179138905594
2016-12-01,287.91,294.08,279.68,286.67,26630,283.19085912392416,302.9149891395499,48.43392763008659,277.62629263194384,288.18317240733336,-10.556879775389518,-13.807014951560513,3.2501351761709945,278.8195,10.51177558991052,299.84305117982103,257.795948820179
2016-12-04,287.91,287.91,277.63,278.86,18143,282.77839635021706,301.9716562321166,43.82560275507203,277.81609376549096,287.4925670438272,-9.676473278336232,-12.980906616915657,3.3044333385794253,278.285,10.204733937582567,298.6944678751652,257.8755321248349
2016-12-05,278.86,279.68,268.17,269.81,6260,281.5433109835297,300.7104148112492,39.17427832249232,276.5843870323385,286.18274726280293,-9.598360230464436,-12.304397339625414,2.7060371091609774,277.236,9.926142728859578,297.08828545771917,257.3837145422808
2016-12-06,269.4,278.86,266.93,269.4,13852,280.38680517557447,299.4825554068865,38.97247575313143,275.479096719671,284.93958079889165,-9.460484079220635,-11.735614687544459,2.275130608323824,276.35150000000004,9.789071927947731,295.9296438558955,256.7733561441046
2016-12-07,271.46,274.75,271.46,273.51,4768,279.7318713493293,298.46402382230275,42.18754090533049,275.17615876279854,284.0929451841589,-8.91678642136037,-11.171849034307643,2.255062612947272,275.981,9.74719981382009,295.4753996276402,256.4866003723598
2016-12-08,271.46,273.51,271.46,271.46,5826,278.9440740779646,297.40504249593795,41.026557983781935,274.6044420300603,283.1571714668138,-8.55272943675351,-10.648025114796816,2.095295678043307,275.5905,9.76492729107638,295.1203545821528,256.06064541784724
2016-12-11,271.46,273.51,266.52,266.52,8199,277.76082892768227,296.19386435884235,38.291880669259605,273.3606817177433,281.92478839519794,-8.564106677454618,-10.231241427328378,1.6671347498737603,274.76800000000003,9.803353668918781,294.3747073378376,255.16129266216245
2016-12-12,262.41,267.34,261.59,263.23,23867,276.3769404583792,294.9011637957505,36.54477209224374,271.80211529962895,280.5399892548129,-8.737873955183943,-9.932567932899492,1.1946939777155485,273.5545,9.645230877704256,292.8449617554085,254.26403824459152
2016-12-14,265.29,273.1,263.64,270.22,12540,275.7905651766288,293.9332750194466,42.54298928804418,271.5587129458399,279.77554560630824,-8.216832660468356,-9.589420878413264,1.3725882179449087,272.526,8.767401583498112,290.0608031669962,254.99119683300378
2016-12-15,270.22,276.8,270.22,275.98,7659,275.80860658837844,293.229225018684,46.989758150369205,272.23891095417224,279.494394079915,-7.255483125742785,-9.12263332787917,1.8671502021363846,271.9295,8.04142464139082,288.01234928278166,255.84665071721838
2016-12-18,273.51,273.51,267.76,271.46,7297,275.39445357996146,292.3755299199121,44.10512106985381,272.1190784996842,278.8992537776991,-6.7801752780148945,-8.654141717906315,1.8739664398914204,271.436,7.731023898962258,286.8980477979245,255.97395220207545
2016-12-19,269.4,269.81,266.93,267.34,11383,274.62736276282226,291.39374443285675,41.598388829681326,271.3838356535789,278.0430127571288,-6.659177103549894,-8.25514879503503,1.5959716914851363,271.04499999999996,7.730518127934618,286.5060362558692,255.58396374413073
2016-12-20,267.34,267.34,262.41,263.23,11858,273.54189964255346,290.2892838668624,39.20460307292496,270.12939939918215,276.94575255289703,-6.816353153714886,-7.967389666771001,1.1510365130561153,270.325,7.755477860333008,285.835955720666,254.81404427933398
2016-12-21,263.23,264.05,252.13,255.0,40645,271.77600443850076,288.9053903818874,34.876617330051786,267.80179949161567,275.32014125268245,-7.518341761066779,-7.877580085630156,0.35923832456337745,269.8105,8.419937163786654,286.6503743275733,252.97062567242668
2016-12-22,255.0,250.11,244.72,246.19,11464,269.33924211102453,287.2302770335781,30.939142508299497,264.4769072621363,273.162353011743,-8.685445749606686,-8.039153218425463,-0.6462925311812224,269.06149999999997,9.784685281226075,288.6308705624521,249.49212943754782
2016-12-26,244.72,244.72,237.38,237.38,7798,266.29550476711745,285.2753642087319,27.585278218991917,260.3081522987307,270.5118083442065,-10.203656045475782,-8.472053783835527,-1.7316022616402549,267.666,12.073472617794877,291.8129452355897,243.51905476441024
2016-12-27,240.81,240.81,232.0,235.42,10556,263.35498050358245,283.32025188682087,26.886975065626444,256.47920579123365,267.9124151335245,-11.433209342290866,-9.064284895526594,-2.3689244467642716,266.584,13.904767981940243,294.3935359638805,238.77446403611953
2016-12-28,235.42,239.83,232.49,239.34,6545,261.06783950324126,281.5955361265534,30.66721989977411,253.84240490027463,265.79593993844867,-11.953535038174039,-9.642134924056084,-2.311400114117955,265.122,15.16403556896561,295.4500711379312,234.79392886206878
2016-12-29,243.74,246.68,238.85,244.23,8932,259.46423574102784,280.1302209843356,35.17027082934254,252.36357337715546,264.198462905971,-11.834889528815523,-10.080685845007972,-1.7542036838075514,263.658,15.714999070616784,295.0879981412336,232.22800185876645
2017-01-01,245.21,252.55,245.21,251.09,6252,258.66668947997755,278.9913887888715,40.96311223591328,252.16763901143923,263.22746565367686,-11.059826642237624,-10.276514004453903,-0.7833126377837214,261.817,14.85769731397492,291.5323946279498,232.10160537205016
2017-01-02,251.09,256.47,247.17,254.51,3921,258.27081429140827,278.03133432656284,43.66568338070106,252.5280022404486,262.5817274571082,-10.053725216659586,-10.23195624689504,0.1782310302354535,260.209,13.723356156951557,287.6557123139031,232.7622876860969
2017-01-03,252.06,252.06,246.19,246.19,4863,257.1202605493694,276.78265454905056,38.989579642792805,251.55292497268726,261.3675254232483,-9.814600450561045,-10.148485087628242,0.3338846370671966,258.5755,13.32505691703115,285.2256138340623,231.92538616593768
2017-01-04,244.72,246.68,237.87,244.72,10629,255.93928335419136,275.52529554712703,38.21098607247038,250.50170574612,260.1343753918966,-9.632669645776588,-10.045321999257911,0.4126523534813238,257.321,13.392596501524505,284.10619300304904,230.535806996951
2017-01-05,244.72,249.62,244.23,244.72,10683,254.87078017760172,274.3172447413574,38.21098607247038,249.6122125544092,258.99256980731167,-9.380357252902456,-9.912329049986822,0.5319717970843651,256.08700000000005,13.358023451331826,282.8030469026637,229.37095309733638
2017-01-08,244.72,244.72,242.28,244.23,7878,253.85737254163965,273.1373527907159,37.9182617615498,248.78417985373088,257.8990461178812,-9.114866264150322,-9.752836492819522,0.6379702286692002,254.623,12.946165089567316,280.5153301791346,228.73066982086536
2017-01-09,244.72,247.17,242.76,246.19,9804,253.12714658529302,272.08059385774663,39.901517536874195,248.3850752608492,257.0317093684085,-8.646634107559294,-9.531596015767477,0.884961908208183,253.35950000000003,12.439671037705619,278.23884207541124,228.48015792458878
2017-01-10,244.72,249.13,244.72,248.64,3048,252.6997992914556,271.16135488293304,42.37943626792468,248.42429445148775,256.41010126704487,-7.985806815557112,-9.222438175725404,1.2366313601682926,252.46549999999996,12.081419172040299,276.6283383440806,228.30266165591937
2017-01-11,251.09,253.04,247.66,250.11,5515,252.4531517398884,270.33581155419057,43.87470121528104,248.68363376664348,255.9434270991156,-7.259793332472128,-8.82990920707475,1.570115874602621,251.8095,11.819520639937625,275.44854127987526,228.17045872012477
2017-01-12,248.64,250.6,247.17,249.62,9711,252.18332776466093,269.5234267873596,43.469760610827244,248.8276901102368,255.47502509177372,-6.647334981536915,-8.393394361967182,1.7460593804302675,250.7795,10.999879652452485,272.779259304905,228.77974069509503
2017-01-15,249.62,249.62,244.72,248.64,3205,251.84586797755037,268.7044688741298,42.62247372295834,248.7988147086619,254.96872693682752,-6.169912228165629,-7.948697935206872,1.7787857070412434,249.4125,9.265351911970168,267.94320382394034,230.88179617605965
2017-01-16,248.15,249.62,246.19,246.68,1013,251.35388055111702,267.8407642123993,40.905211718754686,248.47284321502158,254.35474716372917,-5.881903948707588,-7.535339137907015,1.6534351891994268,248.17350000000002,7.683749273288075,263.5409985465762,232.80600145342387
2017-01-17,242.28,252.06,241.3,251.57,3211,251.37446335577255,267.2026950275993,46.67747446293101,248.94932887424903,254.14846959604552,-5.199140721796482,-7.0680994546849085,1.8689587328884265,247.385,6.297480281410605,259.9799605628212,234.7900394371788
2017-01-18,247.17,249.13,244.72,247.17,7043,250.97403827427038,266.417099144164,42.64141956179122,248.6755859705184,253.63154592226437,-4.955959951745967,-6.64567155409712,1.689711602351153,246.58199999999997,5.076223834807866,256.7344476696157,236.42955233038424
2017-01-19,247.17,249.62,244.72,244.72,8493,250.37841558148273,265.5662325110596,40.53945351588016,248.06703428274633,252.97143140950405,-4.904397126757715,-6.29741666862924,1.3930195418715252,246.06799999999998,4.684314924917892,255.43662984983575,236.6993701501642
2017-01-22,244.72,249.62,244.72,248.15,4273,250.16618552610342,264.88324300082195,44.6528627948395,248.0797982392469,252.61428834213336,-4.534490102886451,-5.944831355480683,1.4103412525942316,246.166,4.7074469558481775,255.58089391169636,236.75110608830363
2017-01-23,244.72,245.7,243.74,244.72,3278,249.64750119028406,264.09252758902505,41.55686602699449,247.5629062024397,252.0295262427161,-4.466620040276382,-5.649189092439823,1.1825690521634407,246.533,4.250352431209975,255.03370486241994,238.03229513758004
2017-01-24,244.72,244.72,238.36,238.36,13207,248.57250107692366,263.0834088600437,36.502962145725164,246.14707447898746,251.01696874325563,-4.869894264268169,-5.493330126805492,0.6234358625373231,246.67999999999998,3.8805276363995755,254.44105527279913,238.91894472720082
2017-01-25,242.76,242.76,230.04,231.02,9778,246.90083430769283,261.82602027729683,31.70999942082186,243.81983225145092,249.53571179931077,-5.715879547859856,-5.537840011016366,-0.1780395368434906,246.26399999999998,4.994788231116823,256.25357646223364,236.27442353776632
2017-01-26,227.59,236.89,220.25,225.14,15765,244.82837389743636,260.38735281544206,28.483475608676315,240.94601190507385,247.72862203639886,-6.782610131325015,-5.7867940350780955,-0.9958160962469194,245.3095,6.87434243745449,259.058184874909,231.56081512509104
2017-01-30,225.14,225.14,215.36,219.27,12136,242.39424305006148,258.77490760699334,25.674860710455533,237.6112408427548,245.62057595962855,-8.009335116873757,-6.231302251437228,-1.7780328654365292,243.7185,8.861183403801629,261.44086680760324,225.99613319239674
2017-01-31,223.19,227.59,209.48,224.17,14269,240.65860085481754,257.4178524067191,31.726768919852347,235.54335763617712,244.03164440706348,-8.488286770886361,-6.682699155327056,-1.8055876155593058,242.20149999999998,9.491138401578356,261.1837768031567,223.21922319684327
2017-02-01,228.08,236.89,222.7,236.4,16513,240.2530198210254,256.5936229005732,43.98611618316327,235.67514876907293,243.46633741394768,-7.791188644874751,-6.904397053236595,-0.8867915916381559,241.712,9.526996323468863,260.7659926469377,222.65800735306226
2017-02-02,240.81,240.81,230.04,235.91,8359,239.83939888568963,255.78250043388408,43.647946235232176,235.7112797276771,242.90660871661822,-7.195328988941128,-6.962583440377502,-0.23274554856362606,241.2715,9.584098274582908,260.43969654916583,222.10330345083418
2017-02-05,236.4,236.4,228.08,232.49,4034,239.13945613467158,254.86906904432,41.26343443837678,235.2156982311114,242.1350080709428,-6.9193098398314135,-6.9539287202682845,0.034618880436871,240.66,9.74136000447901,260.142720008958,221.17727999104198
2017-02-06,232.98,232.98,228.57,228.57,9297,238.13284126470285,253.8377330033663,38.656653365663196,234.1932831186327,241.13019265828038,-6.936909539647672,-6.950524884144163,0.0136153444964906,239.877,10.063349918340753,260.0036998366815,219.7503001633185
2017-02-07,226.61,228.08,222.21,227.59,2049,237.12876114425495,252.80841014048923,38.01016072607621,233.17739340807384,240.12721542433368,-6.949822016259844,-6.9503843105672996,0.0005622943074552467,238.94699999999997,10.305766449191687,259.55853289838336,218.3354671016166
2017-02-08,229.06,230.04,222.7,225.14,7900,235.98697436861164,251.72337444870533,36.37245221599257,231.94087134529323,239.01705131882747,-7.076179973534238,-6.975543443160688,-0.10063653037355014,237.77200000000002,10.480644114397453,258.73328822879495,216.81071177120512
2017-02-09,226.12,226.12,217.8,218.78,25538,234.34821490493434,250.43147741150122,32.46231416467482,229.9161219075558,237.51801048039582,-7.601888572840011,-7.100812469096552,-0.5010761037434586,236.20549999999997,10.87349625417219,257.95249250834433,214.45850749165558
2017-02-12,215.85,221.23,208.99,212.91,18631,232.30648015208345,248.9600469247757,29.328488328709184,227.29979546023952,235.6951948892554,-8.395399429015868,-7.359729861080416,-1.035669567935452,234.36999999999998,11.566229882041691,257.50245976408337,211.23754023591658
2017-02-13,209.48,222.21,202.14,218.29,15659,230.97157728045647,247.7572999865492,35.47659657273101,225.91367308174114,234.405921193755,-8.492248112013868,-7.586233511267107,-0.9060146007467615,232.85250000000002,11.586410313267548,256.0253206265351,209.67967937346492
2017-02-14,220.25,222.7,211.44,220.25,8912,229.95047468231778,246.67858234001787,37.6061919512663,225.04233876147327,233.35733443866204,-8.314995677188762,-7.731985944451439,-0.5830097327373229,231.531,11.432523274460335,254.39604654892068,208.66595345107933
2017-02-15,217.8,229.55,216.33,226.61,16433,229.63233423638275,245.89157911099755,44.058294465765954,225.2835174135543,232.85753188765005,-7.574014474095748,-7.700391650380301,0.1263771762845538,230.283,10.45001591537563,251.18303183075125,209.38296816924873
2017-02-16,231.02,236.89,225.63,234.93,20415,230.13687383291773,245.46171326350748,51.17176714109895,226.7675916576229,233.0110480441204,-6.243456386497513,-7.409004597603744,1.1655482111062305,229.671,9.743518169317214,249.15803633863442,210.18396366136557
2017-02-19,230.04,239.83,227.59,237.38,11530,230.82669537263985,245.14478333160523,53.06443939568148,228.40026986414244,233.3346741149263,-4.934404250783842,-6.914084528239764,1.9796802774559215,229.304,9.273758336523322,247.85151667304666,210.75648332695334
2017-02-20,241.3,248.15,231.51,232.49,11144,230.98510533715034,244.6485173186011,48.983313201510256,229.02945911581287,233.27210566196877,-4.242646546155896,-6.379796931822991,2.137150385667095,228.52100000000002,8.197452685215165,244.91590537043035,212.12609462956968
2017-02-21,236.89,240.81,225.63,232.0,14411,231.08176197170746,244.15249703159714,48.5801257726063,229.4864654056878,233.17787561293406,-3.691410207246264,-5.842119586907646,2.1507093796613823,227.885,7.321102519790916,242.52720503958182,213.24279496041817
2017-02-22,234.93,234.93,225.14,231.02,3579,231.0758798791639,243.6374971480051,47.7338728598381,229.72239380481275,233.01803297493893,-3.2956391701261794,-5.332823503551354,2.0371843334251745,227.51800000000003,6.942550418672905,241.40310083734585,213.6328991626542
2017-02-23,232.49,232.49,227.59,229.06,2331,230.88389131924353,243.06583059318137,46.00769057820972,229.6204870656108,232.72484534716568,-3.1043582815548803,-4.8871304591520595,1.7827721775971792,227.42,6.904242784047974,241.22848556809595,213.61151443190403
2017-02-26,225.14,225.14,220.25,220.25,5816,229.87113976502988,242.1710921385468,39.15378315384566,228.17887367090145,231.80078272885711,-3.621909057955662,-4.6340861789127805,1.0121771209571184,227.17549999999997,7.073738291814208,241.3229765836284,213.02802341637155
2017-02-28,216.33,217.8,210.46,217.8,17909,228.7215074064556,241.21536303507438,37.481537569313076,226.58212387537816,230.76368771190474,-4.181563836526578,-4.54358171043554,0.3620178739089619,227.102,7.167223348434299,241.43644669686861,212.7675533031314
2017-03-01,216.82,222.7,216.82,221.72,6724,228.05469717726933,240.45083899448323,41.76702265529166,225.83410481762766,230.09378491843032,-4.259680100802655,-4.4868013885089635,0.2271212877063089,226.9795,7.240536091669101,241.4605721833382,212.4984278166618
2017-03-02,222.7,229.55,219.27,222.21,5332,227.49805935086275,239.73551197509175,42.29945728448392,225.27655023030033,229.50980085039845,-4.233250620098119,-4.436091234826795,0.2028406147286761,226.27000000000004,6.958585760734713,240.18717152146945,212.35282847853063
2017-03-05,223.19,230.53,222.7,230.53,5575,227.78681560316153,239.3745115054803,50.56454984173415,226.08477327179259,229.58537115777636,-3.5005978859837796,-4.248992565058192,0.748394679074412,226.00099999999998,6.664071696716181,239.32914339343233,212.67285660656762
2017-03-06,232.0,232.49,225.63,225.63,6729,227.5814045933366,238.835511054285,46.353345238119125,226.01480815305527,229.2923807016448,-3.277572548589518,-4.054708561764457,0.777136013174939,225.658,6.486685634924988,238.63137126984995,212.68462873015002
2017-03-07,225.14,225.14,220.25,223.68,14584,227.20984225111405,238.2411772874503,44.75587255532034,225.65560689873905,228.87664879781926,-3.2210418990802054,-3.887975229227607,0.6669333301474016,225.41350000000003,6.463264023860678,238.34002804772138,212.48697195227868
2017-03-09,225.14,229.06,223.68,225.63,4004,227.05938108434128,237.74662131539344,46.73282712477368,225.6516673758561,228.6361562942771,-2.9844889184209933,-3.7072779670662843,0.722789048645291,225.31550000000001,6.443354369142076,238.20220873828416,212.42879126171587
2017-03-13,225.63,230.04,222.7,223.19,4313,226.6908686001183,237.17577342067213,44.582923401122954,225.2729493180321,228.2327373095158,-2.959787991483722,-3.5577799719497722,0.5979919804660501,225.218,6.460879522987009,238.13975904597402,212.29624095402596
2017-03-14,223.68,225.63,220.74,222.7,7299,226.3107858762975,236.60809603162616,44.143728883624,224.87711096141177,227.82290491621833,-2.945793954806561,-3.4353827685211304,0.4895888137145694,225.414,6.313062814932989,238.04012562986597,212.787874370134
2017-03-15,220.74,226.61,220.74,225.14,5816,226.19928245950726,236.15836677548396,46.946458341675395,224.91755542888689,227.62417121872068,-2.7066157898337906,-3.2896293727836627,0.5830135829498722,226.02550000000002,5.588931236689834,237.20336247337968,214.84763752662036
2017-03-16,225.14,227.1,223.68,224.17,4035,226.00601746336372,235.6882347450728,45.95916110179712,224.80254690136582,227.36830668400063,-2.5657597826348137,-3.144855454753893,0.5790956721190792,226.3195,5.308201672885671,236.93590334577135,215.70309665422866
2017-03-19,224.17,229.06,225.14,226.61,16399,226.06353960971003,235.33222553938367,48.871937832158864,225.080616608848,227.31213581851912,-2.23151920967112,-2.9621882057373385,0.7306689960662185,226.6375,5.1123492128091526,236.8621984256183,216.4128015743817
2017-03-20,226.61,239.83,226.61,231.51,18743,226.58225012307096,235.1823343417608,54.209593459293096,226.0697525151791,227.62308872085103,-1.5533362056719398,-2.680417805724259,1.1270816000523194,226.8825,5.2270862115698815,237.33667242313976,216.42832757686023
2017-03-21,234.93,242.28,230.53,240.32,15047,227.89060725420705,235.38381142639764,61.90930752883045,228.2620982820746,228.56360066745466,-0.30150238538007557,-2.2046347216554225,1.903132336275347,227.152,5.774160772926653,238.70032154585328,215.6036784541467
2017-03-22,244.72,257.94,239.83,247.17,29378,229.72673989666353,235.84601489987224,66.61051260735182,231.1710062386785,229.9418524698654,1.2291537688130916,-1.5178770235617198,2.7470307923748116,227.6415,6.97662961532999,241.59475923065997,213.68824076934004
2017-03-23,247.17,253.53,244.72,250.11,9340,231.66800276364796,236.40538686458314,68.41248146353041,234.08469758657412,231.43578932394945,2.6489082626246727,-0.6845199663244415,3.3334282289491144,228.52250000000004,8.555072902579298,245.63264580515863,211.41235419484144
2017-03-26,250.11,269.68,249.62,263.81,23518,234.72914535758625,237.48007757577597,75.14416640632312,238.6578210347935,233.83387900365688,4.823942031136625,0.41717243316777175,4.406769597968853,230.113,11.637319776433594,253.3876395528672,206.8383604471328
2017-03-28,263.81,284.86,267.73,281.92,23850,239.22351246638758,239.2228196316279,80.9297505328058,245.31354087559453,237.39581389227487,7.917726983319653,1.9172833431981482,6.000443640121505,232.658,16.42642146376646,265.5108429275329,199.80515707246707
2017-03-29,281.92,294.65,278.0,282.9,32073,243.38317794577924,240.93565023430918,81.18497133724873,251.09607304858,240.76649434469894,10.329578703881054,3.5997424153347297,6.729836288546325,235.35,19.858837088972233,275.06767417794447,195.63232582205552
2017-03-30,282.9,282.9,274.09,278.0,17496,246.6800181414193,242.3891541466892,75.72777494831826,255.23513873341383,243.52453180064717,11.710606932766666,5.221915318821118,6.488691613945548,238.2375,21.66412772910971,281.5657554582194,194.9092445417806
2017-04-02,281.43,303.46,281.43,303.46,17493,252.08763546128415,244.7840892781916,82.36200091461495,262.65434815904246,247.96419611171032,14.690152047332134,7.115562664523322,7.574589382808812,242.5205,25.533008043253794,293.5865160865076,191.45448391349242
2017-04-03,309.33,327.44,291.71,293.18,24220,256.0011939887809,246.68196813002723,73.61306979681956,267.35060228842053,251.31351491825032,16.037087370170212,8.899867605652702,7.137219764517511,246.0935,27.400684831050228,300.89486966210046,191.29213033789955
2017-04-04,291.71,303.46,288.28,290.73,31520,259.30869932318274,248.4093419288497,71.65936598951636,270.9474327055866,254.2332545539355,16.71417815165111,10.462729714852385,6.251448436798727,249.51949999999997,28.518137437335486,306.55577487467093,192.483225125329
2017-04-06,290.73,296.11,288.77,289.75,17687,262.20787081621296,250.03054420614973,70.84936706287947,273.8401353662656,256.8641245869773,16.976010779288288,11.765385927739565,5.210624851548722,252.48050000000003,29.500170111017418,311.4808402220349,193.48015977796518
2017-04-09,295.14,305.9,294.65,303.46,26423,266.13664502419266,252.12581698237915,75.09125666926428,278.3970376176094,260.3156709138679,18.08136670374148,13.02858208293995,5.05278462080153,256.37199999999996,30.873276913350775,318.1185538267015,194.6254461732984
2017-04-10,309.33,327.44,303.46,326.46,50634,271.88172645046,255.0408829830702,80.27651210636577,285.7913395225925,265.215250846174,20.57608867641852,14.538083401635664,6.038005274782858,261.51099999999997,33.58053930478211,328.6720786095642,194.34992139043575
2017-04-11,329.4,331.84,318.63,323.03,41284,276.75299059803524,257.70712286608705,77.67948985793193,291.52036421142446,269.4978248575685,22.02253935385596,16.034974592079724,5.9875647617762375,266.381,35.12998642635383,336.64097285270765,196.1210271472923
2017-04-12,322.05,327.93,315.69,318.14,23128,280.6946105410795,260.0770396164366,74.00378581977019,295.6156927942822,273.10094894219304,22.51474385208917,17.330928444081614,5.183815408007554,271.1285,35.40068350143024,341.9298670028604,200.3271329971395
2017-04-13,311.78,322.54,311.78,315.2,14226,283.9808381085957,262.2387243373607,71.80387435219468,298.6286631336234,276.21939716869724,22.409265964926135,18.346595948250517,4.062670016675618,275.7535,34.77758235521407,345.3086647104281,206.19833528957184
2017-04-16,317.16,317.16,298.56,303.46,21841,285.83599638396754,263.8552449515818,63.665114395168935,299.37194572845056,278.23721960064563,21.134726127804925,18.9042219841614,2.2305041436435253,279.66949999999997,33.14985678702115,345.96921357404227,213.36978642595767
2017-04-18,298.56,305.9,290.24,296.11,27003,286.8144729188278,265.1201373064218,59.145165366382095,298.8701079240736,279.56112925985707,19.30897866421651,18.98517332017242,0.32380534404408934,283.2665,30.617052743270733,344.5006054865415,222.03239451345854
2017-04-19,296.11,308.84,298.56,308.84,23771,288.91214216465374,266.8346417257778,63.92258289801047,300.4039374742161,281.7299344998677,18.67400297434841,18.92293925100762,-0.24893627665920803,287.37800000000004,28.01938306545009,343.4167661309002,231.33923386909987
2017-04-20,310.8,313.24,304.43,306.88,27136,290.623366720401,268.40504793261005,62.706743147350174,301.4002547858752,283.5929023146923,17.807352471182867,18.699821895042668,-0.8924694238598008,291.14649999999995,25.017565886687414,341.18163177337476,241.11136822662513
2017-04-23,312.76,320.59,308.35,317.65,55322,293.19733179464856,270.33622252348806,66.4796406277083,303.90021558804824,286.11565029138177,17.78456529666647,18.516770575367428,-0.7322052787009561,295.01300000000003,22.608567798397686,340.23013559679544,249.79586440320466
2017-04-24,311.78,317.16,308.35,311.29,18589,294.92044305230104,271.94225301276305,62.46099521617392,305.0371054975793,287.98041693646456,17.056688561114754,18.224754172516896,-1.1680656114021417,298.219,19.844419578840284,337.90783915768054,258.53016084231945
2017-04-25,308.35,313.73,305.9,306.88,17996,296.05944847589143,273.3123607377528,59.76330671533235,305.320627728721,289.380386052282,15.940241676438973,17.767851673301312,-1.8276099968623392,301.0575,16.354001884296864,333.7655037685937,268.3494962314063
2017-04-26,306.88,308.35,303.46,303.46,14642,296.7642629067589,274.4946211009781,57.68265058926526,305.0343773089177,290.4233204187796,14.611056890138116,17.136492716668673,-2.5254358265305576,303.04,13.80580312767084,330.6516062553417,275.42839374465836
2017-04-27,298.56,308.84,295.62,297.58,13313,296.84195215373427,275.3999300774104,54.18950431284373,303.88755003062266,290.95344483220333,12.934105198419331,16.296015213018805,-3.3619100145994736,303.823,12.963306961127895,329.7496139222558,277.8963860777442
2017-04-30,291.22,301.01,290.73,297.09,16513,296.86557575814055,276.2505210547668,53.896592887065744,302.8417731028345,291.4080044742623,11.433768628572182,15.323565896129482,-3.8897972675573005,304.5325,12.118695376631294,328.76989075326264,280.2951092467374
2017-05-02,294.16,303.46,293.67,303.46,24704,297.4936161621272,277.31755944477595,57.139999111157834,302.9368849331677,292.3007448835762,10.63614004959146,14.386080726821879,-3.749940677230418,305.80550000000005,10.400300843321055,326.60610168664215,285.00489831335796
2017-05-03,308.35,309.33,298.56,303.46,17563,298.06184319430554,278.34275319203965,57.13999911115783,303.0173641742188,293.12735637368166,9.890007800537148,13.486866141564933,-3.596858341027785,305.8055,10.400300843321055,326.6061016866421,285.0048983133579
2017-05-04,305.9,307.86,298.56,301.01,14031,298.3426200329431,279.2316648315675,55.401455778775905,302.7085389166467,293.71125590155714,8.997283015089579,12.588949516269864,-3.591666501180285,306.197,10.041196772874471,326.2793935457489,286.1146064542511
2017-05-07,298.07,298.07,290.73,293.18,12595,297.8509419345676,279.7786583675845,50.14981527541909,301.2426098525472,293.6719036125529,7.570706239994308,11.585300861014755,-4.014594621020446,306.31949999999995,9.85580538245596,326.0311107649119,286.607889235088
2017-05-08,293.67,299.54,293.67,297.09,7535,297.7784712741326,280.4575345100322,52.567764012542554,300.6037467983092,293.925095937549,6.678650860760229,10.60397086096385,-3.9253200002036213,306.68649999999997,9.328909946477108,325.34431989295416,288.0286801070458
2017-05-09,297.09,301.5,295.62,297.09,6175,297.71290258135804,281.10978805865835,52.567764012542554,300.06317036780007,294.1595332755083,5.903637092291774,9.663904107229435,-3.7602670149376607,306.36800000000005,9.550961153065918,325.4699223061319,287.2660776938682
2017-05-11,296.11,298.56,293.67,295.62,18997,297.5135785259906,281.67881597792666,51.47903288299512,299.37960569583083,294.267715995841,5.111889699989831,8.753501225781514,-3.6416115257916832,304.826,8.576197415245801,321.97839483049165,287.6736051695084
2017-05-15,299.54,304.92,295.14,295.62,10839,297.33323771399154,282.22552907683155,51.47903288299512,298.8012048195492,294.36788518133426,4.433319638214925,7.889464908268197,-3.4561452700532715,303.4555,7.654621909601594,318.76474381920315,288.1462561807968
2017-05-16,298.56,298.56,293.67,296.11,4410,297.2167388840876,282.7700181326421,51.86443607936752,298.3871733088493,294.49693072345764,3.890242585391661,7.0896204436928905,-3.1993778583012293,302.354,6.986179137938965,316.3263582758779,288.38164172412206
2017-05-17,296.11,296.6,291.22,291.71,7893,296.69228756179353,283.12060565685226,48.1648166245148,297.3599158767186,294.2904914106089,3.0694244661096945,6.285581248176252,-3.216156782066557,301.1795,6.680739381551682,314.5409787631034,287.81802123689664
2017-05-18,291.22,291.71,283.88,288.77,31431,295.9377839844799,283.3421505330541,45.8132471889608,296.0383903572234,293.88156612093417,2.1568242362892533,5.459829845798852,-3.303005609509599,300.44500000000005,7.203867747697811,314.8527354953957,286.0372645046044
2017-05-21,289.26,289.26,281.92,281.92,6693,294.602756938339,283.28637992391475,40.81338087647209,293.86633030226596,292.99552418605015,0.8708061162158174,4.542025099882245,-3.671218983666428,299.73549999999994,8.272764748193447,316.28102949638685,283.18997050361304
2017-05-22,281.43,288.77,278.98,288.77,7271,294.0472562775448,283.5014238484671,47.03804610431586,293.08227948653274,292.6825223944909,0.3997570920418525,3.7135714983141668,-3.3138144062723143,298.73199999999997,8.327330146477069,315.3866602929541,282.07733970704584
2017-05-23,291.71,293.67,283.39,288.77,3791,293.5446604415882,283.70803467793894,47.03804610431586,292.41885187322,292.3927059208249,0.026145952395097538,2.9760863891303533,-2.9499404367352557,297.8265,8.379162924528561,314.58482584905715,281.06817415094287
2017-05-24,288.77,288.77,281.43,286.33,10297,292.8575499233417,283.8108568474316,45.079472428969225,291.48210543118614,291.94361659335635,-0.46151116217021126,2.2885668788702405,-2.7500780410404517,296.2605,7.341835045961573,310.9441700919231,281.57682990807683
2017-05-28,283.88,286.33,279.96,281.92,8354,291.8158785020711,283.7367055985127,41.69991913960502,290.01101228792675,291.20112647532994,-1.1901141874031964,1.5928306656155533,-2.7829448530187495,294.79200000000003,7.111082973263331,309.0141659465267,280.56983405347336
2017-05-30,286.33,286.33,276.54,276.54,7093,290.3610329304453,283.4544818495514,37.96099674617229,287.93854885901493,290.11511710678695,-2.1765682477720247,0.8389508829380377,-3.0155191307100626,293.275,7.614986954407306,308.5049739088146,278.0450260911854
2017-05-31,276.54,278.49,269.19,274.09,29005,288.8114107465933,283.08724726721607,36.362070841606986,285.808002880705,288.9280713951731,-3.12006851446813,0.047147003456804004,-3.167215517924934,291.80649999999997,8.344467612547014,308.495435225094,275.11756477490593
2017-06-01,276.54,277.03,273.11,273.11,20334,287.31603829453684,282.6959826685017,35.71407119914417,283.8544639759811,287.75636240293807,-3.9018984269569614,-0.7426620826259491,-3.1592363443310125,290.58299999999997,9.203144256748894,308.98928851349774,272.1767114865022
2017-06-04,274.09,274.09,269.19,271.64,12660,285.82308226648576,282.2624147207173,34.71472530350562,281.97531567198405,286.5625577804982,-4.587242108514147,-1.5115780878035887,-3.0756640207105583,289.31049999999993,9.982538689342224,309.2755773786844,269.3454226213155
2017-06-05,275.56,275.56,270.17,273.11,9387,284.61231252682046,281.9034964963754,36.624501793998796,280.61142095321725,285.5660720189798,-4.954651065762562,-2.2001926833953833,-2.7544583823671784,287.793,10.025132155580094,307.84326431116017,267.74273568883984
2017-06-06,278.49,291.22,276.54,290.73,34088,285.19494942902804,282.2496338886744,53.99596744238269,282.16812542195305,285.9485852027591,-3.7804597808060407,-2.5162461028775147,-1.264213677928526,287.1565,9.360135668720087,305.8767713374402,268.4362286625598
2017-06-07,296.11,297.58,285.35,285.35,18015,285.209716150073,282.3712168734323,49.53161362400034,282.65764458780643,285.9042455581103,-3.2466009703038594,-2.6623170763627835,-0.5842838939410759,286.37350000000004,8.777101952479214,303.92770390495843,268.81929609504164
2017-06-08,280.45,284.86,280.45,281.92,6317,284.89640985006605,282.353522094082,46.87090598731726,282.544160805067,285.6091162575095,-3.0649554524425184,-2.7428447515787306,-0.3221107008637878,285.8105,8.678099158226061,303.1666983164521,268.4543016835479
2017-06-11,283.88,287.3,276.54,277.52,36850,284.19389462625026,282.1639722080396,43.63293921004574,281.77121298890285,285.009922460657,-3.2387094717541345,-2.8420176956138117,-0.3966917761403228,284.832,8.4393649050153,301.7107298100306,267.9532701899694
2017-06-12,272.13,279.47,272.13,277.03,14492,283.5116189475598,281.9626399645871,43.274406939220306,281.0417956059947,284.4188170932009,-3.377021487206207,-2.9490184539322906,-0.4280030332739164,283.829,8.090693744244795,300.0103874884896,267.64761251151043
2017-06-13,275.07,279.96,275.07,278.0,5572,282.986702857316,281.80724231891696,44.250994625287916,280.5738270512263,283.9433491603712,-3.3695221091448957,-3.0331191849748116,-0.3364029241700841,282.948,7.688520218995247,298.3250404379905,267.5709595620095
2017-06-14,274.09,278.49,274.09,276.54,8700,282.37273115661924,281.6006837966065,43.049649949134384,279.9532382741146,283.39495292626964,-3.441714652155042,-3.1148382784108577,-0.32687637374418443,281.994,7.20173254008724,296.3974650801745,267.59053491982553
2017-06-15,272.13,280.94,271.15,275.56,10662,281.7238996178936,281.3637942359553,42.22107503257112,279.27735546271236,282.8145860428423,-3.537230580129915,-3.1993167387546695,-0.3379138413752454,280.9665,6.5149781071655335,293.9964562143311,267.9365437856689
2017-06-18,275.56,276.54,269.68,269.68,7603,280.5768615590466,280.90560622670216,37.551040743910384,277.8008392376797,281.8416537433725,-4.040814505692765,-3.3676162921422885,-0.6731982135504766,279.865,6.465088838075986,292.795177676152,266.93482232384804
2017-06-19,268.71,268.71,265.77,265.77,13637,279.16668426770883,280.3120530413413,34.79496410658025,275.9499408934213,280.65116087349304,-4.701219980071755,-3.634337029728182,-1.0668829503435733,278.715,6.832854454765173,292.3807089095303,265.04929109046964
2017-06-20,264.3,269.19,264.3,266.75,6017,277.98414290887945,279.78020782403377,36.06163799896722,274.53456537135645,279.6214452532343,-5.086879881877849,-3.9248456001581156,-1.162034281719733,277.95649999999995,7.2853597064685784,292.5272194129371,263.3857805870628
2017-06-21,261.85,267.24,259.41,265.77,8777,276.8208912032719,279.2307879093658,35.32267623883402,273.1861706988401,278.5954122715132,-5.409241572673125,-4.221724794661117,-1.1875167780120073,276.8065,7.303862910888814,291.4142258217777,262.1987741782224
2017-06-22,264.79,266.75,264.79,265.77,9977,275.76842537438887,278.7029138737044,35.32267623883402,272.045221360557,277.64538173288264,-5.600160372325661,-4.497411910194026,-1.1027484621316344,275.6565,7.129666911094985,289.91583382218994,261.39716617781005
2017-06-25,265.77,269.19,265.77,267.73,5224,275.00286105301853,278.272603525716,38.2573584792888,271.3813411512405,276.91090901192837,-5.529567860687848,-4.703843100292791,-0.8257247603950573,274.7265,6.8725949094558585,288.4716898189117,260.98131018108825
2017-06-27,267.73,267.73,264.3,266.75,9724,274.2168742860644,277.820736720786,37.344937079875066,270.66882712797275,276.1582490851188,-5.489421957146078,-4.860958871663448,-0.6284630854826299,273.968,6.874017901145448,287.7160358022909,260.21996419770915
2017-06-28,268.71,268.71,263.32,264.3,6559,273.27241006834396,277.29051175134344,35.09168687346781,269.6890075698231,275.2798602639989,-5.590852694175794,-5.006937636165917,-0.5839150580098771,273.356,7.171414306669197,287.6988286133384,259.0131713866616
2017-07-02,264.3,264.3,259.41,259.41,8005,271.95218053802546,276.5893152120751,31.063122933471405,268.1076217898503,274.1043150592582,-5.996693269407899,-5.2048887628143135,-0.7918045065935857,272.622,7.814734800363018,288.25146960072607,256.99253039927396
2017-07-03,261.36,262.83,259.41,259.9,9042,270.8043538201183,275.934832262582,31.90669527477739,266.84491074525795,273.05214357338724,-6.207232828129293,-5.40535757587731,-0.8018752522519828,271.9615,8.3136459004398,288.5887918008796,255.3342081991204
2017-07-04,259.9,260.38,257.45,257.45,5806,269.53251059915465,275.20993687973566,29.934297581781095,265.3995398613721,271.8964292346178,-6.496889373245722,-5.623663935350992,-0.87322543789473,271.252,8.925510216877445,289.1030204337549,253.40097956624513
2017-07-05,257.94,260.38,254.51,260.38,6232,268.6608429230447,274.62837072758913,35.101258270093666,264.62730295962257,271.0433604024239,-6.416057442801332,-5.78214263684106,-0.6339148059602717,270.6155,9.23459027957297,289.0846805591459,252.14631944085406
2017-07-06,265.28,268.71,263.32,265.77,15255,268.3855245494214,274.2809836402327,43.37403197447843,264.803102504296,270.65274111335543,-5.8496386090594115,-5.795641831284731,-0.053996777774680815,269.3675,7.973677666316859,285.3148553326337,253.4201446673663
2017-07-09,265.77,276.05,258.43,271.64,14587,268.69547459233365,274.1774156543412,50.738723323037235,265.85493288825046,270.725871401255,-4.870938513004546,-5.610701167628695,0.7397626546241485,268.68199999999996,7.064875757838108,282.8117515156762,254.55224848432374
2017-07-10,274.09,274.09,257.45,262.34,8157,268.0901912978257,273.7132032757396,41.52425483110524,265.3141739823658,270.1046957419028,-4.790521759537,-5.446665286010356,0.6561435264733557,267.703,6.465065717906227,280.6331314358124,254.77286856418752
2017-07-11,264.3,271.15,264.3,270.17,10846,268.2882683170804,273.5742541276714,49.791674573872605,266.0612241389249,270.10953309435445,-4.0483089554295475,-5.166994019894195,1.118685064464647,267.3355,6.074779159945609,279.48505831989127,255.1859416801088
2017-07-12,269.19,270.17,267.24,269.19,5741,268.3741475249775,273.4023225932529,48.860563080714286,266.542574271398,270.04141953180965,-3.498845260411656,-4.833364267997687,1.3345190075860307,266.9435,5.654706726073326,278.25291345214663,255.63408654785331
2017-07-13,269.68,271.64,264.3,266.75,11036,268.219466808313,273.14144719743905,46.52761957146344,266.57448592195215,269.79761067760154,-3.223124755649394,-4.511316365528028,1.2881916098786341,266.381,5.021016776877796,276.42303355375554,256.3389664462444
2017-07-16,266.26,266.75,264.3,266.75,6607,268.07951758847366,272.8908022093042,46.52761957146343,266.60148808780565,269.57186173851994,-2.9703736507142935,-4.203127822565282,1.2327541718509885,265.8915,4.419694291643135,274.7308885832863,257.05211141671373
2017-07-17,264.3,270.66,264.3,269.68,8427,268.2319444848095,272.7648883971746,49.86160245208437,267.07510530506636,269.5798719801111,-2.5047666750447206,-3.86345559306117,1.3586889180164494,265.59749999999997,3.9087242164168985,273.41494843283374,257.7800515671662
2017-07-18,275.07,282.9,273.11,282.9,12104,269.6289021529229,273.1623437541482,61.519558463158035,269.5097044889023,270.5665481297325,-1.056843640830209,-3.302133202614978,2.245289561784769,266.2585,5.449556500545302,277.1576130010906,255.35938699890943
2017-07-19,283.88,283.88,276.54,276.54,18836,270.2871019478826,273.2948008618287,54.90536233806283,270.5912884136866,271.0090260460486,-0.417737632361991,-2.7252540885643812,2.30751645620239,266.797,5.911303267114079,278.6196065342282,254.97439346577187
2017-07-20,274.09,276.05,272.13,273.6,6683,270.60261604808426,273.30676945548254,52.11597013021766,271.05416711927325,271.20095004263754,-0.14678292336429877,-2.2095598555243647,2.062776932160066,267.1395,6.103748179775231,279.3469963595505,254.93200364044952
2017-07-23,274.09,277.03,267.24,270.17,13420,270.5614145196953,273.1837588886009,48.98899231082439,270.91814140861584,271.12458337281254,-0.20644196419669925,-1.8089362772588318,1.6024943130621325,267.35949999999997,6.131023332631131,279.62154666526226,255.0974533347377
2017-07-24,267.73,270.17,262.83,266.26,19509,270.15175599401005,272.9122389321852,45.628106613250246,270.2015042688288,270.7642438637153,-0.5627395948865228,-1.5596969407843702,0.9969573458978473,267.384,6.125313654697631,279.6346273093953,255.13337269060474
2017-07-25,269.19,271.64,265.77,265.77,10604,269.7344458993424,272.63215113092303,45.20951636794311,269.51973438131665,270.39429987381044,-0.8745654924937867,-1.4226706511262535,0.5481051586324668,267.286,6.135157871258682,279.55631574251737,255.01568425748263
2017-07-26,264.3,266.26,263.32,264.79,17041,269.2635462898812,272.32461579245546,44.333517538976714,268.79208293803714,269.97916654982447,-1.1870836117873296,-1.3755532432584687,0.18846963147113915,267.188,6.15977494462462,279.5075498892492,254.86845011075076
2017-07-27,266.26,273.6,266.26,270.66,19026,269.3965418813211,272.25933674177094,50.51818045910663,269.07945479372376,270.0295986572449,-0.9501438635211343,-1.290471367311002,0.34032750378986765,267.506,6.166998246183087,279.83999649236614,255.1720035076338
2017-07-30,267.24,274.09,266.75,270.17,6616,269.47020455929055,272.1774019675839,50.01861024320525,269.24723097930473,270.0399987567082,-0.7927677774034692,-1.1909306493294955,0.3981628719260264,268.044,5.88650678291187,279.81701356582374,256.2709864341762
2017-07-31,269.19,276.54,269.19,269.19,15503,269.4435184107867,272.06024894924724,48.97547134219914,269.23842621325787,269.9770358858409,-0.7386096725830384,-1.1004664539802043,0.3618567813971658,268.5085,5.56796123984582,279.6444224796917,257.37257752030837
2017-08-01,271.64,273.6,270.17,271.15,6343,269.60604046690224,272.0245529120219,51.16889127086249,269.53251448814126,270.06392211651934,-0.5314076283780764,-0.9866546888597788,0.4552470604817024,269.19350000000003,4.943599024576522,279.08069804915306,259.306301950847
2017-08-02,271.15,272.62,269.19,271.64,3839,269.79975089862586,272.0094724056681,51.72757572306763,269.8567430284272,270.18066862640677,-0.323925597979553,-0.8541088706837336,0.5301832727041806,269.7565,4.509127906113196,278.77475581222643,260.7382441877736
2017-08-03,271.64,272.62,270.66,272.13,9984,270.021679384471,272.01419897799485,52.31511302042999,270.20647487020767,270.32506354296925,-0.11858867276157525,-0.707004831099302,0.5884161583377268,270.0745,4.43687475951075,278.9482495190215,261.2007504809785
2017-08-06,269.68,272.62,269.19,270.17,8858,270.0358051573785,271.94187744944605,49.708870071948056,270.2008633517142,270.31357735460114,-0.11271400288694622,-0.5881466654568308,0.4754326625698846,270.00100000000003,4.421726145440011,278.84445229088004,261.15754770912
2017-08-07,274.09,274.09,269.68,270.17,9131,270.04858561858055,271.87239205927176,49.708870071948056,270.19611514375816,270.30294199500105,-0.10682685124288582,-0.4918827026140418,0.385055851371156,270.39250000000004,4.037676344528194,278.46785268905643,262.31714731094365
2017-08-09,268.22,270.66,267.24,268.22,5811,269.8744346072871,271.72916099812386,47.0068016687932,269.89209742933383,270.14864999537133,-0.25655256603749876,-0.4448166752987332,0.18826410926123444,270.295,4.066770993773083,278.42854198754617,262.16145801245386
2017-08-10,267.24,268.22,264.3,266.26,9234,269.53020273992644,271.51468409623664,44.39464524082378,269.3333132094363,269.86060184756604,-0.5272886381297326,-0.4613110678649331,-0.0659775702647995,270.14849999999996,4.160369764690632,278.46923952938124,261.82776047061867
2017-08-13,265.28,265.28,261.36,263.32,14171,268.93875485993345,271.1933239355999,40.737758191417235,268.40818810029225,269.3761128218204,-0.9679247215281634,-0.5626337985975792,-0.4052909229305842,269.977,4.373094893479103,278.7231897869582,261.23081021304176
2017-08-15,264.79,264.79,260.38,260.87,5525,268.1703020161303,270.7884877028313,37.93356426015594,267.24846685409346,268.74603039057445,-1.4975635364809818,-0.7496197461742597,-0.7479437903067221,269.683,4.780169673271829,279.2433393465437,260.1226606534563
2017-08-16,265.77,265.77,257.45,259.9,6203,267.38265420507025,270.3614881850732,36.851975837058205,266.1179334919252,268.09076888016153,-1.9728353882363194,-0.9942628745866717,-0.9785725136496477,269.194,5.256950687073288,279.7079013741466,258.6800986258534
2017-08-17,259.41,261.36,258.92,259.9,5915,266.670020471254,269.9512337464429,36.85197583705821,265.16132833932136,267.4840452594088,-2.32271692008743,-1.2599536836868235,-1.0627632364006065,268.044,4.571934290636642,277.1878685812733,258.9001314187267
2017-08-20,259.9,259.9,255.98,256.96,5409,265.7452566168489,269.4417735995236,33.494893851228724,263.8995855178873,266.7044863513044,-2.8049008334170935,-1.5689431136328778,-1.2359577197842158,267.065,4.749810522537113,276.5646210450742,257.5653789549258
2017-08-21,254.51,258.43,254.51,255.98,3251,264.815232177149,268.9138609093462,32.434252649142394,262.68118774590465,265.9100799549115,-3.228892209006858,-1.900932932707674,-1.327959276299184,266.184,5.095411145025124,276.37482229005025,255.99317770994978
2017-08-22,255.98,261.85,251.57,257.45,4098,264.11378149361104,268.4642977364307,35.72221425950947,261.8763896311501,265.28340736565883,-3.407017734508713,-2.202149893067882,-1.2048678414408314,265.548,5.358739639721247,276.2654792794425,254.8305207205575
2017-08-23,257.45,258.43,252.55,250.11,4859,262.78008801802906,267.7445213546099,28.31330698319711,260.0661758417424,264.1594512644989,-4.093275422756506,-2.5803749990056066,-1.512900423750899,264.7405,6.367638143481427,277.47577628696286,252.00522371303714
2017-08-24,255.0,255.49,250.11,255.49,5456,262.0857939210739,267.2639518897232,38.39837549345796,259.36214878916667,263.5172696893508,-4.1551209001841585,-2.8953241792413174,-1.2597967209428411,264.2265,6.687055268045749,277.6006105360915,250.85238946390848
2017-08-27,255.49,264.3,255.98,255.98,5300,261.5042897381145,266.8214439724792,39.23682945473443,258.84181820621797,262.9589534160656,-4.117135209847618,-3.1396863853625776,-0.9774488244850401,263.78599999999994,6.933609525538278,277.6532190510765,249.9187809489234
2017-08-28,255.98,256.47,251.57,253.04,7136,260.6981669059131,266.2809951892447,36.0650060537907,257.94923078987676,262.22421612598663,-4.274985336109864,-3.366746175512035,-0.9082391605978293,262.905,7.130827441468723,277.1666548829374,248.64334511706252
2017-08-30,249.62,251.09,247.17,247.66,10529,259.4564367243976,265.55076008378416,31.109108833726225,256.3662722068188,261.14538530183944,-4.779113095020648,-3.649219559413758,-1.12989353560689,261.7795,7.67915872242615,277.13781744485226,246.42118255514768
2017-08-31,247.66,248.64,243.74,244.72,11312,258.05296656016924,264.7338675314789,28.781552325814985,254.57453802115435,259.9286900942958,-5.354152073141449,-3.9902060621592965,-1.3639460109821528,260.556,8.355874328248147,277.2677486564963,243.8442513435037
2017-09-04,244.72,244.72,233.95,233.95,15259,255.75744593539122,263.52665704004835,22.222295478284977,251.401532171746,258.0043426799035,-6.602810508157518,-4.512726951358941,-2.090083556798577,258.69599999999997,9.875665147485783,278.44733029497155,238.9446697050284
2017-09-06,237.38,240.32,236.4,238.85,10724,254.14721298916348,262.55894499926217,30.034756015252327,249.4705272222466,256.58550248139215,-7.114975259145552,-5.033176612916263,-2.0817986462292897,257.0565,10.32524717430668,277.70699434861336,236.40600565138666
2017-09-07,239.83,240.81,236.89,238.36,7211,252.64366889495741,261.609966763997,29.713339005503144,247.761215341901,255.2354652605483,-7.474249918647303,-5.521391274062471,-1.9528586445848317,255.368,10.490426512828442,276.34885302565687,234.38714697434312
2017-09-10,233.95,234.93,230.04,230.04,16947,250.4909385240091,260.37192885168344,24.850482044264297,245.03487452007005,253.36913450050767,-8.334259980437622,-6.083965015337502,-2.25029496510012,253.36149999999998,11.315614398278472,275.99272879655695,230.73027120344304
2017-09-11,225.63,236.4,225.63,230.04,5991,248.5432300931511,259.1824414457351,24.850482044264297,242.72797074775156,251.64105046343303,-8.913079715681477,-6.649787955406297,-2.2632917602751794,251.35499999999996,11.728654295312294,274.8123085906245,227.89769140937537
2017-09-12,230.04,233.47,228.57,231.02,9233,246.87435103666053,258.0780319772749,26.49385375871769,240.9267444788667,250.11356524391948,-9.186820765052772,-7.157194517335593,-2.0296262477171796,249.49499999999998,11.862273901122952,273.21954780224587,225.77045219775408
2017-09-13,231.02,231.02,220.25,227.1,8205,244.99107950935954,256.8632071938524,24.21297386687037,238.79955302057954,248.40885670733286,-9.609303686753321,-7.647616351219139,-1.9616873355341822,247.53700000000003,12.177098479047466,271.89119695809495,223.18280304190512
2017-09-14,227.1,233.47,227.1,233.47,5839,243.89383384180147,255.9458265195837,34.13598605492942,237.97962178664423,247.3022747290119,-9.322652942367682,-7.982623669448849,-1.3400292729188337,246.04449999999997,11.968333426170856,269.9811668523417,222.10783314765825
2017-09-17,237.38,237.87,232.49,234.93,8061,243.04013538067753,255.1216764599922,36.19795152632294,237.51044920408359,246.3858099342703,-8.875360730186713,-8.161171081596422,-0.7141896485902919,244.7475,11.679202331720322,268.10590466344064,221.38909533655936
2017-09-18,236.89,238.36,233.95,238.36,3075,242.5944082015654,254.4643558145023,40.880576052575556,237.6411493265323,245.7913054946947,-8.150156168162425,-8.158968098909623,0.008811930747198105,243.6705,11.191338039093498,266.053176078187,221.28782392181301
2017-09-20,237.38,238.36,232.49,236.4,5776,242.00446456332105,253.75594970412968,39.11399517405322,237.45020327629655,245.09565323582845,-7.645449959531902,-8.05626447103408,0.41081451150217774,242.4955,10.616585572137776,263.72867114427555,221.26232885572443
2017-09-24,234.93,236.4,234.93,234.93,1390,241.33070603348096,253.01767716671284,37.79484266747272,237.06247969532785,244.34264188502635,-7.280162189698501,-7.901044014766964,0.6208818250684631,241.39399999999995,10.170325461852112,261.7346509237042,221.05334907629572
2017-09-25,236.4,238.85,232.49,238.85,3199,241.0944483160066,252.4620819837045,43.2876444950533,237.33748281912355,243.93577952317253,-6.598296704048977,-7.640494552623367,1.0421978485743901,240.5375,9.581571058410285,259.7006421168206,221.3743578831794
2017-09-26,241.79,241.79,235.91,241.79,3008,241.1606913335298,252.0435689647357,47.06312136947767,238.0224854623353,243.77683289182642,-5.754347429491105,-7.263265127996915,1.50891769850581,239.7545,8.728651837181607,257.21180367436324,222.2971963256368
2017-10-03,241.79,241.79,241.79,241.79,169,241.22062549224125,251.64146822102057,47.06312136947767,238.6021030835145,243.62966008502445,-5.027557001509962,-6.816123502699525,1.788566501189563,239.33849999999998,8.401264488158724,256.14102897631744,222.53597102368252
2017-10-04,243.25,243.25,235.42,235.42,3611,240.66818496917065,251.0053322123531,40.31846820866283,238.1125487629738,243.02153711576338,-4.908988352789578,-6.434696472717535,1.5257081199279572,238.33499999999998,7.5232520263931235,253.38150405278623,223.28849594721373
2017-10-08,231.02,231.02,222.7,230.04,4675,239.6559768768687,250.1831623216726,35.66905614725829,236.87061818405473,242.05994177385497,-5.189323589800239,-6.1856218961340765,0.9962983063338378,237.038,6.485627510929279,250.00925502185856,224.06674497814146
2017-10-09,232.49,232.49,225.14,227.59,11468,238.5068362219288,249.29715595611682,33.75980759942304,235.44283077112323,240.98809423505088,-5.545263463927654,-6.057550209692792,0.5122867457651381,235.76550000000003,5.6196061624502445,247.0047123249005,224.52628767509955
2017-10-10,227.1,230.04,225.14,230.04,3155,237.70047086745942,248.54197336960246,37.37005972550201,234.61162603710426,240.17712429171377,-5.565498254609508,-5.959139818676135,0.39364156406662687,234.88449999999997,5.004200840556613,244.8929016811132,224.87609831888676
2017-10-11,232.0,232.0,227.59,228.57,4347,236.83090221341564,247.75875872765727,36.09877071187104,233.682145108319,239.31733730714237,-5.6351921988233755,-5.894350294705584,0.2591580958822082,234.077,4.621991026887365,243.32098205377474,224.83301794622525
2017-10-12,228.57,230.53,226.61,230.04,7330,236.1841496216618,247.06390544421976,38.35710491777117,233.12181509165453,238.63012713624292,-5.5083120445883935,-5.8171426446821455,0.30883060009375196,233.88150000000002,4.709509165395378,243.30051833079077,224.46248166920927
2017-10-15,230.04,234.44,227.59,232.98,14124,235.87899251483685,246.51159542679937,42.71740484808991,233.09999738524613,238.2115992002249,-5.111601814978769,-5.676034478741471,0.5644326637627017,233.58800000000002,4.5642427169184385,242.7164854338369,224.45951456616314
2017-10-16,234.93,241.79,234.93,241.79,4979,236.4419456086619,246.32643482182684,53.36314484520773,234.43692086443903,238.47666592613416,-4.039745061695129,-5.348776595332202,1.3090315336370733,233.75950000000003,4.810769141918759,243.38103828383754,224.13796171616252
2017-10-17,242.28,247.17,237.38,238.85,7491,236.6712841221227,246.03324129940228,50.02218011476609,235.11585611606378,238.50432030197607,-3.3884641859122837,-4.956714113448219,1.568249927535935,234.2,4.855405018608908,243.9108100372178,224.48918996278218
2017-10-18,234.93,242.28,234.93,239.83,4213,236.97211420573007,245.78997693471985,51.120727110112924,235.84110902128475,238.60251879812597,-2.7614097768412194,-4.5176532461268195,1.7562434692856002,234.6895,4.90715532880797,244.50381065761596,224.87518934238406
2017-10-22,239.83,242.28,239.83,240.81,2355,237.3376271385177,245.59468372159358,52.25101776128466,236.60555378724092,238.7660359241907,-2.1604821369497813,-4.046219024291412,1.885736887341631,235.179,5.009077969572749,245.1971559391455,225.16084406085452
2017-10-23,240.81,238.85,234.93,238.85,5706,237.48166264913505,245.33018632074678,49.77207866742406,236.95085320458847,238.77225548536177,-1.8214022807732988,-3.60125567558779,1.779853394814491,235.7665,4.690579893450068,245.14765978690014,226.38534021309988
2017-10-24,238.85,240.32,236.4,238.36,3723,237.56531382540788,245.0568456807175,49.14435367206726,237.16764501926718,238.74171804200162,-1.5740730227344386,-3.19581914501712,1.6217461222826812,236.01100000000002,4.692019989188383,245.3950399783768,226.62696002162326
2017-10-25,237.38,238.36,236.89,237.38,2121,237.54766488965475,244.75579290892466,47.84468683158388,237.20031501630302,238.6408500388904,-1.440535022587369,-2.84476232053117,1.4042272979438009,236.1335,4.694293596316388,245.52208719263277,226.74491280736723
2017-10-29,236.89,237.87,234.93,237.38,14379,237.53169680492573,244.46654612818253,47.84468683158388,237.22795885994873,238.54745373971332,-1.3194948797645907,-2.5397088323778543,1.2202139526132636,236.08450000000002,4.674904417823477,245.43430883564696,226.73469116435308
2017-10-30,237.38,238.85,233.95,236.89,3162,237.47058282350423,244.16942667217538,47.12204694433761,237.1759651891874,238.42467938862345,-1.2487141994360513,-2.281509905789494,1.0327957063534425,236.10899999999998,4.677927903856599,245.46485580771318,226.75314419228678
2017-10-31,233.95,235.91,233.95,234.93,6232,237.22862255459907,243.80709621444302,44.24344369736141,236.83043208315857,238.16581424872544,-1.3353821655668696,-2.092284357744969,0.7569021921780994,236.109,4.677927903856599,245.4648558077132,226.7531441922868
2017-11-01,233.95,234.44,232.49,233.95,6165,236.9163727874944,243.42054342171977,42.83446100773647,236.38728868574955,237.85353171178284,-1.4662430260332826,-1.9670760914026317,0.5008330653693491,235.86399999999998,4.655075780941892,245.17415156188375,226.5538484381162
2017-11-02,234.93,239.83,234.44,237.38,7590,236.96052776011396,243.18365936596607,48.960954872685235,236.54001350332655,237.8184552886878,-1.2784417853612524,-1.8293492301943561,0.5509074448331037,235.6435,4.459957841433525,244.56341568286703,226.72358431713295
2017-11-05,235.91,235.91,230.04,231.51,11638,236.44142987819833,242.72586880259485,40.88536516501338,235.76616527204555,237.35116230434053,-1.5849970322949787,-1.7804787906144808,0.1954817583195021,235.1295,4.303949807718997,243.737399615438,226.52160038456202
2017-11-06,231.51,234.93,228.08,232.0,7939,236.01843655646516,242.30524649661075,41.74907890006946,235.18675523019238,236.9547799114264,-1.7680246812340386,-1.7779879687383924,0.009963287504353824,234.95850000000002,4.359383436607107,243.67726687321422,226.2397331267858
2017-11-07,232.98,233.47,230.04,230.53,8477,235.49572831299227,241.84347212419465,39.867180076936116,234.4703313486243,236.4788702883578,-2.0085389397334836,-1.824098162937411,-0.18444077679607274,234.983,4.331574528359497,243.646149056719,226.319850943281
2017-11-08,231.51,231.51,221.72,227.1,8499,234.69613514032633,241.26529674677525,35.810915583089965,233.3364342180667,235.78413915588686,-2.4477049378201627,-1.9488195179139614,-0.4988854199062014,234.95850000000002,4.376741487982531,243.71198297596507,226.20501702403496
2017-11-09,226.61,230.04,226.61,229.06,4745,234.15936036505715,240.7866576586664,39.593110087087645,232.67852126144106,235.28605477396934,-2.6075335125282777,-2.080562316836825,-0.5269711956914529,234.90949999999998,4.43973739740209,243.78897479480415,226.0300252051958
2017-11-12,229.06,230.53,228.08,230.53,7484,233.81370699695645,240.3844357896991,42.337356911146685,232.34797952891165,234.93375442034198,-2.585774891430333,-2.1816048317555263,-0.40417005967480657,235.00750000000002,4.31223946581382,243.63197893162766,226.3830210683724
2017-11-13,234.44,234.93,231.51,232.49,9283,233.687639663913,240.074850072456,45.86846076103752,232.36982883215603,234.75273557439073,-2.3829067422346952,-2.2218652138513604,-0.16104152838333485,235.13000000000002,4.19695629060622,243.52391258121247,226.73608741878758
2017-11-14,232.98,238.36,232.0,234.44,6223,233.7592930292546,239.85387555981066,49.20142531796009,232.68831670413203,234.7295699762877,-2.0412532721556715,-2.185742825512223,0.14448955335655134,235.20299999999997,4.170203958156908,243.54340791631378,226.86259208368617
2017-11-15,238.85,239.83,233.95,236.4,6895,234.01078893123034,239.71842945942595,52.375498289819475,233.25934490349633,234.85330553359975,-1.5939606301034246,-2.0673863864304636,0.473425756327039,234.9335,3.8866373979513242,242.70677479590265,227.16022520409737
2017-11-16,233.95,234.93,231.02,233.95,12019,234.0049995092084,239.4922165394485,48.31187043763292,233.36559953372765,234.78639401259238,-1.4207944788647353,-1.938068004917318,0.5172735260525827,234.68850000000003,3.779730253532599,242.24796050706524,227.12903949293482
2017-11-19,234.93,234.93,221.72,230.04,12507,233.6273805083314,239.12154138103875,42.62763156356986,232.85396883623108,234.43480927091886,-1.5808404346877865,-1.866622490871412,0.2857820561836255,234.199,3.712157692884015,241.62331538576805,226.77468461423197
2017-11-20,228.08,230.04,227.59,227.59,6428,233.05239188849032,238.66932407197842,39.49215665372376,232.0441274768109,233.9277863619619,-1.883658885150993,-1.8700297697273283,-0.01362911542366474,233.538,3.6494939807849085,240.83698796156983,226.2390120384302
2017-11-21,228.57,232.0,228.08,228.57,1744,232.6254974229198,238.27327214758714,41.35047991801851,231.5096463265323,233.53091329811286,-2.021266971580559,-1.9002772100979743,-0.12098976148258456,233.02399999999997,3.585328877228767,240.1946577544575,225.85334224554245
2017-11-22,228.57,230.04,227.59,228.08,2932,232.19259290645127,237.87353598493667,40.677779777346124,230.9820084301427,233.1271419426971,-2.145133512554395,-1.9492484705892585,-0.19588504196513634,232.51,3.516303381916851,239.5426067638337,225.47739323616628
2017-11-23,228.08,232.49,230.04,231.02,4785,232.08091739155117,237.60476986788032,46.320462873730136,230.98785328704383,232.97105735434917,-1.983204067305337,-1.9560395899324745,-0.02716447737286254,232.192,3.3356457593057716,238.86329151861156,225.52070848138845
2017-11-26,231.02,236.89,231.02,234.93,4437,232.35225859235584,237.49987693188504,52.75657692104493,231.5943373967294,233.11616421699,-1.5218268202605998,-1.8691970359980996,0.3473702157374998,232.06949999999998,3.1762713575571153,238.4220427151142,225.71695728488575
2017-11-27,239.34,239.34,234.44,234.44,4879,232.55109110736956,237.37988175808562,51.916489858760976,232.0321316433864,233.2142261268426,-1.1820944834561828,-1.7317765254897164,0.5496820420335335,231.94700000000003,3.024176442916375,237.99535288583277,225.8986471141673
2017-11-28,234.93,238.36,234.44,237.38,18281,233.01098719238198,237.37988639502345,56.402359110151735,232.85488062132697,233.52280196929868,-0.6679213479717134,-1.519005489986116,0.8510841420144026,232.0695,3.1961020255758976,238.4617040511518,225.6772959488482
2017-11-29,239.83,240.32,238.36,238.36,9059,233.5204169835837,237.4183222226696,57.81512639016961,233.70182206419975,233.88111293453582,-0.17929087033607516,-1.2510625660561079,1.0717716957200327,232.29000000000002,3.4728116926529795,239.23562338530598,225.34437661469406
2017-11-30,238.36,239.83,234.93,239.83,7639,234.12132965181382,237.5128978217806,59.913494968048305,234.64461866970748,234.3217712356813,0.3228474340261869,-0.9362805660396489,1.2591280000658358,232.4125,3.697733124923107,239.8079662498462,225.0170337501538
2017-12-04,240.32,240.32,237.87,239.83,22202,234.66501254211727,237.60376457386764,59.913494968048305,235.44236964359865,234.72978818118636,0.7125814624122881,-0.6065081603492615,1.3190896227615496,232.8285,4.0427651753662,240.9140303507324,224.7429696492676
2017-12-05,238.36,238.36,236.4,236.89,7749,234.87691610953468,237.57577380626498,53.715848173545346,235.66508200612193,234.88980387146884,0.7752781346530924,-0.3301509013487907,1.105429036001883,233.073,4.136797769950753,241.3465955399015,224.79940446009851
2017-12-06,239.83,241.3,238.85,240.32,10114,235.39530505148375,237.6833905197448,59.03938333763101,236.38122323594934,235.29204062173042,1.0891826142189132,-0.04628419823524993,1.1354668124541631,233.5625,4.39143169916338,242.34536339832675,224.77963660167325
2017-12-10,240.32,241.79,239.83,240.32,12108,235.8643236180091,237.7867869699509,59.039383337631,236.98718889195715,235.6644820571578,1.3227068347993338,0.22751400837166685,1.095192826427667,234.22349999999997,4.362340360523083,242.94818072104613,225.49881927895382
2017-12-11,239.34,239.83,238.85,239.83,3268,236.24200708296064,237.8669129711293,57.935348524130305,237.42454444704066,235.97303894181277,1.4515055052278854,0.4723123077429106,0.9791931974849748,234.76200000000003,4.35613131115169,243.4742626223034,226.04973737769666
2017-12-12,239.83,239.83,235.42,235.91,7084,236.21038736077392,237.790171285987,49.89662970776399,237.19153760903438,235.96836939056737,1.2231682184670092,0.6224834898877303,0.6006847285792789,235.031,4.245756891173063,243.52251378234612,226.5394862176539
2017-12-13,234.44,235.91,232.98,234.93,3566,236.0884457073669,237.67800770614437,48.09978302052406,236.843608746106,235.89145313941424,0.9521556066917753,0.6884179132485393,0.26373769344323605,235.15299999999996,4.203747826579265,243.56049565315848,226.74550434684144
2017-12-14,237.87,237.87,234.44,234.44,2100,235.93145087809384,237.55102701178578,47.184833929821124,236.47382278516662,235.78393809205022,0.6898846931163973,0.6887112692221109,0.0011734238942864295,235.15300000000002,4.203747826579265,243.56049565315854,226.7455043468415
2017-12-17,233.95,234.93,232.49,233.47,6141,235.69702698494203,237.3909867368138,45.34595676475468,236.0116962028333,235.61253527041688,0.3991609324164074,0.6308012018609702,-0.23164026944456284,235.00650000000002,4.209054494401124,243.42460898880228,226.58839101119776
2017-12-18,231.51,233.47,229.06,229.55,8158,235.11159584351898,237.0834970608603,38.77017920880404,235.0175890947051,235.16345858371935,-0.14586948901424535,0.47546706368592717,-0.6213365527001725,234.7865,4.378751654596059,243.5440033091921,226.02899669080787
2017-12-19,232.0,232.49,231.02,232.0,3723,234.81525338223148,236.88414423494422,44.21508100703446,234.5533446185966,234.92912831825865,-0.37578369966203695,0.30521691101633436,-0.6810006106783713,234.88449999999997,4.287921193059744,243.46034238611946,226.30865761388048
2017-12-20,230.04,231.02,229.06,230.04,5311,234.36046734582848,236.61574642180918,41.06869073087538,233.85898390804329,234.5669706650543,-0.7079867570110139,0.10257617741086472,-0.8105629344218785,235.00699999999998,4.099412152979521,243.20582430595903,226.80817569404093
2017-12-21,230.53,231.02,229.06,229.55,3477,233.90232759860672,236.33865832683628,40.296657695189474,233.19606330680585,234.1953432083836,-0.9992799015777507,-0.11779503838685837,-0.8814848631908924,235.05599999999998,4.0235770940265505,243.10315418805308,227.00884581194688
2017-12-24,230.04,231.51,229.06,229.06,6357,233.44115354159655,236.0532207453917,39.49705468338576,232.55974587498957,233.81494741517002,-1.255201540180451,-0.34527633874557695,-0.9099252014348741,235.10500000000002,3.9392338287909423,242.9834676575819,227.22653234241812
2017-12-26,229.55,229.55,225.14,227.59,6883,232.88390082334925,235.72132973576853,37.11752903606011,231.79516958652965,233.35384019923148,-1.5586706127018317,-0.5879551935368279,-0.9707154191650038,234.9335,4.192935506049543,243.31937101209908,226.54762898790094
2017-12-27,223.19,227.59,222.21,223.19,4897,231.96067217350648,235.2299050402482,31.081542438999406,230.47129734244817,232.60096314743657,-2.129665804988406,-0.8962973158271436,-1.2333684891612622,234.34650000000002,4.947364290311433,244.24122858062287,224.45177141937717
2017-12-28,225.14,225.63,222.7,225.14,6172,231.31108434745826,234.83422248965024,36.04527595063314,229.65109775130227,232.04829921058942,-2.397201459287146,-1.1964781445191441,-1.2007233147680019,233.88150000000002,5.358113645874015,244.59772729174804,223.165272708252
2017-12-31,224.66,224.66,217.8,221.72,12451,230.39764774293843,234.319939254762,31.729032643553154,228.43092886648654,231.283240009805,-2.852311143318474,-1.52764474427901,-1.3246663990394638,233.09849999999997,5.933309429776072,244.96511885955212,221.23188114044783
2018-01-01,223.68,227.1,220.25,227.1,20444,230.08358605313478,234.03680438202625,43.24284250521683,228.22617057933473,230.97337037944908,-2.7471998001143447,-1.771555755446077,-0.9756440446682677,232.5355,5.9419928209487445,244.4194856418975,220.65151435810253
2018-01-02,227.59,231.02,225.14,227.59,10550,229.84610166712193,233.7839885239076,44.1664275689645,228.12829818251402,230.72275035134174,-2.594452168827729,-1.9361350381224076,-0.6583171307053215,231.92350000000002,5.779253525827126,243.48200705165428,220.36499294834576
2018-01-03,225.14,225.14,222.7,224.17,10244,229.30552055596746,233.4069693661073,39.353055522089896,227.519329231358,230.23736143642753,-2.718032205069534,-2.0925144715118327,-0.6255177335577011,231.14050000000003,5.71211959461228,242.56473918922458,219.71626081077548
2018-01-04,225.14,225.14,222.21,223.68,2741,228.76975669349437,233.02551958704427,38.70225471440445,226.92866319576444,229.75163095965513,-2.822967763890688,-2.2386051299876035,-0.5843626339030843,230.47999999999996,5.775697724995819,242.0313954499916,218.92860455000832
2018-01-07,218.78,224.17,218.78,222.21,5604,228.14501796078062,232.60138156402294,36.739316476263895,226.20271501180068,229.1929916293103,-2.990276617509636,-2.3889394274920104,-0.6013371900176256,229.5745,5.567687297442333,240.70987459488467,218.43912540511533
2018-01-08,225.14,225.14,221.23,224.17,1992,227.76644482165867,232.27073914974753,41.033670856564434,225.8899896253698,228.82091817528732,-2.9309285499175246,-2.4973372519771133,-0.4335912979404113,228.767,5.076703343913315,238.9204066878266,218.61359331217338
2018-01-09,224.17,227.1,223.68,227.1,7457,227.7029738862626,232.0679650654437,46.84293623910681,226.0761450676206,228.69344275489567,-2.6172976872750837,-2.5213293390367073,-0.09596834823837641,228.13049999999998,4.364761372870289,236.86002274574057,219.4009772542594
2018-01-10,227.59,227.59,225.14,225.14,3277,227.45888113518998,231.79628016091652,43.73869089027265,225.9321227495251,228.43022477305155,-2.4981020235264566,-2.5166838759346573,0.01858185240820065,227.592,4.00390940535759,235.5998188107152,219.58418118928483
2018-01-14,223.19,225.14,223.19,223.68,1751,227.0989876937433,231.47799466441,41.53086716395581,225.58564232652122,228.07835627134403,-2.4927139448228104,-2.511889889712288,0.019175944889477492,227.0295,3.6972528564064437,234.4240057128129,219.6349942871871
2018-01-16,221.72,222.7,220.74,222.21,6698,226.6333698181487,231.1145438932567,39.37572303465191,225.06631273782565,227.64366321420744,-2.577350476381781,-2.524982007046187,-0.05236846933559436,226.41799999999998,3.40709260220426,233.2321852044085,219.60381479559146
2018-01-17,220.25,221.72,218.78,220.25,4694,226.0254298354679,230.6884833484231,36.6452000459255,224.32534154739093,227.09598445759949,-2.770642910208551,-2.57411418767866,-0.19652872252989084,225.75699999999998,3.2455023129174956,232.24800462583497,219.265995374165
2018-01-21,220.74,222.21,216.82,217.31,15918,225.19538889875668,230.1638369426026,32.95374170649316,223.2460582324077,226.3710967199995,-3.1250384875918087,-2.68429904766129,-0.4407394399305189,225.14500000000004,3.6245253772764743,232.39405075455298,217.8959492454471
2018-01-22,215.36,220.25,215.36,220.25,15413,224.72439947982747,229.77505902328483,39.5153558479223,222.78512619665267,225.9176821481477,-3.1325559514950214,-2.7739504284280363,-0.3586055230669851,224.55750000000003,3.4002583106202633,231.35801662124055,217.75698337875951
2018-01-23,219.76,220.25,215.36,218.29,6593,224.1115995293677,229.32466455178346,36.921148034570315,222.09356832024457,225.35266865569233,-3.259100335447755,-2.87098040983198,-0.3881199256157748,223.97000000000003,3.4181712562182813,230.8063425124366,217.13365748756345
2018-01-24,220.25,220.25,217.31,217.31,6249,223.4638281456184,228.85350123602726,35.66053608062704,221.35763473251464,224.75691542193735,-3.39928068942271,-2.976640465750126,-0.4226402236725839,223.358,3.4619915169093938,230.2819830338188,216.43401696618122
2018-01-25,215.85,219.76,211.93,218.78,10116,223.01774927460713,228.45846197186935,39.02366477093785,220.961075542897,224.31418094623828,-3.3531054033412886,-3.051933453268359,-0.30117195007292974,222.844,3.331537340722188,229.50707468144438,216.1809253185556
2018-01-28,220.25,227.59,218.78,226.61,28166,223.3598683913112,228.38597326709015,53.089492397439884,221.83014084398977,224.48424161688732,-2.65410077289755,-2.972366917194197,0.318266144296647,222.795,3.26459395395587,229.32418790791172,216.26581209208825
2018-01-29,227.59,230.04,225.63,227.1,18395,223.71607140166253,228.33554294289056,53.80760647358633,222.64088840645286,224.6780014971179,-2.0371130906650308,-2.785316151888364,0.7482030612233332,222.99050000000003,3.403608727279877,229.79771745455977,216.18328254544028
2018-01-31,230.04,232.0,227.59,232.0,19377,224.5050169824566,228.4792471412086,60.34501700960889,224.08075172853705,225.22037175659065,-1.1396200280535993,-2.456176927121411,1.3165568990678116,223.33350000000002,3.9356953174215143,231.20489063484305,215.46210936515698
2018-02-01,228.08,234.44,228.08,231.51,19718,225.17215822222263,228.59810019449452,59.4390922203402,225.22371300106983,225.68627014499134,-0.46255714392151503,-2.0574529704814317,1.5948958265599167,223.823,4.314991126415824,232.45298225283165,215.19301774716837
2018-02-04,232.0,233.47,231.51,232.98,33882,225.91576220105858,228.76993940255355,61.3153616756282,226.41698792398216,226.22654643054756,0.19044149343460504,-1.6078740776982243,1.7983155711328294,224.11700000000002,4.730344485062698,233.57768897012542,214.65631102987462
2018-02-05,232.49,234.93,230.04,232.0,23034,226.4952134200054,228.89660844559066,59.34447673344744,227.2759128587541,226.6542096579144,0.6217032008397041,-1.1619586219906388,1.783661822830343,224.3375,4.996075170096806,234.3296503401936,214.3453496598064
2018-02-06,230.04,230.53,228.08,228.57,8936,226.69281214190963,228.8838002712538,52.931509983783364,227.47500318817654,226.79612005362443,0.6788831345521089,-0.7937902706820893,1.472673405234198,224.55749999999998,5.084406372221777,234.72631274444353,214.38868725555642
2018-02-07,227.1,228.57,226.12,226.61,4212,226.68492527125156,228.7946316331654,49.631019289697136,227.34192577461093,226.7823333829856,0.5595923916253298,-0.5231137382206055,1.0827061298459353,224.70400000000004,5.099979772921184,234.9039595458424,214.50404045415766
2018-02-08,227.59,230.04,227.59,229.06,2790,226.9111228644657,228.80503823578636,53.53149540032849,227.60624488620925,226.9510494286904,0.6551954575188574,-0.28745189907271296,0.9426473565915704,225.0465,5.153407942424832,235.35331588484968,214.73968411515034
2018-02-11,232.0,232.0,228.08,229.06,3093,227.1157778297547,228.81503673634376,53.53149540032849,227.82989951910014,227.10726798952817,0.7226315295719701,-0.08543521334377635,0.8080667429157464,225.29100000000003,5.22513651294797,235.74127302589596,214.8407269741041
2018-02-12,229.55,230.04,225.14,225.14,14560,226.9276085126352,228.67091764864404,46.80571486580079,227.41606882385395,226.9615444347483,0.45452438910564297,0.022556707146107524,0.43196768195953544,225.19299999999998,5.207773642909625,235.60854728581924,214.77745271418073
2018-02-14,227.59,228.57,224.66,228.08,13269,227.03736008286043,228.64774440752075,51.70652338363678,227.51821208172257,227.04439299513731,0.4738190865852516,0.11280918303393635,0.3610099035513153,225.33999999999997,5.24754077740431,235.8350815548086,214.84491844519135
2018-02-15,232.0,240.81,226.12,235.42,32657,227.83570674163562,228.9133230582062,61.294179497278925,228.73387176145758,227.66480832883084,1.0690634326267343,0.30406003295249595,0.7650033996742384,225.927,5.690048653940071,237.30709730788013,214.54690269211986
2018-02-18,235.42,239.83,232.49,232.49,17687,228.27897276624174,229.05358489906087,56.474352177495184,229.31173764431026,228.02222993410263,1.28950771020763,0.5011495684035228,0.7883581418041072,226.44100000000003,5.799861069115993,238.040722138232,214.84127786176805
2018-02-20,236.4,236.89,227.59,227.59,24369,228.21335631231395,228.9961894128232,49.468596672897355,229.046854929801,227.99021290194688,1.0566420278541102,0.6122480602936402,0.44439396756047,226.808,5.616832409444324,238.04166481888865,215.57433518111134
2018-02-21,225.63,227.59,225.14,227.59,4777,228.1539890444745,228.94104472996742,49.46859667289736,228.82272340213927,227.96056750180264,0.8621559003366315,0.6622296283022385,0.19992627203439295,227.32199999999997,5.153143751760709,237.6282875035214,217.01571249647856
2018-02-22,230.04,230.04,226.12,226.12,8172,227.96027580214363,228.83041552487066,47.42181051497727,228.40691980181015,227.82422916833576,0.5826906334743853,0.6463218293366679,-0.06363119586228261,227.61549999999997,4.889579117609517,237.394658235219,217.83634176478094
2018-02-25,225.14,226.61,224.17,225.14,7549,227.69167810670137,228.68569334742477,46.05376224974984,227.9043167553778,227.62539737808865,0.2789193772891565,0.5728413389271656,-0.2939219616380091,227.958,4.419268336679001,236.796536673358,219.119463326642
2018-02-26,225.14,226.61,221.72,222.7,7378,227.21628019177743,228.45096027497675,42.747180970050415,227.10365263916583,227.26055312785985,-0.15690048869402062,0.42689297340292837,-0.5837934620969489,228.22750000000002,3.865384674803424,235.95826934960687,220.49673065039318
2018-02-27,221.72,227.1,221.72,225.14,6705,227.01853922113196,228.32111869556593,46.8563161375257,226.8015522331403,227.10347511838873,-0.30192288524841615,0.28112980167265944,-0.5830526869210756,228.5455,3.261721332766832,235.06894266553365,222.02205733446635
2018-02-28,223.19,224.66,220.74,222.7,14739,226.60724977150034,228.10068266828884,43.49450991320742,226.17054419727256,226.77729177628586,-0.6067475790133017,0.10355432553546723,-0.7103019045487688,228.35,3.4928272366748723,235.33565447334973,221.36434552665025
2018-03-04,220.25,220.25,207.52,215.36,10971,225.53608312659554,227.60104805384614,35.291617488245834,224.50738355153834,225.93156645952396,-1.4241829079856245,-0.20199312116875115,-1.2221897868168734,227.76299999999998,4.542681911312202,236.84836382262438,218.67763617737558
2018-03-06,212.91,214.38,205.57,211.44,32814,224.19359901930073,226.96728146349923,31.83815202560993,222.49701685130165,224.85811709215182,-2.3611002408501633,-0.6338145451050337,-1.7272856957451297,226.73499999999999,5.709805508715955,238.1546110174319,215.31538898256807
2018-03-07,214.87,215.85,212.91,215.85,14773,223.3989705412721,226.53130964140124,39.062600176872074,221.47439887417832,224.19084915939982,-2.716450285221498,-1.0503416931283267,-1.6661085920931713,225.952,6.0821417626562475,238.1162835253125,213.7877164746875
2018-03-11,215.85,215.36,211.44,211.93,7761,222.3066876325795,225.95870926330707,35.464379094259925,220.00602981661243,223.28263811055538,-3.2766082939429566,-1.4955950132912528,-1.7810132806517038,224.8995,6.60113664454801,238.101773289096,211.69722671090398
2018-03-12,211.93,214.38,210.95,213.4,7224,221.45843166757194,225.46621086082445,37.77899877611814,218.98971753713357,222.55059084310682,-3.560873305973246,-1.9086506718276515,-1.6522226341455943,223.96949999999998,6.853537292599142,237.67657458519827,210.2624254148017
2018-03-13,213.4,214.87,210.95,214.87,5894,220.83096198494604,225.0506731800078,40.09289134674385,218.35591483911304,221.98165818806189,-3.625743348948845,-2.2520692072518904,-1.3736741416969545,223.28450000000004,7.051316767660437,237.3871335353209,209.18186646467916
2018-03-14,214.38,214.87,210.95,214.87,8840,220.26325131971308,224.6514310945173,40.09289134674385,217.81962024848028,221.45486869264988,-3.635248444169605,-2.5287050546354335,-1.1065433895341714,222.6975,7.245883677175088,237.18926735435016,208.20573264564982
2018-03-15,212.91,215.85,212.91,215.36,3363,219.79627500354994,224.28706124767348,40.94194174943251,217.44121713332947,221.00339693763877,-3.562179804309295,-2.735400004570206,-0.8267797997390893,222.0125,7.260298583826305,236.5330971676526,207.49190283234736
2018-03-18,215.36,215.85,211.93,213.4,10435,219.1871059555928,223.86011766933336,38.586178938370104,216.81949142050956,220.44018234966552,-3.6206909291559555,-2.912458189487356,-0.7082327396685995,221.2295,7.304551194829783,235.83860238965957,206.62039761034043
2018-03-19,213.4,214.87,211.93,212.91,5900,218.58928634077444,223.43070129014382,37.997547592895195,216.2180312019696,219.8823910645051,-3.664359862535491,-3.0628385240969833,-0.6015213384385079,220.61800000000002,7.469997252165687,235.5579945043314,205.67800549566866
2018-03-20,211.93,211.93,205.57,207.52,7288,217.53506859403402,222.8067522199421,32.181870752636144,214.87987255551275,218.96665839306027,-4.086785837547524,-3.2676279867870917,-0.819157850760432,219.59,7.796614649961512,235.18322929992303,203.99677070007698
2018-03-21,205.57,208.01,203.61,205.08,7025,216.3488715850784,222.11158546621888,29.947328699232543,213.37219985466464,217.93801703061135,-4.565817175946705,-3.5272658246190143,-1.038551351327691,218.073,7.500463915476356,233.07392783095273,203.0720721690473
2018-03-22,202.14,205.57,200.67,201.65,18850,214.94897905316617,221.3091703498966,27.098825619089666,211.56878449240855,216.73149725056606,-5.162712758157511,-3.8543552113267143,-1.3083575468307966,216.531,7.550503573306935,231.6320071466139,201.42999285338612
2018-03-26,198.71,198.71,192.35,193.33,17197,212.89002866715035,220.21194798323398,21.705642769785555,208.76281764742262,214.9980530097834,-6.235235362360783,-4.330531241533528,-1.9047041208272546,214.81800000000004,8.707194605309523,232.2323892106191,197.403610789381
2018-03-27,191.37,200.67,187.95,200.67,12758,211.72621641313603,219.4455970819307,34.155674171642474,207.51776877858836,213.93671574979945,-6.418946971211085,-4.74821438746904,-1.670732583742045,213.47200000000004,8.709635076045904,230.89127015209183,196.05272984790824
2018-03-28,200.67,207.04,196.76,205.57,12649,211.13991008807545,218.90145601989423,40.910790987671874,207.21811204342092,213.31695902759208,-6.098846984171161,-5.018340906809464,-1.0805060773616963,212.44449999999998,8.343455345674089,229.13141069134815,195.7575893086518
2018-03-29,204.59,210.46,204.59,208.01,7500,210.84182341302065,218.47434009754545,43.992146894087206,207.33994095981768,212.92385095147415,-5.583909991656469,-5.131454723778865,-0.45245526787760415,211.58800000000002,7.835374978431213,227.25874995686246,195.91725004313759
2018-04-01,206.06,206.06,200.67,202.63,4613,210.059744992733,217.85299342705346,39.14499070469135,206.6153346583073,212.16134347358718,-5.54600881527989,-5.21436554207907,-0.3316432732008199,210.58450000000002,7.61956586344411,225.82363172688824,195.3453682731118
2018-04-02,202.63,205.57,202.14,202.14,3514,209.30548356485366,217.23679760638473,38.72646875192809,205.92682163395233,211.41902173480295,-5.492200100850624,-5.269932453833381,-0.2222676470172429,209.43449999999999,7.019127607360863,223.4727552147217,195.39624478527827
2018-04-03,200.67,204.59,200.67,203.61,2804,208.76305655867714,216.70241338652653,40.77231387435462,205.5703875364212,210.8405756803731,-5.270188143951884,-5.269983591857082,-0.00020455209480196856,208.48000000000002,6.390061362030938,221.2601227240619,195.69987727593815
2018-04-04,203.61,208.5,203.61,208.01,5028,208.69133688642216,216.36153443019217,46.527392131792446,205.94571253081796,210.63090340775287,-4.685190876934911,-5.153025048872649,0.4678341719377377,208.1125,6.181509673380735,220.47551934676147,195.74948065323855
2018-04-05,211.93,217.31,208.5,215.85,11937,209.37311432581052,216.34147425645915,54.93078276361822,207.46944906453825,211.01750315532672,-3.548054090788469,-4.8320308572558135,1.2839767664673447,208.333,6.381859240724086,221.09671848144816,195.56928151855183
2018-04-08,215.85,222.7,214.38,221.72,13817,210.54900819954284,216.55239683463722,59.999471664715905,209.66184151614775,211.8102806993766,-2.148439183228845,-4.29531252245042,2.1468733392215746,208.6265,6.862629751433303,222.3517595028666,194.9012404971334
2018-04-09,226.12,226.12,219.27,220.74,6869,211.51957884720542,216.71661656661223,58.81030772570379,211.36617359058656,212.47174138831167,-1.105567797725115,-3.6573635775053592,2.551795779780244,209.067,7.351194031190098,223.76938806238022,194.3646119376198
2018-04-10,215.36,220.25,215.36,218.29,6729,212.16438086175728,216.7783178777255,55.831136496393825,212.43137765357324,212.902723507696,-0.47134585412277374,-3.020160032828842,2.5488141787060683,209.31149999999997,7.580634104152965,224.4727682083059,194.15023179169404
2018-04-11,214.38,217.31,210.95,212.91,17387,212.23539220825657,216.62661913742255,49.858303338494174,212.5050118607158,212.90326250712593,-0.3982506464101334,-2.495778155545101,2.0975275091349674,209.2135,7.517398958766093,224.2482979175322,194.17870208246782
2018-04-12,215.36,217.8,214.38,217.31,13223,212.71868818842262,216.6534183869354,54.17599879863505,213.24424080522104,213.22968750659808,0.014553298622956845,-1.9937118647114893,2.008265163334446,209.3355,7.632941403789146,224.6013828075783,194.0696171924217
2018-04-15,217.8,217.8,212.42,215.36,4663,212.97024169428713,216.60269609725168,52.03737223141,213.56974221980244,213.38748843203527,0.1822537877671664,-1.5585187342157583,1.7407725219829246,209.3355,7.632941403789146,224.6013828075783,194.0696171924217
2018-04-16,215.36,218.29,214.87,216.33,5964,213.2902186757836,216.5920021326536,53.03063582677547,213.99439726290976,213.60545225188451,0.3889450110252426,-1.1690259851675582,1.5579709961928008,209.48200000000003,7.742390899592947,224.96678179918592,193.99721820081413
2018-04-17,217.31,225.63,217.8,223.19,9962,214.23305499237563,216.85074714705934,59.42957740817674,215.40910537630828,214.31541875174491,1.093686624563361,-0.7164834632213745,1.8101700877847353,209.996,8.302890682419285,226.6017813648386,193.39021863516143
2018-04-18,221.72,234.44,220.25,226.12,16845,215.36514499310175,217.21424725893937,61.82198409053958,217.0569353184147,215.18983217754158,1.8671031408731267,-0.1997661424024742,2.066869283275601,210.92600000000002,9.021543455295443,228.9690869105909,192.88291308940913
2018-04-19,223.19,234.93,223.19,234.44,31030,217.18179785090157,217.8897669742751,67.65477082189855,219.73125296173552,216.6157705347607,3.1154824269748076,0.46328357147298216,2.652198855501825,212.394,10.31608014091006,233.02616028182013,191.76183971817989
2018-04-22,234.44,239.83,232.98,237.87,35631,219.1521028174824,218.67330552430354,69.70936741204798,222.52182942916085,218.19015790255622,4.331671526604623,1.2369611624993104,3.0947103641053126,214.205,11.447838913501036,237.10067782700207,191.30932217299795
2018-04-23,242.28,245.7,233.47,233.95,35071,220.56142635867454,219.272391582174,64.65469485551603,224.28000951698226,219.357553613478,4.922455903504272,1.9740601107003029,2.948395792803969,216.23599999999996,11.148772601784959,238.53354520356987,193.93845479643005
2018-04-24,232.98,237.38,232.0,234.44,13367,221.883195276896,219.8671997554221,64.99636710133262,225.84308497590806,220.47477186433147,5.368313111576583,2.652910710875559,2.715402400701024,217.9245,11.224203394544336,240.37290678908866,195.47609321091133
2018-04-25,232.49,234.44,230.04,231.02,13223,222.75336715528687,220.30456447089574,60.59365935840369,226.63953344115296,221.255899874381,5.383633566771977,3.199055282054843,2.1845782847171336,219.19699999999997,11.192444396955603,241.5818887939112,196.81211120608876
2018-04-26,235.42,235.42,228.08,231.51,14450,223.58733218811668,220.74399331517435,61.00126106689304,227.3888359886679,222.01546284664906,5.373373142018835,3.633918854047642,1.739454287971193,220.37199999999999,11.189736650868289,242.75147330173655,197.99252669826342
2018-04-29,232.49,232.49,227.59,228.08,4650,224.01520531305795,221.03167985183418,56.588779170344175,227.49516891348821,222.46468782097136,5.030481092516851,3.913231301741484,1.1172497907753671,221.64449999999997,10.491208086071826,242.6269161721436,200.66208382785632
2018-05-02,228.08,229.55,221.23,229.55,6375,224.54232861657624,221.3657316223505,57.99124357331654,227.81129677295155,222.98952576015867,4.82177101279288,4.094939243951764,0.7268317688411159,223.01500000000001,9.557993348088345,242.1309866961767,203.89901330382332
2018-05-03,233.47,233.47,229.55,230.04,9608,225.06591636737852,221.70589900970933,58.47284246797962,228.15417419249746,223.511783111258,4.642391081239452,4.204429611409302,0.4379614698301504,224.33649999999997,8.502689528056536,241.34187905611304,207.3311209438869
2018-05-06,232.98,232.98,228.08,228.08,4645,225.35297195143772,221.95586375442662,55.72108656152784,228.14276277826707,223.85016954746112,4.292593230805949,4.222062335288632,0.07053089551731695,225.34,7.612101860645203,240.5642037212904,210.1157962787096
2018-05-07,227.59,229.06,225.14,226.61,18538,225.47268890844364,222.13837890131185,53.680666670019974,227.90695312007213,224.05460143283437,3.852351687237757,4.148120205678457,-0.29576851844069996,225.87800000000001,7.279031601293382,240.43606320258678,211.31993679741325
2018-05-08,229.55,229.55,226.12,229.55,11667,225.86100425049662,222.42903070910356,57.06682786793791,228.15972956313794,224.46166799336515,3.69806156977279,4.058108478497324,-0.3600469087245344,226.26949999999997,7.254149066858682,240.77779813371734,211.7612018662826
2018-05-09,229.55,230.04,225.14,226.61,35837,225.93233717902075,222.5929902891387,52.90195513547846,227.9213096303475,224.62080369756035,3.3005059327871606,3.9065879693552916,-0.606082036568131,226.56300000000002,7.1364469266462205,240.83589385329245,212.2901061467076
2018-05-10,226.61,228.08,226.12,226.61,25579,225.9968764953045,222.75052008172148,52.90195513547846,227.71956968721713,224.76815157181514,2.9514181154019923,3.7155539985646318,-0.7641358831626395,226.97899999999998,6.8661916970798895,240.71138339415975,213.24661660584022
2018-05-14,225.14,226.12,224.17,225.14,11526,225.9152692100374,222.84422517655594,50.75398840744119,227.32271281226065,224.79569589982881,2.527016912431833,3.4778465813380723,-0.9508296689062394,227.59050000000002,6.042453732157108,239.67540746431425,215.5055925356858
2018-05-15,225.14,225.63,225.14,225.63,2935,225.88810071384336,222.95347124806355,51.461455116558724,227.06229545652823,224.8574962035452,2.2047992529830367,3.2232371156670654,-1.0184378626840287,228.00650000000002,5.564963020636244,239.1364260412725,216.87657395872753
2018-05-16,227.1,227.1,224.66,225.14,10975,225.81685302681066,223.03921747362972,50.67742247030478,226.76655769398542,224.87842241068998,1.8881352832954406,2.9562167491927407,-1.0680814658973001,228.4955,4.76780814145038,238.03111628290074,218.95988371709925
2018-05-17,225.14,227.59,224.17,227.59,13794,225.9857241671144,223.2176795334874,54.41689762464171,226.89324112568,225.07928000989813,1.813961115781865,2.727765622510566,-0.9138045067287011,229.0585,3.827800350895035,236.71410070179007,221.40289929820995
2018-05-20,230.53,230.53,224.17,227.59,17259,226.13851234167493,223.3891430811938,54.41689762464171,227.0004347986523,225.2652592684242,1.735175530228105,2.529247604054074,-0.7940720738259692,229.27849999999998,3.5919372796652507,236.46237455933047,222.0946254406695
2018-05-21,225.14,225.63,224.17,225.14,4432,226.04341592818207,223.45780413683326,50.018775259401274,226.7142140603981,225.25598080409645,1.4582332563016394,2.315044734503587,-0.8568114782019478,229.2295,3.6436050323238005,236.5167100646476,221.9422899353524
2018-05-22,222.7,225.14,220.74,224.17,2770,225.86499536359332,223.48573338636922,48.3525146480874,226.32279651264452,225.1755377815708,1.1472587310737197,2.0814875338176138,-0.9342288027438941,228.71599999999998,3.5939780042083167,235.9039560084166,221.52804399158336
2018-05-23,223.19,223.19,221.72,222.7,10050,225.5635672337273,223.45492031239394,45.85925693101805,225.7654432030069,224.99216461256555,0.7732785904413504,1.8198457451423613,-1.046567154701011,227.95750000000004,3.1313943001727225,234.2202886003455,221.69471139965458
2018-05-24,222.7,221.72,220.25,220.25,7374,225.05751321146755,223.3292371628883,41.974473628234826,224.91691347946738,224.6408931597829,0.27602031968447704,1.5110806600507845,-1.2350603403663074,227.27250000000004,3.2478168781014287,233.7681337562029,220.77686624379717
2018-05-27,217.8,217.8,213.89,213.89,9758,223.9939405246611,222.95907099963776,33.93745805626122,223.220465251857,223.8445307035027,-0.6240654516456914,1.0840514377114894,-1.7081168893571808,226.24499999999998,4.019826521524798,234.28465304304956,218.2053469569504
2018-05-28,213.89,221.23,210.46,217.31,12893,223.35737476040768,222.73753880357356,40.53147955074112,222.31116290541746,223.36049139213213,-1.0493284867146713,0.6573754528262573,-1.7067039395409287,225.5595,4.320431843668602,234.20036368733722,216.9186363126628
2018-05-29,213.4,213.4,202.14,205.08,71425,221.61667240227362,222.04508630147262,29.277350620713705,219.66021476612246,222.00638091864084,-2.3461661525183786,0.05666713175733018,-2.402833284275709,224.238,6.085923015234789,236.40984603046957,212.06615396953043
2018-05-30,201.65,205.57,201.16,202.63,25450,219.80841788777138,221.28371036808153,27.622687204106057,217.04018172518056,220.571093443186,-3.5309117180054272,-0.6608486381952213,-2.870063079810206,222.96550000000002,7.689672825152627,238.34484565030527,207.58615434969477
2018-05-31,202.63,203.12,198.23,198.23,13468,217.7533304698884,220.37964329482344,24.900843260509987,214.1463076136143,218.91619763257964,-4.769890018965327,-1.4826569143492425,-3.2872331046160848,221.3995,9.29893172981636,239.9973634596327,202.80163654036727
2018-06-03,194.31,202.14,190.88,194.31,14422,215.52063232989903,219.35730434208529,22.7500542609272,211.09456798075058,217.09351632646263,-5.998948345712051,-2.3859152006218043,-3.613033145090247,219.613,10.853773585837668,241.32054717167534,197.90545282832466
2018-06-04,193.33,196.27,193.33,193.33,14887,213.40723877467053,218.3366257404349,22.233034449516296,208.36155752217357,215.33325585783578,-6.971698335662211,-3.3030718276298856,-3.6686265080323253,217.87550000000002,12.133059437577367,242.14161887515476,193.60938112484527
2018-06-06,193.33,200.67,193.33,193.82,5153,211.54178746279715,217.37518943688843,23.17317400803752,206.12439482645456,213.73968134984793,-7.615286523393365,-4.165514766782582,-3.449771756610783,216.23599999999996,13.06990895148071,242.3758179029614,190.09618209703854
2018-06-07,191.86,191.86,185.99,185.99,18666,209.10828389491172,216.14439769426536,19.18245060602287,203.02679562238464,211.68414939800735,-8.65735377562271,-5.063882568550608,-3.5934712070721018,214.058,14.305523629555992,242.66904725911198,185.446952740888
2018-06-10,183.54,183.54,179.14,181.09,28282,206.43987590492014,214.76971543174514,17.187641290580515,199.65190398817163,209.41791610926606,-9.766012121094434,-6.0043084790593735,-3.7617036420350605,211.78199999999998,15.75143254972119,243.28486509944236,180.2791349005576
2018-06-11,180.61,185.01,177.67,181.58,14404,204.0722686758801,213.4681579638336,18.104791512102608,196.87161106691445,207.35584824932042,-10.484237182405963,-6.900294219728691,-3.5839429626772716,209.5305,16.709516820315777,242.94953364063156,176.11146635936842
2018-06-12,181.09,181.58,179.14,179.63,5902,201.74443356389153,212.14117137701658,17.284396960826143,194.2190555181584,205.30208171233372,-11.083026194175318,-7.736840614618016,-3.346185579557302,207.25499999999997,17.549593637520495,242.35418727504094,172.155812724959
2018-06-13,178.65,181.58,177.18,180.12,14440,199.6849637006638,210.8854391661532,18.286401588339317,192.04997005382634,203.43674232623493,-11.386772272408592,-8.466826946176132,-2.91994532623246,204.9795,17.986670642157986,240.95284128431598,169.00615871568402
2018-06-14,181.09,186.97,180.12,182.07,28450,198.00734811012438,209.7554219439511,22.319311915293355,190.51459004554536,201.85402067243973,-11.33943062689437,-9.04134768231978,-2.29808294457459,202.826,18.024156714341782,238.87431342868356,166.77768657131642
2018-06-17,178.65,178.65,173.75,173.75,54367,195.6971244805887,208.34344461281577,18.193465483804673,187.9354223462307,199.77224136337014,-11.836819017139447,-9.600441949283713,-2.2363770678557344,200.13400000000001,18.151054891774315,236.43610978354866,163.83189021645137
2018-06-18,171.31,172.77,170.82,171.8,31970,193.42120786338978,206.91036835348967,17.38243203491706,185.45304967757983,197.700223484602,-12.247173807022165,-10.129788320831404,-2.117385486190761,197.34449999999998,17.99577800631651,233.336056012633,161.35294398736696
2018-06-19,174.73,174.73,170.82,171.31,20717,191.31537854306694,205.51427547688223,17.175240355726913,183.2771958810291,195.7453921153722,-12.468196234343111,-10.597469903533746,-1.8707263308093651,194.653,17.641808028836188,229.93661605767238,159.3693839423276
2018-06-20,172.28,179.14,171.8,171.8,12642,189.45677106277483,204.19214702680844,18.224945429028978,181.51147343779385,193.9716593660854,-12.460185928291537,-10.970013108485306,-1.4901728198062312,192.0345,16.901120945384637,225.83674189076928,158.23225810923074
2018-06-21,175.22,175.22,168.86,170.82,12027,187.6818404853677,202.8834353786983,17.740670679554597,179.86663137044096,192.25672163526426,-12.3900902648233,-11.254028539752905,-1.1360617250703946,189.44050000000001,15.898386702330368,221.23727340466075,157.64372659533927
2018-06-24,173.75,173.75,170.82,170.82,8269,186.07595091533267,201.62604575600423,17.740670679554597,178.47484192883465,190.6688163289484,-12.193974400113746,-11.442017711825073,-0.7519566882886721,186.969,14.649855001976652,216.2687100039533,157.6692899960467
2018-06-25,170.82,170.82,168.37,170.33,7154,184.57633654244384,200.39874984400407,17.471458856228978,177.22178932439854,189.1622373416189,-11.940448017220348,-11.541703772904128,-0.39874424431621946,184.791,13.640090252826633,212.07118050565327,157.51081949434672
2018-06-26,170.82,170.82,167.39,169.35,8852,183.1262092526873,199.18115181090587,16.918490368332186,176.01074481295262,187.69466420520268,-11.683919392250061,-11.570146896773315,-0.11377249547674673,182.393,11.700022986931684,205.79304597386337,158.99295402613663
2018-06-27,168.86,169.84,167.39,169.35,3093,181.81418932385992,198.01130272028212,16.918490368332186,174.98601484172914,186.3358001900025,-11.349785348273343,-11.526074587073321,0.1762892387999777,180.6065,10.742214941160787,202.09092988232157,159.12207011767845
2018-06-28,169.84,169.84,168.37,169.35,8967,180.6271236739685,196.88733006458477,16.918490368332186,174.1189356353093,185.07759276852082,-10.958657133211517,-11.412591096300961,0.4539339630894439,178.9425,9.675810247589657,198.2941204951793,159.5908795048207
2018-07-01,179.63,180.61,178.65,178.65,78789,180.43882618120958,196.17214065028733,39.58280893742214,174.81602246064634,184.60147478566742,-9.785452325021083,-11.087163342044986,1.3017110170239032,177.9635,8.546202157437067,195.05590431487414,160.87109568512588
2018-07-02,155.15,160.54,154.66,155.64,7604,178.07703321157058,194.58264493851135,22.921709766696324,171.86586515900845,182.45618035709947,-10.59031519809102,-10.987793713254195,0.39747851516317567,176.03,9.014829887176411,194.05965977435284,158.00034022564716
2018-07-03,167.39,167.88,165.43,165.92,10252,176.91922052475434,193.45861964680503,35.90245470998275,170.95111667300714,181.23127810842544,-10.280161435418307,-10.846267257687018,0.5661058222687103,174.6595,8.301657079351681,191.26281415870338,158.05618584129664
2018-07-04,165.92,168.37,165.43,168.37,6609,176.1050090462063,192.47475220967542,38.55821587118833,170.5540218002368,180.27859084113467,-9.724569040897876,-10.621927614329191,0.8973585734313154,173.387,7.069134615390918,187.52526923078184,159.24873076921816
2018-07-05,168.37,173.26,166.9,172.28,13376,175.74072247037714,191.68280114262933,42.64265136486574,170.8195569078927,179.68610263068024,-8.86654572278755,-10.270851236020864,1.4043055132333144,172.7015,6.417378768870475,185.53625753774097,159.86674246225905
2018-07-08,173.75,176.2,170.82,170.82,5432,175.2720822351031,190.8646520782125,41.5324131527238,170.8196250759092,179.0293542876669,-8.209729211757718,-9.858626831168234,1.6488976194105156,172.188,6.114571551887296,184.41714310377458,159.9588568962254
2018-07-09,168.86,169.35,166.9,167.88,5778,174.56807440318852,189.96329317318455,39.3127621863034,170.36737506423086,178.20347619228417,-7.836101128053315,-9.45412169054525,1.6180205624919353,171.503,5.764393518104942,183.03178703620986,159.9742129637901
2018-07-10,167.39,170.82,167.39,168.86,3010,174.0244482695515,189.13571304874594,40.45512830810314,170.13547120819536,177.51136684470757,-7.375895636512212,-9.038476479738643,1.662580843226431,170.9645,5.460258789894739,181.88501757978946,160.0439824202105
2018-07-11,171.8,175.22,171.8,169.84,14091,173.62592938673706,188.37901841938336,41.63822734814113,170.0900140992422,176.9431174488033,-6.853103349561081,-8.60140185370313,1.7482985041420491,170.45049999999998,5.019076739379515,180.488653478759,160.41234652124095
2018-07-12,176.2,176.69,172.28,173.26,15943,173.5910789689526,187.7861157362703,45.69344097691993,170.5777042378203,176.6702939340771,-6.092589696256795,-8.099639422213864,2.007049725957069,170.01,4.277426673522216,178.56485334704442,161.45514665295556
2018-07-15,171.31,173.26,171.31,172.28,8501,173.46621430524283,187.17803276622047,44.73423920570237,170.83959589354026,176.3450869759973,-5.505491082457041,-7.5808097542625,2.0753186718054586,169.93649999999997,4.222050231568264,178.3806004631365,161.49239953686345
2018-07-16,172.77,178.16,172.77,175.22,10405,173.63324151426733,186.70909030480007,48.244342342911864,171.513504217611,176.2617471999975,-4.7482429823865,-7.014296399887301,2.2660534175008005,170.10750000000002,4.368224829136623,178.84394965827326,161.37105034172677
2018-07-17,176.2,176.2,172.77,174.73,11362,173.7376947033847,186.239322057553,47.70056552929005,172.00834972259392,176.1482844444421,-4.139934721848192,-6.439424064279479,2.299489342431287,170.2785,4.483202890555559,179.24490578111113,161.3120942188889
2018-07-18,173.75,175.22,173.26,175.22,10586,173.87886663639568,185.80719178078624,48.32778004191224,172.5024497652718,176.0795226337427,-3.577072868470907,-5.866953825117765,2.289880956646858,170.4495,4.6077834321814395,179.66506686436287,161.23393313563713
2018-07-19,174.24,176.2,173.75,175.22,7413,174.00659362340562,185.39200778938286,48.327780041912234,172.92053441676845,176.01585429050252,-3.09531987373407,-5.312627034841027,2.217307161106957,170.6695,4.729827497688032,180.12915499537607,161.20984500462393
2018-07-22,173.75,174.24,172.77,173.26,4968,173.93548946879557,184.9162427780345,45.780765002051645,172.97275989111176,175.81171693565048,-2.8389570445387164,-4.817893036780565,1.9789359922418486,170.79149999999998,4.765249510227977,180.32199902045593,161.26100097954404
2018-07-23,172.77,174.73,172.28,173.26,8746,173.87115713843409,184.45913521811158,45.780765002051645,173.01695067709457,175.62270086634302,-2.605750189248454,-4.375464467274143,1.7697142780256891,170.93800000000002,4.795259281721745,180.5285185634435,161.34748143655654
2018-07-24,173.26,177.18,172.77,173.75,16560,173.8596183633451,184.0391691311268,46.59680469167436,173.12972749600308,175.48398228365096,-2.354254787647875,-3.97122253134889,1.6169677437010148,171.158,4.819441548778916,180.7968830975578,161.51911690244216
2018-07-25,174.73,174.73,173.26,173.26,7583,173.80251185255034,183.61645661618064,45.85358724318029,173.1497694196949,175.31924285523237,-2.169473435537469,-3.610872712186606,1.441399276649137,171.3535,4.82154405820941,180.99658811641882,161.71041188358117
2018-07-26,173.26,175.71,173.26,173.26,14723,173.75084405706937,183.21032106260492,45.85358724318029,173.16672797051106,175.16670634743738,-1.9999783769263217,-3.2886938451345493,1.2887154682082276,171.549,4.815297881149399,181.17959576229882,161.9184042377012
2018-07-29,176.2,177.18,174.24,176.69,23014,174.0307636706818,182.95462219740475,52.0610697680006,173.70876982120166,175.27954291429387,-1.570773093092214,-2.9451096947260824,1.3743366016338685,171.451,4.681252531443826,180.81350506288766,162.08849493711233
2018-07-30,176.2,180.12,176.2,178.16,29197,174.42402427347403,182.76659779750653,54.47014299130297,174.3935744640937,175.49291010582766,-1.0993356417339726,-2.5759548841276603,1.4766192423936877,172.577,3.129097902623414,178.83519580524683,166.31880419475317
2018-07-31,181.58,181.58,178.16,178.16,21554,174.77983148552414,182.5859469034867,54.47014299130297,174.9730245465408,175.6904723202108,-0.7174477736699885,-2.204253462036126,1.4868056883661374,173.189,2.950443142450646,179.0898862849013,167.2881137150987
2018-08-01,179.63,180.61,178.65,178.65,78789,175.14841896309326,182.43159604452643,55.33780354107773,175.53871307784223,175.90969659278775,-0.3709835149455216,-1.8375994726180052,1.4666159576724835,173.703,2.9621562203361824,179.62731244067237,167.77868755932764
2018-08-02,178.43,184.62,177.86,178.99,7604,175.51428382375104,182.2966314937607,55.9648796763361,176.06968029663574,176.13786721554422,-0.06818691890848072,-1.4837169618761004,1.4155300429676196,174.0385,3.165515298534413,180.36953059706883,167.70746940293117
2018-08-05,178.43,178.99,177.86,178.43,5941,175.79197107863192,182.14499888616226,54.60498192240621,176.43280640484562,176.30765482920762,0.12515157563800017,-1.1619432543732802,1.2870948300112803,174.419,3.2152611418854793,180.84952228377097,167.98847771622906
2018-08-06,178.43,178.43,176.74,177.3,6278,175.935592880667,181.9549989298422,51.86624336870322,176.56622080410014,176.38116187889594,0.18505892520420275,-0.8925428184577836,1.0776017436619862,174.89000000000001,2.879373104284471,180.64874620856895,169.13125379143108
2018-08-07,177.3,177.86,176.18,177.86,9910,176.1188697491749,181.79441073651503,53.12108839813541,176.76526375731552,176.49070544342217,0.27455831389335117,-0.6591225919875567,0.9336809058809079,175.33999999999997,2.574520905863769,180.4890418117275,170.19095818827245
2018-08-08,177.3,179.55,176.74,177.86,15347,176.28469167782492,181.64012011939678,53.12108839813541,176.93368471772854,176.59213466983536,0.341550047893179,-0.4589880640114096,0.8005381119045887,175.741,2.2805744890252773,180.30214897805058,171.17985102194945
2018-08-09,178.99,180.12,175.05,176.18,9044,176.2747210418416,181.42599776177337,48.7034451453092,176.8177332226934,176.56160617577348,0.2561270469199144,-0.31596504182514484,0.5720920887450592,175.887,2.2056198555873974,180.2982397111748,171.4757602888252
2018-08-12,178.99,178.99,172.8,172.8,8808,175.94379522833287,181.08772333974306,41.26767755446391,176.1996204192021,176.28296868127174,-0.08334826206964863,-0.2694416858740456,0.18609342380439697,175.913,2.163525631437653,180.2400512628753,171.5859487371247
2018-08-13,171.67,176.18,171.67,175.05,7615,175.85867187325357,180.85094987543943,47.061777475558486,176.02275573932485,176.19163766784422,-0.16888192851936878,-0.24932973440311024,0.08044780588374145,175.9045,2.1667231504092235,180.23794630081846,171.57105369918156
2018-08-14,176.74,180.12,175.05,180.12,12295,176.26451264722942,180.82228517444182,57.287118507990655,176.65310101019796,176.48262747022613,0.17047353997182313,-0.16536907952812357,0.3358426194999467,176.174,2.3411364761570477,180.8562729523141,171.4917270476859
2018-08-15,182.37,183.49,178.99,181.8,28492,176.79170191892186,180.86062693230684,60.04137859352833,177.44493162401363,176.87650691687605,0.5684247071375808,-0.018610322194982695,0.5870350293325635,176.50300000000001,2.6429092821505136,181.78881856430104,171.217181435699
2018-08-16,185.18,188.56,180.12,186.87,51341,177.7515398314055,181.096288621236,66.96461038086161,178.89494214339615,177.61676566377415,1.2781764796220045,0.24074703816841478,1.0374294414535898,177.0855,3.4925250630142592,184.0705501260285,170.10044987397148
2018-08-19,184.62,186.31,182.93,185.18,11354,178.4590122284145,181.25643416550125,63.04355905733532,179.8618741213352,178.17700524423532,1.6848688770998876,0.5295714059547094,1.1552974711451782,177.6815,3.808156447194523,185.29781289438904,170.06518710561096
2018-08-20,186.87,186.87,181.8,182.93,14521,178.88482058761312,181.3220641982267,58.16077142699396,180.33389348728363,178.52907892984751,1.8048145574361172,0.784620036250991,1.0201945211851262,178.16500000000002,3.8310414964291324,185.8270829928583,170.50291700714175
2018-08-21,181.24,182.93,181.24,181.8,9433,179.16245672212617,181.3408067786884,55.82238588990836,180.55944833539382,178.77136937948845,1.7880789559053767,0.9853118201818681,0.8027671357235086,178.5675,3.7650859709194826,186.09767194183897,171.03732805816102
2018-08-22,179.55,179.55,177.3,178.99,16189,179.14603227239985,181.2486182775634,50.39618149132041,180.31799474533324,178.78756424026707,1.530430505066164,1.0943355571587274,0.4360949479074365,178.854,3.5519370549179192,185.95787410983584,171.75012589016418
2018-08-23,175.61,176.18,170.55,174.49,161413,178.7026006274094,180.9835744235413,43.16070464506787,179.42138016912813,178.46922614839542,0.9521540207327064,1.0658992498735234,-0.11374522914081697,178.9155,3.4594256824833374,185.8343513649667,171.99664863503332
2018-08-26,173.36,174.49,172.24,173.36,25943,178.19378152003708,180.68461072065736,41.54758734304614,178.4888601431084,178.090764952218,0.398095190890416,0.932338438076902,-0.534243247186486,178.749,3.647213644470902,186.04342728894179,171.4545727110582
2018-08-28,173.36,175.61,170.55,175.61,46421,177.94770708955735,180.48560637867078,45.88456638713785,178.04595858263022,177.90700458538703,0.1389539972431919,0.77366154991016,-0.6347075526669681,178.62150000000003,3.7128684825098066,186.04723696501964,171.19576303498042
2018-08-29,178.99,178.99,173.36,175.05,28137,177.67173498578998,180.2724453442131,44.989841459850496,177.5850418776102,177.69537461609912,-0.11033273848892122,0.5968626922303438,-0.707195430719265,178.466,3.797377765607527,186.06075553121505,170.87124446878497
2018-08-30,177.3,177.86,174.49,177.86,31183,177.68966498714332,180.17783964444004,50.23381215325584,177.62734312720863,177.70756908898068,-0.08022596177204377,0.4614449614298663,-0.5416709232019101,178.4265,3.799471258227758,186.0254425164555,170.8275574835445
2018-09-02,178.43,183.49,177.3,182.37,65508,178.13541117884398,180.2638067172071,57.27372518679384,178.35698264609962,178.05293434164878,0.30404830445084485,0.429965630034062,-0.12591732558321717,178.5955,3.8997037336854103,186.3949074673708,170.79609253262916
2018-09-03,184.62,185.18,181.24,182.93,76056,178.59203868562074,180.36836331653234,58.06693072849648,179.06052377746892,178.4141984644896,0.6463253129793145,0.47323756662311256,0.17308774635620194,178.8205,4.017685213363275,186.85587042672657,170.78512957327345
2018-09-04,182.93,186.31,181.8,182.93,78790,179.00517785841876,180.4688196570605,58.06693072849649,179.65582781170448,178.7487022819348,0.9071255297696723,0.5600151592524245,0.3471103705172478,179.102,4.101895069097761,187.30579013819553,170.89820986180447
2018-09-05,182.93,189.68,182.93,187.43,135629,179.8075418719027,180.7418071214895,64.25189977624447,180.85185430221148,179.39176137216185,1.4600929300496261,0.7400307134118649,0.7200622166377613,179.5805,4.489280184945169,188.55906036989035,170.60193963010965
2018-09-06,190.25,192.5,186.87,189.12,306143,180.69444264600722,181.0703637049605,66.26436612883943,182.12387671725588,180.11237164089061,2.0115050763652675,0.9943255860025454,1.017179490362722,180.14350000000002,4.945075461080817,190.03365092216166,170.25334907783838
2018-09-09,187.43,190.81,186.31,188.0,62496,181.39021001305414,181.34211414790323,63.70481436525807,183.0278956838319,180.69664040823204,2.331255275599858,1.261711523922008,1.06954375167785,180.73450000000003,5.148588437108879,191.0316768742178,170.43732312578226
2018-09-10,188.56,188.56,185.74,186.87,29571,181.91209477371567,181.5588939852404,61.138874847702496,183.61898865555006,181.15392630391858,2.465062351631474,1.5023816894639013,0.9626806621675725,181.43800000000002,4.965359583098524,191.36871916619705,171.50728083380298
2018-09-11,186.87,188.56,186.31,188.0,47395,182.49189527145703,181.81148637797605,62.75447164502821,184.29299040085004,181.6610428739987,2.6319475268513486,1.7282948569413907,0.9036526699099579,182.0855,4.932754621698675,191.95100924339735,172.21999075660264
2018-09-12,188.56,191.37,187.43,190.25,89009,183.23076238846113,182.14240848080053,65.80302668527213,185.20945341610388,182.29726192036915,2.9121914957347315,1.965074184700059,0.9471173110346724,182.592,5.231354458806945,193.0547089176139,172.12929108238612
2018-09-13,190.25,202.07,189.68,198.13,172322,184.64973739908388,182.76937285410247,73.86967460071381,187.19722981362636,183.47005733367516,3.727172479951207,2.317493843750289,1.4096786362009182,183.4085,6.272089616538505,195.95267923307702,170.864320766923
2018-09-16,200.38,209.38,198.13,202.63,203588,186.36214336107588,183.548220977471,77.18014222716917,189.57150214999155,184.8893123459955,4.682189803996039,2.790433035799439,1.8917567681965997,184.1965,7.582904092343504,199.36230818468698,169.030691815313
2018-09-17,205.44,205.44,199.82,200.94,172901,187.75051066002104,184.2302515273741,73.41824109786222,191.3205018192236,186.07825217221807,5.242249647005536,3.280796358040659,1.9614532889648775,184.9845,8.458775869505128,201.90205173901026,168.06694826098973
2018-09-18,200.94,202.63,199.82,201.5,69287,189.05998583525712,184.90749656551628,73.87268737524212,192.88657846241998,187.22060386316488,5.665974599255094,3.7578320062835457,1.908142592971548,185.91299999999998,9.207449558287967,204.3278991165759,167.49810088342406
2018-09-20,202.63,204.32,200.38,203.19,106780,190.40570146999454,185.62445748451566,75.24797318947125,194.47172023743227,188.40352209552304,6.068198141909221,4.219905233408681,1.8482929085005404,186.98250000000002,9.919323976859076,206.82114795371817,167.14385204628186
2018-09-23,203.76,209.38,201.5,207.13,107016,191.99849180618554,186.46781209296603,78.1372973560275,196.4191478932119,189.79066860696577,6.628479286246147,4.701620043976174,1.9268592422699733,188.3895,10.691648228505386,209.77279645701077,167.00620354298923
2018-09-25,207.13,213.89,207.13,212.2,126915,193.9224449675012,187.476917501085,81.18145999044128,198.84697129425624,191.45061908052386,7.396352213732371,5.2405664779274135,2.1557857358049572,190.275,11.412267406980034,213.09953481396008,167.45046518603993
2018-09-26,212.2,212.2,206.57,209.95,162596,195.44887878012014,188.35821485398364,76.11621528907247,200.55512955667837,192.82094359307763,7.734185963600737,5.739290375062079,1.9948955885386583,192.1045,11.49050888662824,215.08551777325647,169.12348222674353
2018-09-27,212.2,212.2,207.7,208.26,57983,196.66898556296582,189.1386770165725,72.45920639632077,201.7404942402663,193.96457740099783,7.7759168392684614,6.146615667903356,1.629301171365105,193.737,11.342130636190891,216.42126127238177,171.05273872761822
2018-09-30,206.01,208.82,204.32,204.88,72493,197.45098693792147,189.75598380023632,65.66416742707787,202.22349512637916,194.77312722314613,7.45036790323303,6.4073661149692915,1.0430017882637381,195.2285,10.698513558827718,216.62552711765542,173.83147288234457
2018-10-01,203.19,204.88,199.82,200.38,78213,197.72994056288132,190.17261188650156,57.88165511134349,201.9398804915516,195.18845113254272,6.751429359008881,6.4761787637772095,0.2752505952316717,196.3545,9.931929623825951,216.2183592476519,176.4906407523481
2018-10-02,199.25,202.63,198.69,200.94,46909,198.03566050927358,190.5948624007564,58.540190134537255,201.78605272362057,195.61449178939142,6.171560934229149,6.415255197867597,-0.24369426363844848,197.28300000000002,9.410071927685294,216.1031438553706,178.46285614462943
2018-10-03,199.82,201.5,196.44,197.0,74537,197.93702617505704,190.8460442673934,52.339627659755614,201.04973691998666,195.71712202721426,5.332614892772398,6.198727136848557,-0.8661122440761595,197.9865,8.785792523338944,215.5580850466779,180.41491495332212
2018-10-04,197.0,199.25,194.19,197.0,91385,197.84778558695638,191.08737586475053,52.3396276597556,200.42670047075796,195.81215002519838,4.614550445559587,5.881891798590764,-1.2673413530311768,198.69,8.049156869870927,214.78831373974185,182.59168626025814
2018-10-07,195.31,197.0,194.19,194.19,58212,197.4994250548653,191.20904739946621,48.12350109511313,199.46720809064135,195.69199076407259,3.7752173265687645,5.4605569041863635,-1.685339577617599,199.028,7.6851432887371764,214.39828657747435,183.65771342252563
2018-10-08,194.75,198.13,194.75,197.0,25561,197.45186076392574,191.4361435798793,52.26453557294937,199.0876376151581,195.78888033710425,3.2987572780538414,5.028196978959859,-1.7294397009060178,199.42199999999997,7.344911306834434,214.11182261366883,184.7321773863311
2018-10-09,197.0,199.25,194.75,195.88,34322,197.30215973878995,191.61041245909973,50.533083889152145,198.59415490513376,195.7956299417632,2.7985249633705678,4.582262575842001,-1.783737612471433,199.81599999999997,6.897694809442632,213.61138961888523,186.02061038111472
2018-10-10,195.31,197.0,195.31,195.88,12623,197.1667159541433,191.77784726462525,50.53308388915216,198.17659261203627,195.80187957570666,2.3747130363296094,4.140752667939522,-1.766039631609913,200.2665,6.273670356086903,212.81384071217383,187.7191592878262
2018-10-11,195.88,200.38,195.88,200.38,39258,197.47274300612966,192.11518658758112,57.14818333661769,198.5155783640307,196.1409996071358,2.3745787568948913,3.7875178857305962,-1.412939128835705,200.8855,5.571083684621364,212.02766736924275,189.74333263075727
2018-10-14,204.32,204.88,201.5,203.76,68134,198.07152938649827,192.57184593708774,61.33103930867906,199.32241246187212,196.7053700066072,2.617042455264908,3.5534227996374588,-0.9363803443725507,201.56099999999998,5.0038163330341,211.56863266606817,191.5533673339318
2018-10-15,204.88,205.44,202.07,202.63,61656,198.505669444927,192.9662833513196,59.24880455247777,199.83127208312254,197.14423148759926,2.6870405955232854,3.380146358814624,-0.6931057632913387,201.786,4.942212800803212,211.67042560160644,191.90157439839356
2018-10-21,202.07,206.01,202.07,204.32,28624,199.05941521207683,193.41152714146392,61.36161842002428,200.521845608796,197.6757698959252,2.8460757128707996,3.273332229625859,-0.4272565167550595,201.87050000000002,4.971761813111917,211.81402362622384,191.9269763737762
2018-10-22,205.44,205.44,203.19,203.76,10989,199.5070899537838,193.81734960650456,60.24695942589113,201.0200232074428,198.12645360733816,2.8935696001046267,3.1973797037216127,-0.303810103616986,202.0115,4.9839566558479,211.97941331169582,192.0435866883042
2018-10-23,203.76,204.32,202.07,203.76,16420,199.9121290058044,194.207257465073,60.24695942589113,201.44155809860544,198.54375334012792,2.8978047584775197,3.1374647146727943,-0.23965995619527458,202.1245,4.997351377427434,212.11920275485488,192.12979724514514
2018-10-24,203.76,203.76,202.07,202.63,22081,200.17097386239445,194.5375610938937,57.79021861882518,201.6243953142046,198.8464382778962,2.7779570363084076,3.065563178999917,-0.2876061426915095,202.0965,4.992633810767943,212.08176762153587,192.1112323784641
2018-10-25,202.07,204.32,199.82,199.82,21059,200.13754778026163,194.74471556079982,52.100643294191734,201.3467960350962,198.918553961015,2.428242074081197,2.938098958016173,-0.509856883934976,201.731,4.870836845856104,211.4726736917122,191.9893263082878
2018-10-28,199.82,203.19,197.56,198.13,28925,199.94635275357004,194.8774718133175,48.97753187633154,200.85190433738907,198.86014255649536,1.991761780893711,2.7488315225916806,-0.7570697416979697,201.0275,4.256542796560282,209.54058559312057,192.51441440687944
2018-10-29,198.13,198.13,195.31,195.88,23255,199.55908106275385,194.91678664416781,45.10126547344832,200.08699597779076,198.63939125601422,1.4476047217765426,2.4885861624286534,-1.0409814406521107,200.32399999999998,3.8472989841817364,208.01859796836345,192.62940203163652
2018-10-30,194.75,198.69,194.75,198.69,23401,199.47631143772966,195.06475579537693,50.38277071424368,199.8720735196691,198.643140051865,1.2289334678040973,2.2366556235037423,-1.007722155699645,199.8455,3.374385675083979,206.59427135016796,193.09672864983202
2018-10-31,199.25,199.25,197.56,198.69,13920,199.40142463413636,195.2069222347739,50.38277071424368,199.69021605510463,198.64661115913427,1.0436048959703612,1.9980454779970662,-0.954440582026705,199.536,3.1657399567376867,205.86747991347536,193.20452008652464
2018-11-01,198.69,199.25,197.0,197.56,24500,199.2260508594567,195.29919979419455,48.21926780640054,199.36249050816548,198.56612144364286,0.7963690645226222,1.7577101953021774,-0.9613411307795552,199.39499999999998,3.188886127920434,205.77277225584086,193.0172277441591
2018-11-04,196.44,197.0,193.62,195.31,19436,198.85309363474653,195.2996233316771,44.15361352495166,198.73903042998617,198.3249272626323,0.4141031673538862,1.4889887897125194,-1.0748856223586332,199.1135,3.292145796797218,205.69779159359442,192.52920840640556
2018-11-05,195.31,198.69,195.31,197.56,17500,198.72994186000878,195.3882655539643,48.80244437570811,198.5576411330652,198.26826598391878,0.2893751491464229,1.2490660615993001,-0.9596909124528772,199.1415,3.275563872711339,205.6926277454227,192.59037225457732
2018-11-14,196.44,197.0,195.31,196.44,16276,198.51185215905556,195.42951004204411,46.71771149892628,198.2318501895167,198.13283887399888,0.09901131551782782,1.0190551123830056,-0.9200437968651778,199.1135,3.2971555125115612,205.70781102502312,192.51918897497686
2018-11-15,196.44,198.13,194.19,194.19,17565,198.10024719152648,195.38090180510122,42.7654050678058,197.61002708343722,197.84077673518416,-0.2307496517469474,0.769094159557015,-0.9998438113039624,199.1135,3.2971555125115612,205.70781102502312,192.51918897497686
2018-11-18,194.75,194.75,192.5,193.06,9826,197.62022364947632,195.28988604803843,40.89424124562078,196.91002291675457,197.48664512517053,-0.5766222084159551,0.499950885962421,-1.076573094378376,198.91649999999998,3.5389208509762917,205.99434170195258,191.8386582980474
2018-11-19,193.62,194.19,191.94,193.62,8350,197.2392499685738,195.2244003206644,42.242950957745045,196.40386554494617,197.2002269677505,-0.7963614228043241,0.240688424209072,-1.037049847013396,198.8035,3.6744670576691467,206.1524341153383,191.45456588466172
2018-11-20,193.62,194.19,191.94,191.94,18053,196.7345594953763,195.09560030808933,39.3425556494754,195.71711699956984,196.8105805256949,-1.0934635261250492,-0.02614196585775222,-1.067321560267297,198.6065,3.9357809029200803,206.47806180584018,190.73493819415984
2018-11-21,192.5,193.62,189.68,193.62,52506,196.4379347815309,195.03773362934075,43.518850522028046,195.39448361502065,196.5742412274953,-1.1797576124746456,-0.2568650951811309,-0.9228925172935147,198.2685,4.063651812425907,206.3958036248518,190.14119637514818
2018-11-22,195.31,203.76,195.31,200.38,216276,196.81336956424227,195.2472342713274,56.49781894234268,196.1614861357867,196.85614928471787,-0.6946631489311699,-0.3444247059311387,-0.35023844300003115,198.0995,3.8898159542445505,205.87913190848911,190.3198680915109
2018-11-25,200.38,202.63,199.82,200.38,102174,197.15304865336205,195.44851920186355,56.49781894234268,196.81048826874257,197.11717526362764,-0.30668699488506945,-0.3368771637219249,0.030190168836855436,197.987,3.7829591591769347,205.55291831835387,190.42108168164611
2018-11-26,200.69,201.5,199.82,200.94,63797,197.5137106863752,195.66387139002578,57.43748730635111,197.44579776585908,197.4003474663219,0.04545029953717972,-0.260411671070104,0.3058619706072837,197.81799999999998,3.553700221340919,204.92540044268182,190.71059955731815
2018-11-27,200.96,202.63,200.94,201.5,54285,197.8933572876728,195.89273917865222,58.405071226373245,198.06952118649613,197.70402543177954,0.3654957547165907,-0.1352301859127651,0.5007259406293558,197.70499999999998,3.38682664700198,204.47865329400395,190.93134670599602
2018-11-28,201.5,202.63,200.94,202.63,58465,198.34446611741828,196.15694548537175,60.363173445805955,198.7711333116506,198.06891243683293,0.7022208748176695,0.03226002623332182,0.6699608485843477,197.64849999999998,3.2884971371514355,204.22549427430286,191.0715057256971
2018-11-29,202.6,204.32,202.07,202.63,74131,198.75261220147368,196.4107907604552,60.363173445805955,199.3648051098582,198.4067707748453,0.9580343350128828,0.21741488798923403,0.7406194470236488,197.6485,3.2884971371514355,204.2254942743029,191.07150572569714
2018-12-02,202.56,203.19,199.82,200.94,96983,198.96093484895238,196.5884068090648,55.80640801818554,199.6071427852646,198.59441738411604,1.0127254011485718,0.3764769906211016,0.6362484105274702,197.7045,3.336606336100475,204.37771267220094,191.03128732779905
2018-12-03,200.94,203.76,199.82,201.5,39922,199.2027505776236,196.78101830674854,56.96568057187243,199.8983515875316,198.80964572603338,1.0887058614982266,0.5189227647965267,0.5697830967016999,197.873,3.4426337836635588,204.7582675673271,190.98773243267289
2018-12-04,201.5,202.63,200.94,202.07,59267,199.47582195118324,196.98842935354273,58.16850206691697,200.23245134329596,199.0511534500309,1.1812978932650537,0.651397790490232,0.5299001027748217,198.1825,3.5311379931003093,205.24477598620064,191.12022401379937
2018-12-06,197.56,200.94,195.31,200.38,126543,199.56193414630863,197.12143212399204,53.40259937786999,200.25515113663505,199.1495865278064,1.1055646088286437,0.7422311541579144,0.3633334546707293,198.267,3.563989633158865,205.39497926631773,191.13902073368226
2018-12-09,200.38,202.07,199.82,202.07,41526,199.8007975609459,197.3154936093257,57.18076408715979,200.5343586540758,199.36591345167258,1.1684452024032055,0.8274739638069727,0.3409712385962328,198.436,3.663842389163637,205.76368477832727,191.10831522167274
2018-12-10,202.07,204.32,202.07,204.32,52419,200.2311977932368,197.59018013445018,61.640164127891204,201.1167650149872,199.73288282562274,1.3838821893644706,0.9387556089184723,0.4451265804459983,198.774,3.8839770718604436,206.5419541437209,191.00604585627912
2018-12-11,204.32,207.13,202.63,204.32,69343,200.62060752721425,197.85409463898154,61.640164127891204,201.60957039729686,200.072669282984,1.5369011143128546,1.0583847099973487,0.4785164043155059,199.2245,3.9823300175176235,207.18916003503526,191.25983996496475
2018-12-12,204.32,205.44,203.76,204.32,42441,200.9729306198605,198.1076595550999,61.64016412789121,202.02655956694352,200.38728637313332,1.6392731938101974,1.1745624067599185,0.4647107870502789,199.56249999999997,4.118180327587323,207.79886065517462,191.32613934482532
2018-12-13,204.32,209.38,204.32,208.26,45063,201.66693722749284,198.50579055293912,68.7566136514182,202.98555040279834,200.97045034549382,2.0151000573045224,1.3426699368688393,0.6724301204356831,200.1535,4.478837108235381,209.11117421647077,191.19582578352924
2018-12-16,208.26,212.2,208.26,210.51,49299,202.50913368201734,198.97654386458856,71.95620422341153,204.14315803313707,201.67708365323503,2.4660743799020395,1.5673508254754793,0.8987235544265602,200.96949999999998,4.8096191719249966,210.58873834384997,191.35026165615
2018-12-17,210.51,216.14,210.51,216.14,81010,203.80731142658712,199.64962057578117,78.02142266247628,205.98882602803906,202.74841079003244,3.2404152380066193,1.9019637079817076,1.3384515300249118,202.1235,5.527280929506434,213.17806185901287,191.06893814098714
2018-12-18,216.14,220.08,211.07,212.76,114723,204.65994843357882,200.16375310222114,68.45000778202933,207.03054510064842,203.49000999077077,3.540535109877652,2.2296779883608964,1.3108571215167557,203.08049999999997,5.633426997560505,214.34735399512098,191.81364600487896
2018-12-19,212.76,215.58,210.51,213.89,93014,205.53900096371416,200.7020372942909,69.7845660460599,208.08584585439482,204.26037962108407,3.825466233310749,2.5488356373508667,1.2766305959598823,204.17799999999997,5.484998296790174,215.14799659358033,193.2080034064196
2018-12-20,213.89,218.39,213.32,214.45,148662,206.38766753859852,201.24117308667167,70.45162790395034,209.06494649218024,205.0151663158186,4.049780176361651,2.8490245451530236,1.2007556312086272,205.21949999999998,5.350686601293797,215.9208732025876,194.51812679741238
2018-12-23,214.45,222.33,214.45,220.64,185289,207.74503253492247,202.00191139699828,76.60090023825387,210.84572395492174,206.17256140353575,4.673162551385985,3.213852146399616,1.4593104049863692,206.2325,6.23156132754459,218.69562265508915,193.76937734491082
2018-12-24,220.64,224.02,216.7,217.83,255737,208.70550562683462,202.62262075397874,69.52722054781086,211.92022796185685,207.03607537364422,4.884152588212629,3.5479122347622187,1.3362403534504104,207.10500000000002,6.580833013980586,220.26666602796118,193.94333397203886
2018-12-25,217.83,225.99,207.41,208.03,68089,208.64117175761228,202.834674842058,51.62288441112496,211.3217313523404,207.10969942004093,4.212031932299482,3.6807361742696716,0.5312957580298101,207.4595,6.420259443028108,220.3000188860562,194.6189811139438
2018-12-26,208.03,214.84,207.41,212.37,56139,208.9962982568873,203.20860916197728,56.91444076951075,211.48300345198035,207.49935131485273,3.9836521371276206,3.7413193668412617,0.2423327702863589,208.00300000000001,6.34890964530231,220.70081929060464,195.3051807093954
2018-12-27,212.37,213.61,207.41,208.65,47419,208.96331747051707,203.42199703797817,51.694935429118864,211.0471567670603,207.58458455078957,3.462572216270729,3.6855699367271555,-0.2229977204564264,208.304,6.222209287789575,220.74841857557914,195.85958142442087
2018-12-30,208.65,209.89,206.18,207.41,24462,208.81538247332497,203.57838931099863,50.047337343092416,210.48759418751254,207.57165236184218,2.915941825670359,3.531644314515796,-0.6157024888454372,208.54299999999998,6.083041223460352,220.7090824469207,196.37691755307927
2018-12-31,207.41,207.41,203.08,203.08,43609,208.26915557110357,203.55884463213596,44.69093031230399,209.3479643125106,207.2389373720761,2.109026940434518,3.2471208396995404,-1.1380938992650225,208.65,5.959840160343593,220.56968032068718,196.73031967931283
2019-01-01,203.08,205.56,201.22,201.22,21531,207.59780742147467,203.46712523479732,42.582619205142116,208.09750826443207,206.79309015932972,1.304418105102343,2.858580292780101,-1.554162187677758,208.63599999999997,5.977821641614077,220.5916432832281,196.68035671677183
2019-01-02,201.22,203.7,198.13,199.37,31098,206.81420671466753,203.30645365696213,40.534372687050904,206.75481468528866,206.24323162900902,0.5115830562796475,2.3891808454800105,-1.877597789200363,208.50100000000003,6.161572680309716,220.82414536061947,196.1778546393806
2019-01-03,199.37,201.22,198.75,199.98,19534,206.16332988469918,203.17600449394402,41.53300003314667,205.71253550293656,205.77928854537873,-0.06675304244217273,1.897994067895574,-1.9647471103377467,208.481,6.189904259101616,220.8608085182032,196.10119148179677
2019-01-06,199.98,200.6,196.89,197.51,13603,205.33920322901355,202.95380823927957,38.69906601143391,204.45060696402322,205.16674865312845,-0.7161416891052284,1.3751669164954137,-2.0913086056006422,208.253,6.513975340515524,221.28095068103104,195.22504931896893
2019-01-07,197.51,201.22,195.03,200.6,15486,204.88785054053608,202.86150203381763,43.859855760317586,203.85820589263503,204.82847097511893,-0.9702650824839054,0.9060805166995498,-1.8763455991834552,208.067,6.683103675452321,221.43320735090464,194.70079264909538
2019-01-08,200.6,203.7,200.6,201.84,20069,204.59757906048503,202.82144313053067,45.830690738697356,203.54771267838348,204.60710275473977,-1.0593900763562942,0.5129863980883811,-1.5723764744446753,207.94299999999998,6.77861039943812,221.50022079887623,194.38577920112374
2019-01-09,201.84,204.32,201.84,201.84,10488,204.33495248329598,202.7829551646275,45.83069073869736,203.28498765093985,204.40213218031462,-1.1171445293747695,0.18696021259575102,-1.3041047419705205,207.81900000000002,6.870434675592306,221.55986935118463,194.0781306488154
2019-01-10,201.84,203.08,201.22,201.22,19545,204.0382903420297,202.72166280523038,44.916324217137564,202.96729724310296,204.16641868547651,-1.1991214423735528,-0.09025611839810976,-1.1088653239754431,207.467,7.025250772823332,221.51750154564667,193.41649845435336
2019-01-13,201.22,201.84,198.75,201.84,13010,203.82892935707451,202.68708779326056,46.07493946161364,202.7938668980102,203.99409137544123,-1.2002244774310213,-0.3122497902046921,-0.8879746872263292,207.0335,7.094748447007686,221.22299689401538,192.84400310598463
2019-01-14,201.84,201.84,199.37,201.22,16856,203.580459894496,202.6295549386229,45.05438066028288,202.55173352908557,203.78860312540854,-1.2368695963229754,-0.4971737514283488,-0.7396958448946267,206.2875,6.867588924184462,220.02267784836891,192.55232215163107
2019-01-15,201.22,203.7,201.22,201.22,8855,203.3556541902583,202.57427827436317,45.05438066028288,202.3468514476878,203.59833622723013,-1.2514847795423236,-0.6480359570511438,-0.6034488224911798,205.7105,6.779378542392713,219.2692570847854,192.15174291521458
2019-01-16,201.22,203.08,199.37,199.98,15916,203.03416331499562,202.47254187144696,42.85271695096797,201.98272045573586,203.33031132150938,-1.347590865773526,-0.7879469387956204,-0.5596439269779057,205.01500000000001,6.607410114489241,218.2298202289785,191.80017977102153
2019-01-17,199.98,200.6,198.75,200.6,8437,202.802338237377,202.39910885688042,44.3178749118292,201.76999423177648,203.1280660384346,-1.3580718066581312,-0.9019719123681227,-0.4560998942900085,204.3225,6.284405825449966,216.89131165089992,191.75368834910006
2019-01-20,200.6,200.6,198.13,198.75,3310,202.41640126238872,202.25600654876746,40.94461090590982,201.30537973458007,202.80376485040242,-1.4983851158223445,-1.0212545530589672,-0.4771305627633773,203.228,5.084624500962837,213.39724900192567,193.05875099807434
2019-01-21,198.75,199.98,196.89,197.51,19465,201.949124951685,202.06988864489423,38.812184125511386,200.72147516002929,202.41163412074297,-1.6901589607136884,-1.1550354345899114,-0.535123526123777,202.21200000000002,3.9071238580453755,210.02624771609078,194.39775228390926
2019-01-22,197.51,199.98,196.27,196.27,28442,201.40825590866737,201.84244203136896,36.75093512903191,200.03663282771709,201.9566982599472,-1.9200654322301034,-1.3080414341179498,-0.6120239981121536,201.624,3.8701970574067706,209.36439411481354,193.88360588518645
2019-01-23,196.27,198.13,196.27,198.13,14725,201.09604106022286,201.6968560693545,41.74836211587086,199.743304700376,201.67323912958074,-1.9299344292047351,-1.432420033135307,-0.49751439606942816,200.91199999999998,3.001602379081452,206.91520475816287,194.90879524183708
2019-01-24,198.13,199.37,196.27,197.51,19202,200.7545133402016,201.5326656352622,40.596902589795455,199.39971936185663,201.3648510459081,-1.965131684051471,-1.5389623633185399,-0.4261693207329311,200.355,2.478058450523865,205.3111169010477,195.39888309895227
2019-01-27,197.51,199.98,195.03,195.65,32446,200.26836921256336,201.30197286525194,37.275379701858235,198.82283946003253,200.9415287462112,-2.1186892861786646,-1.654907747890565,-0.46378153828809965,199.767,2.079015708404281,203.92503141680857,195.60896858319143
2019-01-28,195.65,198.13,195.65,196.27,26798,199.8875721447002,201.10464059602637,39.06505483237181,198.43009492771984,200.59548957982517,-2.165394652105334,-1.7570051287335189,-0.40838952337181533,199.4265,2.065481401769317,203.55746280353864,195.29553719646137
2019-01-29,196.27,196.89,195.03,195.65,12095,199.48399384520494,200.8907331216724,37.900484798870835,198.00238801576293,200.22915701835663,-2.2267690025936986,-1.850957903505555,-0.3758110990881436,199.148,2.183094375567378,203.51418875113475,194.78181124886524
2019-01-30,195.65,196.27,195.03,196.27,12242,199.17789919328064,200.70952790121467,39.83212626682556,197.73586678256865,199.935886128108,-2.2000193455393457,-1.9207701919123132,-0.2792491536270325,198.993,2.274633805114744,203.5422676102295,194.4437323897705
2019-01-31,196.27,196.89,195.65,196.27,9956,198.90095641296818,200.5354287678337,39.83212626682556,197.51034881601964,199.6643390075074,-2.1539901914877646,-1.9674141918274035,-0.1865759996603611,198.8075,2.3402381232871554,203.4879762465743,194.1270237534257
2019-02-03,195.65,197.51,195.03,195.65,42639,198.59134151649502,200.3438433259579,38.44521100876576,197.22414130586276,199.36698056250685,-2.142839256644095,-2.002499204790742,-0.14034005185335285,198.71450000000002,2.4297595180988307,203.57401903619768,193.85498096380235
2019-02-04,195.03,196.89,194.41,195.65,19122,198.3112137530193,200.15977103866544,38.44521100876576,196.9819657203454,199.09164866898783,-2.1096829486424156,-2.0239359535610766,-0.08574699508133898,198.46699999999998,2.479195752446707,203.4253915048934,193.50860849510656
2019-02-05,194.41,196.27,193.17,195.03,26733,197.99871720511268,199.95860354695307,36.952982611268666,196.68166330183075,198.79078580461837,-2.1091225027876135,-2.040973263406384,-0.06814923938122952,198.12650000000002,2.4591275196494413,203.0447550392989,193.20824496070114
2019-02-06,195.03,196.27,193.17,193.17,20208,197.53883937605434,199.69238380001372,32.835408595787015,196.14140740924142,198.37443130057255,-2.233023891331129,-2.079383388991333,-0.1536405023397962,197.693,2.533119774009165,202.75923954801834,192.62676045198168
2019-02-07,193.17,195.03,193.17,193.79,16558,197.18180705452536,199.46091776864063,35.41863554061368,195.77965242320428,198.03484379682644,-2.2551913736221536,-2.114544985917497,-0.14064638770465665,197.32150000000001,2.5334670959612704,202.38843419192256,192.25456580807747
2019-02-10,193.17,194.41,191.94,191.94,22620,196.68258733504675,199.16597981692925,31.522711550059,195.18893666578822,197.5833738859504,-2.394437220162189,-2.1705234327664353,-0.22391378739575352,196.8265,2.571031484587381,201.96856296917477,191.68443703082525
2019-02-11,190.7,194.41,190.08,192.55,26558,196.28900758885183,198.90652962803009,34.096825529557336,194.7829464095131,197.21053137588,-2.427584966366908,-2.22193573948653,-0.2056492268803778,196.39299999999997,2.52170598060805,201.43641196121607,191.34958803878388
2019-02-12,193.79,193.79,191.94,192.55,15882,195.9329116280088,198.65725395634266,34.096825529557336,194.43941619266494,196.86530682951854,-2.425890636853609,-2.262726718959946,-0.1631639178936628,195.9595,2.390015360004104,200.7395307200082,191.1794692799918
2019-02-13,193.17,196.27,191.32,192.55,17557,195.61072956819845,198.417753801192,34.096825529557336,194.1487367784088,196.54565447177643,-2.396917693367641,-2.289564913841485,-0.10735277952615574,195.58800000000002,2.3082383348626108,200.20447666972524,190.9715233302748
2019-02-14,191.94,192.55,190.08,190.7,30824,195.14304103789385,198.11509678938054,29.84694221167136,193.61816188942282,196.1126430294226,-2.4944811399997775,-2.330548159073144,-0.16393298092663366,195.09300000000002,2.2372824210595477,199.5675648421191,190.61843515788092
2019-02-17,191.32,192.55,189.46,191.32,23812,194.77894189142776,197.84862240548327,32.86692351018088,193.26459852181932,195.75763243465053,-2.4930339128312085,-2.3630453098247566,-0.12998860300645187,194.72150000000002,2.2148405550318375,199.1511811100637,190.29181888993634
2019-02-18,191.32,191.32,188.22,189.46,34435,194.27237599700607,197.51965682095454,28.853929167903203,192.67927567230868,195.29114114319495,-2.611865470886272,-2.4128093420370598,-0.1990561288492123,194.31900000000002,2.404736335257686,199.12847267051538,189.50952732948465
2019-02-19,185.74,191.32,188.84,191.32,12380,193.99119733062454,197.27653302405437,37.121810000868024,192.47015633810736,194.99698253999532,-2.526826201887957,-2.4356127140072394,-0.09121348788071737,194.0715,2.447714884927999,198.966929769856,189.17607023014398
2019-02-20,191.94,191.94,188.84,188.84,19783,193.50060710866032,196.94568859173853,31.81327078413915,191.9116707476293,194.54090975925493,-2.6292390116256286,-2.4743379735309174,-0.15490103809471112,193.60700000000003,2.5174843333026935,198.6419686666054,188.57203133339465
2019-02-21,190.7,190.7,186.36,186.36,21119,192.82054928878793,196.53056354892527,27.567742204852692,191.05756755568632,193.93491644375456,-2.8773488880682407,-2.5549401564383825,-0.3224087316298583,193.04950000000002,2.823643549519028,198.6967870990381,187.40221290096196
2019-02-24,186.36,190.08,185.74,186.98,23498,192.26430649937956,196.15603164504586,30.079918227855813,190.43024947019612,193.41973744792088,-2.989487977724764,-2.6418497206956593,-0.34763825702910456,192.616,3.059102723624671,198.73420544724937,186.49779455275066
2019-02-25,186.98,189.46,185.74,186.98,22112,191.76103921372436,195.79618726680877,30.079918227855813,189.89944185939672,192.942719859186,-3.0432779997892965,-2.7221353765143865,-0.32114262327490994,192.1515,3.178063420586023,198.50762684117205,185.79537315882794
2019-02-26,186.98,188.84,186.98,188.22,19594,191.42379738384585,195.49908188379666,35.28605175866461,189.64106618872032,192.59288875850558,-2.9518225697852642,-2.7680728151685625,-0.18374975461670173,191.78,3.18184488027137,198.14368976054274,185.41631023945726
2019-02-27,187.6,190.08,186.98,187.6,33696,191.05962620443196,195.18931396678502,33.925863644725936,189.32705600584026,192.22304514676443,-2.895989140924172,-2.7936560803196846,-0.10233306060448744,191.3465,3.128077053500368,197.60265410700072,185.09034589299927
2019-03-03,186.98,190.08,186.98,190.08,31553,190.96632847067656,194.98894871318564,43.335106169649826,189.4428935434033,192.06430106181892,-2.621407518415623,-2.7592063679388725,0.1377988495232496,191.03699999999998,2.914210374229558,196.8654207484591,185.20857925154087
2019-03-05,190.08,190.08,187.6,189.46,25718,190.82286861632642,194.7721271950215,41.73500185374807,189.44552530595666,191.87138987205458,-2.425864566097914,-2.6925380075706813,0.26667344147276717,190.7275,2.7207891173438465,196.16907823468767,185.2859217653123
2019-03-06,189.46,190.7,188.22,189.46,37701,190.69307160524772,194.56380848149126,41.73500185374807,189.44775218196332,191.69276840005054,-2.2450162180872155,-2.6030336496739883,0.3580174315867728,190.418,2.4720641279375632,195.36212825587512,185.4738717441249
2019-03-07,190.7,195.03,189.46,195.03,18431,191.10611240474793,194.58209050182495,57.92280958480026,190.30655953858437,191.93997074078752,-1.633411202203149,-2.409109160179821,0.7756979579766718,190.418,2.4720641279375632,195.36212825587512,185.4738717441249
2019-03-09,196.27,198.13,192.55,198.13,15096,191.77505408048623,194.72122420763574,63.92936241822006,191.51016576341755,192.3984914266551,-0.8883256632375662,-2.10495246079137,1.2166267975538037,190.666,2.962771462135781,196.59154292427155,184.74045707572844
2019-03-10,196.27,198.13,192.55,198.13,15096,192.38028702520182,194.85490168968926,63.92936241822006,192.52860179981485,192.82304761727326,-0.2944458174584099,-1.742851132124778,1.448405314666368,190.88299999999998,3.3387077550585746,197.56041551011714,184.20558448988282
2019-03-11,198.13,199.37,195.65,199.37,30794,193.04597397518262,195.03196436852497,66.16970150460531,193.58112459984335,193.30800705303082,0.27311754681252864,-1.3396573963373166,1.6127749431498453,191.2545,3.8384762259060707,198.93145245181216,183.57754754818785
2019-03-12,199.98,202.46,198.13,201.22,39142,193.82445264421287,195.2746324325044,69.23935979744985,194.75633619986746,193.89408060465817,0.862255595209291,-0.8992747980279953,1.7615303932372863,191.68800000000002,4.435612578592991,200.559225157186,182.81677484281403
2019-03-13,203.08,204.32,197.51,199.37,43466,194.3526000114307,195.4352350822101,63.07579947174746,195.4661306306571,194.29970426357238,1.1664263670847106,-0.48613456500545404,1.6525609320901646,192.029,4.755954605600246,201.5409092112005,182.5170907887995
2019-03-14,198.75,201.84,197.51,201.22,27872,195.00663810558015,195.66208860839794,66.30590754969896,196.35134130286372,194.81231876256703,1.5390225402966848,-0.08110314394502627,1.620125684241711,192.4625,5.181990955526815,202.82648191105363,182.09851808894638
2019-03-17,201.22,203.08,201.22,201.84,28877,195.65743447647728,195.9043596433627,67.33715895840453,197.19575033319236,195.33288774311762,1.8628625900747409,0.30769000285892717,1.5551725872158138,193.0195,5.566978274186714,204.1534565483734,181.88554345162657
2019-03-18,201.22,203.7,199.98,201.22,29983,196.1872026215747,196.11281612793675,65.18850491150435,197.8148656665474,195.76897013251633,2.045895534031075,0.6553311090933568,1.3905644249377183,193.5145,5.841291741603904,205.1970834832078,181.8319165167922
2019-03-19,201.22,204.32,199.37,199.37,7431,196.49032618142473,196.240548828802,59.12596423727368,198.05411710246318,196.03571308566328,2.0184040167999058,0.9279456906346666,1.0904583261652392,194.01,5.89928898481159,205.80857796962317,182.2114220303768
2019-03-21,199.37,201.22,198.75,198.75,12394,196.70553321176521,196.3389586786529,57.20584288069218,198.1611760097765,196.23677137561415,1.9244046341623573,1.127237479340205,0.7971671548221524,194.38150000000002,5.954661398301718,206.29082279660346,182.47217720339657
2019-03-24,196.27,200.6,196.27,196.89,24543,196.7231014773114,196.36056814223514,51.77376341435951,197.96561046981088,196.28515868112422,1.6804517886866677,1.2378803412094976,0.44257144747717003,194.784,5.831159855737222,206.44631971147444,183.12168028852554
2019-03-25,198.75,201.22,196.27,199.37,13920,196.9751870509008,196.47858507783377,57.56033221687705,198.1816703975323,196.5136654454854,1.6680049520468856,1.3239052633769752,0.34409968866991036,195.43449999999999,5.561383276431482,206.55726655286296,184.31173344713702
2019-03-26,197.51,202.46,197.51,201.22,29747,197.37945495081502,196.6645229179187,61.291531683079405,198.64910572098887,196.8622828198939,1.786822901094979,1.416488790920576,0.3703341101744031,196.1465,5.328697159818322,206.80389431963664,185.48910568036337
2019-03-27,201.22,201.84,199.98,201.22,29980,197.7452211459755,196.8431690780003,61.2915316830794,199.0446279177598,197.18507668508695,1.8595512326728567,1.505101279271032,0.3544499534018246,196.8585,4.979336538980283,206.81717307796055,186.89982692203944
2019-03-28,200.6,202.46,200.6,202.46,26581,198.19424770350165,197.0634369572944,63.76776167194868,199.57006977656602,197.5758117454509,1.9942580311151232,1.6029326296398505,0.3913254014752727,197.57049999999998,4.68871149958267,206.9479229991653,188.19307700083465
2019-03-31,202.46,204.32,201.84,203.08,16376,198.6595574460253,197.29938060602797,64.97426073849144,200.11005904170972,197.983529393936,2.126529647773708,1.707652033266622,0.41887761450708605,198.3445,4.209378595220156,206.76325719044033,189.9257428095597
2019-04-01,199.98,205.56,199.98,204.94,49552,199.25769483211815,197.5990127391249,68.376378676815,200.85312688144668,198.4988235129037,2.354303368542986,1.836982300321895,0.5173210682210911,199.0875,3.9789986508116186,207.04549730162324,191.12950269837677
2019-04-02,206.18,209.89,205.56,207.41,80947,200.0341048481069,197.9837573375906,72.23341100306484,201.86187659199334,199.158910660096,2.7029659318973245,2.010179026636981,0.6927869052603435,199.985,3.7083213680078644,207.40164273601573,192.5683572639843
2019-04-03,208.03,210.51,204.94,209.27,63376,200.91371391019194,198.42635508905764,74.73261993912985,203.00158788553284,199.90788024082963,3.0937076447032155,2.2268847502502283,0.8668228944529872,200.9755,3.380245202878258,207.73599040575652,194.2150095942435
2019-04-04,208.65,209.89,206.8,208.03,37453,201.5914554425546,198.80296861497695,70.19645695923053,203.77518974929703,200.5095187415089,3.2656710077881144,2.4346420017578057,0.8310290060303087,201.6255,3.4263844301479547,208.47826886029588,194.7727311397041
2019-04-07,208.65,217.94,207.41,216.08,96825,202.971316828978,199.48049925752687,79.07587677408395,205.6682374801744,201.66288772361938,4.0053497565550344,2.7487835527172515,1.256566203837783,202.523,4.609292787402671,211.74158557480533,193.30441442519466
2019-04-08,216.08,225.37,214.23,221.04,152538,204.69214379764676,200.32596987487875,82.52961653768477,208.03312402168604,203.09822937372164,4.9348946479643985,3.186005771766681,1.7488888761977175,203.66850000000002,6.074118757829203,215.81673751565842,191.52026248434163
2019-04-09,225.37,225.37,217.32,217.32,95391,205.89479676929946,200.9924024288051,72.82124500404666,209.46187417219588,204.15169386455705,5.310180307638831,3.610840678941111,1.6993396286977198,204.56599999999997,6.699488118702314,217.9649762374046,191.16702376259533
2019-04-10,217.32,221.04,214.84,219.8,72189,207.21910183889,201.72995527473432,74.937888170365,211.05235506878114,205.31082765236764,5.741527416413504,4.03697802643559,1.704549389977914,205.49499999999998,7.456533341552625,220.40806668310523,190.58193331689472
2019-04-11,219.8,221.65,217.94,220.42,86342,208.4763302351862,202.46289820513692,75.45258158014568,212.49353121204558,206.43002560404412,6.0635056080014635,4.442283542748765,1.6212220652526987,206.54749999999999,8.011448305229834,222.57039661045965,190.52460338954032
2019-04-15,220.42,224.13,220.42,224.13,45727,209.9671559270732,203.31258847160214,78.32155178987753,214.2837571794232,207.74113481855937,6.542622360863817,4.862351306371775,1.6802710544920414,207.69299999999998,8.80789544132221,225.30879088264442,190.07720911735555
2019-04-16,222.89,233.42,222.89,233.42,185038,212.20076012449482,204.49327127663736,83.5166356235909,217.227794536435,209.64327298014757,7.584521556287427,5.406785356354906,2.1777361999325215,209.27200000000002,10.391690810197248,230.0553816203945,188.48861837960553
2019-04-17,233.42,241.47,230.94,240.85,189582,214.9292591602572,205.91902534422022,86.33680083557798,220.86197999236805,211.95488238902553,8.907097603342521,6.106847805752429,2.8002497975900917,211.25349999999997,12.366265774700423,235.98603154940082,186.52096845059913
2019-04-18,240.85,241.47,237.75,238.37,93648,217.16171066880412,207.19161258562335,81.33470358886005,223.55552153200372,213.91155776761624,9.643963764387479,6.81427099747944,2.829692766908039,213.2035,13.42347326416247,240.05044652832493,186.35655347167506
2019-04-21,238.37,241.47,234.66,240.23,96067,219.35869060510848,208.48723562148126,82.1691054369702,226.12082591169545,215.8610720070521,10.259753904643361,7.503367578912224,2.756386325731137,215.2775,14.25168794250444,243.78087588500887,186.77412411499114
2019-04-22,240.23,240.85,233.42,236.51,92343,220.99214864271718,209.58616755789376,74.95237559870436,227.71916038681923,217.39062222875194,10.328538158067289,8.068401694743237,2.260136463324052,217.2585,14.314757300735039,245.88801460147008,188.62898539852992
2019-04-23,237.13,238.99,234.04,235.28,76009,222.35289639102984,210.59376883013323,72.67942383440496,228.88236648115472,218.71576132291847,10.166605158236251,8.48804238744184,1.6785627707944109,219.054,14.204582062804482,247.46316412560896,190.64483587439105
2019-04-24,235.28,242.09,235.28,241.47,102457,224.17357292521746,211.80460142502997,76.53581067520508,230.81892548405398,220.40126048418375,10.417664999870226,8.873966909927518,1.5436980899427084,221.06650000000005,14.394910019645259,249.85632003929055,192.27667996070954
2019-04-25,241.47,247.66,241.47,245.18,134958,226.17418502757772,213.11344058483274,78.49508981780673,233.0283215634303,222.2367226705405,10.791598892889795,9.257493306519972,1.5341055863698223,223.2645,14.560235132210684,252.38497026442136,194.14402973557864
2019-04-28,243.94,246.42,240.85,240.85,135953,227.57188169161793,214.20114879719225,71.03938626033055,234.2316567075179,223.61548395420417,10.616172753313748,9.529229195878727,1.0869435574350206,225.18400000000003,14.19922436725253,253.58244873450508,196.78555126549497
2019-04-29,237.13,242.09,237.13,238.99,76279,228.65932153051145,215.17326060906706,68.04932758618388,234.96370952174595,224.7543369946335,10.209372527112464,9.665257862125475,0.5441146649869886,226.9795,13.51078301326677,254.00106602653355,199.95793397346645
2019-04-30,238.99,241.47,235.28,238.99,42185,229.64319567046275,216.10725038910365,68.04932758618388,235.58313882609275,225.80883055058658,9.774308275506172,9.687067944801615,0.08724033070455661,228.68199999999996,12.708940740157733,254.09988148031542,203.2641185196845
2019-05-02,235.9,238.99,234.66,237.13,42074,230.35622465422819,216.93167194247215,64.88213126797044,235.82111746823233,226.64743569498756,9.173681773244766,9.584390710490247,-0.41070893724548085,230.16799999999998,11.795478884100547,253.75895776820107,206.57704223179888
2019-05-05,238.37,238.37,232.18,232.8,56175,230.58896516334931,217.55395931727716,58.102506618374214,235.35633016542738,227.10318119906256,8.253148966364819,9.318142361665162,-1.064993395300343,231.3445,10.726384329748415,252.79726865949684,209.89173134050318
2019-05-06,236.51,238.99,231.56,238.99,81644,231.38906371922081,218.39458836365847,63.908458248548385,235.91535629382315,227.9836862954283,7.931669998394852,9.0408478890111,-1.1091778906162482,232.89249999999998,9.327415095749712,251.5473301914994,214.23766980850056
2019-05-07,238.37,242.09,238.37,239.61,68794,232.17201003167597,219.22656529057383,64.43999453177564,236.48376301785038,228.84489471798918,7.638868299861201,8.760451971181121,-1.1215836713199199,234.06900000000002,8.54645010947134,251.1619002189427,216.97609978105734
2019-05-08,237.13,238.99,236.51,237.13,28675,232.64419955246873,219.9286607693749,60.59572240469157,236.58318409202724,229.45860622036034,7.124577871666901,8.433277151278277,-1.3086992796113766,234.87349999999998,7.994948586122066,250.8633971722441,218.88360282775585
2019-05-09,237.75,238.37,232.8,235.28,98484,232.89522816651933,220.53067407253664,57.82447647450858,236.38269423171533,229.88982057440774,6.492873657307598,8.045196452484142,-1.5523227951765435,235.7715,6.84557734676372,249.46265469352744,222.08034530647257
2019-05-12,232.18,236.51,232.18,235.9,22299,233.1813969125651,221.13339273635873,58.50931525884859,236.30843358068222,230.33501905037755,5.973414530304666,7.630840068048247,-1.6574255377435811,236.57649999999998,5.72319314166841,248.0228862833368,225.13011371666317
2019-05-13,234.04,235.9,234.04,235.9,21419,233.4403114923208,221.7124753741486,58.50931525884859,236.24559764519265,230.7472398614607,5.498357783731933,7.204343611184985,-1.705985827453052,237.3505,4.2906722268069855,245.931844453614,228.76915554638603
2019-05-14,235.9,240.23,235.28,240.23,76797,234.08694849305215,222.4386528104565,63.331919416101805,236.85858262285532,231.44966653838952,5.408916084465801,6.845258105841149,-1.4363420213753475,238.1555,2.9941776394930297,244.14385527898605,232.16714472101393
2019-05-15,240.23,242.71,238.37,239.61,81993,234.61295339847575,223.11203897475232,62.216785412546145,237.2818776039545,232.054135683694,5.227741920260513,6.521754868725022,-1.294012948464509,238.46499999999997,2.7920158723719397,244.04903174474384,232.8809682552561
2019-05-16,238.37,238.37,235.28,236.51,48836,234.79362450338283,223.63744921103657,56.82878673716827,237.1631272033461,232.38419970712408,4.778927496222025,6.173189394224423,-1.394261898002398,238.248,2.7654229713597593,243.7788459427195,232.71715405728048
2019-11-07,213.61,216.7,206.18,214.84,328151,232.89327931258447,223.29245120276065,34.40142320760572,233.72879994129286,231.08462935844824,2.644170582844623,5.4673856319484635,-2.8232150491038404,237.07150000000001,5.9184824468509065,248.90846489370182,225.2345351062982
2019-11-10,218.56,222.89,214.84,220.42,162209,231.7053479494812,223.17980605755437,40.872268633557496,231.68129225801704,230.294656813378,1.3866354446390403,4.651235594486579,-3.2646001498475385,236.081,6.932815862942845,249.94663172588568,222.2153682741143
2019-11-11,224.75,241.47,224.75,237.13,367157,232.22198147810204,223.72687248666992,55.14244002576379,232.51955498755288,230.80097853090555,1.7185764566473267,4.064703766918728,-2.3461273102714015,236.112,6.936220417793019,249.98444083558604,222.23955916441395
2019-11-12,240.23,241.47,224.75,235.28,169096,232.5132213373304,224.17993631072207,53.60008824346293,232.94423883562166,231.13275789898663,1.8114809366350357,3.6140592008619903,-1.8025782642269546,236.112,6.936220417793019,249.98444083558604,222.23955916441395
2019-11-13,235.28,235.28,232.8,234.04,82679,232.65862882901322,224.5666054750075,52.53932948523944,233.11281747629528,231.34810916572835,1.764708310566931,3.2441890228029786,-1.4794807122360476,235.74049999999997,6.8323406446260275,249.40518128925203,222.0758187107479
2019-11-14,234.04,235.9,232.8,235.28,113239,232.90828322625006,224.98673859363464,53.52973032003737,233.44623017224984,231.63936033863737,1.806869833612467,2.956725184964877,-1.14985535135241,235.2455,6.460992652265585,248.16748530453117,222.32351469546882
2019-11-17,237.13,238.99,235.9,238.37,84288,233.42844672851197,225.51157237427643,55.99411964814705,234.20373322267295,232.13792623947904,2.0658069831939088,2.7785415446106834,-0.7127345614167746,235.12150000000003,6.370940007482858,247.86338001496574,222.3796199850343
2019-11-18,238.99,239.61,237.75,238.99,95670,233.95811846865368,226.0401381635205,56.49267615699548,234.94008195764633,232.6454872587769,2.2945946988694175,2.6817521754624307,-0.38715747659301325,235.12150000000003,6.370940007482858,247.86338001496574,222.3796199850343
2019-11-19,238.99,239.61,237.75,237.75,83147,234.31925004306763,226.49934843161773,55.147000937186576,235.37237704108537,233.02359931368233,2.3487777274030464,2.615157285850554,-0.2663795584475075,235.0595,6.337256151230918,247.73401230246185,222.38498769753818
2019-11-20,238.37,241.47,238.37,238.99,91627,234.76408337229927,226.98917790488764,56.2688229476981,235.9289344193799,233.46555492007624,2.46337949930367,2.5848017285411773,-0.12142222923750712,235.1525,6.382724937797121,247.91794987559425,222.38705012440576
2019-11-21,238.37,238.99,235.9,236.51,112465,234.930361146366,227.362543477245,53.3925643591733,236.0183291240907,233.69106937044097,2.3272597536497415,2.53329333356289,-0.20603357991314875,235.33800000000002,6.364642132412672,248.06728426482536,222.60871573517468
2019-11-24,238.37,238.37,234.04,234.04,55696,234.8455648467121,227.62440451735304,50.61739286380396,235.71397079730752,233.71691608374164,1.9970547135658876,2.4260456095634897,-0.4289908959976021,235.09050000000002,6.31117344581467,247.71284689162937,222.46815310837067
2019-11-25,234.04,235.9,232.18,234.66,54533,234.8278920041681,227.90031022255488,51.30162417305202,235.5518214438756,233.78677415161263,1.7650472922629774,2.2938459461033873,-0.5287986538404099,234.843,6.221023862254119,247.28504772450822,222.40095227549176
2019-11-26,234.66,236.51,234.04,235.28,35062,234.87094990853305,228.18970982167036,52.01759548227893,235.51000276020244,233.8973834737154,1.612619286487046,2.157600614180119,-0.5449813276930731,234.75049999999996,6.198943437138335,247.14838687427664,222.35261312572328
2019-11-27,235.28,237.75,234.66,237.13,72063,235.08609753629182,228.54030943650685,54.182207311715324,235.7592331047867,234.13683654973647,1.6223965550502157,2.0505598023541385,-0.42816324730392274,234.843,6.221023862254119,247.28504772450822,222.40095227549176
2019-11-28,238.37,238.37,237.13,237.13,41618,235.28075491378783,228.87716004683992,54.182207311715324,235.9701203194349,234.3585523608671,1.6115679585678038,1.9627614335968717,-0.35119347502906795,234.9045,6.238079558561728,247.38065911712346,222.42834088287657
2019-12-01,238.37,238.37,237.13,238.37,45092,235.57496873152232,229.24942828029717,55.734531443508885,236.33933257798338,234.6556966304325,1.683635947550897,1.9069363363876768,-0.22330038883677972,235.02799999999996,6.28311320755449,247.59422641510895,222.46177358489098
2019-12-02,238.37,238.37,237.13,238.37,50456,235.84116218566305,229.60709775950122,55.734531443508885,236.65174295060132,234.9308302133634,1.72091273723791,1.8697316165577234,-0.1488188793198133,234.935,6.215464161013273,247.36592832202655,222.50407167797346
2019-12-03,240.23,240.23,237.75,238.37,49590,236.08200388226658,229.95074098461882,55.734531443508885,236.91609018897034,235.18558353089205,1.7305066580782977,1.8418866248618384,-0.11137996678354067,234.873,6.172411539303309,247.2178230786066,222.52817692139337
2019-12-04,238.99,239.61,238.37,239.61,44700,236.4180035125269,230.32953545581026,57.53161409340186,237.33053785220568,235.51331808415932,1.8172197680463569,1.8369532534987423,-0.019733485452385402,235.02800000000002,6.254066129958418,247.53613225991685,222.51986774008319
2019-12-05,239.61,240.23,238.99,240.23,57511,236.78105079704812,230.7177889673471,58.44012860433459,237.77660895186634,235.86270192977713,1.9139070220892052,1.852344007216835,0.06156301487237026,236.29749999999999,4.170235226231673,244.63797045246332,227.95702954753665
2019-12-08,240.23,240.85,238.37,240.23,41612,237.1095221497102,231.09081685098053,58.44012860433459,238.15405372850228,236.1862054905344,1.9678482379678712,1.8754448533670423,0.09240338460082897,237.288,1.9758292063409229,241.23965841268185,233.33634158731817
2019-12-09,240.23,241.47,238.99,240.23,49463,237.40671051640444,231.44921619015776,58.44012860433459,238.47343007796346,236.48574582456888,1.9876842533945762,1.897892733372549,0.08979152002202717,237.44299999999998,2.081548259803973,241.60609651960792,233.27990348039205
2019-12-10,240.23,242.71,240.23,242.09,99238,237.85273808627068,231.86650182975941,61.52423059258756,239.02982545058444,236.9008757634897,2.128949687094746,1.9441041241169885,0.18484556297775745,237.7835,2.258565625393412,242.30063125078684,233.26636874921317
2019-12-11,238.99,245.8,238.37,244.56,69169,238.4915249351973,232.36428607172965,65.21575550608512,239.88062153510992,237.46821829952748,2.4124032355824454,2.03776394641008,0.37463928917236533,238.3095,2.547391803393854,243.40428360678771,233.2147163932123
2019-12-12,245.8,247.04,244.56,245.8,96469,239.18757017946425,232.89117681401476,66.9310861133972,240.791295145093,238.0853873143773,2.705907830715688,2.171392723271202,0.534515107444486,238.8355,2.9441386462629864,244.72377729252597,232.94722270747403
2019-12-15,245.8,251.99,245.8,250.75,104155,240.28875397189623,233.5915228213083,72.71539119113342,242.32340358430946,239.02350677257158,3.299896811737881,2.397093540964538,0.9028032707733429,239.45449999999997,3.96541957028752,247.385339140575,231.52366085942492
2019-12-16,250.14,250.75,247.66,247.66,113564,240.99077740314422,234.143227808708,65.0644795963712,243.14441841749263,239.66324701164035,3.4811714058522796,2.6139091139420865,0.8672622919101931,239.888,4.365670624314001,248.61934124862802,231.156658751372
2019-12-17,249.52,249.52,245.8,248.28,86445,241.68498907903526,234.69761103189595,65.8410996729892,243.93450789172454,240.3015250107781,3.632982880946429,2.817723867342955,0.8152590136034736,240.4145,4.715222241790082,249.84494448358018,230.98405551641983
2019-12-18,248.28,249.52,247.04,247.66,122451,242.25403773817476,235.20594001103728,64.30170988394815,244.50766052376693,240.84659723220196,3.6610632915649717,2.986391752187359,0.6746715393776128,240.848,4.969076584765157,250.78615316953034,230.9098468304697
2019-12-19,247.66,248.9,247.66,248.9,307226,242.88698652501526,235.74296197138875,66.01320782341043,245.18340505857202,241.44314558537218,3.740259473199842,3.1371652963898558,0.6030941768099862,241.46749999999997,5.168139108238422,251.80377821647681,231.13122178352313
2019-12-22,248.72,248.72,241.23,244.23,102132,243.0148925702519,236.0757869921186,55.26659602478489,245.03672735725323,241.64957924571496,3.3871481115382664,3.1871618594195383,0.19998625211872811,241.977,4.892289422087762,251.76157884417552,232.1924211558245
2019-12-23,243.48,244.98,242.73,244.98,98291,243.20204565879934,236.42497181595706,56.49161482740468,245.02800007152194,241.89627707936572,3.1317229921562273,3.176074085966876,-0.044351093810648834,242.493,4.616388540611895,251.72577708122378,233.2602229187762
2019-12-24,245.73,247.23,243.48,243.48,56332,243.22851750081844,236.70163958788032,53.34516678865113,244.78984621436473,242.0135898883016,2.776256326063134,3.0961105339861277,-0.3198542079229938,242.90300000000002,4.295007015495547,251.4930140309911,234.31298596900893
2019-12-25,247.23,247.23,241.98,242.73,30314,243.18103964359764,236.9380458785517,51.79187552099341,244.47294679677015,242.06665730398294,2.4062894927872094,2.9581463257463443,-0.5518568329591349,243.183,4.075788719279814,251.33457743855962,235.03142256144037
2019-12-26,246.48,246.48,241.98,243.48,41536,243.20951205849312,237.19459309900066,53.25760383945588,244.3201857511132,242.17134935553977,2.1488363955734258,2.7962843397117605,-0.6474479441383347,243.50050000000002,3.8186680993023754,251.13783619860476,235.86316380139527
2019-12-29,243.48,243.48,241.23,241.98,17853,243.09241567196995,237.38225611472615,49.98433383722589,243.96015717401886,242.1571753292035,1.8029818448153492,2.5976238407324783,-0.7946419959171291,243.68099999999998,3.6447552802115006,250.97051056042298,236.391489439577
2019-12-30,240.48,242.73,240.48,242.73,78507,243.05789989368708,237.5919715612075,51.58654935340827,243.7709022241698,242.19960678629954,1.5712954378702477,2.3923581601600326,-0.8210627222897848,243.89900000000003,3.434712736015256,250.76842547203054,237.02957452796952
2019-12-31,242.73,242.73,241.23,242.73,32462,243.02667133238356,237.7934628725327,51.58654935340827,243.61076342045135,242.23889517249955,1.3718682479517952,2.1882601777183854,-0.8163919297665903,244.11700000000002,3.195342169306037,250.50768433861208,237.72631566138796
2020-01-01,241.98,242.73,241.23,241.98,23763,242.92698834834704,237.95764079910006,49.738650318341776,243.3598767403819,242.2197177523144,1.1401589880674976,1.978639939788208,-0.8384809517207104,244.2355,3.0605030116320058,250.35650602326402,238.114493976736
2020-01-02,242.73,242.73,241.23,241.98,27521,242.83679898183777,238.11538037560595,49.738650318341776,243.14758801109238,242.2019608817726,0.9456271293197744,1.7720373776945215,-0.8264102483747471,244.323,2.963435239894857,250.24987047978973,238.39612952021028
2020-01-05,241.98,246.48,241.23,246.48,54331,243.18377050737703,238.4434046746018,59.7672832731549,243.66026677861663,242.51885266830794,1.1414141103086877,1.645912724217355,-0.5044986139086673,244.6355,2.8358967299878817,250.30729345997577,238.96370654002425
2020-01-06,248.72,251.72,247.23,250.22,68334,243.85388760191256,238.90523194226446,65.8636185603369,244.6694565049833,243.08930802621106,1.5801484787722302,1.6327598751283303,-0.052611396356100126,245.135,2.8982036178509594,250.9314072357019,239.33859276429808
2020-01-07,251.72,255.47,250.22,254.72,79407,244.88875544934945,239.52541892492079,71.4660545856981,246.2156939657551,243.95084076501024,2.2648532007448523,1.759178540251635,0.5056746604932174,245.7665,3.5110086644870777,252.78851732897417,238.74448267102585
2020-01-08,256.22,259.21,250.97,252.47,57283,245.6107787398876,240.03304955531607,65.66326792676355,247.17789489410046,244.58188959723168,2.596005296868782,1.9265438915750643,0.6694614052937176,246.16199999999998,3.801449308106492,253.76489861621297,238.55910138378698
2020-01-09,250.97,254.72,250.22,250.97,28036,246.1211807646602,240.46194957275466,62.04628857212746,247.76129567962346,245.05508296039972,2.7062127192237426,2.0824776571048,0.6237350621189428,246.4205,3.9484753553209635,254.31745071064194,238.52354928935807
2020-01-12,252.47,275.69,252.47,270.45,75020,248.4382111680259,241.63795155029368,78.56184736879284,251.251865575066,246.93618792629604,4.315677648769963,2.5291176554378323,1.7865599933321308,247.40550000000002,6.631212062741669,260.66792412548335,234.14307587451668
2020-01-13,272.7,277.94,266.7,271.2,116507,250.60600058059487,242.79724756792922,78.94178952026823,254.32080933274815,248.733507339163,5.587301993585157,3.1407545230672973,2.44654747051786,248.58249999999998,8.50353912389288,265.58957824778577,231.57542175221423
2020-01-14,271.95,271.95,265.21,268.95,50061,252.35304814434772,243.82284570252023,74.66653425441008,256.5714540507869,250.2310253140398,6.3404287367470715,3.7806893658032523,2.559739370943819,249.61599999999999,9.644399738490074,268.90479947698014,230.32720052301983
2020-01-15,269.7,278.69,268.95,274.94,87561,254.5041864163146,245.04312626320572,78.071365963347,259.39738419681964,252.06131973522204,7.336064461597601,4.4917643849621225,2.844300076635479,250.97999999999996,11.16277554619526,273.3055510923905,228.65444890760944
2020-01-16,280.19,285.43,279.44,280.94,91468,257.0218829480942,246.45084680190357,80.84803151958671,262.7116327819243,254.2004812363167,8.511151545607618,5.295641817091221,3.2155097285163965,252.58200000000002,12.996944418228637,278.5758888364573,226.58811116354275
2020-01-19,275.69,285.43,280.94,281.69,82278,259.37122742922804,247.83277437829952,81.16901285280218,265.6313815847052,256.23674188547847,9.39463969922673,6.1154413935183225,3.279198305708407,254.45499999999998,14.35792079215102,283.170841584302,225.73915841569794
2020-01-20,285.43,286.93,274.2,275.69,101949,260.92539624549204,248.92521459875837,70.927673779561,267.1788613409044,257.6777239680356,9.501137372868811,6.792580589388421,2.7085567834803905,255.99050000000003,14.922329250594775,285.8351585011896,226.14584149881048
2020-01-21,276.44,279.44,273.45,275.69,55039,262.3315489840166,249.97481402625806,70.927673779561,268.48826728845756,259.01196663707,9.47630065138759,7.329324601788255,2.146976049599334,257.601,15.235909417867791,288.0728188357356,227.12918116426442
2020-01-22,276.44,276.44,271.2,271.2,49584,263.1761633664912,250.80717426052246,63.92735708124892,268.90545693638717,259.91478392321295,8.990673013174217,7.6615942840654485,1.329078729108768,259.0245,15.102779275421597,289.2300585508432,228.8189414491568
2020-01-23,270.45,272.7,263.71,265.95,53615,263.44033828396823,251.4010105640314,56.860731807800654,268.45077125386604,260.3618369659379,8.088934287928112,7.747062284837982,0.34187200309012944,260.148,14.716390647309193,289.5807812946184,230.71521870538163
2020-01-26,264.46,268.2,262.96,262.96,35689,263.39459178073315,251.8543042674027,53.25041839321604,267.6060372148097,260.5542934869796,7.0517437278301145,7.607998573436409,-0.5562548456062943,261.197,14.0874972936998,289.3719945873996,233.0220054126004
2020-01-27,260.71,269.7,259.21,267.45,55255,263.78082113494906,252.465900178485,57.60373173443882,267.5820314894544,261.06508656201817,6.516944927436214,7.389787844236371,-0.872842916800157,262.433,13.452078728035401,289.33715745607077,235.5288425439292
2020-01-28,271.95,272.7,268.2,269.7,55136,264.3445524554301,253.1417472303091,59.632333081602475,267.90787279876906,261.70470977964646,6.203163019122599,7.1524628792136165,-0.9492998600910179,263.7815,12.704002798538053,289.1895055970761,238.37349440292388
2020-01-29,269.7,270.45,265.95,268.2,37059,264.71173793586536,253.7322669467676,57.65182965961958,267.95281544511226,262.1858423885615,5.766973056550739,6.875364914681041,-1.108391858130302,265.0925,11.644482260077638,288.38146452015525,241.8035354798447
2020-01-30,268.2,274.94,265.21,274.2,59668,265.6153819419734,254.53492314493357,62.95214318791845,268.91392076124885,263.07577998940883,5.838140771840017,6.6679200861128365,-0.8297793142728196,266.70349999999996,10.445693786638122,287.5948875732762,245.81211242672373
2020-02-02,274.2,280.19,274.2,277.19,85366,266.7177265189283,255.42335753140677,65.28399663293305,270.1871637210567,264.12127776797115,6.065885953085569,6.547513259507384,-0.4816273064218146,268.239,9.533761007460182,287.30652201492035,249.1714779850796
2020-02-03,282.44,282.44,277.19,277.19,79966,267.715085898078,256.27695135370453,65.28399663293305,271.2645231485865,265.08933126663993,6.175191881946546,6.473048983995217,-0.29785710204867133,269.5875,8.723912615093603,287.0353252301872,252.13967476981276
2020-02-04,277.19,280.19,274.2,274.2,42203,268.3326967649277,256.97981600650047,60.842640651463306,271.7161349718809,265.7641956172592,5.951939354621686,6.3688270581205115,-0.4168877034988254,270.56149999999997,8.03703747134411,286.6355749426882,254.48742505731175
2020-02-05,274.94,275.69,272.7,274.94,29230,268.9619637396965,257.684136947422,61.54001059468254,272.21211420697614,266.4438848307956,5.768229376180557,6.248707521732521,-0.480478145551964,271.685,6.859144108031019,285.40328821606204,257.96671178393797
2020-02-06,274.2,276.44,273.45,274.2,26157,269.4608243359159,258.3318178514447,60.38192288884378,272.51794279051825,267.0184118803663,5.499530910151975,6.098872199416412,-0.5993412892644372,272.8465,4.834860554240127,282.51622110848024,263.17677889151975
2020-02-09,279.44,279.44,273.45,275.69,63312,270.05407916106674,259.01253087687826,61.93519218664663,273.005951591977,267.6607517410799,5.3451998508971315,5.948137729712557,-0.6029378788154256,273.10849999999994,4.840134050992671,282.7887681019853,263.4282318980146
2020-02-10,277.19,279.44,276.44,278.69,51686,270.8765478123937,259.784196332687,64.91757026701902,273.8804205778267,268.47773309359246,5.402687484234264,5.839047680616899,-0.4363601963826351,273.483,4.972645277177064,283.42829055435413,263.5377094456459
2020-02-11,281.69,284.68,278.69,284.68,92952,272.1911623064515,260.7605023588561,69.97582195549765,275.5418943350842,269.6779010125856,5.8639933224985725,5.844036808993234,0.019956513505338336,274.2695,5.43995885723604,285.14941771447207,263.3895822855279
2020-02-12,284.68,290.68,284.68,287.68,113683,273.666289705837,261.8161689330186,72.14221137355095,277.40929520660967,271.0113898264682,6.397905380141481,5.954810523222884,0.44309485691859685,274.9065,6.213510131793022,287.333520263586,262.47947973641396
2020-02-13,289.18,289.18,284.68,284.68,72585,274.7152144957573,262.71278975917477,66.94058020481182,278.52786517482355,272.02387946895203,6.503985705871514,6.06464555975261,0.43934014611890415,275.0935,6.456189421176014,288.00587884235205,262.18112115764796
2020-02-16,286.93,286.93,282.44,284.68,46674,275.6642416866376,263.5742489843052,66.94058020481182,279.4743474556199,272.9613698786593,6.512977576960623,6.154311963194213,0.3586656137664095,275.24300000000005,6.6487253230263965,288.5404506460528,261.9455493539473
2020-02-17,287.68,299.67,287.68,298.92,192370,277.8790758117197,264.9603568672736,76.33414452141403,282.4659863086015,274.884231369129,7.581754939472489,6.4398005584498685,1.1419543810226207,276.4045,8.501777817176327,293.40805563435265,259.4009443656473
2020-02-18,301.92,310.91,301.92,307.16,234055,280.6677352582226,266.6152448332629,79.89421172780324,286.2650653380474,277.2750290454898,8.99003629255759,6.949847705271413,2.0401885872861776,277.978,10.928467220496827,299.83493444099366,256.12106555900635
2020-02-19,308.66,312.4,304.91,306.41,61581,283.11937951934425,268.1758234672526,78.73326317324246,289.3642860552709,279.4331750421202,9.931111013150712,7.5461003668472735,2.3850106463034386,279.73850000000004,12.501887552222708,304.74227510444547,254.73472489555462
2020-02-20,306.41,310.91,305.66,309.41,76737,285.6232481365496,269.79284999794857,79.98604447852482,292.4482420467677,281.65368059455574,10.794561452211951,8.195792583920209,2.5987688682917423,281.9115,13.698796057356752,309.3090921147135,254.51390788528647
2020-02-23,309.41,340.12,309.41,340.12,284029,290.81341498068775,272.5507774490094,87.86597664380591,299.78235865495725,285.9845190690331,13.797839585924123,9.316201984320992,4.481637601603131,285.7695,18.20478551168116,322.1790710233623,249.35992897663766
2020-02-24,340.12,373.84,348.36,355.11,424714,296.9368992682413,275.7883940196365,89.94666168959095,308.2943034772715,291.1049250639196,17.189378413351903,10.890837270127175,6.298541143224728,290.15250000000003,23.379204856813306,336.91090971362667,243.39409028637343
2020-02-25,352.86,364.85,346.12,357.35,196613,302.6905279093612,278.9868883718076,90.21663500776668,315.8413337115374,296.0119676517774,19.82936605975999,12.678543028053738,7.150823031706253,294.53499999999997,27.239899431764293,349.01479886352854,240.0552011364714
2020-02-26,361.1,370.84,359.6,362.6,148457,308.3961919179935,282.2658339258544,90.83766514384405,323.0349746789932,300.9444144923865,22.090560186606695,14.560946459764331,7.5296137268423635,299.255,30.4284962528635,360.111992505727,238.398007494273
2020-02-27,362.6,377.58,349.11,373.09,318594,314.55750697342273,285.82756592876206,91.93876536379324,330.73574780530197,306.2885319373949,24.44721586790706,16.53820034139288,7.909015526514182,304.19950000000006,33.971247048829895,372.14199409765985,236.25700590234027
2020-03-01,373.09,387.32,367.09,373.09,529912,320.13203011881103,289.2496221668498,91.93876536379324,337.2517866044863,311.23678883092117,26.014997773565142,18.433559827827334,7.581437945737807,308.99449999999996,36.62283893031495,382.24017786062984,235.74882213937008
2020-03-02,373.84,375.33,346.87,346.87,184765,322.678503440829,291.5092448269734,68.18485243014084,338.7315117422576,313.87628595455664,24.855225787700988,19.717893019802066,5.137332767898922,312.47850000000005,36.75214025633141,385.9827805126629,238.97421948733722
2020-03-03,346.87,370.09,333.38,358.85,531054,326.12340787503575,294.15005875532734,71.77329127117976,341.82666378191027,317.20767218014504,24.61899160176523,20.6981127361947,3.920878865570529,316.711,36.98539383110728,390.68178766221456,242.74021233778547
2020-03-04,358.85,360.35,344.62,344.62,297065,327.88498807741325,296.12927213747133,62.72357113242443,342.2564078154626,319.2382149816158,23.018192833846797,21.16212875572512,1.8560640781216762,320.195,36.11516557085859,392.42533114171715,247.9646688582828
2020-03-05,339.37,352.11,337.88,344.62,275113,329.4787987367072,298.0308693085509,62.72357113242443,342.62003738231454,321.11834720519977,21.501690177114767,21.23004104000305,0.2716491371117158,323.716,34.80387930585967,393.3237586117193,254.10824138828067
2020-03-10,337.88,340.12,313.9,316.9,154625,328.28081790463983,298.7708352180195,48.81747338483284,338.66310855426616,320.8058770418516,17.857231512414558,20.555479134485353,-2.698247622070795,325.77650000000006,32.98320007375373,391.7429001475075,259.8100998524926
2020-03-11,322.14,337.88,314.65,335.63,276505,328.98074000895986,300.21629266045016,55.92750276126162,338.19647646899443,321.9039602239367,16.292516245057755,19.702886556599832,-3.410370311542078,328.62350000000004,31.109131384953855,390.84176276990775,266.4052372300923
2020-03-12,336.38,340.87,323.64,327.39,213976,328.8292409604875,301.2819282423933,52.473939153716664,336.53394162761066,322.3103335406821,14.22360808692855,18.607030862665574,-4.383422775737024,330.759,29.350034681231282,389.45906936246257,272.05893063753746
2020-03-15,322.14,322.89,306.41,310.16,252241,327.0512180118696,301.63008791916224,46.06798278546954,332.47641214643977,321.4103088339649,11.066103312474866,17.098845352627432,-6.032742040152566,331.883,28.013452802086757,387.9099056041735,275.85609439582646
2020-03-16,310.16,314.65,299.67,305.66,235808,325.01395915359626,301.78812368703825,44.53869330892656,328.35081027775675,320.24361929070824,8.107190987048511,15.300514479511648,-7.193323492463136,332.932,26.505045914832404,385.94209182966483,279.9219081703352
2020-03-17,305.66,306.41,286.93,290.68,235439,321.74405828182523,301.3525109934289,39.80195987730962,322.55530100425574,318.0537215654706,4.501579438785143,13.140727471366347,-8.639148032581204,333.23199999999997,25.958476680632717,385.1489533612654,281.31504663873454
2020-03-18,295.17,297.42,279.44,287.68,151807,318.4998622549847,300.8163340917258,38.90949488222347,317.1898700805241,315.8038162643246,1.3860538161994782,10.789792740332974,-9.403738924133496,332.66999999999996,26.846897497907708,386.3637949958154,278.9762050041845
2020-03-19,283.19,298.17,274.2,289.18,186484,315.70749442117665,300.3600072645993,39.63828585629567,312.880659298905,313.8316817262265,-0.9510224273215044,8.441629706802079,-9.392652134123583,331.771,28.02143745138908,387.8138749027782,275.72812509722183
2020-03-22,287.68,294.42,280.94,282.44,51747,312.5391616191598,299.65726188167383,37.4749513955969,308.1974809452273,311.5063719687282,-3.3088910235009052,6.091525560741482,-9.400416584242388,330.5725,29.629694720171038,389.8318894403421,271.3131105596579
2020-05-12,277.19,277.19,274.2,274.2,160,308.8878128935255,298.6589378863141,34.962685594667676,302.96709926134616,308.7429370080817,-5.775837746735533,3.7180528992460795,-9.493890645981612,328.812,31.911454402851472,392.63490880570293,264.9890911942971
2020-05-13,268.95,268.95,266.7,266.7,110,304.869925951285,297.4056462044979,32.80688662044875,297.38754552883137,305.6286453778534,-8.24109984902202,1.3262223495924597,-9.56732219861448,325.141,34.64783913669236,394.43667827338476,255.84532172661528
2020-06-29,261.46,261.46,240.48,258.46,68746,300.44993300354355,295.8783659611842,30.576204519569274,291.3986923705496,302.13467164616054,-10.73597927561093,-1.0862179754482182,-9.649761300162712,320.3085,36.91393693087813,394.1363738617562,246.48062613824374
2020-06-30,254.72,278.69,254.72,273.45,17394,297.87851081272987,294.99882219800054,38.73695913033684,288.63735508277273,300.00988115385235,-11.37252607107962,-3.1434795945744987,-8.22904647650512,316.11350000000004,37.24868196537833,390.6108639307567,241.6161360692434
2020-07-01,278.69,300.42,278.69,298.92,44805,297.97770025913655,295.15259387651037,49.58176124221764,290.2193004546539,299.92914921653,-9.709848761876117,-4.456753428034823,-5.253095333841294,312.9295,35.75772753803319,384.4449550760664,241.41404492393366
2020-07-02,304.16,319.15,273.45,273.45,51529,295.64172880588546,294.30151176370606,41.643045543887155,287.6394080770148,297.96773075604625,-10.32832267903143,-5.631067278234145,-4.697255400797285,307.9475,33.823555459877,375.594610919754,240.300389080246
2020-07-05,273.45,283.19,265.95,276.44,111039,293.81299272913446,293.60106032199207,42.80087504534926,285.91642221901253,296.37308403337613,-10.4566618143636,-6.596186185460036,-3.860475628903563,303.115,30.795369867289555,364.70573973457914,241.5242602654209
2020-07-06,278.69,285.43,274.2,285.43,69440,293.0146124692169,293.2806265838747,46.25369394393525,285.84158803147216,295.562485216089,-9.720897184616831,-7.2211283852913954,-2.4997687993254356,300.043,29.225310605706277,358.4936212114126,241.59237878858744
2020-07-07,288.43,298.92,287.68,293.67,129940,293.07703032929146,293.2958961296051,49.27607665347754,287.0459591035534,295.42230112600834,-8.376342022454935,-7.452171112724104,-0.9241709097308313,296.784,25.74999957077174,348.28399914154346,245.28400085845652
2020-07-08,297.42,298.17,284.68,291.43,115813,292.9201702979304,293.22272373236575,48.477988405663105,287.72042693377597,295.12657511667436,-7.4061481828983915,-7.442966526758962,0.03681834386057048,294.1245,23.166571532683804,340.4576430653676,247.7913569346324
2020-07-09,290.68,291.43,284.68,288.43,72260,292.4925350314608,293.0347737820769,47.371392984390035,287.8295920208874,294.6305325154392,-6.80094049455181,-7.314561320317532,0.513620825765722,291.315,19.89694065348815,331.1088813069763,251.5211186930237
2020-07-12,289.93,295.92,284.68,286.93,65612,291.9627697903693,292.79537088866215,46.79620526709619,287.69119324844314,294.06012269948076,-6.368929451037616,-7.1254349464615485,0.7565054954239328,289.8165,18.97588865542709,327.7682773108542,251.86472268914582
2020-07-13,286.93,292.18,284.68,286.18,94276,291.4120298103341,292.5359445793029,46.492236769876236,287.45870197945186,293.4764099069267,-6.017707927474817,-6.903889542664202,0.8861816151893853,287.344,15.616598591849524,318.577197183699,256.110802816301
2020-07-14,288.43,291.43,283.94,289.93,179009,291.27088411411177,292.4337506742322,48.300489212244415,287.8389016749208,293.213712876784,-5.374811201863167,-6.598073874503996,1.2232626726408284,285.471,12.495320345086203,310.46164069017243,260.4803593098276
2020-07-15,295.17,300.42,291.43,297.42,217337,291.8565141984821,292.62928986347805,51.80388744815871,289.3129168018561,293.5252897007259,-4.21237289886983,-6.1209336793771625,1.9085607805073321,284.834,11.451600853386068,307.7372017067721,261.9307982932279
2020-07-16,302.66,310.91,302.66,309.41,201806,293.52827475100764,293.28735692765537,56.84531024531183,292.4047757554167,294.7019349080796,-2.297159152662857,-5.356178774034301,3.0590196213714442,285.02149999999995,11.834824737990704,308.6911494759814,261.3518505240185
2020-07-19,324.39,340.12,324.39,340.12,6361,297.96558191757833,295.12393116578653,66.5085089595855,299.7455794853526,298.0662360259996,1.6793434593529923,-3.9490743273568425,5.628417786709835,287.49350000000004,17.080011178044188,321.6535223560884,253.33347764391166
2020-07-20,352.11,373.84,322.14,331.88,441191,301.1955264968566,296.5653456298733,62.46671947799003,304.68933648760606,300.57095928333297,4.118377204273088,-2.335584021030857,6.453961225303945,289.70349999999996,19.755416918698224,329.2143338373964,250.19266616260353
2020-07-21,334.13,337.88,323.64,327.39,316083,303.6902382590607,297.7741556051724,60.31576542244923,308.1817462587436,302.557554891975,5.624191366768628,-0.74362894347096,6.367820310239588,291.614,21.47489535542198,334.56379071084393,248.66420928915602
2020-07-22,333.38,334.88,319.15,321.39,187887,305.37592985343593,298.7002671500676,57.468038121115065,310.21378529585996,303.95255082590273,6.26123446995723,0.6573437392146781,5.6038907307425525,293.5615,22.3475469688806,338.25659393776124,248.8664060622388
2020-07-23,322.89,325.89,316.9,322.89,147191,307.04393653406106,299.64888412457475,58.001891479106405,312.16397217342,305.3553248387988,6.808647334621185,1.8876044582959794,4.921042876325205,295.996,22.775334858015707,341.5466697160314,250.44533028396856
2020-07-26,322.89,333.38,319.9,328.89,152742,309.1245140070076,300.795594551062,60.15621924686374,314.73720722366306,307.0986341099989,7.638573113664165,3.0377981893696164,4.600774924294549,299.1055,22.810410244586233,344.72632048917245,253.48467951082753
2020-07-27,331.13,336.38,325.89,327.39,131099,310.86408410157827,301.83851241180463,59.3367540289093,316.6837907277149,308.601698249999,8.08209247771589,4.046657047038871,4.035435430677018,302.552,21.516664924511257,345.5853298490225,259.5186701509775
2020-07-28,332.63,332.63,324.39,327.39,146800,312.43798085380894,302.8405315329103,59.3367540289093,318.330899846528,309.99342430555464,8.337475540973344,4.904820745825766,3.4326547951475774,305.24899999999997,21.052433513542187,347.35386702708433,263.1441329729156
2020-07-29,327.39,327.39,320.64,322.14,131183,313.3619826772557,303.59737343358046,56.22763587856041,318.91691525475443,310.89317065329135,8.023744601463079,5.528605516953229,2.49513908450985,306.40999999999997,21.323554310223745,349.0571086204475,263.76289137955246
2020-07-30,320.64,325.14,316.15,322.14,107799,314.1979843270409,304.32453525971454,56.22763587856041,319.4127744463307,311.7262691234179,7.686505322912751,5.960185478145134,1.726319844767617,308.8445,20.107239983072052,349.0589799661441,268.6300200338559
2020-08-02,318.4,323.64,309.41,310.91,200556,313.8848429625608,304.58278877894145,49.75949823585634,318.10465530074134,311.6658047439055,6.43885055683586,6.055918493883279,0.3829320629525803,310.56800000000004,18.60464927744814,347.77729855489633,273.35870144510375
2020-08-03,307.16,318.4,304.91,313.9,109441,313.88628648993597,304.94816961113986,51.36372533121637,317.45778525447344,311.8313006888013,5.626484565672115,5.970031708241047,-0.3435471425689318,311.9915,17.644415629165692,347.28033125833133,276.7026687416686
2020-08-05,313.9,314.65,304.91,309.41,157362,313.45997349089447,305.1231433518795,48.841627977274904,316.2196644460929,311.65194508222345,4.5677193638694575,5.68956923936673,-1.121849875497272,312.7785,17.12766622348672,347.03383244697346,278.52316755302655
2020-08-06,303.41,308.66,299.67,306.41,88592,312.78854744414264,305.1736083184725,47.17485851474929,314.71048530054014,311.2636528539106,3.4468324466295144,5.241021880819287,-1.7941894341897724,313.5275,16.45945796734988,346.44641593469976,280.6085840653002
2020-08-09,304.16,308.66,299.67,307.91,78628,312.3239238780338,305.28091779617944,48.128033861446326,313.6642567927647,311.0152341239914,2.649022668773341,4.722622038410098,-2.0735993696367565,314.5015,15.44099065372527,345.38348130745055,283.6195186925495
2020-08-10,308.66,323.64,307.91,321.39,184024,313.18735969917344,305.9126465100548,55.83968857691603,314.85283267080086,311.78373529999203,3.0690973708088336,4.3919171048898455,-1.322819734081012,316.2245,14.063668936212146,344.35183787242426,288.0971621275757
2020-08-11,324.39,327.39,316.15,319.9,106033,313.82665877544264,306.4611701763272,54.86868577303032,315.6293199522161,312.3849400925852,3.2443798596308966,4.162409655838056,-0.9180297962071595,317.9105,12.165382930352635,342.2412658607053,293.5797341392947
2020-08-12,323.64,323.64,316.9,320.64,42064,314.47554841587663,307.017202718432,55.284562972590855,316.40019380572136,312.996426011653,3.403767794068358,4.010681283484117,-0.6069134894157591,319.446,10.232355493598643,339.9107109871973,298.98128901280273
2020-08-13,317.65,319.9,312.4,312.4,97693,314.2778771381741,307.22829280790523,49.78343024489715,315.78477937407195,312.9522463070861,2.8325330669858317,3.77505164018446,-0.9425185731986283,320.19500000000005,9.010526884530785,338.2160537690616,302.1739462309385
2020-08-16,303.41,310.91,301.17,307.16,151362,313.5999840773956,307.22561465857564,46.60735037453304,314.45789023959935,312.5231910250797,1.9346992145196396,3.406981155051496,-1.4722819405318566,320.08250000000004,9.164991098856298,338.4124821977126,301.75251780228746
2020-08-17,308.66,310.16,305.66,307.91,92115,313.0580808319294,307.25245329941583,47.12728989477612,313.4505225104302,312.18147317137016,1.2690493390600182,2.9793947918532004,-1.7103454527931823,318.472,8.24218392111481,334.9563678422296,301.98763215777035
2020-08-18,310.91,313.15,307.16,309.41,56122,312.71064456222183,307.33706297394855,48.2134724560657,312.8289036626717,311.97617886237975,0.8527248002919237,2.554060793540945,-1.7013359932490215,317.3485,7.839974003045595,333.0284480060912,301.6685519939088
2020-08-19,307.16,309.41,301.92,306.41,64888,312.11058317534355,307.30070756320544,46.17055405859025,311.84138002226064,311.5638693170183,0.2775107052423209,2.0987507758812205,-1.8212400706388996,316.29949999999997,7.829262568622325,331.9580251372446,300.64097486275534
2020-08-20,305.66,310.16,303.41,307.16,30416,311.6390990634061,307.29518961955034,46.77771084006525,311.12116771114364,311.23765677501694,-0.11648906387330271,1.655702807930316,-1.7721918718036187,315.588,7.987300182823719,331.5626003656475,299.61339963435256
2020-08-23,307.16,309.41,306.41,309.41,45095,311.4268039145103,307.3781233599601,48.64897872336617,310.85791114019844,311.10227479168236,-0.2443636514839227,1.2756895160474682,-1.5200531675313909,314.91400000000004,7.907043096273424,330.72808619254687,299.0999138074532
2020-08-24,311.65,316.9,310.91,315.4,129693,311.8052035416998,307.69270675760873,53.35128670744924,311.55669404170635,311.4206248071133,0.13606923459303744,1.047765459756582,-0.9116962251635445,314.2395,7.1954440812451,328.63038816249025,299.8486118375098
2020-08-25,327.39,327.39,313.9,315.4,89663,312.14756510915703,307.994953551428,53.35128670744924,312.1479718814438,311.71539333991973,0.43257854152409436,0.9247280761100846,-0.4921495345859902,313.64,6.508848228616729,326.65769645723344,300.62230354276653
2020-08-26,331.13,331.13,314.65,324.39,185649,313.31351128923734,308.63789654941127,59.76447375884001,314.0313608227602,312.6542530925183,1.377107730241903,1.0152040069364483,0.3619037233054547,313.49,6.202660719401731,325.8953214388035,301.08467856119654
2020-08-27,329.63,329.63,319.15,319.15,161170,313.869367356929,309.0501359004147,55.0167499374293,314.8188437731048,313.1354195301095,1.6834242429952724,1.1488480541482131,0.5345761888470593,313.34049999999996,6.016438424499883,325.3733768489997,301.3076231510002
2020-08-30,319.15,320.64,314.65,317.65,65622,314.22942760865004,309.38738547294747,53.70160307351789,315.25440626955015,313.4698328982496,1.784573371300553,1.2759931175786812,0.5085802537218718,313.11600000000004,5.748618506811111,324.61323701362227,301.6187629863778
2020-08-31,317.65,324.39,317.65,320.64,230120,314.8399583125881,309.82866447400835,55.96143972218281,316.0829591511578,314.00095638726816,2.0820027638896477,1.4371950468408745,0.6448077170487732,313.60249999999996,5.959937190591753,325.52237438118345,301.6826256188165
2020-09-02,325.14,327.39,321.39,325.89,186415,315.8923432351988,310.45852076914525,59.682584571166096,317.5917346663643,314.88162628450755,2.7101083818567417,1.691777713844048,1.0183306680126938,314.202,6.563865677448648,327.3297313548973,301.0742686451027
2020-09-03,325.89,327.39,320.64,323.64,102243,316.63021530803695,310.9754415232964,57.44239932296433,318.52223702538515,315.5303947078774,2.9918423175077464,1.951790634576788,1.0400516829309585,314.9135,6.784619816367112,328.48273963273425,301.34426036726575
2020-09-06,337.13,337.13,318.4,319.9,142996,316.94162337393817,311.32542420865735,53.82579863379523,318.73420055994126,315.85406917396057,2.8801313859806896,2.1374587848575684,0.7426726011231213,315.588,6.561638595095095,328.71127719019023,302.4647228098098
2020-09-07,321.39,321.39,313.9,313.9,93941,316.6519449573726,311.4263879651806,48.54524982805173,317.99047739687336,315.7093233092227,2.281154087650634,2.166197845416182,0.11495624223445233,315.88749999999993,6.325181815569421,328.53786363113875,303.2371363688611
2020-09-08,315.4,316.9,310.91,314.65,100359,316.46128353286093,311.5528041234088,49.215922854278766,317.47655779735436,315.630854915947,1.8457028814073624,2.102098852614418,-0.2563959712070556,315.5505,6.194790234757068,327.94008046951416,303.16091953048584
2020-09-09,308.66,315.4,308.66,314.65,121594,316.2887803392551,311.6742627852359,49.215922854278766,317.0417027516075,315.55819899624726,1.483503755360232,1.9783798331635807,-0.49487607780334875,315.28799999999995,6.111454818618059,327.51090963723607,303.06509036276384
2020-09-10,312.4,319.15,311.65,315.4,74663,316.2041345926594,311.82037012699135,49.9721745449878,316.789133097514,315.5464805520808,1.2426525454332022,1.8312343756175051,-0.5885818301843029,315.026,5.980861934010349,326.9877238680207,303.06427613197934
2020-09-13,316.15,316.9,312.4,316.15,79330,316.198978917168,311.99015953377597,50.76180806174005,316.69080492866567,315.5911856963711,1.0996192322945717,1.6849113469529187,-0.585292114658347,315.21349999999995,5.952919916001361,327.11933983200265,303.30766016799726
2020-09-14,317.65,322.89,316.15,317.65,158347,316.33717140124725,312.2121140618632,52.3806775543615,316.8383734011786,315.7436904596029,1.0946829415757406,1.566865665877483,-0.47218272430174246,315.73799999999994,5.660962908608536,327.059925817217,304.4160741827829
2020-09-15,320.64,321.39,313.9,315.4,77147,316.2479169820809,312.3371291966921,49.7389830890111,316.61708518561267,315.7182319070397,0.8988532785729717,1.433263188416581,-0.5344099098436093,316.1125,5.3553474259511615,326.8231948519023,305.4018051480977
2020-09-16,319.9,319.9,311.65,313.9,44561,316.0243058409303,312.3984182478022,48.00096277923129,316.1990720801338,315.58354806207376,0.6155240180600572,1.2697153543452764,-0.6541913362852192,316.337,5.149751245909563,326.6365024918191,306.0374975081809
2020-09-17,327.39,327.39,313.9,318.4,161097,316.2505624275084,312.63377439494724,53.27576393607794,316.5376763754978,315.7921741315498,0.7455022439480103,1.1648727322658232,-0.4193704883178129,316.93649999999997,4.602067355806394,326.14063471161273,307.7323652883872
2020-09-20,322.14,323.64,317.65,319.15,102521,316.52669933917423,312.8893126539689,54.111271238279066,316.93957231772896,316.04090197365724,0.8986703440717179,1.111632254627002,-0.21296191055528424,317.536,4.003505569137613,325.54301113827523,309.52898886172477
2020-09-21,319.15,319.9,313.9,316.15,112661,316.4908232116338,313.0171827459701,50.24125163100749,316.8180996534629,316.0489833089419,0.7691163445210236,1.0431290726058065,-0.27401272808478283,317.87299999999993,3.5403747943150385,324.95374958863,310.7922504113699
2020-09-22,314.65,316.15,308.66,311.65,178294,316.02979242957343,312.96356773632425,45.037939442782594,316.023007399084,315.7231326934647,0.2998747056192883,0.8944781992085029,-0.5946034935892146,317.6855,3.7700879160501723,325.2256758321003,310.1453241678997
2020-09-23,311.65,313.15,309.41,312.4,74417,315.6840979124712,312.94146704078213,46.04097643095979,315.4656216453788,315.476974716171,-0.011353070792210929,0.7133119452083602,-0.7246650160005711,317.5355,3.922409939928863,325.3803198798577,309.6906801201423
2020-09-24,310.91,312.4,310.16,312.4,83439,315.37132668271204,312.92023303918285,46.04097643095979,314.9939875460898,315.2490506631213,-0.2550631170315114,0.5196369327603858,-0.7747000497918972,316.936,3.7312470047608484,324.3984940095217,309.47350599047826
2020-09-27,313.15,315.4,309.41,313.9,120737,315.23120033197756,312.9586552729404,48.23232742196066,314.82568176976827,315.14912098437156,-0.3234392146032974,0.3510217032876492,-0.6744609178909466,316.6735,3.7519065679661145,324.1773131359322,309.1696868640678
2020-09-28,313.9,314.65,310.16,310.91,59279,314.8196574432178,312.8783158504722,44.36465582059442,314.22326918980394,314.83511202256625,-0.6118428327623064,0.15844879607765805,-0.7702916288399645,316.3365,3.956688241713718,324.24987648342744,308.42312351657256
2020-09-29,313.15,313.15,309.41,310.16,41491,314.37588054386373,312.77171522888506,43.42403135487149,313.59815085291103,314.4888074283021,-0.8906565753910627,-0.051372278216086115,-0.8392842971749765,315.8125,4.049624901409446,323.9117498028189,307.7132501971811
2020-09-30,310.16,310.91,308.66,310.91,116461,314.04579668254337,312.69870678853664,44.686995685306265,313.18458918323245,314.22371058176117,-1.0391213985287209,-0.24892210227861308,-0.7901992962501078,315.0635,3.4247416729332816,321.91298334586656,308.2140166541334
2020-10-01,325.89,325.89,308.66,311.65,89254,313.81762556992015,312.65758103212346,45.96861869755976,312.9484985396582,314.0330653534826,-1.084566813824381,-0.41605104458776665,-0.6685157692366143,314.464,2.8447169871275535,320.1534339742551,308.7745660257449
2020-10-04,322.14,322.14,312.4,312.4,84185,313.68261361088014,312.64747981517746,47.301362474096216,312.86411414894155,313.9120975495209,-1.0479834005793691,-0.5424375157860872,-0.5055458847932819,314.089,2.571640680476878,319.2322813609538,308.9457186390462
2020-10-05,312.4,317.65,309.41,310.91,140499,313.4185551717487,312.57934335183717,44.93026576000278,312.5634812029506,313.68971995326007,-1.1262387503094828,-0.6591977626907664,-0.4670409876187165,313.9395,2.6683002178618165,319.27610043572366,308.60289956427636
2020-10-06,325.89,325.89,307.91,309.41,159286,313.03678801253454,312.4550553772553,42.614358078944825,312.07833024865045,313.372703660426,-1.2943734117755525,-0.7862328925077235,-0.508140519267829,313.67749999999995,2.846192054401119,319.3698841088022,307.9851158911977
2020-10-07,311.65,312.4,308.66,312.4,110503,312.9761415351503,312.45289634285314,48.33142590679463,312.12781790270424,313.30065153743146,-1.1728336347272261,-0.8635530409516241,-0.309280593775602,313.565,2.8501938992229294,319.26538779844583,307.86461220155417
2020-10-08,310.91,314.65,309.41,310.16,93780,312.7079375794217,312.36297883921185,44.735705576920786,311.82507668690357,313.0680106828069,-1.2429339959033427,-0.9394292319419679,-0.3035047639613748,313.303,2.9127886800704337,319.12857736014087,307.4774226398591
2020-10-11,308.66,310.91,307.16,307.91,128177,312.2509911432863,312.18835221806626,41.4036367028239,311.2227571966107,312.6859358174138,-1.4631786208030917,-1.0441791097141926,-0.4189995110888991,312.89099999999996,3.067542990735328,319.0260859814706,306.7559140185293
2020-10-12,312.4,312.4,305.66,308.66,81820,311.90899198678284,312.04998546441664,42.9295655576831,310.8284868586706,312.38771834945726,-1.559231490786658,-1.1471895859286858,-0.4120419048579722,312.4415,2.99120513470808,318.4239102694162,306.45908973058386
2020-10-13,307.91,308.66,305.66,306.41,90290,311.3852784642321,311.8288095638513,39.598039283053026,310.14871964964436,311.9449243976456,-1.7962047480012302,-1.2769926183431948,-0.5192121296580354,311.992,3.191964582313832,318.3759291646277,305.60807083537236
2020-10-14,308.66,308.66,305.66,307.16,56646,310.98287099144807,311.6457189927199,41.23511243994435,309.6889166266222,311.5904855533755,-1.9015689267533276,-1.4019078800252214,-0.4996610467281062,311.65500000000003,3.3326179056819756,318.320235811364,304.98976418863606
2020-10-15,310.16,312.4,305.66,305.66,37831,310.47593089702445,311.41098491457404,38.960753147618696,309.0690832994496,311.1511903271996,-2.0821070277499985,-1.5379477095701768,-0.5441593181798217,311.01800000000003,3.1900348125485904,317.3980696250972,304.63793037490285
2020-10-18,307.16,307.16,303.41,305.66,43252,310.01727081159356,311.1854560943947,38.960753147618696,308.54460894568814,310.74443548814776,-2.1998265424596184,-1.6703234761480652,-0.5295030663115532,310.3435,2.7799077512161703,315.90331550243235,304.78368449756766
2020-10-19,304.16,306.41,303.41,305.66,41325,309.6022926390608,310.96877154167333,38.96075314761869,308.10082295404385,310.3678106371739,-2.2669876831300257,-1.7896563175444575,-0.4773313655855682,309.819,2.6111862599628957,315.0413725199258,304.59662748007423
2020-10-20,305.66,307.91,305.66,307.16,40447,309.36969334010263,310.81940795180384,42.894648048709186,307.956080961114,310.13019503442024,-2.174114073306214,-1.8665478686968089,-0.307566204609405,309.5945,2.6383537031956736,314.8712074063913,304.31779259360866
2020-10-21,310.91,316.9,310.16,313.15,98551,309.72972254580714,310.91080371839973,55.287310645929246,308.75514542863493,310.3538842911298,-1.5987388624948835,-1.812986067456424,0.21424720496154048,309.632,2.6852415357415413,315.0024830714831,304.2615169285169
2020-10-22,315.4,317.65,313.9,315.4,116378,310.269748970016,311.0868506314037,58.89571570489438,309.7774307473065,310.727670639935,-0.9502398926285309,-1.6404368324908454,0.6901969398623145,309.78200000000004,2.921408456280895,315.6248169125618,303.93918308743827
2020-10-28,322.14,323.64,317.65,323.64,179025,311.5431062109668,311.57913099879966,68.81984020939811,311.9101337092593,311.6841394814213,0.22599422783798673,-1.267150620425079,1.4931448482630658,310.269,4.1833050393965,318.635610078793,301.90238992120703
2020-10-29,329.63,329.63,322.89,324.39,284334,312.76661990516044,312.08151801845463,69.54068859393263,313.830113138604,312.6253143346494,1.2047988039546453,-0.7727607355491342,1.9775595395037795,310.943,5.243577625610037,321.43015525122007,300.4558447487799
2020-11-01,330.38,330.38,318.4,319.15,110211,313.37456086657374,312.35871339027995,59.23658303768064,314.6485572711265,313.1086243839346,1.539932887191867,-0.31022201100093394,1.8501548981928009,311.39250000000004,5.5493374426719075,322.49117488534387,300.2938251146562
2020-11-02,319.15,319.15,314.65,316.9,129530,313.71031697451906,312.5368030612494,55.438056020272995,314.99493307556855,313.3894670221617,1.6054660534068717,0.0729156018806272,1.5325504515262445,311.692,5.681982233804683,323.0559644676094,300.32803553239063
2020-11-03,317.65,317.65,314.65,316.15,82561,313.94266773885056,312.6784970588474,54.19063547356735,315.1726356793272,313.593950946446,1.578684732881186,0.37406942808073895,1.204615304800447,311.91700000000003,5.768667729071422,323.45433545814285,300.3796645418572
2020-11-04,322.14,322.14,313.9,315.4,54797,314.08146128753145,312.78522266438284,52.90855442838917,315.20761480558457,313.7277323578204,1.4798824477641688,0.5952320320174249,0.8846504157467439,312.067,5.820657495869308,323.70831499173863,300.4256850082614
2020-11-05,315.4,317.65,314.65,315.4,59701,314.2070364030047,312.8877629520541,52.90855442838917,315.23721252780234,313.8516040350189,1.3856084927834331,0.7533073241706265,0.6323011686128066,312.2915,5.860138560424791,324.01177712084956,300.5712228791504
2020-11-08,314.65,317.65,313.15,313.9,86825,314.17779484081376,312.92745852256184,50.15613472406036,315.0314875235251,313.85518892131375,1.1762986022113182,0.8379055797787649,0.3383930224325533,312.516,5.829866298007253,324.17573259601454,300.8562674039855
2020-11-09,298.92,316.15,298.92,310.91,125672,313.8665762845458,312.8483425020692,45.11765104638812,314.39741251990586,313.6370267789942,0.7603857409116586,0.8224016120053437,-0.062015871093685115,312.4415,5.840936546209973,324.12337309241997,300.75962690758007
2020-11-10,309.41,314.65,308.66,312.4,175699,313.7269023526843,312.83076044316454,47.925051761019986,314.0901182860742,313.5453951657354,0.5447231203388014,0.7668659136720353,-0.22214279333323383,312.5535,5.816310347001852,324.1861206940037,300.92087930599627
2020-11-11,313.9,322.89,313.9,319.15,188385,314.24338784290484,313.07857375911885,58.325351359485175,314.8685616266782,313.96055107938463,0.9080105472935429,0.7950948403963368,0.11291570689720609,313.1155,5.886624870707359,324.8887497414147,301.3422502585853
2020-11-12,322.14,325.14,319.9,320.64,224908,314.8525890007234,313.3751002783691,60.214262778067344,315.75647522257384,314.4553250735043,1.3011501490695423,0.896305902130978,0.40484424693856425,313.7145,6.017453977259037,325.74940795451806,301.6795920454819
2020-11-18,326.64,326.64,318.4,319.9,124249,315.3332948101783,313.63097869882523,58.78909320696209,316.3939405729471,314.8586343273188,1.5353062456283055,1.0241059708304436,0.5112002747978619,314.389,5.910699397569699,326.2103987951394,302.56760120486064
2020-11-19,319.9,323.64,319.15,322.14,167844,315.9815524473042,313.96466580867525,61.740994469428266,317.2779497155706,315.3979947475174,1.879954968053255,1.195275770275006,0.6846791977782489,315.138,5.895540330579012,326.929080661158,303.34691933884193
2020-11-22,337.88,337.88,319.15,326.64,266021,316.99664269041807,314.46173773774683,66.87436944128952,318.71826514394434,316.23073587733086,2.4875292666134783,1.4537264695427006,1.0338027970707777,316.187,5.986150770958073,328.15930154191614,304.2146984580839
2020-11-23,327.39,328.14,321.39,323.64,119303,317.62934338656873,314.82166959116853,60.998379625080254,319.47545512179903,316.77957025678785,2.6958848650111804,1.7021581486363968,0.9937267163747836,317.08599999999996,5.663416673798892,328.4128333475977,305.7591666524022
2020-11-24,327.39,327.39,322.14,322.14,163542,318.0589297307051,315.1086629405345,58.24276787548518,319.88538510306074,317.1766391266554,2.708745976405339,1.9034757141901855,0.8052702622151537,317.90999999999997,5.082588441254012,328.075176882508,307.74482311749193
2020-11-25,333.38,333.38,325.14,328.89,172010,319.0904602325427,315.6491075311018,65.74259692438515,321.2707104718206,318.04429548764386,3.226414984176756,2.1680635681875,1.0583514159892564,318.9965,4.985292342165458,328.9670846843309,309.0259153156691
2020-11-26,333.38,337.13,328.89,332.63,311506,320.3799402103957,316.3150248828233,69.05858075064583,323.0182934761559,319.1247180441147,3.8935754320412457,2.513165940958249,1.3804094910829967,319.9705,5.642539998226935,331.2555799964539,308.68542000354614
2020-11-29,337.13,362.6,335.63,358.85,460172,324.04375542845327,317.98306312271257,82.12314366256865,328.53086371059345,322.0673315223284,6.463532188265049,3.303239190419609,3.1602929978454397,322.143,10.263009253984976,342.6690185079699,301.61698149203005
2020-11-30,365.59,378.33,343.87,347.61,472431,326.2881596733625,319.14490378456696,68.72646946059871,331.46611544742524,323.959381039193,7.506734408232262,4.14393823398214,3.3627961742501222,323.3415,11.740296900666642,346.82209380133327,299.8609061986667
2020-12-01,347.61,352.11,337.13,341.62,237708,327.74833494256603,320.0262801067408,62.84299962525499,333.02825153243674,325.26757503628977,7.760676496146971,4.8672858864151065,2.8933906097318642,324.20300000000003,12.433015089291088,349.0690301785822,299.3369698214179
2020-12-02,343.87,352.86,335.63,345.37,195324,329.4265887575597,321.02015147510394,64.8705425967687,334.926982065908,326.7566435521201,8.170338513787897,5.527896411889665,2.642442101898232,325.514,13.229059082585588,351.9721181651712,299.0558818348288
2020-12-03,352.11,363.35,344.62,349.86,256063,331.3726279235064,322.15112592706066,67.17979034182032,337.2243694403837,328.46800328900014,8.756366151383588,6.17359035978845,2.5827757915951386,327.162,14.122324096789136,355.40664819357823,298.9173518064217
2020-12-06,349.86,355.11,331.13,333.38,207676,331.5638062165058,322.59147392992105,53.32435320001083,336.632927988017,328.83185489722234,7.8010730907946595,6.499086905989692,1.3019861848049672,328.02349999999996,13.939562129723996,355.902624259448,300.14437574055194
2020-12-07,319.15,343.87,319.15,337.13,185378,332.0939199101719,323.1616122071791,55.569877911028584,336.70940060524515,329.44653231224294,7.262868293002214,6.651843183392197,0.6110251096100168,329.11,13.749416064156241,356.6088321283125,301.61116787168754
2020-12-08,343.87,347.61,334.88,337.88,140780,332.64497515682217,323.73880388532893,56.025539783074954,336.88949281982286,330.07123362244715,6.81825919737571,6.6851263861889,0.13313281118680997,330.23400000000004,13.485984303401576,357.2059686068032,303.2620313931969
2020-12-09,354.36,354.36,331.13,331.88,117324,332.572120379982,324.0580664780611,51.477182015414186,336.11880161677317,330.20521631708067,5.9135852996925,6.53081816888962,-0.6172328691971201,331.133,12.927549977511882,356.98809995502376,305.2779000449762
2020-12-10,348.36,348.36,328.14,331.13,107388,332.43477558188846,324.33539720441166,50.920691764671545,335.35129367573114,330.2737188121117,5.077574863619418,6.24016950783558,-1.1625946442161617,332.144,12.02168496816063,356.18736993632126,308.10063006367875
2020-12-13,347.61,347.61,333.38,340.12,246575,333.1667017169467,324.9544012356112,56.93092653197182,336.0849408025417,331.00307297417754,5.081867828364182,6.0085091719413,-0.9266413435771188,333.53000000000003,11.195084447626513,355.920168895253,311.13983110474703
2020-12-14,340.12,351.36,339.37,341.62,115113,333.9717777439041,325.6079541283323,57.858230298366166,336.9364883713814,331.78951201312736,5.146976358254051,5.836202609203851,-0.6892262509498002,334.6535,10.796410356176862,356.24632071235374,313.0606792876463
2020-12-15,344.62,346.12,338.62,340.12,115112,334.5573227206752,326.1770539664369,56.54708329420883,337.42625939116886,332.4065851973402,5.019674193828678,5.672896926128816,-0.6532227323001383,335.6275,10.334454318087985,356.29640863617595,314.95859136382404
2020-12-16,338.62,346.12,336.38,342.37,141784,335.30138722346805,326.81207145794923,58.08158384446804,338.1868348694506,333.1446159234631,5.042218945987486,5.5467613301005505,-0.5045423841130647,336.751,9.73890726605702,356.22881453211403,317.2731854678859
2020-12-17,358.85,358.85,337.13,338.62,145867,335.61744558313774,327.2751274792061,54.61956231671005,338.25347565876586,333.5501999291325,4.70327572963339,5.3780642100071185,-0.6747884803737287,337.575,9.114800861064296,355.8046017221286,319.34539827787137
2020-12-20,338.62,338.62,324.39,325.89,269832,334.6910221942675,327.22080875453133,44.84703545974149,336.3514024804942,332.9827777121597,3.3686247683344845,4.976176321672591,-1.6075515533381068,337.5375,9.163569676198389,355.8646393523968,319.21036064760324
2020-12-21,319.9,331.13,307.91,324.39,255964,333.7099724614801,327.1097966465105,43.85142397797496,334.51118671426434,332.3462756594071,2.164911054857214,4.413923268309516,-2.2490122134523025,337.575,9.105051518685169,355.78510303737033,319.36489696262964
2020-12-22,329.63,330.38,319.9,326.64,282250,333.036641750863,327.09137324860814,45.795302079485836,333.3002349120698,331.9235885735251,1.376646338544731,3.8064678823565594,-2.4298215438118285,337.8,8.752322398565848,355.3046447971317,320.29535520286834
2020-12-23,331.13,337.13,322.89,324.39,167601,332.21315206030465,326.9854370427804,44.14926928340942,331.92942954098214,331.3655449754862,0.5638845654959255,3.1579512189844325,-2.594066653488507,337.575,9.046334820479885,355.66766964095973,319.48233035904025
2020-12-24,328.89,328.89,319.9,320.64,110812,331.1109471021804,326.7365963744361,41.47365619327382,330.1925942269849,330.57106016248724,-0.37846593550233365,2.4506677880870793,-2.829133723589413,336.97549999999995,9.760393906525621,356.4962878130512,317.4547121869487
2020-12-27,323.64,324.39,317.65,319.15,170259,329.9718092829251,326.43908279112486,40.42533796945946,328.4937335766796,329.7250557060067,-1.2313221293271113,1.7142698046042413,-2.9455919339313525,334.9905,9.091611793296908,353.17372358659384,316.80727641340616
2020-12-28,321.39,321.39,314.65,316.9,70074,328.72687506550363,326.06500111304155,38.82923614998921,326.7100822571904,328.77505157963583,-2.0649693224454495,0.9584219791943033,-3.023391301639753,333.455,9.434957116462613,352.3249142329252,314.58508576707476
2020-12-29,320.64,321.39,315.4,316.15,127605,327.5290774402176,325.6761775399811,38.286589601603275,325.0854542176226,327.83986257373687,-2.7544083561142543,0.2158559121325917,-2.970264268246846,332.18149999999997,9.97815945215579,352.13781890431153,312.2251810956884
2020-12-30,320.64,322.14,314.65,319.9,213444,326.8024986363873,325.44966077370736,42.60558294465645,324.28769203029606,327.2517246053119,-2.9640325750158354,-0.42012178529709365,-2.543910789718742,330.908,9.830597561749054,350.5691951234981,311.2468048765019
2020-12-31,330.16,331.01,320.85,328.47,218544,326.9613082900647,325.56810544924826,51.03873374522218,324.93112402563514,327.34196722714063,-2.410843201505486,-0.8182660685387722,-1.5925771329667138,329.8385,8.766146770990067,347.37079354198016,312.30620645801986
2021-01-03,331.85,348.78,331.85,344.55,330742,328.636421786249,326.3124934708464,62.24746073070041,327.9494126370759,328.61663632142654,-0.6672236843506312,-0.788057591701144,0.1208339073505128,330.397,9.340654828843237,349.0783096576865,311.7156903423135
2021-01-04,351.32,357.25,343.7,347.94,243148,330.4748578066062,327.1606309817936,64.11273356823067,331.0248876159873,330.04799659391347,0.9768910220738576,-0.4350678689461437,1.4119588910200012,330.9375,10.037533705784034,351.01256741156806,310.86243258843194
2021-01-05,345.4,352.17,339.47,346.24,181295,331.9762999202628,327.9088415315272,62.44649130401816,333.36567413660464,331.2474042536236,2.1182698829810533,0.07559968143929569,2.0426702015417577,331.3555,10.505044640302616,352.36558928060526,310.34541071939475
2021-01-06,349.63,353.02,344.55,346.24,162719,333.3347475469045,328.6277104910751,62.44649130401816,335.34633965405004,332.3579669015033,2.988372752546752,0.658154295660787,2.330218456885965,332.07349999999997,11.020855958256858,354.11521191651366,310.0317880834863
2021-01-07,347.94,352.17,345.4,345.4,226348,334.48381920910407,329.2854473345624,61.530099490859456,336.89305663035003,333.32404342731786,3.5690132030321706,1.2403260771350637,2.328687125897107,332.787,11.411558821513232,355.61011764302646,309.9638823569735
2021-01-10,348.78,358.94,348.78,358.1,318095,336.73297928442753,330.4154297920305,68.94925262529483,340.1556633026039,335.15929946973876,4.996363832865143,1.9915336282810796,3.004830204584063,333.686,12.659635148979529,359.00527029795904,308.3667297020409
2021-01-11,358.1,380.95,358.1,369.95,427211,339.896505066863,331.96580509430385,73.98978615105744,344.7394074098956,337.73638839790624,7.003019011989352,2.9938307050227344,4.009188306966617,335.1025,14.96849458907519,365.0394891781504,305.16551082184964
2021-01-12,375.87,376.72,364.87,369.95,180534,342.75874267954276,333.45538136511544,73.98978615105744,348.6179601160655,340.12258184991316,8.49537826615233,4.094140217248654,4.401238048903675,336.594,16.861264047015393,370.3165280940308,302.8714719059692
2021-01-13,375.03,377.57,371.64,375.87,284054,345.9121957576815,335.11869974295405,76.2258404519372,352.8105816366708,342.7705387499196,10.040042886751223,5.2833207511491675,4.756722135602056,338.269,18.994281383173586,376.2575627663472,300.28043723365283
2021-01-17,372.49,381.8,372.49,377.57,271617,348.9272247331404,336.7834566157794,76.84152779544846,356.61972292333684,345.3482766202959,11.271446303040932,6.480945861527521,4.790500441513411,340.2165,20.930287868616993,382.077075737234,298.355924262766
2021-01-18,379.26,380.11,370.79,371.64,197747,351.09034618712707,338.15037988574886,70.02878347417447,358.930534781285,347.29581168545917,11.634723095825848,7.511701308387186,4.123021787438661,342.504,21.76549258272001,386.03498516544005,298.97301483456
2021-01-19,373.33,376.72,366.56,369.1,169492,352.8055513121626,339.3640904784646,67.27735203343825,360.49506789185654,348.91093674579554,11.584131146060997,8.32618727592195,3.257943870139048,344.7395,22.10058071992486,388.94066143984975,300.5383385601503
2021-01-20,386.88,386.88,364.87,369.95,186008,354.4383559490995,340.5635379106817,67.73422359533376,361.94967283157087,350.4693858757366,11.480286955834288,8.957007211904418,2.5232797439298693,346.90500000000003,22.354167514429577,391.6133350288592,302.1966649711409
2021-01-21,369.95,375.03,367.41,368.25,193265,355.7537506206138,341.64928152202754,65.75679415018104,362.9189539344061,351.78646840345976,11.132485530946326,9.3921028757128,1.7403826552335264,349.098,22.179846376004946,393.4576927520099,304.7383072479901
2021-01-24,369.95,374.18,364.02,366.56,260333,356.78291722817437,342.62617244273235,63.76387354179958,363.47911486757437,352.88080407727756,10.598310790296807,9.633344458629601,0.9649663316672061,351.394,21.44343535910286,394.28087071820573,308.5071292817943
2021-01-25,384.34,384.34,361.48,364.87,248911,357.55311558739584,343.49847940576245,61.74847793912081,363.69309719563984,353.7688926641459,9.924204531493956,9.691516473202473,0.2326880582914832,353.67999999999995,20.2276629240366,394.13532584807314,313.22467415192676
2021-01-26,366.56,368.25,358.1,360.63,227451,357.84615219812,344.17030374279136,56.89015306576914,363.22185147323376,354.2771228371721,8.944728636061654,9.54215890577431,-0.597430269712655,355.8665,18.31583590776093,392.49817181552186,319.2348281844781
2021-01-27,364.02,364.02,358.1,359.79,155397,358.03128056020387,344.78284085091724,55.950936448065626,362.6938743235055,354.6854841084927,8.00839021501281,9.235405167622009,-1.2270149526091991,358.0485,15.75586449715334,389.56022899430667,326.5367710056933
2021-01-28,364.02,370.79,358.1,359.79,252753,358.1987776497083,345.3713568959793,55.950936448065626,362.2471244275816,355.0635963967525,7.183528030829109,8.82502974026343,-1.641501709434321,360.043,12.946981399864878,385.93696279972977,334.14903720027024
2021-01-31,359.79,365.71,354.71,356.4,187214,358.0274654925932,345.80385270398017,51.93764501218327,361.3475668233383,355.16258925625226,6.184977567086037,8.297019305627952,-2.1120417385419152,361.4395,10.667893530048362,382.77528706009673,340.1037129399033
2021-02-01,363.17,367.41,353.02,360.63,106287,358.27532592187004,346.3852702450005,56.16296730042794,361.23717192744004,355.567582644678,5.669589282762047,7.771533301054772,-2.101944018292725,362.24350000000004,9.906794199730628,382.0570883994613,342.4299116005388
2021-02-02,364.02,369.1,361.48,369.1,190050,359.3062472626443,347.2760439608829,63.1490160031834,362.44683778475695,356.5699839302574,5.8768538544995295,7.392597411743724,-1.5157435572441944,363.3015,9.416617604282889,382.13473520856576,344.4682647914342
2021-02-03,370.79,376.72,364.02,365.71,211791,359.9161284757258,347.99894419771095,59.090134177712414,362.9488627409482,357.2470221576458,5.701840583302385,7.054446046055457,-1.352605462753072,364.275,8.524062226552127,381.32312445310424,347.2268755468957
2021-02-04,347.94,370.79,347.94,362.33,143800,360.1460210018472,348.560946386036,55.27532507638398,362.85365308849464,357.62353903485723,5.230114053637408,6.689579647571847,-1.4594655939344392,365.0795,7.420137943818226,379.91977588763643,350.23922411236356
2021-02-07,344.55,372.49,344.55,361.48,173363,360.2730666207189,349.0675759395248,54.325489588562895,362.6423218441108,357.909202810053,4.733119034057836,6.298287524869045,-1.5651684908112093,365.8835,5.888686096863752,377.6608721937275,354.1061278062725
2021-02-08,343.7,376.72,343.7,374.18,355743,361.5975364663648,350.05237688307284,64.21879697968092,364.41734925270913,359.11444704634533,5.302902206363797,6.0992104611679965,-0.7963082548041998,366.6875,5.867737728687258,378.4229754573745,354.9520245426255
2021-02-09,380.95,383.49,371.64,372.49,226493,362.6349139457586,350.93228367197196,62.28539787848945,365.6592955215231,360.10522874661604,5.554066774907085,5.990181723915814,-0.43611494900872927,366.8145,5.968686247939673,378.75187249587935,354.87712750412066
2021-02-10,374.18,378.41,368.25,375.03,281311,363.81539833187685,351.877292155424,64.03781355828552,367.1009423643657,361.2107673579778,5.890175006387949,5.970180380410241,-0.08000537402229213,367.0685,6.2122623008663505,379.49302460173266,354.6439753982673
2021-02-11,372.49,380.11,372.49,373.33,239598,364.7215508716981,352.7185748159956,61.96262623939896,368.0592589236941,362.10848829442386,5.95077062927021,5.966298430182235,-0.015527800912025214,366.9415,6.046613906714277,379.03472781342856,354.8482721865715
2021-02-14,359.79,380.95,359.79,372.49,195794,365.4614031696317,353.4939248232115,60.91226043647589,368.7409113969719,362.8774891615036,5.863422235468306,5.945723191239449,-0.08230095577114316,366.6875,5.671720128017129,378.0309402560343,355.3440597439657
2021-02-15,376.72,382.65,375.03,380.95,260034,366.9365076296668,354.5706336536738,66.98279367202832,370.61923272051473,364.2161936680589,6.403039052455824,6.037186363482724,0.3658526889731002,367.15299999999996,6.430836975896276,380.01467395179253,354.2913260482074
2021-02-16,380.95,407.2,380.95,397.04,518671,369.80350690303186,356.2360990005885,74.95081168653215,374.68396614812787,366.6475867296841,8.036379418443744,6.437024974474928,1.5993544439688154,368.55,9.279766898162872,387.10953379632576,349.99046620367426
2021-02-17,402.12,409.74,398.73,401.27,319668,372.8003157694098,358.0021343338988,76.5528367195196,378.77412520226204,369.21220993489266,9.561915267369386,7.06200303305382,2.499912234315566,370.116,11.822722724973639,393.76144544994725,346.4705545500527
2021-02-18,410.58,410.58,400.42,401.27,258073,375.5117142675613,359.6989133796283,76.5528367195196,382.23502901729864,371.5868610508265,10.648167966472158,7.779236019737489,2.8689319467346692,371.76699999999994,13.704268293991978,399.1755365879839,344.35846341201596
2021-02-21,406.35,406.35,394.5,400.42,268493,377.88393195636496,361.29581873728995,75.42859529038425,385.03271686079114,373.7226491211356,11.310067739655551,8.485402363721102,2.8246653759344493,373.46,15.052345507036032,403.564691014072,343.35530898592793
2021-02-22,400.42,401.27,385.19,386.88,260937,378.74070034147303,362.2991199632786,60.24977139475778,385.31691426682323,374.6972677047552,10.619646562068056,8.912251203390493,1.7073953586775623,374.5605,15.195178069998965,404.95085613999794,344.17014386000204
2021-02-23,405.5,405.5,373.33,380.95,283469,378.95110983276135,363.0305270235422,55.02702598357048,384.6450813026966,375.1604330599585,9.484648242738103,9.026730611260016,0.4579176314780877,375.5765,14.891002325672646,405.3585046513453,345.7944953486547
2021-02-24,385.19,397.04,380.95,386.03,204434,379.6252898486888,363.93246714026606,58.357272069641056,384.8581457176664,375.96558616662827,8.892559551038119,8.999896399215636,-0.10733684817751765,376.8885,14.579604093607834,406.0477081872157,347.72929181278437
2021-02-25,402.12,402.12,375.87,377.57,167029,379.4295479583375,364.4672723504517,51.51570344954,383.7368925303331,376.0844316357669,7.652460894566161,8.730409298285743,-1.0779484037195814,377.77750000000003,14.013211012996544,405.80392202599313,349.75107797400693
2021-02-28,372.49,375.87,362.33,364.02,243519,377.96197196230537,364.4497322582771,42.85064189326565,380.7035244487434,375.19077003311753,5.512754415625864,8.086878321753767,-2.5741239061279035,378.1585,13.495417653100247,405.1493353062005,351.1676646937995
2021-03-01,380.95,380.95,357.25,368.25,162226,377.0370222516096,364.59876236579566,45.909362928654055,378.78759761047513,374.6766389195533,4.110958690921848,7.291694395587384,-3.180735704665536,378.5395,13.075542647490645,404.69058529498125,352.3884147050187
2021-03-02,369.95,372.49,356.4,358.1,188354,375.2334963228849,364.34390893968606,40.33132614731995,375.60489028578667,373.44873974032714,2.156150545459525,6.264585625561812,-4.1084350801022875,377.9895,13.709477119670447,405.4084542393409,350.5705457606591
2021-03-03,359.79,360.63,352.17,356.4,157553,373.43983000641964,364.03238309891407,39.46640748973729,372.65029178028107,372.18587012993254,0.4644216503485268,5.104552830519156,-4.640131180170629,377.524,14.293966485715833,406.11193297143166,348.93606702856835
2021-03-04,357.25,365.71,355.56,363.17,120249,372.4617509581892,363.99856415385864,44.564902617681874,371.1917853525455,371.5180278980857,-0.3262425455401967,4.018393755307285,-4.3446363008474815,377.566,14.248132804725088,406.06226560945015,349.0697343905498
2021-03-08,369.1,369.1,358.94,360.63,104756,371.33491753359976,363.86646359880535,43.098224965127045,369.5668952983077,370.71150731304226,-1.1446120147345482,2.9857926012989187,-4.130404616033466,377.52349999999996,14.299814233244215,406.12312846648837,348.92387153351154
2021-03-09,359.79,361.48,357.25,359.79,90773,370.23540157801887,363.70660228120516,42.598914693458546,368.06275756010655,369.9025067713354,-1.8397492112288774,2.0206842387933595,-3.860433450022237,376.804,14.829120497752815,406.4622409955056,347.1457590044943
2021-03-10,359.79,359.79,354.71,356.4,102913,368.9177442848742,363.42006885841283,40.55680106094469,366.26848716624403,368.9023210845698,-2.633833918325763,1.089780607369535,-3.7236145256952984,375.9995,15.4968956059297,406.9932912118594,345.0057087881406
2021-03-14,360.63,360.63,347.09,348.78,192454,366.9998638767909,362.8459485110241,36.339798703729016,363.5779506791296,367.4117787820091,-3.8338281028795222,0.10505886531972364,-3.9388869681992458,374.687,16.651900191870915,407.9908003837418,341.3831996162582
2021-03-15,338.62,353.86,338.62,347.09,117920,365.1036863647156,362.2280681772585,35.459185241474714,361.0413428823404,365.90646183519357,-4.865118952853152,-0.8889766983148515,-3.9761422545383,373.375,17.761217211726674,408.8974344234533,337.8525655765467
2021-03-16,347.09,350.48,343.7,346.24,144694,363.3071448061712,361.60108511148366,34.99979140557535,358.7642132081342,364.4496868844385,-5.685473676304298,-1.848276093912741,-3.837197582391557,372.0625,18.771237481289766,409.60497496257955,334.52002503742045
2021-03-17,350.48,351.32,345.4,348.78,77720,361.9236072055835,361.09829746005295,37.60133543576398,357.2281804068828,363.28896933744306,-6.06078893056025,-2.690778661242243,-3.3700102693180067,370.454,19.339310225549156,409.1326204510983,331.7753795489017
2021-03-18,352.17,355.56,349.63,351.32,103271,360.9137398526708,360.7148348145607,40.17973060079568,356.31922957505464,362.402379016151,-6.083149441096339,-3.369252817213062,-2.7138966238832767,368.168,18.723680643562986,405.615361287126,330.720638712874
2021-03-21,352.17,362.33,352.17,362.33,211184,361.048621771464,360.7781746257544,49.85270391711534,357.2439634865847,362.39701760754724,-5.153054120962565,-3.7260130779629628,-1.4270410429996025,366.221,17.050191818647125,400.3213836372943,332.12061636270573
2021-03-22,364.02,364.02,357.25,358.1,126669,360.76780065037224,360.6731481698425,46.726531670543125,357.3756614117255,362.0787200069882,-4.703058595262689,-3.9214221814229084,-0.7816364138397809,364.0625,14.98737639868363,394.0372527973673,334.0877472026327
2021-03-23,355.56,358.94,353.02,357.25,91811,360.43277201700346,360.5389070651428,46.100931118330976,357.35632888684466,361.72103704350764,-4.364708156662971,-4.010079376470921,-0.3546287801920496,361.904,12.352641907919635,386.60928381583926,337.19871618416073
2021-03-24,364.02,364.02,355.56,361.48,128160,360.5325080153841,360.57581267043133,49.70942755924655,357.9907398273301,361.70318244769226,-3.7124426203621397,-3.950552025249165,0.23810940488702537,360.634,10.865901953505151,382.36580390701033,338.9021960929897
2021-03-25,364.02,364.02,355.56,356.4,104355,360.13893582344275,360.4120553108066,45.7482229494602,357.74601062312547,361.31035411823353,-3.564343495108062,-3.873310319220945,0.3089668241128827,359.4065,9.782746506506003,378.971993013012,339.84100698698796
2021-03-29,356.4,362.33,353.02,357.25,108675,359.86379907835294,360.28805314175537,46.51620422672826,357.66970129649076,361.00958714651256,-3.339885850021801,-3.7666254253811164,0.4267395753593153,357.9675,7.514077227376381,372.99565445475275,342.9393455452472
2021-03-30,358.1,359.79,354.71,357.25,89740,359.6148658327955,360.168913802863,46.51620422672826,357.6051318662614,360.7310992097339,-3.125967343472496,-3.6384938089993923,0.5125264655268964,356.9515,5.931084284471303,368.8136685689426,345.0893314310574
2021-03-31,356.4,364.87,355.56,362.33,150069,359.873450039196,360.25366228118213,51.29505906250199,358.3320346560673,360.8495363053092,-2.517501649241865,-3.4142953770478868,0.8967937278060218,356.867,5.836361609953073,368.53972321990614,345.1942767800939
2021-04-01,365.71,365.71,359.79,360.63,109113,359.9455024164154,360.2684206230966,49.69482798378722,358.6855677859031,360.83327435676773,-2.1477065708646137,-3.160977615811232,1.0132710449466185,356.486,5.275980726993573,367.0379614539871,345.93403854601286
2021-04-04,342.86,368.25,342.86,361.48,121903,360.0916450434235,360.3159335398379,50.52590206602378,359.11548043422573,360.88117995997015,-1.7656995257444237,-2.8819219977978707,1.116222472053447,356.65500000000003,5.383440985293142,367.4218819705863,345.88811802941376
2021-04-05,364.02,365.71,358.1,359.79,96013,360.06291694404985,360.2953086951384,48.799680487977305,359.2192526751141,360.8003518147872,-1.5810991396730856,-2.621757426172914,1.0406582864998284,356.82450000000006,5.428171617155444,367.68084323431094,345.9681567656892
2021-04-06,359.79,361.48,356.4,358.94,81414,359.95597247318796,360.24215933454474,47.91302890056064,359.1762907250965,360.6625479766548,-1.4862572515582997,-2.3946573912499916,0.9084001396916919,356.613,5.247311191159795,367.1076223823196,346.1183776176804
2021-04-07,376.72,376.72,357.25,359.79,136502,359.9401655709796,360.22442759593514,48.91264697938619,359.27070753662014,360.5979147931989,-1.327207256578788,-2.1811673643157508,0.8539601077369627,356.571,5.216739150892037,367.0044783017841,346.13752169821595
2021-04-08,360.63,364.02,358.1,358.94,111983,359.8449117070768,360.1740578862906,47.92221073108094,359.2198294540632,360.475106289999,-1.255276835935831,-1.995989258639767,0.7407124227039359,356.5285,5.192540474466817,366.91358094893366,346.14341905106636
2021-04-12,359.79,366.56,358.94,364.87,167199,360.32349154449804,360.3582124789851,54.79883698170023,360.08908646113036,360.8006539722213,-0.7115675110909478,-1.7391049091300033,1.0275373980390554,356.952,5.516788348689783,367.98557669737954,345.91842330262045
2021-04-13,365.71,371.64,362.33,369.1,164812,361.15934949264107,360.70102767588764,58.96161715070455,361.4753808517257,361.41542034464936,0.05996050707631184,-1.3792918258887403,1.4392523329650522,357.96799999999996,5.796602089975017,369.56120417995,346.37479582004994
2021-04-15,373.33,378.41,369.95,372.49,238956,362.2384590647705,361.16334031604896,61.98332203032976,363.16993764376787,362.23575957837903,0.934178065388835,-0.9165978476332254,1.8507759130220602,359.238,6.064178340665597,371.3663566813312,347.1096433186688
2021-04-18,375.87,376.72,364.87,365.71,171867,362.5690820109828,361.34164069581175,53.49891558435652,363.5607164678036,362.49311072072135,1.0676057470822684,-0.5197571286901266,1.587362875772395,360.2115,5.393444632146469,370.99838926429294,349.42461073570706
2021-04-19,365.71,365.71,358.1,358.94,138442,362.223455152794,361.2474587077407,46.6345822424892,362.8498370112184,362.22991733400124,0.6199196772171831,-0.2918217675086647,0.9117414447258478,360.71950000000004,4.693062601220765,370.10562520244156,351.3333747975585
2021-04-20,364.87,364.87,357.25,360.63,118952,362.0716975191946,361.2232446407705,48.41396054905598,362.5083236248771,362.11140493889,0.3969186859870888,-0.154073676809514,0.5509923627966028,361.185,4.140909511082938,369.46681902216585,352.90318097783415
2021-04-21,362.33,364.02,355.56,356.4,101360,361.5315358506998,361.03409779211285,44.42150581853677,361.5685815287422,361.6883379063796,-0.11975637763742952,-0.14721021697509712,0.027453839337667596,360.88849999999996,4.2650504717231055,369.41860094344617,352.35839905655376
2021-04-22,374.18,374.18,353.02,356.4,102241,361.04281815063314,360.852368466932,44.42150581853677,360.7734151397049,361.2966091725737,-0.523194032868787,-0.2224069801538351,-0.3007870527149519,360.80350000000004,4.33983297641598,369.483165952832,352.1238340471681
2021-04-25,356.4,359.79,347.94,349.63,207673,359.9558830886681,360.4122755858758,38.52458818728082,359.0590435797503,360.4324159005312,-1.373372320780902,-0.4526000482792485,-0.9207722725016536,360.4225,4.958593683275439,370.3396873665509,350.50531263344914
2021-04-26,347.09,350.48,340.32,341.16,164932,358.16579898498543,359.6572843864297,32.6795508566086,356.30534456748103,359.0048295375289,-2.6994849700478767,-0.9019770326329741,-1.7975079374149026,359.4065,6.555214296551532,372.51692859310305,346.29607140689694
2021-04-27,358.1,358.1,340.32,347.94,133815,357.19191336736776,359.19778303794226,40.466092958278104,355.01836848017626,358.185212534749,-3.166844054572721,-1.3549504370209235,-1.8118936175517972,358.9835,7.01618000354428,373.0158600070886,344.9511399929114
2021-04-28,355.56,355.56,347.09,348.78,117707,356.3907787609518,358.7892425266504,41.37087776475398,354.0586194832261,357.4885301247676,-3.4299106415414826,-1.7699424779250355,-1.6599681636164472,358.56,7.372881319226408,373.30576263845285,343.81423736154716
2021-04-29,350.48,353.86,348.78,350.48,69138,355.827847450385,358.4633898785465,43.25061184891407,353.50806263965285,356.96937974515515,-3.461317105502303,-2.1082174034404892,-1.3530997020618138,358.2215,7.588449862509387,373.39839972501875,343.04460027498124
2021-05-02,334.39,358.1,334.39,356.4,122228,355.8823381693959,358.3824726284074,49.34165267099201,353.9529760797063,356.9272034677362,-2.974227388029931,-2.2814194003583776,-0.6928079876715532,357.925,7.535134197109584,372.9952683942192,342.85473160578084
2021-05-03,374.18,374.18,351.32,353.02,92854,355.6097345342153,358.1721795841562,46.2869524839275,353.80944129821296,356.63778098864464,-2.828339690431676,-2.3908034583730373,-0.4375362320586387,357.5445,7.5833373260082,372.71117465201644,342.3778253479836
2021-05-04,356.4,356.4,349.63,352.17,63482,355.282140769052,357.93679999262065,45.52368075352289,353.55721956002634,356.306834248745,-2.7496146887186796,-2.462565704442166,-0.2870489842765136,357.079,7.614723895193383,372.30844779038677,341.84955220961325
2021-05-05,369.1,369.1,347.94,350.48,61603,354.8247940291423,357.6443764634983,43.971147706368775,353.08380116617616,355.87521689698616,-2.7914157308100016,-2.5283357097157335,-0.2630800210942681,356.6135,7.724056253033696,372.0616125060674,341.1653874939326
2021-05-06,351.32,353.02,347.09,348.78,102514,354.24909935970015,357.2967538570866,42.40453136508198,352.4216779098414,355.3496452749872,-2.9279673651458324,-2.608262040801754,-0.3197053243440786,356.1055,7.895200724092648,371.8959014481853,340.3150985518147
2021-05-09,349.63,353.02,347.09,349.63,125202,353.8091851349668,356.9960968430832,43.48867060191235,351.992189000635,354.9259678472104,-2.9337788465754215,-2.673365401956487,-0.26041344461893434,355.59749999999997,7.972138902718595,371.54177780543716,339.6532221945628
2021-05-10,349.63,352.17,347.09,350.48,56168,353.4921198840176,356.74056363355055,44.61146771350218,351.75954453899885,354.5966368955652,-2.837092356566359,-2.706110792878462,-0.13098156368789704,355.17449999999997,8.009806144577583,371.19411228915516,339.1548877108448
2021-05-11,353.02,354.71,352.17,353.86,63188,353.52715608553973,356.6276003538035,48.95461635372534,352.08269153299904,354.54207119959744,-2.4593796665984087,-2.656764567622451,0.1973849010240425,354.62399999999997,7.679936540309841,369.9838730806197,339.26412691938026
2021-05-12,355.56,355.56,351.32,352.17,59730,353.39790312501214,356.4527924967916,46.97138714807774,352.09612360484533,354.36636222184944,-2.270238617004111,-2.5794593774987833,0.3092207604946724,353.77750000000003,6.893106300769799,367.56371260153963,339.99128739846043
2021-05-13,355.56,355.56,351.32,351.32,89463,353.2000075892967,356.25150651652524,45.96282451975661,351.97671997333066,354.1407057609717,-2.1639857876410247,-2.4963646595272317,0.3323788718862071,352.71899999999994,5.312629342081336,363.3442586841626,342.0937413158373
2021-05-16,355.56,358.94,352.17,358.1,167954,353.66667353317325,356.3239964570537,54.37760870930887,352.9187630543567,354.43398681571455,-1.515223761357845,-2.3001364798933546,0.7849127185355096,352.33849999999995,4.551171364550164,361.44084272910027,343.23615727089964
2021-05-17,364.02,364.02,356.4,359.79,150610,354.24984748239484,356.4599181646202,56.208173461967206,353.9758764306095,354.830728533069,-0.8548521024595175,-2.011079604406587,1.1562275019470696,352.381,4.619517974401357,361.6200359488027,343.14196405119725
2021-05-18,364.02,364.02,358.1,359.79,151670,354.7774810555001,356.59050960914493,56.208173461967206,354.87035697974653,355.19808197506393,-0.3277249953173964,-1.674408682588749,1.3466836872713526,352.339,4.54376947617937,361.4265389523587,343.25146104764127
2021-05-19,363.17,366.56,359.79,361.48,211175,355.4158161930715,356.78225433035493,58.15539725157318,355.8872251367086,355.6634092361703,0.22381590053828404,-1.2947637659633424,1.5185796665016265,352.593,4.909962053666902,362.4129241073338,342.7730758926662
2021-05-20,364.02,367.41,362.33,363.17,100987,356.15430988896946,357.0327541605371,60.067595651270715,357.0076520387534,356.219452996454,0.788199042299425,-0.8781712043107889,1.6663702466102137,352.9315,5.395587158919928,363.7226743178399,342.14032568216015
2021-05-23,363.17,369.1,353.02,369.1,208985,357.38723275668667,357.50597948757485,65.94778764399913,358.86801326356056,357.17356758930924,1.6944456742513125,-0.36364782859836864,2.0580935028496814,353.905,6.426512928570268,366.7580258571405,341.0519741428594
2021-05-24,370.79,381.8,366.56,369.95,342503,358.58368677985936,357.9939802919837,66.70461871724561,360.5729342999358,358.11996999010114,2.4529643098346696,0.19967459908823904,2.2532897107464307,355.3445,6.642229710446959,368.6289594208939,342.06004057910604
2021-05-25,372.49,372.49,364.87,364.87,144849,359.1823832770156,358.2636281236706,58.35677390984617,361.2340213307149,358.6199722130566,2.6140491176582827,0.6825495028022479,1.9314996148560348,356.19100000000003,6.72717341126954,369.6453468225391,342.73665317746094
2021-05-27,360.63,367.41,357.25,364.02,166463,359.6431086792046,358.48936819725213,57.06981459103484,361.66263343368183,359.0199742713487,2.642659162333132,1.0745714347084248,1.5680877276247072,356.95300000000003,6.70663387212733,370.3662677442547,343.5397322557454
2021-05-30,364.02,373.33,364.02,370.79,242012,360.7047173764232,358.971745915007,63.89871303789856,363.06684367465385,359.8918280290266,3.1750156456272407,1.494660276892188,1.6803553687350528,357.9685,7.194800223994191,372.35810044798836,343.57889955201165
2021-05-31,373.33,375.87,366.56,367.41,195829,361.34331572152576,359.3026578399087,58.864260001511155,363.73502157086097,360.44872965650615,3.2862919143548197,1.8529866043847143,1.4333053099701054,358.519,7.483872414453531,373.4867448289071,343.5512551710929
2021-06-01,369.1,369.95,359.79,364.02,145225,361.5982380337614,359.4876516501084,54.24779101573416,363.77886440611314,360.71326820046863,3.0655962056445105,2.0955085246366734,0.9700876810078372,359.069,7.462645855051937,373.9942917101039,344.14370828989615
2021-06-02,364.02,366.56,357.25,365.71,129625,361.98983441149835,359.73166531088845,56.09633871897711,364.0759621897881,361.08339648191543,2.992565707872643,2.2749199612838673,0.7176457465887758,359.746,7.417868469554325,374.5817369391086,344.91026306089134
2021-06-03,368.25,380.11,364.87,374.18,457880,363.1508025627842,360.29826667124576,63.956432889238826,365.6304295452053,362.05351526103277,3.576914284172517,2.5353188258615975,1.0415954583109195,360.931,7.745517481270131,376.42203496254024,345.43996503745973
2021-06-06,380.95,399.58,380.95,390.26,640308,365.73263089013807,361.47323660570675,73.61432804229348,369.41959423055835,364.14288450095626,5.276709729602089,3.083597006609696,2.1931127229923932,363.005,9.641963383811772,382.28892676762354,343.72107323237645
2021-06-07,390.26,397.88,378.41,382.65,476187,367.3438089006011,362.3036979152869,64.76915653240263,371.45504127201093,365.51378194532987,5.941259326681063,3.6551294706239696,2.2861298560570935,364.65600000000006,10.049616593892576,384.7552331877852,344.5567668122149
2021-06-08,389.42,389.42,379.26,386.03,285798,369.1234461481629,363.2341411342952,66.68391748395834,373.6973426147785,367.03350180123135,6.663840813547154,4.256871739208607,2.406969074338547,366.4335,10.54214562950612,387.5177912590122,345.34920874098776
2021-06-09,393.65,393.65,380.95,382.65,213775,370.41168937214735,363.9955473643229,62.99673809509453,375.07467452019716,368.19027944558457,6.884395074612598,4.782376406289405,2.1020186683231934,367.873,10.69933254189888,389.27166508379776,346.4743349162022
2021-06-10,385.19,385.19,376.72,378.41,224442,371.1734332414666,364.56082001670234,58.618102927395086,375.58780151708993,368.94729578294863,6.6405057341413,5.154002271859785,1.4865034622815152,369.185,10.272743445388302,389.7304868907766,348.6395131092234
2021-06-13,380.95,382.65,372.49,379.26,278933,371.943582456565,365.1372584474199,59.2298900526729,376.15275512984533,369.7111997990265,6.441555330818858,5.411512883651599,1.0300424471672587,370.582,9.592681201395726,389.76736240279143,351.39663759720855
2021-06-14,382.65,397.04,380.95,387.72,441744,373.4460984130826,366.02285615536425,64.80670227241697,377.9323312637153,371.04518499909864,6.887146264616661,5.706639559844612,1.180506704772049,372.063,9.84729356353046,391.7575871270609,352.3684128729391
2021-06-15,392.8,396.19,386.88,387.72,274450,374.80551761183665,366.8737245414284,64.80670227241697,379.43812645391296,372.2803564806469,7.157769973266056,5.996865642528901,1.1609043307371554,373.45950000000005,9.994539285347226,393.4485785706945,353.4704214293056
2021-06-16,380.95,394.5,380.95,386.03,204408,375.87451593451885,367.6249510299998,62.81602748959657,380.45226084561864,373.29884859319156,7.153412252427074,6.228174964508536,0.925237287918538,374.7715,9.826550647689796,394.4246012953796,355.1183987046204
2021-06-17,386.88,389.42,381.8,381.8,176663,376.43884775027897,368.1808353033332,58.01270388776891,380.65960533090805,373.9285635122144,6.7310418186936545,6.32874833534556,0.4022934833480942,375.7875,9.422122833217834,394.6317456664357,356.94325433356437
2021-06-20,385.19,385.19,370.79,373.33,241771,376.14276701215715,368.38276333065346,49.80093689753073,379.53197374153757,373.88422547427257,5.647748267265001,6.192548321729449,-0.5448000544644476,376.2955,8.969035314554116,394.2335706291082,358.3574293708918
2021-06-21,376.72,381.8,367.41,367.41,226120,375.31107491576125,368.34461574905924,45.005760435204856,377.66705470437796,373.4046532169191,4.262401487458874,5.806518954875335,-1.544117467416461,376.211,9.04800757364107,394.30701514728213,358.1149848527179
2021-06-22,367.41,376.72,365.71,376.72,152975,375.4452582571173,368.6730621902726,52.71639802460271,377.5213539806275,373.65023446011025,3.8711195205172544,5.419439068003719,-1.5483195474864644,376.5495,8.927278405923996,394.404056811848,358.694943188152
2021-06-23,376.72,380.95,369.1,369.95,128900,374.92190032786806,368.72313818281094,47.50086954877014,376.3565302913002,373.3761430186206,2.980387272679593,4.931628708938893,-1.9512414362593002,376.8035,8.645297033041064,394.0940940660821,359.51290593391786
2021-06-24,352.17,376.72,352.17,369.1,138120,374.3674336299759,368.73791707760273,46.87382566882451,375.24014101571555,373.05939168390796,2.18074933180759,4.381452833512633,-2.2007035017050427,377.0575,8.318393617066704,393.6942872341334,360.4207127658666
2021-06-27,369.95,377.57,368.25,375.03,168912,374.4305351890258,368.98466542750066,51.66737506275936,375.2078116286824,373.2053626702851,2.002448958397281,3.9056520584895624,-1.9032031000922816,377.2695,8.20349121764203,393.6764824352841,360.8625175647159
2021-06-28,380.95,381.8,375.03,376.72,140799,374.64857945673765,369.28801188132417,52.9697693046274,375.4404559935005,373.46570617618994,1.9747498173105669,3.5194716102537633,-1.5447217929431964,377.735,7.872024082656901,393.4790481653138,361.9909518346862
2021-06-29,358.1,378.41,358.1,372.49,90235,374.4430004608579,369.4135800428409,49.38288868872915,374.9865396868081,373.3934316446203,1.5931080421877937,3.13419889664057,-1.5410908544527762,378.1585,7.302588780341703,392.7636775606834,363.5533224393166
2021-06-30,372.49,373.33,368.25,373.33,85430,374.3370004169667,369.5671651392001,50.10543499185627,374.73168742729916,373.38873300427804,1.3429544230211263,2.775950001916681,-1.4329955788955546,378.5395,6.800442303729345,392.14038460745866,364.9386153925413
2021-07-01,373.33,378.41,370.79,371.64,79717,374.08014323439846,369.6484527808001,48.602235319284986,374.2560432077147,373.2591972261834,0.996845981531294,2.4201291978396036,-1.4232832163083096,378.4125,6.9089932810743555,392.2304865621487,364.59451343785133
2021-07-04,375.87,375.87,369.1,369.95,64672,373.6867962596939,369.6602781619452,47.0811160490737,373.5935750219124,373.0140715057254,0.5795035161870032,2.0520040615090833,-1.47250054532208,377.39700000000005,6.559747347512201,390.51649469502445,364.27750530497565
2021-07-05,369.95,372.49,365.71,369.1,72802,373.2499585206754,369.63830646931996,46.29629584740792,372.90225578777205,372.72414028307907,0.17811550469298254,1.6772263501458633,-1.4991108454528808,376.7195,6.687149872784954,390.09379974556987,363.3452002544301
2021-07-06,367.41,369.95,366.56,369.1,55218,372.8547243758492,369.6171964116996,46.29629584740792,372.31729335888406,372.4556854472954,-0.13839208841136497,1.3141026624344176,-1.4524947508457826,375.873,6.515898047733401,388.9047960954668,362.8412039045332
2021-07-07,372.49,372.49,368.25,368.25,65430,372.41617919719687,369.56358086614273,45.41823811073192,371.69155591905576,372.1441531919402,-0.4525972728844181,0.9607626753706505,-1.4133599482550685,375.153,6.523221758096054,388.1994435161921,362.10655648380794
2021-07-08,368.25,374.18,367.41,369.1,117018,372.10035260698766,369.54540122433326,46.51075455874716,371.2928550084318,371.9186603629076,-0.6258053544758013,0.6434490694013602,-1.2692544238771615,374.6875,6.6101714883426075,387.90784297668523,361.46715702331477
2021-07-11,375.87,376.72,369.1,376.72,165440,372.5403190253698,369.8267580390653,55.17317304967958,372.12780039175,372.2743151508404,-0.1465147590903939,0.48545630370300935,-0.6319710627934032,374.5605,6.541743269193184,387.64398653838634,361.47701346161364
2021-07-12,379.26,381.8,371.64,373.33,141553,372.61552673723935,369.964140076749,51.20055536453291,372.31275417763464,372.3525140285559,-0.03975985092125711,0.38041307277815606,-0.42017292369941317,373.841,5.763230910379151,385.3674618207583,362.3145381792417
2021-07-13,380.95,380.95,369.1,375.03,71742,372.84547657178797,370.16280125020984,53.02709919319114,372.7307919964601,372.5508463227369,0.17994567372318215,0.3403195929671613,-0.16037391924397915,373.2065,4.767306726138576,382.74111345227715,363.67188654772286
2021-07-14,376.72,376.72,372.49,374.18,66406,372.97257404114146,370.32033845608396,51.97948380690495,372.95374707392773,372.6715243729045,0.28222270102321545,0.3287002145783722,-0.046477513555156724,372.614,3.7084645709130593,380.0309291418261,365.19707085817384
2021-07-15,374.18,375.87,368.25,372.49,147573,372.9266146086518,370.40542322251207,49.86990850647684,372.88240137024655,372.65807812305974,0.22432324718681684,0.30782482110006115,-0.08350157391324431,372.14849999999996,3.014006382494424,378.1765127649888,366.1204872350111
2021-07-18,377.57,397.04,375.87,391.96,356221,374.7393179792564,371.2507007431979,66.65844529970406,375.8174165440548,374.08785011394417,1.7295664301106513,0.5921731429021793,1.137393287208472,373.08,5.362374768507708,383.8047495370154,362.35525046298454
2021-07-19,399.58,414.81,396.19,405.5,575062,377.66890674313674,372.5938105179745,73.34411419981603,380.38396784496945,376.41467603142974,3.969291813539712,1.267596877029686,2.7016949365100262,374.98449999999997,8.863619597458785,392.7117391949175,357.2572608050824
2021-07-20,413.12,413.12,400.42,406.35,219942,380.40043943426656,373.9175826545245,73.70063852540335,384.3787420226665,378.63210743650905,5.746634586157427,2.1634044188552344,3.5832301673021925,376.466,11.308117903804813,399.08223580760966,353.84976419239035
2021-07-22,408.04,419.05,404.66,416.51,397006,383.83944520243165,375.58787353081766,77.56351129875186,389.32201248071783,381.4378772560269,7.884135224690908,3.3075505800223697,4.5765846446685385,378.794,14.294402805958123,407.38280561191624,350.2051943880837
2021-07-25,421.59,434.29,421.59,432.42,499345,388.46616470696193,377.8165843727464,82.01772451331196,395.9524720990689,385.2143307926175,10.738141306451439,4.7936687253081836,5.9444725811432555,381.96000000000004,18.444186361191246,418.8483727223825,345.07162727761755
2021-07-26,437.67,437.67,419.81,422.43,388580,391.7008156872513,379.5661300836191,72.31045283969596,400.0259379299814,387.97104703020136,12.054890899780048,6.245913160202557,5.808977739577491,384.33,20.44379998666528,425.21759997333055,343.4424000266694
2021-07-27,414.81,420.74,399.58,419.47,372228,394.34549990751304,381.13098772739875,69.67896092477818,403.0173320945996,390.30430280574205,12.71302928885757,7.53933638593356,5.173692902924009,386.4675,21.79637774711147,430.06025549422293,342.874744505777
2021-07-28,419.89,425.82,412.53,414.81,164021,396.29449991632134,382.45173330671645,65.62966044411577,404.83158869543047,392.11953963494636,12.712049060484105,8.573878920843669,4.138170139640437,388.5835,22.413503043572877,433.4105060871458,343.75649391285424
2021-07-29,414.81,417.35,411.01,411.01,131486,397.69597611476695,383.57166533390404,62.44293944965701,405.7821135115181,393.51883299532074,12.26328051619737,9.311759239914409,2.9515212762829606,390.46750000000003,22.646280948303946,435.7600618966079,345.17493810339215
2021-08-01,410.58,418.79,410.58,412.95,116366,399.148740294313,384.7237568894372,63.41949378427358,406.88486527897686,394.95817869937105,11.926686579605814,9.834744707852689,2.091941871753125,392.533,22.72245471820978,437.97790943641957,347.08809056358047
2021-08-02,412.95,414.81,409.74,409.74,112338,400.1574316948546,385.7047860310279,60.61118054994928,407.32411677451887,396.0531284253436,11.270988349175298,10.121993436117211,1.148994913058086,394.5225,22.380461138893352,439.2834222777867,349.76157772221325
2021-08-03,413.12,413.12,404.06,407.2,175589,400.82815248582085,386.5477355984385,58.407225564305165,407.3050218861314,396.87882261605887,10.426199270072516,10.182834602908272,0.24336466716424354,396.4275,21.714233477752753,439.8559669555055,352.9990330444945
2021-08-04,408.89,413.04,406.35,407.96,108354,401.50737605859985,387.38743224163704,58.88892196509327,407.4057877498035,397.6996505704249,9.706137179378572,10.087495118202334,-0.38135793882376134,398.3705,20.86214412833979,440.0947882566796,356.6462117433204
2021-08-05,410.58,410.58,405.5,407.2,133529,402.0495307196856,388.1643956831415,58.16349995915855,407.37412809598754,398.4033801578009,8.970747938186662,9.8641456821992,-0.8933977440125389,400.318,19.687308923050473,439.6926178461009,360.94338215389905
2021-08-08,410.58,410.58,406.35,407.2,134664,402.54005160352506,388.91088997007716,58.16349995915854,407.3473391581433,399.0549816275934,8.292357530549907,9.549788051869342,-1.257430521319435,402.223,18.302186265725403,438.8273725314508,365.6186274685492
2021-08-09,409.74,409.74,403.81,404.23,124556,402.700999069856,389.51163938301534,55.08792873324429,406.867748518429,399.4383163218457,7.429432196583264,9.125716880812126,-1.6962846842288624,403.5985,17.29042244012389,438.17934488024775,369.01765511975225
2021-08-10,402.12,419.13,402.12,413.12,228883,403.69328487272685,390.4374574464265,61.628478726782006,407.8296333617476,400.45177437207934,7.377858989668255,8.776145302583352,-1.398286312915097,405.588,15.853822584044563,437.29564516808915,373.8803548319109
2021-08-11,419.05,423.28,408.04,409.82,197219,404.2767815515148,391.19755715440976,58.238048131514255,408.1358436137864,401.1457170111846,6.9901266026017765,8.418941562587037,-1.4288149599852602,407.3275,14.140519187596434,435.60853837519284,379.04646162480714
2021-08-12,407.2,414.81,402.12,410.67,181474,404.8856594989896,391.9611823640408,58.86576885175116,408.52571382705,401.85121945480057,6.674494372249455,8.07005212451952,-1.395557752270065,409.152,11.79868618912802,432.749372378256,385.554627621744
2021-08-15,418.2,418.2,406.35,409.31,309794,405.3070252609906,392.64152815368624,57.37966770019272,408.6463732382731,402.4037217174079,6.242651520865195,7.704572003788656,-1.4619204829234613,410.99299999999994,8.056079822426675,427.1051596448533,394.8808403551466
2021-08-16,414.81,414.81,404.66,405.5,159892,405.3254038075629,393.1457819515809,53.318645107968536,408.16231581700026,402.6330756642665,5.529240152733735,7.269505633577673,-1.740265480843938,411.66999999999996,6.851274948584375,425.3725498971687,397.9674501028312
2021-08-17,408.04,408.04,397.88,400.42,170349,404.85822249255693,393.43104540446006,48.39999311114277,406.9711903066925,402.4691441335801,4.502046173112433,6.716013741484625,-2.213967568372192,411.416,7.178413107149046,425.7728262142981,397.0591737857019
2021-08-18,402.12,408.04,393.65,402.03,176978,404.58886796945626,393.76825931016754,49.97506496929627,406.21100718258594,402.43661493850004,3.7743922440859023,6.127689442004881,-2.3532971979189785,411.2,7.400434553389042,426.00086910677805,396.3991308932219
2021-08-19,402.12,406.35,396.19,396.19,170403,403.788975781889,393.86322953329824,44.65088926194616,404.66931376988043,401.97390272083334,2.6954110490470953,5.441233763413324,-2.745822714366229,410.184,8.003358110985562,426.1907162219712,394.1772837780289
2021-08-24,397.88,402.12,389.59,391.11,111029,402.581454278852,393.7552597476787,40.59906506856829,402.5832654975911,401.1691691859568,1.4140963116343528,4.63580627305753,-3.2217099614231772,408.1185,7.258653837066616,422.6358076741332,393.60119232586675
2021-08-25,391.96,391.96,385.19,386.03,111112,401.0051252999137,393.4523083850246,36.984736027327045,400.0366092671925,400.0477492462563,-0.011139979063784722,3.706417022633267,-3.7175570016970516,406.2985,8.006273379113303,422.3110467582266,390.28595324177337
2021-08-26,387.72,390.26,379.6,383.49,187783,399.33701812849336,393.06162962482756,35.292917028980014,397.4909770722398,398.8212493020892,-1.3302722298494132,2.699079172136731,-4.029351401986144,404.4995,8.884993543227994,422.269487086456,386.729512913544
2021-08-29,385.19,389.42,377.57,380.11,195353,397.50587354482735,392.5537225807167,33.12166047568985,394.8169805995875,397.4352308352678,-2.618250235680307,1.6356132905733232,-4.25386352625363,402.7645,10.074083202379551,422.9126664047591,382.6163335952409
2021-08-31,380.11,380.11,372.49,375.87,143720,395.4453141596057,391.8994589501004,30.580122260739614,391.90206050734326,395.8378063289517,-3.935745821608407,0.5213414681369772,-4.457087289745385,401.00750000000005,11.520783907449598,424.0490678148992,377.9659321851009
2021-09-01,379.26,382.65,371.72,377.99,112030,393.78290328726234,391.3539899716651,33.33460276093169,389.7617435062136,394.5157466008812,-4.75400309466761,-0.5337274444239402,-4.22027565024367,399.2595,12.242962951922596,423.7454259038452,374.7735740961548
2021-09-02,380.87,381.8,371.64,373.33,130405,391.8350077360945,390.6471668355214,30.472418910613854,387.2337829667961,392.94643203785296,-5.7126490710568305,-1.5695117697505183,-4.143137301306313,397.43899999999996,13.266749849868688,423.97249969973734,370.9055003002626
2021-09-05,373.33,373.33,357.33,362.33,172437,389.02500699932364,389.5366897047166,25.012865258534305,383.40243174113516,390.6785481831972,-7.276116442062062,-2.710832704212827,-4.565283737849235,395.1955,15.184523448843029,425.56454689768606,364.8264531023139
2021-09-06,362.33,379.26,359.79,379.26,121636,388.09500633272137,389.13368226531594,42.18242127352416,382.7651345501913,389.83272979925664,-7.067595249065334,-3.5821852131833287,-3.4854100358820057,393.7605,15.270626249524732,424.3017524990494,363.21924750095053
2021-09-07,382.65,382.65,370.79,372.49,77053,386.6088152534146,388.4809888431467,38.39643049641327,381.1843446193926,388.54808314745986,-7.363738528067245,-4.338495876160112,-3.025242651907133,392.025,15.630980202959268,423.28696040591853,360.7630395940814
2021-09-08,372.49,373.33,359.79,364.78,132390,384.5298804673751,387.5515383002782,34.58896476128575,378.6605992933322,386.7874843957962,-8.126885102463973,-5.096173721420884,-3.030711381043089,389.904,16.326052605705126,422.5561052114102,357.25189478858977
2021-09-09,370.88,371.64,361.48,365.71,84672,382.73751089905363,386.69500738654176,35.420826005011946,376.66819940205033,385.2261892553669,-8.557989853316542,-5.788536947800016,-2.769452905516526,387.97799999999995,16.811940806588932,421.6018816131778,354.3541183868221
2021-09-12,372.49,373.33,362.33,365.71,102331,381.1158431943819,385.87206592040286,35.420826005011946,374.98232257096566,383.7805456068212,-8.798223035855528,-6.390474165411119,-2.4077488704444097,385.60749999999996,16.418128579490116,418.4437571589802,352.7712428410197
2021-09-13,365.71,372.49,365.71,370.79,77215,380.1324295568217,385.2806123548969,40.23577089636858,374.33734986774016,382.8182829692789,-8.480933101538767,-6.808565952636649,-1.6723671489021177,383.656,15.692254341420393,415.04050868284077,352.27149131715925
2021-09-14,372.49,376.72,366.48,366.98,78115,378.87981721807677,384.56294128215586,37.95037792744507,373.20544988808786,381.64507682340644,-8.439626935318586,-7.134778149173036,-1.3048487861455493,381.4715,14.746243152250678,410.96398630450136,351.9790136954986
2021-09-15,366.56,366.56,362.33,364.02,62318,377.46459653064085,383.7573357416791,36.22869690484509,371.792303751459,380.33951557722816,-8.547211825769182,-7.4172648844922655,-1.1299469412769163,379.207,13.685558312170734,406.5781166243415,351.8358833756585
2021-09-16,364.02,364.02,355.64,356.66,142013,375.4832063848655,382.6946951243584,32.30434202578476,369.4642570204653,378.5854773863224,-9.121220365857084,-7.75805598076523,-1.3631643850918547,376.765,13.091527392696364,402.94805478539274,350.58194521460723
2021-09-20,359.79,362.33,347.09,347.34,141745,372.80290101487833,381.30823649203063,28.146543747793316,366.0605251711629,376.2709975799281,-10.210472408765213,-8.248539266365228,-1.9619331423999853,374.111,13.419881127406393,400.9507622548128,347.2712377451872
2021-09-21,345.4,362.33,334.39,347.94,111562,370.43500568012803,379.9996781982255,28.78203865463975,363.27275206790705,374.1724051666001,-10.899653098693022,-8.778762032830787,-2.120891065862235,371.4065,12.93899706314339,397.28449412628675,345.52850587371324
2021-09-22,354.71,359.79,353.02,358.94,78257,369.34024323440156,379.1738084649618,39.36928916365011,362.60617482669056,373.04407885796303,-10.437904031272467,-9.110590432519125,-1.3273135987533422,369.544,11.816021416081457,393.1760428321629,345.91195716783704
2021-09-23,366.05,380.11,365.71,367.58,187872,369.1726010216014,378.7191493094731,46.14182103398024,363.3713786995074,372.63933227589166,-9.267953576384286,-9.142063061292157,-0.125890515092129,368.36749999999995,10.671730424968104,389.71096084993616,347.02403915006374
2021-09-26,374.18,380.95,364.02,365.71,117308,368.8428294957346,378.2089865914545,44.970965910774154,363.7311665918909,372.12604840360336,-8.39488181171248,-8.992626811376223,0.5977449996637425,367.3515,9.83624889723988,387.0239977944797,347.67900220552025
2021-09-27,365.71,365.71,352.25,353.86,90612,367.4158933532837,377.25412437218176,38.332900348355565,362.2125255777538,370.77300778111425,-8.560482203360436,-8.906197889773066,0.34571568641263006,365.87,9.503341794505184,384.8766835890104,346.8633164109896
2021-09-28,354.71,355.56,344.55,346.24,88646,365.39914160535193,376.0378842007236,34.7779420864219,359.75521395040704,368.95574794547616,-9.200533995069122,-8.965065110832278,-0.23546888423684464,364.1765,9.843932288205119,383.8643645764102,344.48863542358976
2021-09-29,351.32,353.86,338.62,352.17,88535,364.1392233572232,375.10188874187173,39.481589347044526,358.5882579580367,367.7123592087742,-9.12410125073751,-8.996872338813324,-0.1272289119241865,362.9915,9.788528879847513,382.568557759695,343.41444224030494
2021-09-30,352.17,353.86,346.24,346.24,57577,362.4345354184401,373.97004996768067,36.63623859899387,356.6885259644926,366.12181408219834,-9.433288117705729,-9.084155494591805,-0.349132623113924,361.404,9.802645400203687,381.00929080040737,341.7987091995926
2021-10-03,351.32,351.32,337.78,340.32,77945,360.32838918811245,372.65044016502657,34.00176224028088,354.1702912007245,364.2105685946281,-10.040277393903636,-9.275379874454172,-0.7648975194494643,359.7535,10.446777027542353,380.6470540550847,338.85994594491524
2021-10-04,342.86,346.16,334.39,338.62,81606,358.26092355114935,371.3159130997314,33.262080771036906,351.7779387083053,362.3149709209519,-10.53703221264658,-9.527710342092654,-1.0093218705539257,358.56800000000004,11.437349067167572,381.44269813433516,335.6933018656649
2021-10-05,344.55,347.09,340.83,342.86,37896,356.7941689272303,370.1999949389576,36.946380489180655,350.4059481377968,360.8738619638443,-10.467913826047493,-9.715751038883623,-0.7521627871638703,356.748,10.852553713540932,378.4531074270819,335.0428925729181
2021-10-06,348.78,348.78,342.86,346.24,71209,355.7890099817798,369.2603872942926,39.799487158149276,349.7650330396742,359.7898721887447,-10.024839149070488,-9.777568660920997,-0.24727048814949093,355.4355,10.427531612339678,376.2905632246793,334.58043677532066
2021-10-10,346.24,355.05,346.24,347.01,53200,354.95291379303893,368.38782308667334,40.460442772687216,349.34118180280126,358.8432149895784,-9.502033186777169,-9.722461566092232,0.22042837931506298,354.547,10.34615519738847,375.23931039477696,333.8546896052231
2021-10-11,347.09,347.09,339.47,347.09,45430,354.20406486036853,367.55261433817634,40.533494160515694,348.99484614083184,357.97260647183185,-8.977760331000013,-9.573521319073787,0.5957609880737742,353.61600000000004,10.124162551463122,373.8643251029263,333.3676748970738
2021-10-17,347.09,348.78,341.16,347.09,25763,353.5265348736668,366.75015887393414,40.533494160515694,348.7017928883962,357.1664874739184,-8.464694585522182,-9.351755972363467,0.8870613868412853,352.68500000000006,9.804572778476789,372.29414555695365,333.07585444304647
2021-10-18,343.79,345.4,337.78,339.47,53068,352.1878172666509,365.68034872201514,35.695447501704564,347.2815170594122,355.85563654992444,-8.57411949051226,-9.196228675993225,0.6221091854809657,351.119,9.245941869418074,369.61088373883615,332.6271162611639
2021-10-19,342.86,342.86,328.47,330.16,82549,350.0899299079222,364.2873938701714,30.850417720474127,344.6474375118103,353.95225606474486,-9.304818552934535,-9.217946651381487,-0.08687190155304769,349.27799999999996,9.581188037532323,368.4403760750646,330.11562392493533
2021-10-20,336.08,342.86,334.39,336.08,46384,348.7556508690725,363.18122156153726,36.73113589000183,343.32937020230105,352.62838524513415,-9.299015042833105,-9.23416032967181,-0.06485471316129399,347.88100000000003,9.352772119313897,366.5865442386278,329.17545576137223
2021-10-21,338.62,338.62,330.16,330.16,56513,346.98463650058943,361.8862716963789,33.64935191125106,341.3033132481009,350.96406041216125,-9.660747164060353,-9.31947769654952,-0.3412694675108341,346.556,9.904446316787764,366.3648926335755,326.7471073664245
2021-10-24,326.01,334.39,326.01,333.97,40832,345.7451473100571,360.7915159435798,37.29566021159832,340.1751112099315,349.7052411223715,-9.530129912439975,-9.361608139727611,-0.16852177271236357,345.8875,10.292352743664845,366.4722054873297,325.3027945126703
2021-10-25,338.62,342.01,337.78,342.01,51482,345.3894189948136,360.0549859065767,44.25730606885434,340.45740179301896,349.13522326145505,-8.677821468436093,-9.224850805469309,0.5470293370332158,345.591,10.315501824669608,366.22200364933923,324.9599963506608
2021-10-26,345.82,352.93,345.4,352.85,68914,346.09995051911704,359.7724374396521,51.995723799840896,342.3639553633237,349.41039190875466,-7.046436545430936,-8.789167953461634,1.7427314080306981,345.28650000000005,9.98531778742242,365.2571355748449,325.3158644251552
2021-10-27,348.78,355.56,347.94,351.32,76003,346.597098088725,359.44096930476377,50.92121541342129,343.7418083843508,349.551844359958,-5.810035975607207,-8.193341557890749,2.3833055822835423,344.4735,8.646899216057548,361.7672984321151,327.1797015678849
2021-10-28,350.48,351.32,347.94,349.63,37540,346.8859458897988,359.0562254104593,49.69948872923825,344.6476840175276,349.5576336666278,-4.909949649100213,-7.536663176132643,2.6267135270324298,343.6695,7.193859570935534,358.0572191418711,329.28178085812897
2021-10-31,356.4,361.48,350.14,350.48,176901,347.228236757437,358.71990284534326,50.34478194081181,345.54496339944643,349.62595709872943,-4.080993699282999,-6.845529280762714,2.7645355814797155,343.5005,6.978335252390917,357.4571705047818,329.5438294952182
2021-11-01,357.42,357.42,348.44,351.15,133800,347.60173801863345,358.42304391023174,50.879698790987256,346.4072767226085,349.73884916549025,-3.331572442881736,-6.142737913186519,2.8111654703047826,343.746,7.163690169328252,358.0733803386565,329.4186196613435
2021-11-02,351.15,353.86,351.07,351.32,60246,347.95585820733504,358.14449316865404,51.0238654032004,347.16308030374563,349.855971449528,-2.6928911457823688,-5.452768559705689,2.75987741392332,343.70349999999996,7.113427832370323,357.9303556647406,329.4766443352593
2021-11-03,353.02,353.86,349.63,352.25,78596,348.3648240923507,357.9133365738049,51.85632209197325,347.9456833339386,350.03330689771116,-2.0876235637725813,-4.779739560519067,2.6921159967464856,344.004,7.349253739417412,358.70250747883483,329.3054925211652
2021-11-08,355.56,359.28,349.21,350.48,46299,348.56626941688876,357.6218331787537,50.110574217461725,348.33557820564033,350.06639527565846,-1.7308170700181336,-4.169955062418881,2.439137992400747,344.51200000000006,7.431881960426266,359.3757639208526,329.6482360791475
2021-11-09,349.63,350.48,342.01,342.1,77287,347.95043423432793,357.01313383841045,42.769358544306456,347.3762584816957,349.47629192190595,-2.100033440210268,-3.755970737977158,1.65593729776689,344.686,7.326667512732541,359.33933502546506,330.0326649745349
2021-11-11,342.86,342.86,332.7,337.78,58943,346.9818214501062,356.2588932957277,39.55246581464016,345.89991102297324,348.6098999276907,-2.709988904717477,-3.546774371325222,0.8367854666077452,344.432,7.479759776611452,359.3915195532229,329.4724804467771
2021-11-14,336.93,337.78,331.85,333.97,46955,345.7426003596199,355.38481904883645,36.91530725747009,344.06454009636195,347.5254628960099,-3.4609227996479603,-3.52960405698977,0.06868125734180985,343.8185,7.819160861561311,359.4568217231226,328.18017827687737
2021-11-15,334.39,338.62,333.54,334.22,51694,344.64520984917993,354.55482614496054,37.21113915461042,342.54999546615244,346.53987305186104,-3.989877585708598,-3.621658762733536,-0.36821882297506203,343.179,8.063604326656082,359.3062086533121,327.0517913466878
2021-11-16,337.61,337.78,334.39,337.78,68996,343.99138033973423,353.89698982555035,41.423622433875124,341.8161500098213,345.890993566538,-4.074843556716701,-3.712295721530169,-0.36254783518653166,342.71349999999995,8.094611771843446,358.9027235436869,326.52427645631303
2021-11-17,342.77,342.86,335.24,337.35,47947,343.3588679264262,353.2480882637641,41.06525114361268,341.1290500083103,345.25832737642406,-4.129277368113776,-3.795692050846891,-0.333585317266885,342.2265,8.110428812728706,358.4473576254574,326.00564237454256
2021-11-18,337.78,338.62,333.38,333.54,49610,342.423737647719,352.47522205734197,37.933753049276405,339.9615038531856,344.39030312631854,-4.428799273132938,-3.922313495304101,-0.5064857778288374,341.93,8.322135353509298,358.5742707070186,325.2857292929814
2021-11-21,333.54,336.08,332.7,332.7,24380,341.49766739555525,351.6997231531325,37.259148008295696,338.84434941423393,343.52435474659126,-4.680005332357325,-4.073851862714746,-0.606153469642579,342.057,8.150680371989809,358.35836074397963,325.7556392560204
2021-11-22,334.39,336.08,330.16,331.43,38405,340.5388419293119,350.9048320490881,36.2106462490014,337.70368027358256,342.6284766172141,-4.924796343631556,-4.244040758898108,-0.6807555847334479,341.8245,8.392871959994753,358.6102439199895,325.0387560800105
2021-11-23,333.54,333.54,329.06,329.9,40645,339.525618888425,350.0811131452023,34.93517248786098,336.5031140776468,341.6856264974205,-5.18251241977373,-4.431735091073232,-0.7507773287004973,341.81149999999997,8.412069821645243,358.63563964329046,324.9873603567095
2021-11-24,334.31,334.39,324.32,327.62,38419,338.39175042286075,349.20028517872385,33.066017785563844,335.1364811426242,340.64372823835237,-5.507247095728189,-4.646837492004224,-0.8604096037239657,341.494,8.83291952688606,359.15983905377215,323.8281609462279
2021-11-25,326.77,331.85,326.77,328.47,49647,337.44682181115974,348.38733281877387,34.473579870564706,334.11086865914353,339.741970591067,-5.631101931923467,-4.843690379988073,-0.7874115519353948,340.817,9.297935877331657,359.41287175466334,322.2211282453367
2021-11-28,328.47,328.47,319.49,320.85,78205,335.86617211485884,347.30743741411607,28.655834768027006,332.07073501927533,338.34256536209904,-6.271830342823705,-5.129318372555199,-1.1425119702685063,339.217,9.854917607603578,358.9268352152071,319.50716478479285
2021-11-29,320.85,324.23,316.11,316.61,71430,334.03225096106274,346.10361633905273,26.02411389912571,329.6921604009253,336.73274570564723,-7.040585304721958,-5.511571758988551,-1.5290135457334069,337.4815,10.636637911137841,358.7547758222757,316.2082241777243
2021-11-30,316.7,322.54,313.31,318.31,106155,332.5348937266758,345.0136706002664,28.845714693895914,327.9410588007829,335.3680978755993,-7.427039074816378,-5.894665222154117,-1.5323738526622606,335.9155,11.051402614006287,358.0183052280126,313.8126947719874
2021-12-01,318.31,320.85,316.61,316.61,65797,331.0182371812781,343.89980116496184,27.70759256085806,326.1978189852778,333.9786091440734,-7.780790158795583,-6.271890209482411,-1.5088999493131716,334.222,11.2945150171978,356.81103003439557,311.6329699656044
2021-12-02,322.88,324.23,317.46,319.49,87242,329.9203098306802,342.9425540604535,32.56204455051012,325.16584683369666,332.905378837105,-7.739532003408328,-6.565418568267595,-1.1741134351407334,332.639,11.012223304368886,354.6634466087378,310.61455339126223
2021-12-05,320.0,324.91,309.08,312.38,94079,328.2498041325202,341.74402252867105,27.62939082672669,323.1987934746664,331.38498040472683,-8.186186930060444,-6.8895722406261655,-1.2966146894342785,330.692,10.977832496254035,352.64766499250806,308.73633500749196
2021-12-06,313.23,315.77,302.22,313.23,98163,326.81934659608964,340.62582556676244,29.013838868864426,321.66513294010235,330.0401670414138,-8.375034101311428,-7.186664612763218,-1.1883694885482097,328.74100000000004,10.396834994110367,349.5346699882208,307.9473300117793
2021-12-07,313.23,319.92,313.23,314.92,59150,325.68607549170014,339.61775397590907,31.807066123849836,320.62742018008663,328.92015466797574,-8.292734487889106,-7.407878587788396,-0.8848559001007104,326.963,9.484057592669561,345.93111518533914,307.9948848146609
2021-12-08,314.07,316.53,308.99,309.42,51458,324.1369254448715,338.43352832979497,27.9522004382829,318.90320169084254,327.4756987666442,-8.572497075801664,-7.64080228539105,-0.9316947904106136,325.32900000000006,9.553804918516631,344.4366098370333,306.2213901629668
2021-12-09,307.3,311.53,306.62,310.69,39811,322.8562658786933,337.3455468266658,30.060036145216188,317.63963219994366,326.2323136728187,-8.592681472875029,-7.831178122887846,-0.7615033499871826,323.9745,9.61579866404179,343.20609732808356,304.7429026719164
2021-12-12,313.23,314.07,304.76,306.46,48455,321.2947167473892,336.13434891189456,27.20515180000298,315.9196887845677,324.7676978452025,-8.848009060634809,-8.034544310437239,-0.8134647501975696,322.59900000000005,10.067707050921616,342.7344141018433,302.4635858981568
2021-12-13,305.61,307.3,293.33,297.99,109886,319.0752199143045,334.6384920918203,22.580665613325593,313.16127512540345,322.7841646714838,-9.62288954608033,-8.352213357565859,-1.2706761885144715,320.7875,11.075673616202755,342.9388472324055,298.6361527675945
2021-12-14,303.92,313.82,301.38,312.97,48816,318.49377039865647,333.7887473039058,41.5156544645661,313.1318481830337,322.0571895106331,-8.925341327599426,-8.466838951572573,-0.4585023760268534,319.547,10.443662948864809,340.43432589772965,298.6596741022704
2021-12-15,313.99,319.15,308.99,312.38,81540,317.9115065511654,332.94918858610555,41.08939867785529,313.0161792317977,321.3403606579936,-8.324181426195878,-8.438307446497234,0.11412602030135588,318.2985,9.667024402032466,337.6325488040649,298.96445119593506
2021-12-16,312.38,312.38,306.46,311.37,45412,317.2885059272449,332.10294589645434,40.3260928288911,312.7629208884442,320.60181542406815,-7.838894535623922,-8.318424864322571,0.4795303286986492,317.19,9.080636425645176,335.35127285129033,299.02872714870966
2021-12-20,317.54,317.54,308.57,311.53,103629,316.7400767913168,331.2961637044365,40.51461497445755,312.5732407517605,319.92982909635936,-7.356588344598833,-8.126057560377824,0.7694692157789902,316.1315,8.384723750275738,332.90094750055147,299.36205249944857
2021-12-21,315.77,321.69,314.07,320.34,172280,317.0829266207152,330.8665102258311,49.90007536408916,313.7681267899512,319.9602121262587,-6.192085336307457,-7.739263115563751,1.5471777792562937,315.577,7.654672532444755,330.8863450648895,300.2676549351105
2021-12-22,317.14,326.67,314.29,323.81,76814,317.7236002758852,330.58978433462204,53.0426603962207,315.31303036072796,320.24538159838767,-4.932351237659702,-7.177880739982942,2.2455295023232393,315.27250000000004,7.1600712103203925,329.5926424206408,300.9523575793593
2021-12-23,323.81,325.71,319.05,321.05,39561,318.04040024961046,330.215675145029,50.3380149504409,316.1956410744622,320.30498296147005,-4.109341887007872,-6.564172969387928,2.454831082380056,314.944,6.69967116239501,328.34334232479006,301.54465767521
2021-12-26,324.76,324.76,319.05,320.95,89358,318.3175049877428,329.85231533542003,50.2380624815688,316.9270809091603,320.35276200136116,-3.4256810922008754,-5.936474593950519,2.510793501749643,314.56800000000004,6.0832735301087615,326.73454706021755,302.40145293978253
2021-12-27,323.81,324.67,315.24,316.19,62944,318.1148854651006,329.31653826344274,45.5969230749796,316.81368384621254,320.04440926051956,-3.2307254143070168,-5.395324758021819,2.1645993437148023,314.335,5.916968018025143,326.16893603605024,302.5010639639497
2021-12-28,316.19,316.19,310.48,312.38,50081,317.5687058969958,328.65236029232733,42.23371510036734,316.1315786391029,319.4766752412218,-3.345096602118929,-4.985279126841241,1.640182524722312,314.12350000000004,5.906960457132063,325.9374209142642,302.3095790857359
2021-12-29,318.1,318.1,310.95,313.33,49340,317.16501962109146,328.05148341811844,43.35562578302376,315.7005665407794,319.02136596409423,-3.3207994233148384,-4.65238318613596,1.331583762821122,313.8745,5.8255982073689845,325.525696414738,302.22330358526204
2022-01-02,314.29,316.19,310.48,313.81,55759,316.8454939428923,327.4929938723099,43.947974526657504,315.40971014989026,318.6353388556428,-3.225628705752513,-4.367032290059271,1.141403584306758,313.7345,5.789934528310466,325.31436905662093,302.1546309433791
2022-01-03,319.05,321.9,313.33,319.05,61935,317.05544690071207,327.1618960733958,50.08460451208675,315.96975474221483,318.6660544959655,-2.6962997537506794,-4.032885782797553,1.3365860290468738,313.7125,5.767707630922874,325.2479152618457,302.17708473815424
2022-01-04,314.38,341.9,314.38,340.95,122527,319.3311186244538,327.70260603130185,66.56169160414629,319.8128693972587,320.31671712589394,-0.5038477286352645,-3.3270781719650957,2.823230443329831,315.141,8.370864823586246,331.8827296471725,298.39927035282756
2022-01-05,342.86,345.71,331.52,332.38,61584,320.57386923164864,327.88603324576064,58.432920339711075,321.7462741053727,321.210293635087,0.5359804702857218,-2.5544664435149325,3.0904469138006543,316.09849999999994,9.195397175247146,334.4892943504942,297.70770564950567
2022-01-06,332.38,337.14,329.05,335.24,71121,321.9706435905392,328.17442409886803,60.180612825403,323.82223193531536,322.2495311435991,1.5727007917162723,-1.7290329964686917,3.301733788184964,317.1145,10.133099216767746,337.3806984335355,296.84830156646456
2022-01-09,338.57,347.62,337.14,346.67,138572,324.32296324858316,328.89974080087325,66.28216187883888,327.33727317603604,324.05845476259174,3.2788184134442986,-0.7274627144860937,4.006281127930392,318.977,11.911644943632895,342.80028988726576,295.1537101127342
2022-01-10,353.52,353.52,340.95,341.43,89810,325.9522048439562,329.39112351456447,61.62050276218543,329.5053849951074,325.3452358912886,4.16014910381881,0.2500596491748871,3.910089454643923,320.514,12.740474005889821,345.9949480117796,295.0330519882204
2022-01-11,344.76,344.76,338.1,341.9,81984,327.4710424778652,329.8816676904639,61.8794754533499,331.412248842014,326.5715147141561,4.8407341278579,1.1681945449114897,3.67253958294641,322.286,13.141177308470084,348.56835461694016,296.00364538305985
2022-01-12,341.9,343.81,336.19,336.29,80396,328.310943194259,330.1329748398575,56.94061737139049,332.1626720970887,327.29140251310747,4.871269583981245,1.908809552725441,2.9624600312558043,324.201,12.168968688733901,348.53893737746785,299.8630626225322
2022-01-13,335.24,340.0,335.24,336.57,57431,329.09752003290095,330.38540719907877,57.124554086657064,332.8407225436905,327.9787060306551,4.862016513035428,2.4994509447874385,2.3625655682479896,325.381,12.166824997768876,349.71464999553774,301.0473500044622
2022-01-16,336.57,349.52,339.52,344.76,98299,330.5891847916723,330.9491167206835,62.20957721219644,334.67445753696893,329.22176484319914,5.452692693769791,3.0900992945839088,2.362593399185882,327.0,12.495677989651881,351.99135597930376,302.00864402069624
2022-01-17,351.43,352.38,343.81,347.71,61957,332.21973862103687,331.60640626104885,63.87166891061942,336.6799256082045,330.5912637437029,6.088661864501603,3.689811808567448,2.398850055934155,328.817,12.742954338110755,354.30290867622153,303.3310913237785
2022-01-18,349.52,369.14,345.71,359.9,134459,334.85595399046196,332.715958956694,69.78534168843889,340.2522447454038,332.76228124416934,7.489963501234456,4.44984214710085,3.040121354133606,331.2355,13.832845152029194,358.9011903040584,303.5698096959416
2022-01-19,355.71,360.0,349.9,352.38,82644,336.5249107532751,333.4870978211374,62.9408555255076,342.11805324611095,334.2154455964531,7.902607649657853,5.1403952476122505,2.762212402045602,332.8375,14.350232668204253,361.5379653364085,304.13703466359146
2022-01-20,349.52,354.29,349.05,351.43,39556,337.944443062487,334.1907410438379,62.11206824077041,343.55066043901695,335.4905977744936,8.060062664523343,5.724328730994469,2.335733933528874,334.2185,14.758933877843075,363.73636775568616,304.70063224431385
2022-01-23,353.33,353.33,341.9,344.76,72095,338.5935437232025,334.60522178721675,56.48796506170856,343.7367126791682,336.17722016156813,7.559492517600063,6.091361488315588,1.468131029284475,335.404,14.596867147656502,364.597734295313,306.210265704687
2022-01-24,342.86,343.81,330.48,332.38,76337,338.0017776543261,334.5179581877181,47.83099022992852,341.98952611314235,335.8959445940446,6.093581519097768,6.091805494472025,0.001776024625742778,335.97549999999995,14.220067908269897,364.41563581653975,307.53536418346016
2022-01-25,338.95,338.95,328.57,333.33,54720,337.55684644915215,334.4713715921213,48.483436501919364,340.65729132650506,335.7058746241154,4.951416702389679,5.863727736055557,-0.912311033665878,336.8325,13.461133085568484,363.75476617113696,309.910233828863
2022-01-26,328.57,332.38,325.71,326.76,44525,336.5285753587567,334.16896486301846,44.35225467096686,338.51924650704274,335.0432172445513,3.4760292624914655,5.386188041342739,-1.9101587788512733,337.5515,12.430927591676014,362.413355183352,312.68964481664796
2022-01-27,328.57,332.38,322.86,323.9,37922,335.325853896018,333.76626035858635,42.648639706516704,336.27013165980543,334.21779374495486,2.0523379148505683,4.719418016044305,-2.6670801011937364,338.08000000000004,11.53969670312086,361.15939340624175,315.00060659375833
2022-01-30,330.38,342.86,330.38,335.24,45647,335.31767733449243,333.8240540700143,50.729768869894556,336.1116498659892,334.2935127268101,1.8181371391791004,4.139161840671264,-2.3210247014921634,339.1515,10.068705700024354,359.28891140004873,319.01408859995126
2022-01-31,335.24,338.1,330.0,330.48,28505,334.8569461597789,333.6929146947196,47.69201502832142,335.24524219429856,334.01103030260197,1.2342118916965887,3.5581718508763287,-2.32395995917974,339.723,9.150180383612689,358.02336076722537,321.42263923277466
2022-02-01,330.48,332.38,326.67,330.95,46912,334.48485604932375,333.58534941257375,48.022975932333324,334.584435702868,333.7842873172241,0.8001483856439222,3.0065671578298474,-2.206418772185925,339.22299999999996,9.350626829538323,357.9242536590766,320.5217463409233
2022-02-03,336.19,337.14,328.57,330.48,55570,334.1034411874834,333.4635710042375,47.69796851706042,333.9529840562729,333.539525293726,0.4134587625468953,2.487945478773257,-2.0744867162263616,339.12800000000004,9.433097163990302,357.99419432798067,320.2618056720194
2022-02-06,328.57,333.33,323.81,325.71,52586,333.30406583629446,333.1595093962282,44.41280065580412,332.6848326630001,332.9595604571537,-0.2747277941535913,1.9354108241878873,-2.2101386183414786,338.6515,9.870392342760177,358.39228468552034,318.91071531447966
2022-02-07,324.76,327.62,322.19,324.48,50996,332.46367861379025,332.8191364787291,43.579293591813745,331.4225507148463,332.33144486773494,-0.9088941528886494,1.3665498287725801,-2.2754439816612297,337.542,10.16439482238277,357.8707896447655,317.2132103552344
2022-02-08,330.48,338.57,322.86,323.81,62268,331.6395187458102,332.46583700897503,43.10474511867155,330.2513890664084,331.7002267293842,-1.4488376629757909,0.803472330422906,-2.252309993398697,336.661,10.565364416960554,357.7917288339211,315.5302711660789
2022-02-09,323.81,325.71,320.95,321.9,36942,330.7119455319235,332.0514904596035,41.71034495921242,328.96655997926865,330.9742840086891,-2.0077240294204444,0.24123305845423593,-2.2489570878746803,335.66099999999994,10.981687100758494,357.62437420151696,313.69762579848293
2022-02-10,322.86,322.86,318.57,319.05,46342,329.60128405269273,331.5416280886386,39.64927032797224,327.4409353670735,330.0910037117492,-2.650068344675674,-0.3370272221717461,-2.313041122503928,334.799,11.589515179906408,357.9780303598128,311.61996964018715
2022-02-13,314.29,318.1,308.57,308.95,98866,327.6344950952934,330.6556818890842,33.358331605826265,324.5961760798314,328.5250034368048,-3.928827356973386,-1.0553872491320742,-2.873440107841312,333.418,12.934880464526788,359.2877609290536,307.5482390709464
2022-02-14,312.38,315.14,305.71,308.57,90724,325.81882889574166,329.78957671696327,33.14524878134955,322.13061052908813,327.04685503407853,-4.916244504990402,-1.82755870030374,-3.088685804686662,331.6085,13.769164357552013,359.146828715104,304.070171284896
2022-02-15,309.62,312.38,307.14,311.43,62430,324.4484642390044,329.06959331629804,36.436197484288016,320.4843627553823,325.8900509574801,-5.405688202097849,-2.5431846006625616,-2.8625036014352876,329.79449999999997,13.925193932317384,357.6448878646347,301.94411213536523
2022-02-16,311.43,312.86,309.52,310.48,39665,323.11813431148016,328.3405896568354,35.80570013998339,318.945230023785,324.74856570137047,-5.803335677585494,-3.195214816047148,-2.608120861538346,327.3235,12.62599960607668,352.5754992121534,302.0715007878467
2022-02-17,311.43,314.29,310.48,310.95,19827,321.95926437705344,327.6586057487242,36.392135254875335,317.7151946355104,323.7264497234912,-6.011255087980828,-3.7584228704338845,-2.2528322175469437,325.252,11.660420052017432,348.57284010403487,301.93115989596515
2022-02-20,308.57,310.48,303.81,307.43,40760,320.5755249125722,326.8653270919115,33.89475063475179,316.132856999278,322.5193052995289,-6.386448300250947,-4.284027956397297,-2.10242034385365,323.052,10.560299337863446,344.17259867572693,301.9314013242731
2022-02-21,307.62,310.48,304.76,309.52,43544,319.52261777804154,326.18511818634636,36.67351415902939,315.1154943840044,321.5563937958601,-6.440899411855696,-4.715402247488978,-1.7254971643667183,321.29,9.648188812851702,340.58637762570345,301.9936223742966
2022-02-22,309.52,314.29,307.14,309.71,34205,318.5880827515614,325.53903512021515,36.93305721778548,314.28387986338834,320.67888314431497,-6.39500328092663,-5.051322454176509,-1.3436808267501217,320.1565,9.608316723712505,339.373133447425,300.939866552575
2022-02-23,311.43,311.43,307.62,308.57,32142,317.6339796323651,324.8735827625597,35.98020917201525,313.4048214228671,319.7819288373287,-6.377107414461591,-5.316479446233526,-1.060627968228065,318.9185,9.414793105031128,337.74808621006224,300.08891378993775
2022-02-24,306.67,306.76,300.95,302.0,75064,316.14502919118746,323.9765795169691,31.014134393425195,311.6502335116568,318.4647489234525,-6.814515411795696,-5.61608663934596,-1.198428772449736,317.6805,9.942524022972417,337.5655480459448,297.7954519540552
2022-02-27,304.76,304.76,299.05,299.52,34905,314.56169307774104,323.01749796728404,29.366457231559963,309.7840437406326,317.06143418838195,-7.277390447749326,-5.948347401026634,-1.329043046722692,316.4615,10.61187084800564,337.6852416960113,295.2377583039887
2022-02-28,305.43,308.57,298.1,298.86,41040,313.06629373700383,322.07014510582195,28.926025939943713,308.10342162668917,315.71317980405735,-7.609758177368178,-6.280629556294944,-1.3291286210732345,314.6425,10.338048718970345,335.3185974379407,293.9664025620593
2022-03-02,295.24,300.0,293.33,294.38,52893,311.28664671443204,320.98425706245644,26.068077580349723,305.9921259918139,314.13294426301604,-8.140818271202136,-6.6526672992763825,-1.4881509719257533,312.8375,10.57606974805879,333.98963949611755,291.6853605038824
2022-03-06,297.14,300.0,294.0,294.38,44259,309.67648988448616,319.94095286392877,26.068077580349723,304.20564506999636,312.6697632064963,-8.464118136499962,-7.014957466721098,-1.4491606697788644,311.009,10.44020613831648,331.889412276633,290.12858772336705
2022-03-07,294.29,300.0,294.29,294.29,22309,308.2111098954875,318.9350331437747,26.008207493328413,302.68016121307386,311.3082992652744,-8.62813805220054,-7.337593583816988,-1.290544468383553,309.1995,10.015460404059201,329.2304208081184,289.1685791918816
2022-03-09,297.14,298.76,290.48,292.38,48000,306.7033851435363,317.8936592949992,24.711121181572324,301.09552102644716,309.9062030234022,-8.810681996955054,-7.632211266444601,-1.178470730510453,307.533,9.895863090999384,327.3247261819988,287.7412738180012
2022-03-10,292.38,296.19,290.48,296.1,19182,305.69353893939,317.039005989313,31.840907443596606,300.3269793300707,308.883521317965,-8.55654198789432,-7.817077410734545,-0.739464577159775,306.11400000000003,9.358012272070646,324.83002454414134,287.3979754558587
2022-03-13,301.9,309.52,295.24,307.43,42573,305.85891618325763,316.66218222502624,47.994428653630564,301.41975174082904,308.7758530721898,-7.356101331360776,-7.724882194859791,0.3687808634990155,305.29499999999996,8.394997570609569,322.0849951412191,288.5050048587808
2022-03-14,307.62,311.33,301.43,301.43,20253,305.43711464199504,316.0648417456135,42.279865606294784,301.4213283960861,308.23171580758316,-6.810387411497061,-7.541983238187246,0.7315958266901852,304.2715,7.459733503777639,319.1909670075553,289.3520329924447
2022-03-15,301.9,304.76,300.29,302.76,28534,305.18215134275744,315.5430832457855,43.875129831064946,301.6272778736113,307.82640352553994,-6.199125651928625,-7.273411720935522,1.074286069006897,303.457,6.601105250359964,316.65921050071995,290.25478949928004
2022-03-16,302.95,303.52,300.1,300.95,20388,304.7790893101139,314.970805471441,42.167118173335076,301.5230812776711,307.3170403014259,-5.7939590237547804,-6.977521181499375,1.1835621577445945,303.057,6.4922189054131225,316.04143781082627,290.07256218917377
2022-03-20,300.48,300.95,295.24,299.52,21991,304.2782236615316,314.3648915313845,40.815241927523616,301.21491492726017,306.7394817605795,-5.524566833319341,-6.686930311863368,1.1623634785440276,302.6045,6.40251305512661,315.4095261102532,289.79947388974676
2022-03-21,300.0,302.86,294.38,300.95,50637,303.96124997948095,313.83881735368317,42.790464855934005,301.17415878460474,306.31063125979585,-5.136472475191113,-6.376838744528917,1.2403662693378044,302.08050000000003,6.061994178574126,314.2044883571483,289.95651164285175
2022-03-22,301.9,304.76,300.67,301.05,38548,303.68398807667324,313.3372951045191,42.933892589883925,301.15505743312707,305.92095487018133,-4.765897437054264,-6.054650483033987,1.288753045979723,301.609,5.732051070402118,313.0731021408042,290.14489785919574
2022-03-23,301.9,302.0,296.19,299.9,37611,303.3236082598472,312.8103423553223,41.64098283210359,300.96197167418444,305.4749582131309,-4.51298653894645,-5.74631769421648,1.2333311552700303,301.0565,5.300610962800529,311.6577219256011,290.45527807439896
2022-03-24,295.24,300.0,295.24,297.14,32775,302.7346931874808,312.1958191257018,38.63398329999777,300.3739760320022,304.85755390104714,-4.48357786904495,-5.4937697291821745,1.0101918601372244,300.542,5.146569220058717,310.8351384401174,290.2488615598825
2022-03-27,300.0,300.0,293.33,294.48,66245,301.9485319315302,311.50108112077237,35.94027235484056,299.46721048861724,304.0888462046733,-4.621635716056062,-5.319342926556953,0.6977072105008908,299.79,4.856301386642751,309.5026027732855,290.07739722671454
2022-03-28,294.29,296.19,290.48,293.24,45565,301.1191479380511,310.7849602925068,34.7247975592782,298.50917810575305,303.2852279672901,-4.776049861537047,-5.210684313552972,0.4346344520159251,298.9665,4.466381173778955,307.8992623475579,290.0337376524421
2022-03-29,294.29,295.24,287.9,290.38,40283,300.096371943951,309.98476577123205,32.03386412789017,297.2585353202526,302.32928515489823,-5.070749834645653,-5.182697417771509,0.11194758312585584,298.057,4.254901940859383,306.5668038817188,289.54719611828125
2022-03-30,290.48,291.43,285.71,289.52,45545,299.08909842547945,309.1822259370661,31.249666155090424,296.0679914248291,301.3804492174983,-5.31245779266925,-5.208649492751057,-0.1038082999181924,297.43300000000005,4.551027761311007,306.5350555226221,288.330944477378
2022-03-31,295.24,295.24,288.57,289.52,29850,298.17775571829094,308.4111582532596,31.249666155090424,295.0606081287015,300.50189742360953,-5.441289294908017,-5.2551774531824496,-0.18611184172556783,296.933,4.849227936379166,306.63145587275835,287.23454412724163
2022-04-03,291.43,291.43,285.71,289.05,32112,297.3084456498823,307.6518971452886,30.772198794340596,294.13589918582437,299.65360872556437,-5.517709539739997,-5.3076838704939595,-0.21002566924603716,296.4425,5.131952408813666,306.70640481762734,286.17859518237265
2022-04-04,288.57,292.38,286.67,291.43,49325,296.74859368322683,307.0157443160616,36.0967729461785,293.71960700338985,299.0444525236707,-5.32484552028086,-5.31111620045134,-0.01372931982951986,296.295,5.235696806791253,306.7663936135825,285.8236063864175
2022-04-05,291.43,291.43,283.81,286.67,72788,295.7887276181576,306.21787198994156,30.966797212091663,292.6350520797914,298.1278264108062,-5.4927743310148,-5.347447826564032,-0.1453265044507681,295.90950000000004,5.651451117797488,307.212402235595,284.6065977644051
2022-04-06,285.71,285.71,280.95,282.86,50955,294.55742022595217,305.30187700994384,27.587253243698214,291.13119791366967,296.99687630630206,-5.86567839263239,-5.451093939777704,-0.4145844528546858,295.338,6.357645707915828,308.05329141583167,282.6227085841684
2022-04-07,287.62,288.48,280.1,282.86,79585,293.44338020443297,304.4218034017108,27.587253243698214,289.85870592695125,295.94970028361297,-6.090994356661724,-5.579074023154508,-0.5119203335072164,294.86199999999997,6.922095514784622,308.7061910295692,281.01780897043074
2022-04-11,286.67,290.48,280.0,280.95,42419,292.25353447067744,303.5013405232123,25.941250778302887,288.48813578434334,294.8386113737157,-6.3504755893723654,-5.7333543363980795,-0.617121252974286,294.1045,7.577416915102056,309.25933383020407,278.9496661697959
2022-04-12,280.95,283.81,276.19,277.14,36014,290.8141502353748,302.46756246347854,22.9940255797613,286.7422687405982,293.5276031238109,-6.785334383212671,-5.943750345760998,-0.841584037451673,292.59000000000003,7.797701415701427,308.1854028314029,276.9945971685972
2022-04-13,277.14,280.86,276.19,279.05,28247,289.69375497486294,301.54922668059703,27.4443022108359,285.55884278050615,292.4551880776027,-6.896345297096559,-6.134269336028111,-0.7620759610684482,291.471,8.063633698343638,307.5982673966873,275.34373260331273
2022-04-17,282.86,285.71,278.1,280.0,35265,288.7705402153522,300.70415896763245,29.622860183377426,284.7036361988898,291.5325815533359,-6.828945354446091,-6.273204539711707,-0.5557408147343841,290.33299999999997,7.992308868696302,306.3176177373926,274.34838226260734
2022-04-18,276.19,280.0,276.19,279.52,28035,287.88953638531865,299.8734076355684,29.146660916970262,283.9061537067529,290.6427606975332,-6.736606990780331,-6.365885029925432,-0.3707219608548984,289.26149999999996,7.930291874233627,305.1220837484672,273.4009162515327
2022-04-19,280.95,284.76,272.38,279.05,32995,287.04767577719304,299.0568034145657,28.660822682965886,283.15905313648324,289.78403768290116,-6.62498454641792,-6.417704933223931,-0.20727961319398958,288.238,7.857239102623681,303.95247820524736,272.52352179475264
2022-04-20,279.05,282.86,276.48,278.95,30230,286.2764685603175,298.26830131987685,28.55177340493549,282.5115065001012,288.98151637305665,-6.4700098729554725,-6.4281659211702395,-0.041843951785232925,287.138,7.516507867775062,302.1710157355501,272.10498426444985
2022-04-21,281.9,282.86,273.33,275.24,37519,285.2253763164777,297.36523067988173,24.78415543612796,281.3928131923933,287.96362627134874,-6.570813078955439,-6.45669535272728,-0.11411772622815874,285.8475,7.211725740618734,300.2709514812375,271.42404851876256
2022-04-24,279.9,286.67,276.67,285.62,35293,285.26295952443223,296.90463339831774,46.18197970834502,282.0431496243328,287.7900243253229,-5.7468747009901335,-6.3147312223798515,0.567856521389718,285.1335,6.409507145023952,297.95251429004793,272.3144857099521
2022-04-25,290.38,290.48,281.9,281.9,25030,284.9426776649625,296.3162164023053,41.61299670921729,282.0211266052047,287.35372622715084,-5.3325996219461445,-6.118304902293111,0.7857052803469662,284.3715,5.782188872555294,295.9358777451106,272.80712225488946
2022-04-26,280.95,285.71,279.05,282.86,27948,284.7443274111566,295.78852164143063,43.175411256016666,282.1501840505578,287.02085761773225,-4.8706735671744354,-5.8687786352693765,0.998105068094941,283.79049999999995,5.274527142688208,294.3395542853764,273.2414457146235
2022-04-27,282.86,283.81,280.0,280.19,19611,284.3105819434274,295.17681491039417,39.97167232747632,281.84861727354894,286.5148681645669,-4.666250891017967,-5.628273086419095,0.9620221954011283,283.13800000000003,4.832714830360458,292.80342966072095,273.4725703392791
2022-04-28,280.95,280.95,278.1,279.05,25873,283.8095741392915,294.54439079626104,38.652867210802405,281.418060769926,285.9619149671916,-4.543854197265603,-5.411389308588397,0.8675351113227947,282.5715,4.597449264195182,291.76639852839037,273.37660147160966
2022-05-02,279.05,280.0,275.24,277.14,27499,283.1743766022161,293.8618656669959,36.48111813672622,280.7598975745528,285.3084397844367,-4.548542209883919,-5.238819888847503,0.6902776789635832,281.9525,4.443508422999736,290.83951684599947,273.0654831540005
2022-05-04,273.33,277.05,271.62,272.38,26156,282.14634073533836,293.01943956240785,31.700803626565886,279.47068256308313,284.35077757818215,-4.880095015099016,-5.167074914097805,0.28697989899878884,281.0955,4.5585506410891705,290.21260128217835,271.9783987178217
2022-05-05,276.19,276.19,267.62,268.1,33439,280.8085939986395,292.04220663839186,28.13135977484812,277.7213467841473,283.1470162760946,-5.425669491947303,-5.218793829667705,-0.20687566227959842,280.048,5.018340677744019,290.08468135548804,270.01131864451196
2022-05-08,268.48,269.52,263.81,265.71,33057,279.3706326654357,291.00957108394516,26.347316107508718,275.8734472788938,281.8553854408283,-5.981938161934465,-5.371422696121057,-0.6105154658134087,278.762,5.238739904736507,289.23947980947304,268.28452019052696
2022-05-09,270.48,276.19,268.0,271.43,31437,278.61438193539425,290.2417447669277,36.6948449017685,275.18984000521783,281.0831346674336,-5.893294662215794,-5.475797089340004,-0.41749757287579037,278.0,5.135287620705681,288.27057524141134,267.72942475858866
2022-05-10,273.33,280.48,271.43,277.05,26916,278.46539317964243,289.72442144273447,44.88747498064261,275.4760184659536,280.78438395132747,-5.3083654853738835,-5.44231076854678,0.13394528317289645,277.7095,5.008663520657216,287.72682704131444,267.69217295868555
2022-05-11,281.9,282.38,278.1,280.57,18753,278.6658319244384,289.36542452341155,49.31212930788588,276.25970793272995,280.7685036586366,-4.508795725906623,-5.255607760018749,0.7468120341121258,277.595,4.909926036532008,287.414852073064,267.77514792693603
2022-05-12,283.81,285.71,279.05,282.76,32610,279.05575269353955,289.10638826759146,51.899534540804986,277.25975286615613,280.916021906145,-3.6562690399888425,-4.935740016012768,1.2794709760239256,277.6855,4.991031403797081,287.66756280759415,267.70343719240583
2022-05-17,283.81,284.76,273.33,274.29,18997,278.60187148463103,288.5253534335683,42.79984492977676,276.8028678098244,280.4252054686528,-3.6223376588283713,-4.673059544575889,1.0507218857475173,277.543,5.047788572601725,287.63857714520344,267.44742285479657
2022-05-18,273.33,276.19,269.52,274.67,16563,278.2274075337138,287.982006240095,43.280331956440634,276.4747343006207,279.9988939524563,-3.524159651835589,-4.443279566027829,0.9191199141922395,277.32399999999996,5.073912017161803,287.47182403432356,267.17617596567635
2022-05-19,276.19,276.19,272.38,274.29,18632,277.85241634002676,287.44506481891483,42.89231683706457,276.1386213312944,279.57601291894105,-3.43739158764663,-4.242101970351589,0.8047103827049593,277.0385,5.076058639908873,287.19061727981773,266.88638272018227
2022-05-20,272.38,274.29,269.52,269.62,20893,277.06837668859566,286.74604266915344,38.34285075122675,275.1357565110953,278.838530480501,-3.702773969405712,-4.134236370162414,0.4314624007567023,276.54350000000005,5.299140223212337,287.1417804464247,265.9452195535754
2022-05-23,272.38,272.38,266.67,266.67,22294,276.0780550992056,285.9587468782062,35.762389875494264,273.8333324324652,277.93715785231575,-4.103825419850523,-4.128154180100036,0.024328760249512804,275.92449999999997,5.698924621549984,287.32234924309995,264.5266507569
2022-05-24,266.67,271.43,266.67,268.57,22025,275.3630022326146,285.2768352359236,38.62725825061352,273.0235889813167,277.2432943076998,-4.219705326383064,-4.146464409356642,-0.0732409170264221,275.4055,5.878707766167927,287.1629155323359,263.64808446766415
2022-05-25,271.43,272.38,267.62,269.33,18363,274.7884305914132,284.6514691482403,39.78409268498286,272.45534452265264,276.65712435898126,-4.201779836328626,-4.157527494751039,-0.04425234157758684,275.11,6.033951310795901,287.17790262159184,263.0420973784082
2022-05-26,271.43,271.43,267.62,271.33,23601,274.4590562493738,284.12905859340736,42.83765512286636,272.2822145960907,276.2625225546123,-3.980307958521621,-4.122083587505156,0.14177562898353457,274.39549999999997,5.550632467519015,285.496764935038,263.2942350649619
2022-05-27,273.33,273.33,269.05,272.29,32991,274.25247946371917,283.66478178582275,44.29779308746146,272.2834123505383,275.968261624641,-3.684849274102703,-4.034636724824665,0.34978745072196205,273.915,5.275957882598162,284.46691576519635,263.3630842348037
2022-05-30,276.1,276.1,264.76,265.71,28175,273.438909990984,282.96067269618266,37.270495191848326,271.2721181427632,275.2083903931861,-3.936272250422917,-4.014963829944316,0.07869157952139894,273.0575,5.137487482377038,283.33247496475406,262.78252503524595
2022-05-31,266.67,268.57,258.1,259.05,31231,272.06853761089025,282.0229992571167,31.775884346776294,269.3917922746458,274.01147258628345,-4.619680311637637,-4.13590712628298,-0.4837731853546572,272.0005,5.732980739362021,283.46646147872406,260.5345385212759
2022-06-01,261.9,264.76,257.14,260.0,17677,270.9191530765197,281.1593522274258,33.2867230756092,267.9469011554695,272.97358572804023,-5.02668457257073,-4.31406261554053,-0.7126219570301995,271.048,6.072568692597587,283.1931373851952,258.9028626148048
2022-06-02,260.1,262.86,257.14,258.38,17865,269.7249480216131,280.2660442969385,31.985909700926427,266.47507020847416,271.892579377815,-5.41750916934086,-4.534751926300596,-0.8827572430402642,270.11,6.514819543487799,283.1396390869756,257.08036091302444
2022-06-03,256.67,260.0,253.33,256.19,26798,268.435905352888,279.3218856970586,30.264098697480577,264.89275171486275,270.7294253498287,-5.836673634965962,-4.795136268033669,-1.0415373669322925,269.3005,7.188888703372258,283.67827740674454,254.9227225932555
2022-06-06,257.24,260.0,247.62,251.43,37197,266.8162953192797,278.22808625795824,26.877503969446053,262.8215591433454,269.29983828687847,-6.478279143533086,-5.131764843133553,-1.3465143003995337,268.467,8.226854038356345,284.9207080767127,252.01329192328728
2022-06-07,251.43,251.43,245.81,245.81,35120,264.81569576506257,276.95678875764617,23.529660186486907,260.2043961982153,267.5598502656282,-7.355454067412893,-5.576502687989421,-1.7789513794234724,267.472,9.656956914168337,286.7859138283367,248.1580861716633
2022-06-08,247.62,256.19,247.62,254.67,32014,263.8494390255328,276.08279704166006,36.87830030306283,259.3529506292591,266.6050465422483,-7.252095912989205,-5.911621332989378,-1.3404745799998272,266.634,10.015934882922572,286.6658697658452,246.60213023415486
2022-06-09,259.52,262.1,256.19,257.9,42161,263.28282578500585,275.36974617728123,40.92674655987169,259.12941976321923,265.96022827985956,-6.830808516640332,-6.095458769719569,-0.7353497469207628,265.67650000000003,9.882237268000086,285.4409745360002,245.91202546399987
2022-06-10,261.81,261.81,249.52,255.24,31416,262.51684237691006,274.5803443664075,38.72405196754717,258.5310474919547,265.16613729616626,-6.635089804211532,-6.203384976617962,-0.43170482759356954,264.40999999999997,9.488323572187168,283.3866471443743,245.43335285562563
2022-06-13,255.24,255.24,250.48,251.9,25913,261.50571453149007,273.6909190971366,36.09700551159838,257.5108863393463,264.1834604594132,-6.6725741200668836,-6.297222805307747,-0.3753513147591363,262.867,8.833840495205475,280.53468099041095,245.19931900958906
2022-06-14,250.48,253.33,248.1,249.71,21077,260.38231314753864,272.75049089724894,34.44687201096673,256.3107499794469,263.11135227723446,-6.800602297787577,-6.397898703803714,-0.4027035939838637,261.63800000000003,8.870741142714461,279.37948228542894,243.8965177145711
2022-06-15,245.71,247.62,242.86,244.48,49181,258.86780713348736,271.641844195396,30.823058099539438,254.4906345979935,261.7312521085504,-7.240617510556888,-6.566442465154349,-0.6741750454025386,260.12850000000003,9.102061810959086,278.3326236219182,241.92437637808186
2022-06-16,240.95,251.43,239.62,251.43,39007,258.1594445493457,270.8492228544001,39.87494976840241,254.01976773676375,260.9681963968059,-6.948428660042168,-6.642839704131913,-0.30558895591025514,258.9855,8.654447882903188,276.29439576580637,241.67660423419363
2022-06-17,251.43,259.05,251.43,254.29,34708,257.7909260208366,270.1998415659923,43.170426841110846,254.0613419311078,260.4735151822277,-6.412173251119896,-6.5967064135295095,0.18453316240961382,258.21899999999994,8.336017539631552,274.891035079263,241.54696492073683
2022-06-19,252.57,257.14,249.52,250.38,31938,257.0851235426617,269.4225928771299,39.946831031744864,253.4949816340143,259.72584739095157,-6.230865756937277,-6.523538282211063,0.29267252527378584,257.4045,8.262333348904095,273.92916669780817,240.8798333021918
2022-06-20,254.29,255.24,242.19,243.81,43981,255.82082606240817,268.41817747018365,35.1916489419078,252.00498445955054,258.54689573236254,-6.541911272812001,-6.527212880331251,-0.014698392480750222,256.1665,8.355729376963064,272.8779587539261,239.45504124607385
2022-06-21,240.95,249.62,240.0,245.71,31684,254.85789024694074,267.52766070664705,37.50840004309757,251.03652531192736,257.5960145670024,-6.559489255075022,-6.533668155280005,-0.025821099795016345,254.9855,8.061315992212807,271.1081319844256,238.86286801557438
2022-06-22,247.62,247.62,240.86,242.86,35992,253.7152340329464,266.5603014632491,35.46067631297008,249.77859834086163,256.5044579324096,-6.725859591547959,-6.572106442533596,-0.15375314901436266,253.56199999999998,7.518641814638556,268.5992836292771,238.52471637072287
2022-06-23,238.1,242.86,236.19,238.1,60116,252.2280688869515,265.44421120978836,32.289961861811875,247.981890903806,255.1411647522311,-7.1592738484251015,-6.689539923711897,-0.4697339247132044,251.85250000000002,6.897586057530618,265.64767211506125,238.0573278849388
2022-06-24,238.1,239.05,228.57,238.0,38218,250.87301470724182,264.3679676329339,32.224772353351696,246.44621538014354,253.87144884465843,-7.425233464514889,-6.836678631872497,-0.5885548326423926,250.467,6.74898206749401,263.964964134988,236.969035865012
2022-06-26,238.19,247.62,238.19,244.95,41691,250.30891806845688,263.6064787061522,41.12160862568378,246.21602839858298,253.21060078209115,-6.994572383508171,-6.868257382199632,-0.126315001308539,249.762,6.538369827410106,262.8387396548202,236.68526034517978
2022-06-27,249.52,249.52,240.95,242.86,22906,249.59949730003243,262.7928913059109,39.4447369004007,245.69971633726252,252.44388961304736,-6.744173275784846,-6.843440560916674,0.09926728513182859,248.90499999999997,6.242415608685894,261.38983121737175,236.4201687826282
2022-06-28,238.1,242.86,237.14,241.9,27958,248.86621184288646,261.9735622350909,38.66480761053628,245.1151445930683,251.66286075282162,-6.547716159753321,-6.7842956806840045,0.23657952093068335,248.081,6.009213014415233,260.09942602883046,236.0625739711695
2022-06-29,239.05,243.81,239.05,243.81,26210,248.38466785784965,261.2612656768521,41.15769500235599,244.91435311721165,251.08116736372372,-6.166814246512075,-6.660799393849619,0.4939851473375434,247.462,5.7625127925407655,258.98702558508154,235.93697441491847
2022-06-30,242.86,249.62,242.86,249.52,39723,248.49279472853064,260.800823885603,47.966395977537864,245.62291417610217,250.96552533678124,-5.34261116067907,-6.39716174721551,1.0545505865364397,247.3665,5.708868700722644,258.7842374014453,235.9487625985547
2022-07-01,252.48,253.33,246.76,247.62,18894,248.4096714210515,260.2839288312656,46.056677434893174,245.93015814900951,250.71770864516782,-4.787550496158303,-6.075239497004068,1.2876890008457647,247.45700000000002,5.697230259658144,258.85146051931633,236.06253948068374
2022-07-03,247.62,247.62,242.95,247.62,45552,248.3344646190466,259.78730417121596,46.056677434893174,246.19013381839267,250.48824874552577,-4.298114927133099,-5.7198145830298746,1.4216996558967754,247.1045,5.4397382628584525,257.9839765257169,236.2250234742831
2022-07-04,249.05,254.76,245.81,246.1,71547,248.1216584648517,259.25054714489374,44.41597132866387,246.17626707710147,250.1631932828942,-3.9869262057927415,-5.373236907582449,1.3863107017897072,246.5145,4.810780082271989,256.13606016454395,236.89293983545602
2022-07-05,244.76,248.57,242.86,245.71,93016,247.8919767062944,258.7195452960744,43.98303000837107,246.10453368062431,249.83332711379094,-3.7287934331666293,-5.044348212699285,1.3155547795326559,246.038,4.3510453674327785,254.74009073486556,237.33590926513446
2022-07-06,247.62,247.62,242.86,244.86,78518,247.60321701998063,258.1760337158362,42.9992682414797,245.91306696052828,249.4649325127694,-3.551865552241111,-4.74585168060765,1.1939861283665394,245.686,4.131056192203421,253.94811238440684,237.42388761559317
2022-07-07,249.71,250.48,243.81,244.76,83273,247.33243444664913,257.64991474658774,42.87776086309233,245.73567204352395,249.116418993305,-3.3807469497810416,-4.472830734442329,1.0920837846612876,245.43850000000003,4.02418121779678,253.4868624355936,237.39013756440647
2022-07-08,241.9,244.67,241.9,243.81,58995,246.99696449934922,257.1071729918196,41.67298978262702,245.43941480605872,248.72335091972684,-3.283936113668119,-4.235051810287487,0.9511156966193681,245.40499999999997,4.0353536334939175,253.4757072669878,237.33429273301215
2022-07-11,241.9,241.9,233.33,235.24,46135,245.8772535946493,256.24963679606196,32.73682945230075,243.87027406666508,247.72458418493227,-3.8543101182671933,-4.158903471883429,0.3045933536162355,244.59550000000004,4.3728726858095675,253.34124537161918,235.8497546283809
2022-07-12,235.24,239.81,233.33,237.43,86608,245.07275325230174,255.51161182366738,36.48501000430056,242.87946267179353,246.96202239345578,-4.08255972166225,-4.143634721839193,0.06107500017694356,243.7525,4.016193373146931,251.78488674629386,235.72011325370613
2022-07-13,236.19,245.71,235.33,245.71,77928,245.1334434187492,255.1272348894059,48.23087265104437,243.31492995305607,246.86927999394055,-3.5543500408844864,-4.025777785648252,0.4714277447637656,243.519,3.7366180881680897,250.99223617633618,236.04576382366383
2022-07-14,249.52,250.48,243.81,245.71,22474,245.18835356934454,254.7579315604096,48.23087265104437,243.6834022679705,246.7834074017968,-3.1000051338263006,-3.840623255283862,0.7406181214575613,243.61399999999998,3.7684233754748178,251.1508467509496,236.07715324905035
2022-07-15,249.43,249.52,245.71,248.57,23894,245.51041513416885,254.51526757764844,51.801520993609664,244.43518653443658,246.91574759425632,-2.4805610598197347,-3.5686108161910366,1.0880497563713019,243.757,3.903972470780831,251.56494494156166,235.94905505843835
2022-07-17,250.48,252.1,248.0,250.48,18810,245.98370893091467,254.35702179028968,54.079425763446515,245.36515783683097,247.17976629097805,-1.814608454147077,-3.217810343782245,1.403201889635168,244.138,4.174294267485489,252.486588534971,235.78941146502902
2022-07-18,255.24,255.24,247.62,253.24,15538,246.67478427082756,254.3132170141999,57.2253556279406,246.57667201578005,247.62867249164634,-1.0520004758662935,-2.7846483701990548,1.7326478943327612,244.89499999999998,4.388968827458775,253.67293765491752,236.11706234508245
2022-07-19,257.14,257.14,252.38,255.14,14780,247.48099529265352,254.34563987638813,59.29283772093361,247.89410709027544,248.18506712189475,-0.2909600316193064,-2.2859107024831054,1.994950670863799,245.752,4.63810260661168,255.02820521322337,236.47579478677665
2022-07-20,254.29,255.33,252.38,253.71,14994,248.07423383621034,254.32071282241213,57.05753932071174,248.7888598456177,248.59432140916178,0.19453843645592883,-1.7898208746952986,1.9843593111512274,246.19,4.960780923242401,256.1115618464848,236.2684381535152
2022-07-21,253.33,259.05,251.43,252.48,29627,248.49383061371412,254.24852800584696,55.13226394864419,249.3567275616765,248.88214945292756,0.47457810874894335,-1.3369410780064503,1.8115191867553937,246.671,5.085715702879124,256.84243140575825,236.49956859424174
2022-07-22,250.57,251.43,244.86,246.29,15718,248.2839419838366,253.93642886836278,46.60876961691007,248.88492332141857,248.6901383823403,0.19478493907826078,-1.030595874589508,1.2253808136677689,246.89049999999997,4.962197597837587,256.81489519567515,236.9661048043248
2022-07-24,250.48,251.43,246.67,249.52,17733,248.40166179489978,253.7632355794074,50.8765066380645,248.9826274258157,248.75160961327808,0.23101781253762965,-0.7782731371640806,1.0092909497017102,247.17600000000002,4.939844872909102,257.0556897458182,237.2963102541818
2022-07-25,254.48,257.14,249.9,252.38,30012,248.7805511477665,253.70899104688164,54.355580160311504,249.50530012953635,249.02037927155376,0.484920857982587,-0.5256343381347471,1.010555196117334,247.31900000000002,5.0514072036243,257.42181440724863,237.21618559275143
2022-07-26,253.33,254.29,247.62,247.71,24462,248.67859389559825,253.47373649602355,48.335822513164985,249.22910010960769,248.92331414032756,0.305785969280123,-0.3593502766517731,0.6651362459318961,247.32350000000002,5.051729537076866,257.42695907415373,237.2200409258463
2022-07-27,251.43,251.43,244.95,245.71,24772,248.39587066744605,253.16927624127752,45.98690970381416,248.68770009274496,248.68529087067367,0.0024092220712930157,-0.2869983769071599,0.2894075989784529,247.228,5.06386850249013,257.35573700498026,237.10026299501976
2022-07-28,248.57,248.57,243.81,245.71,52551,248.14007346102264,252.87675560436466,45.98690970381416,248.2295923861688,248.46489895432748,-0.235306568158677,-0.2766600151574633,0.04135344699878629,247.20850000000002,5.069188946856555,257.3468778937131,237.0701221062869
2022-07-29,250.48,250.48,242.86,245.71,15734,247.9086378933062,252.59570636497781,45.98690970381416,247.84196278829668,248.26083236511803,-0.4188695768213506,-0.3051019274902408,-0.11376764933110983,247.20850000000002,5.069188946856555,257.3468778937131,237.0701221062869
2022-07-31,250.48,254.95,244.76,254.19,54953,248.50686285584845,252.6582276839983,57.041988849456004,248.8185838977895,248.70002996770188,0.11855393008761439,-0.22037075597466976,0.33892468606228415,247.675,5.267128949285995,258.209257898572,237.14074210142803
2022-08-01,257.14,263.81,254.38,259.05,54534,249.51097115529146,252.9088854218807,61.86000806489842,250.39264791351417,249.46669441453878,0.9259534989753888,0.00889409501534194,0.9170594039600468,248.3895,5.793796569107036,259.97709313821406,236.80190686178594
2022-08-02,257.14,261.9,253.43,256.19,24149,250.1470691405018,253.03755658180694,57.75487307793191,251.284548234512,249.96471705049888,1.3198311840131112,0.27108151281489584,1.0487496711982154,249.0085,5.93830675405451,260.88511350810904,237.13188649189098
2022-08-03,260.19,260.19,253.33,257.05,39081,250.80449112712066,253.19490730408904,58.64361795464297,252.17154081381784,250.489552824536,1.6819879892818506,0.5532628081082869,1.1287251811735637,250.099,5.238102207558477,260.57520441511696,239.62279558488302
2022-08-04,260.95,261.9,252.38,256.1,70344,251.30882530549013,253.30883250785024,57.21177383101135,252.77591915015356,250.9051415042,1.8707776459535523,0.81676577567734,1.0540118702762125,251.03250000000003,4.468583756567747,259.9696675131355,242.09533248686452
2022-08-05,252.38,255.24,247.62,248.19,39936,251.0117943240149,253.10809397813063,46.935920694177184,252.070393127053,250.7040199112963,1.3663732157566812,0.9266872636932082,0.43968595206347305,251.1565,4.345838027110794,259.8481760542216,242.4648239457784
2022-08-07,243.24,252.29,243.24,247.62,31446,250.68876629315633,252.89287460643925,46.2906985476707,251.3857172613525,250.47557399194105,0.9101432694114635,0.9233784648368594,-0.013235195425395863,251.252,4.239537710645768,259.73107542129156,242.77292457870848
2022-08-08,251.43,251.43,246.67,248.57,39890,250.48697902714144,252.72335011206908,47.58400426546111,250.95252999037518,250.3344203629084,0.6181096274667937,0.8623246973628462,-0.24421506989605257,251.252,4.239537710645768,259.73107542129156,242.77292457870848
2022-08-09,247.62,247.62,242.86,243.81,36926,249.8510762626518,252.37380697041934,42.11223232499583,249.85367922262515,249.85112996565593,0.002549256969217595,0.6903696092841205,-0.6878203523149029,250.9185,4.554135512163126,260.02677102432625,241.81022897567374
2022-08-10,243.81,244.76,238.1,242.95,27734,249.193830904304,252.00424591275583,41.190634033248706,248.79157472683667,249.3399351533851,-0.5483604265484416,0.4426236021176081,-0.9909840286660497,250.404,4.849722075594998,260.10344415119,240.70455584881
2022-08-11,242.86,246.67,239.05,242.1,25733,248.51822796103696,251.61584411225562,40.25299272915474,247.7621016919387,248.80364366054178,-1.0415419686030702,0.14579048797347244,-1.1873324565765426,249.752,5.051841352677099,259.8556827053542,239.6483172946458
2022-08-14,240.0,244.76,237.62,238.95,34444,247.6069681552239,251.11914434314755,36.90064880870731,246.40639373933274,248.07374413013127,-1.667350390798532,-0.21683768778092846,-1.4505127030176037,249.01399999999998,5.501317928220005,260.01663585644,238.01136414355997
2022-08-15,239.05,241.9,238.1,240.95,17395,246.97297118805972,250.72035436890647,40.30024301679096,245.56694854866618,247.54605937975117,-1.979110831084995,-0.5692923164417418,-1.4098185146432531,248.4375,5.718821073759028,259.87514214751803,236.99985785248194
2022-08-16,240.95,250.57,240.0,241.9,24975,246.4898310749112,250.37445811914546,41.90144389332928,245.00280261810218,247.12783275902885,-2.1250301409266683,-0.8804398813387271,-1.2445902595879412,248.21800000000002,5.8873500427868075,259.99270008557363,236.4432999144264
2022-08-17,241.9,246.57,239.52,240.95,28085,245.96222811539585,250.0048715262378,40.72513739177915,244.37929452300955,246.6702155176193,-2.2909209946097633,-1.1625361039929343,-1.128384890616829,247.7895,6.095784976003504,259.98106995200703,235.597930047993
2022-08-18,240.95,242.86,239.43,240.0,48355,245.39439686631053,249.61252362324808,39.53003960653689,243.705556904085,246.17612547927715,-2.4705685751921465,-1.424142598232777,-1.0464259769593696,247.1705,6.232147956995267,259.63479591399056,234.70620408600948
2022-08-21,244.76,246.67,240.0,240.0,29978,244.88064478380477,249.23556191253246,39.53003960653689,243.13547122653347,245.71863470303438,-2.583163476500914,-1.6559467738864044,-0.9272167026145097,246.785,6.432264478064846,259.6495289561297,233.9204710438703
2022-08-22,244.76,244.76,240.0,241.9,18178,244.59677385201383,248.94789281792336,43.38376887460689,242.94539873014372,245.43577287317999,-2.490374143036263,-1.8228322477163763,-0.6675418953198866,246.59449999999998,6.521576718457133,259.63765343691426,233.5513465630857
2022-08-23,241.9,244.57,241.33,242.57,22013,244.40374777086964,248.6977793740832,44.721604724012316,242.88764507935238,245.22349340109258,-2.335848321740201,-1.9254354625211414,-0.4104128592190597,246.4375,6.581511484532853,259.6005229690657,233.2744770309343
2022-08-24,243.81,245.52,241.9,242.86,21891,244.25672417364396,248.46884684960938,45.323842149802616,242.88339199022124,245.04841981582646,-2.165027825605222,-1.9733539351379576,-0.19167389046726413,246.295,6.62877578599833,259.5525515719967,233.03744842800333
2022-08-25,241.24,245.52,241.05,241.9,17766,244.03227425234456,248.2112450123698,43.62931464155382,242.73210091480257,244.81520353317265,-2.083102618370077,-1.9953036717843817,-0.08779894658569543,245.6805,6.424891950759346,258.5302839015187,232.8307160984813
2022-08-26,238.95,240.95,238.1,240.0,18641,243.64824813307365,247.88923540404159,40.4092145908823,242.31177769714066,244.45852178997467,-2.1467440928340125,-2.025591755994308,-0.1211523368397045,244.72799999999998,5.710954017452605,256.1499080349052,233.30609196509477
2022-08-28,237.14,239.05,234.29,237.14,25195,243.02841497754284,247.46769676074587,36.0911528717946,241.51611958988826,243.91640906479137,-2.4002894749031043,-2.1005312997760672,-0.29975817512703706,243.77550000000002,5.27027461084032,254.31604922168066,233.2349507783194
2022-08-29,237.14,238.1,233.43,236.95,28587,242.44951831301495,247.05523806424603,35.81732738784284,240.81363965298237,243.4003787636957,-2.5867391107133244,-2.197772861963519,-0.38896624874980557,242.7705,4.459848327605598,251.6901966552112,233.8508033447888
2022-08-30,238.1,239.05,235.24,236.19,10174,241.85337371177545,246.6291502970207,34.6837685609393,240.1023104756005,242.8662766330516,-2.763966157451108,-2.3110115210610367,-0.4529546363900714,241.775,3.431446679721559,248.63789335944313,234.91210664055689
2022-08-31,236.19,237.14,233.43,236.1,15427,241.30543335827304,246.21624244223557,34.54434331212801,239.4865704024312,242.36507095652925,-2.8785005540980535,-2.4245093276684404,-0.4539912264296131,241.1705,3.3044363720344734,247.77937274406895,234.56162725593106
2022-09-01,232.38,236.1,231.43,235.14,23454,240.7182492289137,245.78187999352045,33.019587830303564,238.81786726359562,241.82988051530486,-3.0120132517092486,-2.542010112476602,-0.47000313923264647,240.5465,3.199095719267317,246.94469143853465,234.14830856146537
2022-09-02,236.19,236.19,232.1,232.38,9339,239.9241302547314,245.25631607220595,29.04962592862458,237.82742614611936,241.12988936602304,-3.3024632199036716,-2.694100733962016,-0.6083624859416554,239.737,3.1090650142991896,245.95513002859838,233.5188699714016
2022-09-04,236.19,236.19,231.52,234.29,26064,239.38754642094747,244.82626446153122,34.8842108825028,237.28320673902408,240.62323089446576,-3.3400241554416823,-2.82328541825795,-0.5167387371837324,239.26100000000002,3.180602226984191,245.6222044539684,232.89979554603164
2022-09-05,232.38,236.19,232.38,235.24,12747,238.99254199990486,244.45033252186334,37.63144627500512,236.96886724071268,240.22447305043124,-3.25560580971856,-2.909749496550072,-0.34585631316848797,238.87550000000002,3.177187559690871,245.22987511938175,232.5211248806183
2022-09-06,233.33,235.14,232.86,232.86,18774,238.4084903808663,243.9958096778687,33.78570084786192,236.33673381906456,239.67895652817708,-3.3422227091125194,-2.9962441390625614,-0.345978570049958,238.41349999999997,3.350693997239723,245.1148879944794,231.71211200552054
2022-09-07,233.33,236.86,230.48,231.52,17856,237.75244367792666,243.50656223952092,31.814344537969674,235.5956978469008,239.07458937794175,-3.4788915310409436,-3.092773617458238,-0.38611791358270553,238.042,3.683448898716233,245.40889779743247,230.67510220256753
2022-09-08,230.48,232.38,229.62,230.48,15192,237.0598299943146,242.9957166615005,30.334934760826314,234.80866740891605,238.43795312772386,-3.6292857188078074,-3.2000760377281523,-0.42920968107965507,237.5185,3.980442021206981,245.47938404241395,229.55761595758602
2022-09-11,228.95,231.52,228.57,229.62,18482,236.35127475676086,242.47117875320637,29.128687830621658,234.01041088446743,237.78477141455912,-3.774360530091684,-3.314932936200859,-0.4594275938908252,236.9045,4.209533634624149,245.32356726924831,228.4854327307517
2022-09-12,228.57,228.57,225.62,225.71,31371,235.33782001802172,241.81387762562966,24.381681607891423,232.73342459454938,236.89034390236958,-4.156919307820203,-3.483330210524728,-0.6735890972954754,236.1425,4.779458100749596,245.7014162014992,226.58358379850083
2022-09-13,228.57,228.57,225.81,226.67,12617,234.5123133496387,241.2200000716834,27.505481519824215,231.80059004154177,236.13328139108293,-4.3326913495411645,-3.6532024383280155,-0.679488911213149,235.47599999999997,5.129813169879887,245.73562633975973,225.2163736602402
2022-09-14,228.48,231.14,226.67,229.43,21555,234.02828350681597,240.7576471276958,35.72624911481151,231.43588388130456,235.6367420287805,-4.200858147475941,-3.762733580157601,-0.43812456731834004,234.9475,5.183404565988931,245.31430913197786,224.58069086802212
2022-09-15,232.38,232.38,223.9,226.67,46594,233.32749460140494,240.20519037759007,31.838130998409838,230.70267097648846,234.9725389155375,-4.26986793904905,-3.864160451935891,-0.40570748711315874,234.186,5.226793723838404,244.6395874476768,223.7324125523232
2022-09-16,223.81,226.57,220.29,226.1,18591,232.6391617822235,239.65204565690027,31.085705993530112,229.9945677493364,234.31531381068288,-4.320746061346483,-3.9554775738180097,-0.3652684875284735,233.3625,5.1329532640092665,243.62840652801856,223.09659347198146
2022-09-18,221.9,225.24,218.1,224.19,45605,231.83447970772602,239.04569092525713,28.64296810439427,229.10155732636156,233.5652905654471,-4.463733239085542,-4.0571287068715165,-0.4066045322140255,232.429,5.01104453865634,242.45108907731267,222.40691092268733
2022-09-20,220.95,223.71,217.14,219.05,31286,230.6169102117521,238.2615461830902,23.329919299882505,227.55516389153672,232.49008385689547,-4.934919965358745,-4.232686958568962,-0.7022330067897826,231.28650000000002,5.332583332679927,241.95166666535988,220.62133333464016
2022-09-21,222.76,223.43,217.14,218.1,15903,229.42482352491857,237.4708973131651,22.499230010088212,226.10052329283877,231.42415171934766,-5.32362842650889,-4.450875252156948,-0.8727531743519421,230.1915,5.685950621809803,241.5634012436196,218.81959875638037
2022-09-22,219.05,221.9,217.24,219.9,16104,228.51769747492634,236.7818425165704,27.748577918000564,225.14659663240207,230.57051085124783,-5.423914218845766,-4.645483045494712,-0.7784311733510547,229.3295,5.88057952299689,241.0906590459938,217.5683409540062
2022-09-25,220.0,220.0,215.62,217.14,17585,227.4341072392191,236.01157418258725,24.957212596612123,223.91481253510943,229.57565819559986,-5.660845660490423,-4.848555568493854,-0.8122900919965694,228.33900000000003,6.1896908348925574,240.71838166978515,215.9596183302149
2022-09-27,216.29,220.0,215.71,218.1,14567,226.54514464500775,235.30915950876033,27.68222109669746,223.02022599124643,228.72560944037025,-5.705383449123815,-5.019921144619847,-0.6854623045039681,227.43449999999999,6.302755015820236,240.04001003164046,214.8289899683595
2022-09-28,220.48,220.95,217.14,219.05,14894,225.8313213454832,234.67154541037758,30.376555312720413,222.40942199259314,228.00889762997247,-5.599475637379328,-5.135832043171743,-0.4636435942075847,226.58200000000002,6.221539494705751,239.02507898941153,214.13892101058852
2022-09-29,216.19,222.86,216.19,220.95,27080,225.36643359829432,234.13344559036275,35.54850246869583,222.1848955321942,227.4860163240486,-5.301120791854402,-5.168889792908275,-0.13223099894612655,225.8725,5.999367400859771,237.87123480171954,213.87376519828047
2022-10-09,223.81,227.62,219.14,226.67,12426,225.49058277940915,233.8407614495642,48.05810412698684,222.8749116041643,227.42557067041537,-4.5506590662510575,-5.045243647576832,0.49458458132577476,225.587,5.806140216227883,237.19928043245577,213.9747195675442
2022-10-10,228.57,228.57,222.86,224.38,10333,225.38481299089398,233.46975119664015,44.34703382118609,223.1064636650621,227.1999728429772,-4.093509177915081,-4.854896753644482,0.7613875757294011,225.0915,5.435353351218648,235.9622067024373,214.2207932975627
2022-10-11,223.81,224.38,219.33,222.86,13708,225.14435461080882,233.0536825222621,42.02720547749748,223.06854617812945,226.87849337312701,-3.8099471949975623,-4.645906841915098,0.8359596469175354,224.4725,4.897059133588917,234.26661826717782,214.67838173282217
2022-10-12,226.67,226.67,222.19,224.67,27483,225.099177981208,232.724910658644,45.671698091731876,223.31492368918646,226.7149012714139,-3.39997758222745,-4.3967209899775685,0.9967434077501185,224.06300000000002,4.4837579398457255,233.03051587969148,215.09548412030856
2022-10-13,226.38,226.67,218.1,226.67,46288,225.2487800782358,232.48746318183444,49.45302409282816,223.83108927546544,226.71157525130917,-2.880485975843726,-4.093473987150801,1.2129880113070746,223.82049999999998,4.180097549853037,232.18069509970604,215.46030490029392
2022-10-16,222.86,225.71,220.95,221.05,18406,224.84889626126096,232.03893521391936,40.849183202679946,223.4032293869323,226.29219930676777,-2.8889699198354606,-3.8525731736877327,0.9636032538522721,223.34900000000002,3.912675622420951,231.17435124484192,215.52364875515812
2022-10-17,222.86,224.76,222.86,223.81,9152,224.7499537601885,231.71623187219703,45.83331190665997,223.4658094812504,226.10833269145164,-2.642523210201233,-3.610563180990433,0.9680399707891998,223.05849999999995,3.6278952503262407,230.31429050065245,215.80270949934746
2022-10-19,223.81,224.76,221.05,224.76,15500,224.75091054493245,231.44343846544422,47.47391212466007,223.6649157149042,226.00845619578854,-2.343540480884343,-3.357158640969215,1.0136181600848722,223.01099999999997,3.5974433904287744,230.20588678085753,215.8161132191424
2022-10-20,225.71,225.71,220.29,223.71,8916,224.65177620731984,231.14016636876013,45.821970776589566,223.6718517587651,225.83820018128569,-2.166348422520599,-3.118996597279492,0.9526481747588931,222.863,3.4985156250785225,229.86003125015705,215.86596874984295
2022-10-23,223.81,226.67,223.81,226.19,10105,224.7982737113846,230.9460421974362,50.22729531781778,224.05925918049354,225.86425942711637,-1.805000246622825,-2.856197327148159,1.0511970805253341,222.70100000000002,3.244194653121102,229.18938930624222,216.21261069375782
2022-10-31,227.62,230.38,224.0,227.14,17333,225.0212952626813,230.79678564067402,51.842671589013015,224.53321930657145,225.95875872881143,-1.4255394222399786,-2.5700657461665233,1.1445263239265446,222.72449999999998,3.2760044261220314,229.27650885224404,216.17249114775592
2022-11-01,227.62,238.1,227.62,237.14,29369,226.1754576186164,231.04553914496134,64.79500080698338,226.4727240286374,226.78699882297354,-0.3142747943361428,-2.118907555800447,1.8046327614643043,223.2765,4.555103875408426,232.38670775081684,214.16629224918316
2022-11-02,237.62,239.05,229.52,235.24,29667,227.03874736922435,231.21002780594324,61.41513701841885,227.82153571653933,227.41314705830882,0.40838865823050696,-1.6134483129942563,2.0218369712247632,223.829,5.283620070804035,234.39624014160808,213.26175985839194
2022-11-03,235.24,235.24,231.43,232.38,19597,227.54743809596488,231.25590906845528,56.626880061412656,228.52283791399483,227.78106209102668,0.741775822968151,-1.1424034858017749,1.884179308769926,224.4955,5.485926947531856,235.4673538950637,213.5236461049363
2022-11-06,234.29,236.48,230.76,236.19,27429,228.37053922968252,231.44940283047663,60.99022091218695,229.70240131184178,228.40394638058024,1.2984549312615457,-0.6542318023891108,1.9526867336506566,225.4,5.854863025947235,237.10972605189448,213.69027394810553
2022-11-07,237.14,240.48,235.71,236.0,30701,229.09715454114132,231.62785762143832,60.66247903282252,230.6712626484815,228.96661701905578,1.7046456294257268,-0.18245631602614326,1.88710194545187,226.20499999999998,6.15782984670943,238.52065969341885,213.88934030658112
2022-11-08,233.71,236.19,232.67,233.33,18018,229.50028268008026,231.69460830295057,56.100232612208494,231.08029916409973,229.2898305731998,1.790468590899934,0.21212866535907218,1.5783399255408619,227.01449999999994,5.964562431559691,238.9436248631193,215.08537513688057
2022-11-09,233.33,234.29,226.19,229.52,38799,229.50216052007264,231.60932954597212,50.28825960950111,230.84025313885363,229.30688016037018,1.5333729784834418,0.4763775279839461,1.0569954504994956,227.5855,5.60184412774512,238.78918825549025,216.38181174450975
2022-11-10,229.52,230.48,227.24,227.62,15835,229.32290713720857,231.45288525005165,47.63778415170465,230.34482957902998,229.18192607441682,1.1629035046131548,0.6136827233097879,0.5492207813033669,228.01399999999998,5.2300079500769865,238.47401590015394,217.55398409984602
2022-11-13,228.57,228.57,224.76,224.86,9257,228.89786836223632,231.19434073044178,44.009172053372666,229.5010096437946,228.8617834022378,0.6392262415567984,0.6187914269591901,0.02043481459760832,228.20950000000002,5.020955533925593,238.2514110678512,218.16758893214885
2022-11-14,226.67,226.67,222.48,223.81,31347,228.41330947059478,230.9047587410127,42.67733472958821,228.62546969859542,228.48757722429423,0.13789247430119644,0.5226116364275915,-0.384719162126395,228.0665,5.107097512283642,238.28069502456728,217.8523049754327
2022-11-15,228.1,228.1,222.86,223.81,23444,227.97489904482387,230.62653290803183,42.67733472958821,227.8846282065038,228.14109002249464,-0.25646181599083206,0.36679694594390677,-0.6232587619347388,228.038,5.130290440118742,238.2985808802375,217.77741911976253
2022-11-16,224.95,225.71,221.24,224.76,16942,227.66871818341207,230.39647279399136,44.44159016193242,227.40391617473398,227.89063890971724,-0.48672273498326035,0.19609300975847338,-0.6828157447417338,228.13299999999998,5.046263964555739,238.22552792911145,218.0404720708885
2022-11-17,228.38,228.57,224.86,228.57,17325,227.75455454689663,230.32484640991328,50.96039667201391,227.58331368631337,227.9409619534419,-0.3576482671285248,0.08534475438107375,-0.4429930215095986,228.32800000000003,4.9803240224301595,238.28864804486034,218.36735195513972
2022-11-22,232.86,232.86,226.67,229.52,17690,227.92269220909697,230.29328380560295,52.45827498263563,227.88126542688056,228.05792773466843,-0.17666230778786485,0.03294334194728603,-0.2096056497351509,228.4705,4.971152016222695,238.41280403244537,218.5281959675546
2022-11-23,232.38,234.1,226.67,231.43,14169,228.2567215225163,230.33786091126558,55.407359494708054,228.42722459197586,228.30771086543373,0.11951372654212378,0.05025741886625358,0.0692563076758702,228.9895,4.689530865322906,238.3685617306458,219.61043826935418
2022-11-24,228.57,234.95,228.57,233.33,21347,228.7398909013243,230.4551996990591,58.18603930983836,229.1814977316719,228.67973228280903,0.5017654488628693,0.14055902486557675,0.3612064239972926,229.46550000000002,4.618746098920144,238.7029921978403,220.22800780215974
2022-11-27,229.52,237.62,229.52,237.62,25124,229.58561557738867,230.73617225988033,63.687960152492536,230.47972884987624,229.34197433593428,1.1377545139419567,0.3399981226808528,0.7977563912611039,230.1085,4.819962082180591,239.74842416436118,220.4685758356388
2022-11-28,236.29,238.95,235.9,236.19,30667,230.21460457001834,230.95004785753207,60.81539434301352,231.35823210374144,229.84923549623545,1.508996607505992,0.5737978196458806,0.9351987878601113,230.73250000000002,4.755412290496612,240.24332458099323,221.2216754190068
2022-11-29,235.24,238.1,229.52,238.1,36930,230.96559461096896,231.23043813762885,63.202713356026315,232.3954271647043,230.46040323725504,1.935023927449265,0.8460430412065576,1.0889808862427075,231.32799999999997,4.90015209215904,241.12830418431804,221.5276958156819
2022-11-30,238.76,242.76,234.29,241.81,36084,231.99839512421,231.64532291654535,67.36221142361906,233.843822985519,231.30111410856946,2.542708876949547,1.1853762083551556,1.3573326685943914,232.06150000000002,5.320223852628788,242.7019477052576,221.42105229474245
2022-12-01,239.05,246.29,237.05,242.86,49007,233.03283368380906,232.08511417472005,68.44922564619625,235.230927141593,232.15732787830507,3.073599263287946,1.5630208193417137,1.5105784439462322,232.3475,5.744431514173338,243.83636302834668,220.8586369716533
2022-12-04,245.71,246.67,240.95,245.62,28836,234.2316114282082,232.61589401100554,71.16754565042481,236.8292460428864,233.15456285028247,3.6746831926039363,1.9853532939941583,1.689329898609778,232.8665,6.445630323182772,245.75776064636554,219.97523935363446
2022-12-05,250.48,250.48,240.0,240.0,58210,234.78098176837884,232.90546679488767,59.85844857790986,237.31705434398083,233.66163226878007,3.655422075200761,2.319367050235479,1.3360550249652818,233.2475,6.637706384935014,246.52291276987003,219.97208723012997
2022-12-06,235.24,236.19,222.19,225.43,110192,233.8904120761523,232.61231123430386,41.46287671679165,235.48827675259918,233.0518817303519,2.436395022247268,2.342772644637837,0.09362237760943115,232.70950000000002,6.820209500561857,246.34991900112374,219.0690809988763
2022-12-07,229.9,229.9,221.52,223.33,50940,232.88465854509016,232.24829902903704,39.575084820771075,233.6177726368147,232.33174234291846,1.286030293896232,2.131424174489516,-0.8453938805932841,232.07600000000002,7.0818934429160345,246.2397868858321,217.91221311416794
2022-12-11,222.86,222.86,219.05,220.95,43742,231.7480243979387,231.80522847887872,37.49168786435846,231.6688845388432,231.4886503175171,0.18023422132608857,1.7411861838568308,-1.5609519625307422,231.45700000000002,7.495483622610145,246.4479672452203,216.46603275477975
2022-12-12,219.05,220.48,214.86,219.05,60300,230.53868874099214,231.30502344049134,35.86830001170283,229.7275176867135,230.56726881251586,-0.8397511258023656,1.2249987219249916,-2.064749847727357,230.9335,7.987371133955999,246.90824226791202,214.958757732088
2022-12-13,220.0,221.43,218.48,220.95,11453,229.6254802894691,230.89894408988383,38.72556989350511,228.37713035029603,229.8548785301073,-1.4777481798112717,0.684449341577739,-2.1621975213890106,230.6,8.267343492381764,247.13468698476353,214.06531301523646
2022-12-14,219.05,221.9,217.43,219.05,20869,228.61829169047203,230.43427961577075,36.952573376182514,226.94218721948124,229.05451715750678,-2.112329938025539,0.12509348565708345,-2.2374234236826225,230.30949999999999,8.575968550485811,247.4614371009716,213.15756289902836
2022-12-15,218.1,220.95,217.14,219.43,20588,227.74321629137947,230.0027392386817,37.568218538826805,225.7864661087918,228.34158996065443,-2.555123851862618,-0.4109499818468568,-2.144173870015761,230.09050000000002,8.803582688761944,247.69766537752392,212.48333462247612
2022-12-18,217.14,220.0,215.9,218.95,36667,226.90576712077188,229.5692984842236,37.075731104155864,224.7347020920546,227.64591663023558,-2.9112145381809853,-0.9110028931136827,-2.000211645067303,229.8475,9.049697217963496,247.946894435927,211.748105564073
2022-12-19,218.95,219.05,215.71,217.14,19234,225.97569406165076,229.08187501425402,35.20176794236612,223.56628638558465,226.86770058355145,-3.301414197966807,-1.3890851540843077,-1.9123290438824991,229.46650000000005,9.427669397212222,248.3218387944245,210.6111612055756
2022-12-20,219.05,220.95,216.29,220.0,27152,225.40658034149357,228.72572305291072,40.33360943469801,223.01762694164853,226.35898202180692,-3.3413550801583938,-1.7795391392991249,-1.561815940859269,229.038,9.662397871726911,248.36279574345383,209.7132042565462
2022-12-21,216.38,220.0,216.38,219.81,13481,224.87357268992275,228.37608685475738,40.10636376473885,222.5241458737026,225.87387224241382,-3.349726368711231,-2.0935765851815464,-1.2561497835296844,228.5525,9.87843524525572,248.30937049051144,208.79562950948858
2022-12-22,217.14,222.76,217.14,221.9,27822,224.5903752908825,228.12212266437473,43.85373539643473,222.4281234315945,225.57951133556836,-3.1513879039738413,-2.3051388489400058,-0.8462490550338355,228.07600000000002,9.961824182979989,247.99964836596,208.15235163404003
2022-12-26,220.95,222.86,218.1,222.86,39542,224.4255776441318,227.91576491283064,45.53927564686669,222.49456598057998,225.37806605145218,-2.883500070872202,-2.4208110933264453,-0.4626889775457568,227.5525,9.946281968654072,247.44506393730816,207.65993606269186
2022-12-27,226.67,228.57,221.14,224.19,68568,224.40314167802404,227.7696564848765,47.87401099789986,222.75540198356765,225.290061158752,-2.534659175184345,-2.4435807096980255,-0.09107846548631926,226.881,9.680625197294809,246.24225039458963,207.51974960541037
2022-12-28,224.76,225.71,220.95,221.43,34737,224.11998532773606,227.52104250507742,43.68836792707651,222.5514939860957,225.00413070254814,-2.452636716452446,-2.4453919110489095,-0.007244805403536336,226.14299999999997,9.494426675408546,245.13185335081707,207.15414664918288
2022-12-29,219.14,223.71,217.14,221.52,35990,223.8723676774755,227.2857075048783,43.86073219172172,222.39280260361943,224.74604694680383,-2.3532443431844,-2.4269623974760077,0.0737180542916076,225.31400000000002,9.111577597527315,243.53715519505465,207.0908448049454
2023-01-01,224.76,235.05,221.33,222.19,59109,223.7121421843826,227.08587583802034,45.20536629233037,222.3616022030626,224.55671013592945,-2.195107932866847,-2.3805915045541757,0.18548357168732865,224.333,8.25829796405589,240.84959592811177,207.81640407188823
2023-01-02,221.14,230.0,221.05,227.52,43136,224.0747953096795,227.10290031496072,54.534769509892776,223.15520186412988,224.77621308882357,-1.6210112246936887,-2.2286754485820786,0.6076642238883898,223.56599999999997,7.074534316083645,237.71506863216726,209.4169313678327
2023-01-03,225.71,228.57,221.9,224.76,43145,224.14005289923384,227.01102187123678,49.8058417828894,223.40209388503297,224.77501211928106,-1.3729182342480897,-2.057524005715281,0.6846057714671914,222.523,4.835294689759153,232.1935893795183,212.8524106204817
2023-01-04,223.81,229.71,223.05,228.57,46503,224.56195262311633,227.0721582684432,55.537539335488006,224.19715636425866,225.05612233266766,-0.8589659684089952,-1.817812398254024,0.9588464298450288,221.95150000000004,2.9807262890941577,227.91295257818837,215.9900474218117
2023-01-05,231.43,233.33,225.24,226.76,36274,224.77129046853383,227.05991676771995,52.47207270696345,224.59144000052657,225.1823354932108,-0.5908954926842114,-1.5724290171400614,0.9815335244558501,222.01799999999997,3.0757379944489833,228.16947598889794,215.866524011102
2023-01-08,228.57,230.38,223.9,226.0,57693,224.88831042391155,227.01835140427997,51.19430671345318,224.8081415389071,225.24290323445442,-0.4347616955473086,-1.344895552821511,0.9101338572742024,222.1515,3.1914495551596453,228.5343991103193,215.7686008896807
2023-01-09,223.81,237.14,222.95,237.14,103395,226.05513800258663,227.41527880019058,64.74586981787812,226.7053505329214,226.12416966153188,0.5811808713895061,-0.9596802679793075,1.5408611393688136,222.961,4.609072175152026,232.17914435030406,213.74285564969597
2023-01-10,239.05,255.43,234.29,240.0,139095,227.38322009757837,227.9087972786145,67.25932991418296,228.75068122016427,227.15200894586286,1.598672274301407,-0.4480097595231647,2.0466820338245717,224.0085,5.879105978397974,235.76671195679594,212.25028804320405
2023-01-12,241.9,251.43,233.33,234.29,70807,228.04100865971375,228.1590405225904,58.31947706215338,229.60288410936977,227.68074902394707,1.9221350854226955,0.026019209466007387,1.896115875956688,224.6755,6.258345564963497,237.19219112992698,212.15880887007302
2023-01-17,236.95,237.14,229.71,233.33,49910,228.5447221206934,228.3618232471947,56.94896310260566,230.1762865540821,228.09921205921026,2.0770744948718516,0.4362302665471762,1.6408442283246754,225.3895,6.395841967533009,238.18118393506603,212.59781606493397
2023-01-18,231.52,236.19,230.19,230.48,68116,228.729034299675,228.44488900220668,52.96924819729102,230.22301169960792,228.27556672149097,1.9474449781169483,0.7384732088611307,1.2089717692558177,225.942,6.330883034772684,238.60376606954537,213.28023393045464
2023-01-19,228.67,232.38,228.57,230.48,53929,228.8957929378012,228.52469727662995,52.96924819729102,230.2625483612067,228.43885807545462,1.8236902857520931,0.9555166242393232,0.86817366151277,226.5185,6.183934427205132,238.88636885441025,214.15063114558973
2023-01-23,233.33,241.9,233.33,234.0,87172,229.38190789610584,228.7394150304876,57.24865070678156,230.83754092102106,228.85079451430985,1.9867464067112053,1.1617625807336995,0.8249838259775057,227.36149999999998,5.984116937885577,239.32973387577113,215.39326612422883
2023-01-24,230.95,243.43,230.95,236.1,53484,230.02172619171483,229.02806542144887,59.60987749107287,231.64715001009472,229.38777269843504,2.2593773116596765,1.3812855269188948,0.8780917847407816,228.16649999999998,6.024479252444275,240.21545850488855,216.11754149511142
2023-01-25,240.0,240.0,233.33,236.19,108753,230.60918084012295,229.30892560099988,59.71257626745168,232.34605000854168,229.89164138743985,2.454408621101834,1.5959101457554827,0.8584984753463512,228.9855,5.94148171754942,240.86846343509885,217.10253656490116
2023-01-26,234.29,237.9,232.86,233.33,42617,230.86830647439695,229.46661479311754,54.93257245516779,232.4974269303045,230.14633461799986,2.351092312304644,1.7469465790653151,0.6041457332393287,229.55699999999996,5.771349472767734,241.09969894553544,218.01430105446448
2023-01-29,233.33,233.33,228.57,231.43,41562,230.92180109588296,229.54361029142666,51.95694671575598,232.33320740256534,230.24142094259247,2.091786459972866,1.8159145552468254,0.2758719047260405,229.9855,5.5623125397129725,241.11012507942596,218.86087492057405
2023-01-30,227.62,228.57,224.95,224.95,51037,230.3530581343703,229.3634687113707,43.335199953802885,231.1973293406322,229.84946383573376,1.3478655048984365,1.7223047451771478,-0.37443924027871134,230.0235,5.523093407633824,241.06968681526766,218.97731318473237
2023-01-31,228.57,228.57,221.24,222.95,42708,229.64800497871596,229.11196013445422,41.069953172956374,229.9285094420734,229.3383924404942,0.5901170015791877,1.4958671964575558,-0.9057501948783682,230.09949999999998,5.40787581120797,240.91525162241592,219.28374837758403
2023-02-01,223.71,223.81,220.95,221.9,39313,228.91009974264776,228.82913816839718,39.89100772095751,228.69335414329288,228.78740040786502,-0.09404626457214249,1.1778845042516162,-1.2719307688237587,230.11849999999998,5.376723983007522,240.87194796601503,219.36505203398494
2023-02-02,219.05,225.71,219.05,221.43,32012,228.197709290967,228.53897588728358,39.346543516191566,227.57591504432474,228.2424077850602,-0.6664927407354639,0.8090090552542002,-1.4755017959896641,230.08049999999997,5.4380438385000405,240.95658767700004,219.2044123229999
2023-02-05,221.43,223.81,219.43,220.0,49241,227.41697507277968,228.20411408778227,37.66222893965852,226.41038965289016,227.63185906024094,-1.2214694073507815,0.4029133627332039,-1.6243827700839852,229.7045,5.867425217604818,241.43935043520963,217.96964956479036
2023-02-06,220.48,223.24,219.62,222.86,23794,226.98297744680065,227.99454098630062,42.92458663614051,225.86417586013783,227.2783880187416,-1.4142121586037604,0.039488258465811055,-1.4537004170695713,229.60950000000003,5.966244940009158,241.54198988001835,217.6770101199817
2023-02-07,226.67,239.05,224.0,239.05,54758,228.1322176899625,228.42808839860257,62.317241883951944,227.8927641893474,228.1503592766126,-0.25759508726520153,-0.01992841068039146,-0.23766667658481005,230.13349999999997,6.319878642237221,242.77325728447443,217.4937427155255
2023-02-08,235.24,239.05,229.9,233.33,81454,228.62724457663273,228.62032022610836,55.18329744383824,228.72926200637087,228.53403636723388,0.19522563913699287,0.023102399283085412,0.17212323985390746,230.46200000000005,6.306034369844406,243.07406873968887,217.84993126031122
2023-02-09,228.76,235.05,228.76,234.29,37191,229.16655461695342,228.84266060939822,56.09180177677144,229.58476015923688,228.96040404373505,0.6243561155018256,0.14335314252683345,0.4810029729749921,230.87650000000002,6.269656479297406,243.41581295859484,218.3371870414052
2023-02-12,230.0,233.14,225.43,226.67,41303,228.9287875105769,228.75745823255906,47.80757075649663,229.13633551935428,228.79074448493986,0.3455910344144115,0.18380072090434907,0.16179031351006246,230.35299999999998,6.155209261479767,242.66341852295952,218.04258147704044
2023-02-14,226.67,226.67,223.05,223.14,27997,228.3774744143315,228.53716575285085,44.5267801027053,228.21382236253055,228.37217081938877,-0.15834845685822074,0.1153708853518351,-0.27371934221005584,229.51,5.9142788856137445,241.33855777122747,217.6814422287725
2023-02-15,223.81,224.76,220.95,221.81,23395,227.75200066058562,228.27335533117042,43.3205303795708,227.22861892214124,227.88608409202664,-0.6574651698853984,-0.0391963256956116,-0.6182688441897868,228.88600000000002,6.040430796764464,240.96686159352896,216.8051384064711
2023-02-16,220.48,220.95,218.76,218.95,55960,226.91371488338697,227.90773355347747,40.76321970710809,225.9549852418118,227.2241519370617,-1.2691666952498792,-0.28519039960646514,-0.9839762956434142,228.167,6.332393826896857,240.83178765379373,215.50221234620628
2023-02-20,218.1,219.05,214.76,217.14,111150,225.982884894493,227.48546949255677,39.18660843104072,224.59883366614844,226.47717771950155,-1.8783440533531177,-0.6038211303557957,-1.274522922997322,227.5,6.763804597381036,241.02760919476208,213.97239080523792
2023-02-22,221.43,232.76,217.14,232.76,37875,226.6283244283508,227.69231382618202,55.26631071628212,225.8543977175102,226.94257196250143,-1.0881742449912224,-0.700691753282881,-0.38748249170834137,227.61399999999998,6.835508220429031,241.28501644085804,213.9429835591419
2023-02-23,233.33,233.33,218.1,220.95,159136,226.0875316256507,227.42790936241016,45.475664010910606,225.0998749917394,226.4986777430569,-1.398802751317504,-0.8403139528898056,-0.5584887984276985,226.96149999999997,6.816667093465226,240.59483418693043,213.32816581306952
2023-02-26,216.67,220.0,215.33,218.19,43470,225.33538575654111,227.06563840702154,43.53464503766539,224.03681730070258,225.8832201324601,-1.8464028317575298,-1.0415317286633505,-0.8048711030941793,226.06599999999997,6.728809545135779,239.52361909027152,212.60838090972842
2023-02-27,220.95,220.95,216.76,220.95,74966,224.91772997020388,226.82580944988345,46.0160632582803,223.56192233136372,225.51779641894456,-1.9558740875808382,-1.2244002004468482,-0.7314738871339901,225.304,6.375635695857248,238.05527139171448,212.55272860828552
2023-02-28,220.95,220.95,216.95,217.14,31982,224.17699378256543,226.44597378518213,43.19415150454874,222.5739342803847,224.89721890643014,-2.3232846260454494,-1.4441770855665685,-0.8791075404788808,224.49450000000002,6.330603592239718,237.15570718447944,211.8332928155206
2023-03-01,220.95,220.95,215.24,215.24,30685,223.3258515175592,226.00652383282204,41.816943427817236,221.44563669878704,224.18186935780568,-2.73623265901864,-1.702588200256983,-1.033644458761657,223.685,6.431391353106652,236.5477827062133,210.8222172937867
2023-03-02,218.1,218.1,214.29,214.76,22841,222.5100561349345,225.56548368251532,41.45731985137212,220.41707720666594,223.48395310907932,-3.0668759024133863,-1.9754457406882637,-1.0914301617251225,223.1755,6.722925017389859,236.6213500347797,209.7296499652203
2023-03-05,214.57,217.05,212.95,214.29,33396,221.72719364589312,225.12330785182846,41.08474140090328,219.47444994410196,222.8029195454438,-3.328469601341851,-2.2460505128189814,-1.0824190885228697,222.7425,7.0109244641543444,236.7643489283087,208.72065107169132
2023-03-07,216.19,218.1,214.29,215.71,23977,221.1541275843795,224.75415852430578,42.75853693716946,218.8953037988555,222.27751809763316,-3.3822142987776544,-2.4732832700107164,-0.9089310287669381,222.433,7.1845544124347525,236.8021088248695,208.0638911751305
2023-03-09,214.86,221.43,214.86,220.0,32747,221.04421067158145,224.5677209351173,47.60186694687958,219.06525706057005,222.10881305336406,-3.043555992794012,-2.5873378145673755,-0.45621817822663635,222.36150000000004,7.202155580100481,236.765811160201,207.95718883979907
2023-03-12,223.81,223.81,212.48,213.33,56015,220.30952394095465,224.12702599648526,41.6948409453389,218.18290982048234,221.4585306049667,-3.2756207844843743,-2.7249944085507756,-0.5506263759335988,222.02800000000002,7.466827410548589,236.9616548210972,207.09434517890284
2023-03-13,212.38,214.29,210.0,210.76,67770,219.40004547038754,223.60282889858388,39.653040193225905,217.04092369425427,220.66604685645063,-3.6251231621963598,-2.9050201592798923,-0.7201030029164674,221.423,7.874916273571526,237.17283254714306,205.67316745285694
2023-03-14,211.43,212.38,208.57,210.19,63535,218.52289828273157,223.07683560844336,39.194598953035516,215.98693543359977,219.89004338560244,-3.903107952002671,-3.104637717824448,-0.7984702341782226,219.98000000000002,7.078864018290316,234.13772803658065,205.82227196341938
2023-03-15,208.57,210.38,207.52,208.57,51000,217.5750032081857,222.50794009438678,37.855058145734084,214.84586844381516,219.0515216533356,-4.205653209520449,-3.3248408161636487,-0.8808123933568002,218.74199999999996,6.7800353981355554,232.30207079627107,205.18192920372886
2023-03-16,208.57,211.43,207.62,210.48,32636,216.89928861692994,222.0362561691167,40.43963875982413,214.1741963755359,218.4165941234589,-4.2423977479230075,-3.5083522025155207,-0.7340455454074868,217.55149999999998,5.9452911707698455,229.44208234153967,205.66091765846028
2023-03-19,209.52,211.43,208.57,210.38,47758,216.27840398674616,221.57914808405332,40.34503123754129,213.59047385622267,217.82129085505454,-4.23081699883187,-3.652845161778791,-0.5779718370530786,216.73700000000002,5.74272271753536,228.22244543507074,205.2515545649293
2023-03-20,210.48,213.33,209.52,211.43,26799,215.81665122610366,221.18114227683554,41.88247588268892,213.25809326295766,217.34786190282827,-4.089768639870613,-3.7402298573971553,-0.3495387824734575,216.1515,5.65177221856087,227.45504443712173,204.84795556287827
2023-03-22,214.29,215.24,209.71,211.43,21734,215.39887491885568,220.79874454048905,41.88247588268892,212.97684814557957,216.90950176187803,-3.9326536162984667,-3.7787146091774177,-0.1539390071210489,215.6325,5.5809581095921645,226.7944162191843,204.47058378081567
2023-03-23,210.48,227.24,209.52,218.95,91433,215.73707730753608,220.72624475458753,52.12990772585042,213.89579458472116,217.0606497795167,-3.1648551947955355,-3.6559427263010416,0.4910875315055061,215.6325,5.5809581095921645,226.7944162191843,204.47058378081567
2023-03-26,222.86,222.86,213.33,215.24,47037,215.68973661158026,220.51109790146646,47.664663498454864,214.10259541784097,216.92578683288582,-2.823191415044846,-3.4893924640498026,0.6662010490049566,215.5375,5.570107128325496,226.67771425665097,204.39728574334902
2023-03-27,212.38,215.24,210.48,215.24,28974,215.6469045533345,220.30438817984032,47.664663498454864,214.27758073817313,216.80091373415354,-2.523332995980411,-3.296180570435925,0.7728475744555139,214.6615,3.8225250334757095,222.30655006695142,207.01644993304856
2023-03-28,218.95,218.95,211.43,212.38,31475,215.33577078635025,219.99362785906226,44.27411732316097,213.98564523999266,216.47343864273475,-2.487793402742085,-3.1345031368971568,0.6467097341550718,214.233,3.5512045398962693,221.33540907979256,207.13059092020745
2023-03-29,209.62,213.33,209.62,213.14,17194,215.12664975907882,219.724858139099,45.38587554571338,213.85554597230148,216.22651726179143,-2.370971289489944,-2.9817967674157146,0.6108254779257707,213.98049999999998,3.4325967997192635,220.8456935994385,207.11530640056145
2023-03-30,216.1,216.1,212.38,212.48,13294,214.87458787726177,219.4407460552128,44.5545700010933,213.6439235150243,215.9489974646217,-2.3050739495973858,-2.8464522038520492,0.5413782542546635,213.55700000000002,3.025872818834024,219.60874563766805,207.50525436233198
2023-04-02,212.48,216.0,209.52,209.52,34052,214.36462712704636,219.0516971903025,40.93338986019756,213.0094737434821,215.47277543020527,-2.4633016867231845,-2.7698221004262766,0.30652041370309213,213.17600000000002,3.03070670931116,219.23741341862234,207.1145865813777
2023-04-03,209.52,210.48,206.67,209.33,36234,213.8851388292324,218.67045416323182,40.70469890251575,212.44340085986946,215.01775502796787,-2.5743541680984094,-2.7307285139607034,0.15637434586229393,212.88049999999998,3.106052622655589,219.09260524531115,206.66839475468882
2023-04-04,207.62,209.43,204.76,207.62,34718,213.28845894073407,218.2371030195757,38.61376354310347,211.70133918912032,214.46977317404432,-2.768433984924002,-2.738269608153363,-0.030164376770638768,212.5235,3.283892547439178,219.09128509487837,205.95571490512165
2023-04-05,207.62,208.57,205.71,207.14,26723,212.7028914225689,217.8019225090041,38.023323309911554,210.99959469848642,213.92682701300402,-2.927232314517596,-2.7760621494262097,-0.15117016509138637,212.16600000000003,3.4656242697262956,219.0972485394526,205.23475146054744
2023-04-06,209.52,210.48,206.67,207.62,36962,212.2188065251814,217.40263143021966,39.02736889279149,210.47965705256544,213.4596546416704,-2.979997589104954,-2.816849237361959,-0.16314835174299525,211.7615,3.5021366034810932,218.7657732069622,204.75722679303783
2023-04-09,205.81,208.57,204.76,208.57,42893,211.8713011418308,217.0562537270738,41.062461561077,210.18586365986306,213.09745800154667,-2.9115943416836103,-2.8357982582262893,-0.07579608345732103,211.19,2.9807699464488056,217.1515398928976,205.2284601071024
2023-04-10,210.48,217.05,206.29,216.19,48581,212.28260579498976,217.02228299267875,54.25218428550807,211.10957694296104,213.3265351866173,-2.2169582436562507,-2.7120302553122815,0.49507201165603076,211.333,3.1524945844888315,217.63798916897767,205.02801083102233
2023-04-11,220.0,220.0,212.86,216.76,47241,212.70902429070503,217.01199738512273,55.06232203260688,211.97887279789012,213.58086591353452,-1.6019931156444045,-2.490022827378706,0.8880297117343017,211.63299999999998,3.372881167249952,218.3787623344999,204.88723766550007
2023-04-12,220.86,227.62,218.19,227.62,64098,214.1291172153998,217.42799748766694,67.03884151546791,214.38520005975317,214.62080177179124,-0.23560171203806135,-2.039138604310577,1.8035368922725157,212.5045,4.890710286372706,222.28592057274543,202.7230794272546
2023-04-13,225.43,227.62,220.38,223.81,61719,215.0511060520284,217.67827209599375,60.906023506565795,215.8351692813296,215.3014831220289,0.5336861593006859,-1.5245736515883246,2.0582598108890107,213.2665,5.4055675732935375,224.07763514658708,202.45536485341293
2023-04-16,221.9,224.76,220.95,223.81,15615,215.8852864280257,217.91873201379792,60.906023506565795,217.0620663149712,215.93174363150825,1.1303226834629356,-0.9935943845780726,2.123917068041008,213.933,5.847623988917087,225.62824797783418,202.2377520221658
2023-04-17,220.95,223.81,216.67,217.24,45894,216.01430676821374,217.89211507208037,51.48635748606322,217.08944072805255,216.0286515106558,1.0607892173967457,-0.5827176641831089,1.6435068815798546,214.276,5.829412175833744,225.9348243516675,202.61717564833253
2023-04-18,217.14,222.86,217.14,222.86,33044,216.66627755219338,218.08693408886154,57.53626919305501,217.97721907758296,216.5346773246813,1.4425417529016613,-0.17766578076615486,1.6202075336678161,214.8475,6.090164525473664,227.02782905094733,202.66717094905266
2023-04-19,221.52,228.57,220.95,227.62,38472,217.70948921388924,218.460779810867,61.8730954223469,219.46072383487788,217.35581233766786,2.1049114972100256,0.2788496748290813,1.8260618223809444,215.657,6.661213813837082,228.97942762767417,202.33457237232585
2023-04-20,231.43,232.1,221.81,225.62,47590,218.46287119351882,218.74153354377418,59.14007143194588,220.40830478335823,217.96797438672948,2.4403303966287524,0.7111458191890155,1.729184577439737,215.99050000000003,6.993443150925948,229.97738630185194,202.00361369814811
2023-04-23,222.95,226.67,222.86,223.81,49216,218.97212155604083,218.94029693421442,56.699162875987454,220.93164250899542,218.4007170247495,2.530925484245927,1.0751017522003978,1.455823732045529,216.419,7.204405742685041,230.8278114853701,202.01018851462993
2023-04-24,220.0,227.62,220.0,223.81,37291,219.43287188403696,219.1312656818923,56.699162875987454,221.37446673838073,218.8014046525458,2.57306208583492,1.3746938189273024,1.1983682669076174,216.8475,7.383232693066782,231.61396538613357,202.08103461386642
2023-04-25,225.71,227.62,222.0,227.62,48939,220.21259837127153,219.4641572237789,60.662758452357004,222.3353180093991,219.4546339375424,2.8806840718566775,1.6758918695131775,1.2047922023435,217.60949999999997,7.678423957665701,232.96634791533137,202.25265208466857
2023-04-26,227.71,227.71,223.81,227.62,33751,220.91806519305518,219.78399419539542,60.662758452357004,223.14834600795308,220.05947586809484,3.088870139858244,1.9584875235821908,1.1303826162760533,218.33350000000002,7.913864765478774,234.16122953095757,202.50577046904246
2023-04-27,223.33,228.19,221.24,227.62,22462,221.5563446984785,220.09128854067404,60.662758452357004,223.8362927759603,220.6195146926804,3.216778083279877,2.210145635521728,1.006632447758149,219.09049999999996,8.047459537019796,235.18541907403954,202.99558092596038
2023-04-30,223.81,227.62,221.9,223.33,39278,221.72526425100438,220.21829683319663,53.74426496094768,223.7584015796587,220.8202913821115,2.9381101975472177,2.3557385479268262,0.5823716496203915,219.781,7.7707737879267205,235.32254757585343,204.23945242414658
2023-05-02,223.33,226.67,220.0,222.86,23939,221.8333343223373,220.3218930358164,53.030686260265504,223.62018595201891,220.9713809093625,2.64880504265642,2.414351846872745,0.23445319578367485,220.45750000000004,7.392803666580283,235.2431073331606,205.67189266683948
2023-05-03,222.86,225.62,220.95,221.71,25301,221.8215881964004,220.3763286030393,51.23807060656426,223.32631119016986,221.0260934345949,2.3002177555749483,2.391525028613186,-0.09130727303823782,221.16200000000003,6.74832657619049,234.65865315238102,207.66534684761905
2023-05-04,225.9,226.67,221.43,224.76,22148,222.10143693960035,220.54823728527305,55.53145289015541,223.5468786993745,221.30267910610638,2.244199593268121,2.362059941544173,-0.1178603482760523,222.04299999999998,5.920811733108822,233.88462346621762,210.20137653378234
2023-05-07,224.76,225.24,221.24,223.81,25325,222.26415723106697,220.67614954859567,53.93841784051126,223.58735889947073,221.48840657972812,2.098952319742608,2.3094384171838604,-0.21048609744125235,222.85250000000002,4.856128927228631,232.56475785445727,213.14024214554277
2023-05-08,220.95,224.76,220.0,222.86,34426,222.32090416144155,220.7617907427684,52.32199393579593,223.47545753032136,221.59000609234084,1.885451437980521,2.2246410213431926,-0.3391895833626717,223.567,3.508319585750649,230.58363917150132,216.5503608284987
2023-05-09,223.81,224.76,220.0,223.81,26604,222.46272281273284,220.88132836069906,53.812607900959875,223.5269256025796,221.75445008550076,1.7724755170788455,2.1342079204903235,-0.36173240341147794,223.948,3.0486711514110416,230.0453423028221,217.85065769717792
2023-05-10,228.29,228.29,220.29,223.81,32827,222.5910349258059,220.99617822890696,53.812607900959875,223.57047550987505,221.90671304213032,1.663762467744732,2.040118829941205,-0.37635636219647317,224.3005,2.5387532684109084,229.37800653682183,219.22299346317817
2023-05-11,220.95,227.33,220.0,223.81,21735,222.70712683763392,221.10652418071453,53.812607900959875,223.60732543143274,222.04769726123178,1.5596281702009662,1.9440206979931576,-0.38439252779219135,224.10999999999999,2.416563458165478,228.94312691633095,219.27687308366902
2023-05-14,225.71,225.71,221.71,225.52,28955,222.97501951976403,221.27960166382377,56.845779185774525,223.90158305736617,222.30490487151093,1.5966781858552395,1.874552195565574,-0.2778740097103345,224.19550000000004,2.4355664530742582,229.06663290614856,219.32436709385152
2023-05-15,224.76,225.14,221.33,224.76,27421,223.1450176607389,221.4160878730856,55.11343903413924,224.03364720238676,222.4867637699175,1.546883432469258,1.809018442946311,-0.262135010477053,224.243,2.436915867924196,229.1168317358484,219.3691682641516
2023-05-16,226.57,226.57,219.05,223.81,28676,223.20834931209708,221.5099667800234,52.94160445735906,223.9992399404811,222.58478126844213,1.4144586720389611,1.7301064887648412,-0.31564781672588005,224.57150000000001,1.8037950490340624,228.17909009806814,220.96390990193188
2023-05-17,220.57,225.05,220.57,225.05,33096,223.3837446157069,221.64879161217934,55.411479905465995,224.16089533425324,222.76739006337235,1.393505270880894,1.6627862451880517,-0.2692809743071578,224.68099999999998,1.7603794447351822,228.20175888947034,221.16024111052963
2023-05-18,221.9,226.19,220.57,222.86,31399,223.33386417611575,221.69628998032917,50.38202762438017,223.96075759052195,222.7742500586781,1.1865075318438585,1.5675305025192132,-0.38102297067535473,224.44299999999998,1.6610906372728598,227.7651812745457,221.12081872545426
2023-05-21,222.86,227.14,222.67,222.67,25218,223.2706390164857,221.73447468698294,49.95836192708637,223.7621794996724,222.76652783210935,0.9956516675630667,1.453154735527984,-0.45750306796491724,224.2955,1.6819208160764596,227.65934163215292,220.9316583678471
2023-05-22,220.95,222.86,220.48,220.67,25656,223.02295911015372,221.69273058161107,45.61051985442722,223.28645957664588,222.61122947417533,0.6752301024705503,1.297569808916497,-0.6223397064459468,224.13850000000002,1.8660943593149435,227.8706887186299,220.40631128137014
2023-05-23,220.76,226.67,219.62,224.76,32178,223.18839157585336,221.81301565684203,54.358427093703355,223.51315810331573,222.77039766127345,0.7427604420422824,1.1866079355416543,-0.4438474934993719,224.186,1.8693804208526055,227.92476084170522,220.4472391582948
2023-05-24,222.0,228.57,222.0,224.29,29542,223.29330666386733,221.9101522977502,53.29757235051756,223.6326722412672,222.88296079747542,0.7497114437917674,1.0992286371916768,-0.3495171933999095,224.01950000000002,1.6868078697486428,227.39311573949732,220.64588426050273
2023-05-28,224.0,228.38,223.05,223.05,61630,223.27013460064185,221.95485220764235,50.497511140708205,223.5430303579953,222.8953340717365,0.6476962862587925,1.0089221670051,-0.36122588074630757,223.79100000000003,1.4688552649753752,226.72871052995077,220.85328947004928
2023-05-30,220.0,222.86,216.19,217.14,63581,222.68631225772359,221.7660344740093,39.77258334427976,222.55794876445754,222.46901302938565,0.08893573507188535,0.8249248806184573,-0.7359891455465719,223.267,1.85069290010481,226.9683858002096,219.5656141997904
2023-05-31,217.14,217.14,209.52,210.48,76508,221.52380632841658,221.32344488679325,31.622052572505453,220.69980280069484,221.5809379901719,-0.8811351894770496,0.48371286659935586,-1.3648480560764056,222.62450000000004,3.4052860997314847,229.435072199463,215.81392780053707
2023-06-01,211.43,213.33,206.67,209.62,72745,220.390110487615,220.86448626378177,30.74586377757828,218.9952177544341,220.6949425834925,-1.6997248290583968,0.047025327467805356,-1.7467501565262022,221.9625,4.4757838184440155,230.91406763688803,213.01093236311198
2023-06-04,205.43,219.62,205.43,219.62,32332,220.3167666316517,220.81568288088837,48.58530157000494,219.09133809990578,220.6153172069375,-1.523979107031721,-0.2671755594320999,-1.256803547599621,221.858,4.506284033374422,230.87056806674886,212.84543193325115
2023-06-05,223.81,223.81,215.24,216.0,37741,219.90564600006581,220.62683257183394,44.15151938464027,218.6157476229972,220.27344185827548,-1.657694235278285,-0.545279294601337,-1.1124149406769481,221.42000000000002,4.6333061970649965,230.68661239413,212.15338760587002
2023-06-06,212.38,218.1,212.1,218.0,45046,219.72415590482146,220.52381952980127,47.02775172834748,218.52101721945917,220.10503875766247,-1.5840215382033023,-0.7530277433217301,-0.8309937948815722,221.1295,4.657645073591404,230.4447901471828,211.8142098528172
2023-06-07,217.14,218.95,213.71,218.48,38569,219.60566486626703,220.44366974431887,47.723599443161476,218.51470687800392,219.98466551635414,-1.4699586383502208,-0.8964139223274283,-0.5735447160227924,220.9105,4.674935941015965,230.26037188203193,211.5606281179681
2023-06-08,214.29,217.14,212.38,217.14,32988,219.3708396409083,220.31411406807106,45.910482160243234,218.30321351215716,219.77394955217977,-1.470736040022615,-1.0112783458664658,-0.45945769415614923,220.577,4.6950736780242766,229.96714735604854,211.18685264395145
2023-06-11,219.05,219.05,215.24,216.19,28089,219.06790253225034,220.15238410461728,44.61631639449193,217.97810374105603,219.50847180757387,-1.5303680665178376,-1.1150962899967403,-0.41527177652109737,220.19599999999997,4.727973194328284,229.65194638865654,210.7400536113434
2023-06-12,217.62,218.86,215.24,216.67,18267,218.83953086251222,220.0158200220833,45.45298098758713,217.7768570116628,219.29821463664248,-1.5213576249796859,-1.1963485569933294,-0.3250090679863564,219.839,4.710255217129661,229.2595104342593,210.41848956574069
2023-06-13,214.48,218.95,214.48,216.67,36204,218.6329088756063,219.8846113937663,45.45298098758714,217.60657131756085,219.10353207096526,-1.4969607534044087,-1.2564709962755454,-0.24048975712886334,219.39649999999997,4.5618339744555625,228.5201679489111,210.27283205108884
2023-06-14,218.95,220.86,215.71,218.1,74639,218.58215564935807,219.81462663322645,48.15885934113313,217.68248342255146,219.02919636200488,-1.3467129394534254,-1.2745193849111214,-0.07219355454230403,219.06350000000003,4.389534533526674,227.84256906705338,210.2844309329467
2023-06-15,217.14,219.05,216.19,217.14,23090,218.44480749227637,219.7097393142764,46.49149452412909,217.5990244344666,218.88925589074526,-1.2902314562786614,-1.2776617991846293,-0.012569657094032127,218.72999999999996,4.261445270028019,227.252890540056,210.20710945994392
2023-06-18,212.95,218.0,212.95,215.24,70113,218.13958773110718,219.53445541959888,43.296471466857334,217.2360975983948,218.61894063957894,-1.3828430411841452,-1.2986980475845324,-0.0841449935996128,218.2395,4.055303837013524,226.35010767402704,210.12889232597294
2023-06-19,217.14,219.52,212.95,213.05,85899,217.65486509004936,219.28016305020284,39.89335907360904,216.59208258325714,218.20642651812864,-1.6143439348714992,-1.3618272250419259,-0.2525167098295733,217.74899999999997,4.060298018615148,225.86959603723025,209.62840396276968
2023-06-20,210.95,219.52,210.95,218.1,115964,217.69725889099703,219.23388214627334,49.70951709403538,216.82406987814068,218.19854307234135,-1.3744731942006752,-1.3643564188736756,-0.010116775326999505,217.5205,3.893970338866234,225.30844067773248,209.73255932226752
2023-06-21,216.19,218.1,213.81,215.71,83469,217.5079961394735,219.09569068955676,45.8898385187486,216.65267451227288,218.01420654846422,-1.3615320361913348,-1.3637915423372076,0.0022595061458727805,217.27249999999998,3.840405509012575,224.95331101802512,209.59168898197484
2023-06-22,215.71,217.14,211.62,211.71,43989,216.95580603095223,218.80605576055456,40.30745775286815,215.89226304884627,217.547228285615,-1.6549652367687315,-1.4220262812235125,-0.23293895554521904,216.61999999999998,3.602551727225868,223.82510345445172,209.41489654554823
2023-06-25,209.71,214.29,209.71,212.38,98814,216.52001498038535,218.55405357386616,41.589185202923105,215.3519148874853,217.1644706348287,-1.8125557473433958,-1.5001321744474894,-0.3124235728959064,216.0245,3.23342327148813,222.49134654297626,209.55765345702372
2023-06-26,212.38,216.19,210.95,213.33,113243,216.21620402987247,218.3491887278322,43.44353372415385,215.04085105864138,216.88043577298953,-1.839584714348149,-1.5680226824276213,-0.27156203192052764,215.53849999999997,2.8267915139123887,221.19208302782474,209.8849169721752
2023-06-27,214.76,221.24,212.48,220.95,74083,216.6670417413132,218.45118132674074,55.61516432973321,215.94995089577347,217.1818849749903,-1.2319340792168418,-1.5008049617854655,0.2688708825686237,215.72899999999998,3.0592222953882984,221.84744459077658,209.6105554092234
2023-06-28,222.86,225.33,217.14,218.1,69435,216.80351395642623,218.43740951000584,51.17876274445474,216.28072768103908,217.24989349536142,-0.9691658143223378,-1.3944771322928402,0.42531131797050237,216.10999999999999,2.837571237217702,221.7851424744354,210.43485752556458
2023-07-02,215.24,219.05,210.95,215.24,48874,216.65460786533802,218.31202090177032,47.11694349664737,216.12061573011,217.10101249570502,-0.9803967655950316,-1.3116610589532787,0.33126429335824703,216.391,2.4065916059573254,221.20418321191465,211.57781678808533
2023-07-03,218.57,218.57,212.38,213.05,35265,216.31131187816297,218.10566714091658,44.222676453790505,215.64821331009307,216.80093749602315,-1.152724185930083,-1.2798736843486396,0.1271494984185566,216.0625,2.390987188759384,220.84447437751876,211.28052562248124
2023-07-04,213.05,215.24,209.9,215.24,50284,216.20928217548078,217.99328803735122,47.683540345529345,215.58541126238646,216.68531249631775,-1.0999012339312912,-1.24387919426517,0.14397796033387866,216.0245,2.3980616624289475,220.82062332485788,211.2283766751421
2023-07-05,214.29,214.29,211.43,212.38,33548,215.8445886349588,217.77315909471002,43.856464506226104,215.09227106817315,216.36640045955346,-1.2741293913803133,-1.2499292336881986,-0.0242001576921147,215.74349999999998,2.482187649289446,220.70787529857887,210.7791247014211
2023-07-06,210.48,212.38,209.52,211.33,33843,215.41462781258176,217.52048618903513,42.507585600614576,214.51346013460807,215.99333375884578,-1.4798736242377117,-1.2959181117981013,-0.1839555124396104,215.38600000000002,2.5802721194663643,220.54654423893274,210.2254557610673
2023-07-09,211.43,216.19,209.62,215.24,393197,215.3979965923359,217.43105535809258,48.82021047387792,214.62523549851454,215.93753125819055,-1.3122957596760045,-1.299193641373682,-0.013102118302322552,215.291,2.547057951931091,220.3851159038622,210.1968840961378
2023-07-10,215.24,218.1,211.43,213.81,339164,215.24675882163723,217.289053187187,46.79646251794699,214.49981465258924,215.77993635017643,-1.280121697587191,-1.2953792526163839,0.015257555029192904,215.17199999999997,2.5584176853283003,220.28883537065656,210.05516462934338
2023-07-11,214.29,215.14,211.52,215.05,54191,215.2280198862432,217.20124717984635,48.779236249897856,214.58445855219088,215.7258669909041,-1.1414084387132277,-1.264585089835753,0.12317665112252518,215.09099999999998,2.534023013223825,220.15904602644764,210.02295397355232
2023-07-12,214.29,217.14,211.81,212.38,50705,214.95677989707718,217.01217866298964,44.89912001123327,214.24531108262306,215.47802499157788,-1.2327139089548211,-1.2582108536595666,0.025496944704745506,214.87650000000002,2.5745746199427075,220.02564923988544,209.7273507601146
2023-07-13,215.24,215.24,211.62,213.33,43973,214.80184847830793,216.86777949973515,46.52888872795046,214.10449399298872,215.31891202923876,-1.2144180362500379,-1.249452290177661,0.03503425392762316,214.638,2.479423956862476,219.59684791372496,209.67915208627505
2023-07-16,214.29,217.05,213.33,215.24,47698,214.84357719465956,216.80394500954947,49.747158954639566,214.27918722483662,215.3130666937396,-1.033879468902967,-1.2063377259227224,0.17245825701975548,214.54299999999998,2.4140511920552865,219.37110238411054,209.7148976158894
2023-07-17,218.0,224.76,214.38,222.86,76129,215.60704603326343,217.04143736211617,60.0720711661403,215.59931226716947,215.87209879049962,-0.2727865233301543,-1.0196274854042089,0.7468409620740546,214.92400000000004,3.047938734011027,221.0198774680221,208.82812253197798
2023-07-18,223.71,226.48,220.95,224.38,65540,216.4425654586669,217.32922413222929,61.75986153463614,216.95018730298955,216.50231369490706,0.44787360808248877,-0.7261272667068694,1.1740008747893582,215.49050000000003,3.6706108411731107,222.83172168234626,208.1492783176538
2023-07-19,222.86,233.14,221.9,230.48,126285,217.7794639864129,217.84494083292617,67.66678727871634,219.03169694868345,217.53769786565468,1.4939990830287684,-0.28210199675974196,1.7761010797885104,216.10950000000003,4.953503252613606,226.01650650522723,206.20249349477282
2023-07-20,233.33,234.29,227.81,228.19,97009,218.77094360675454,218.25062942771336,63.689385664117616,220.440666648886,218.3267572830136,2.1139093658724164,0.1971002757666897,1.9168090901057266,216.7335,5.6391397953543,228.01177959070858,205.4552204092914
2023-07-23,231.33,239.9,228.57,239.9,124235,220.78323469182553,219.09962435211676,72.5686527920459,223.4344102413651,219.92477526204962,3.5096349793154786,0.8596072164764476,2.650027762839031,218.14299999999997,7.52509982448015,233.19319964896027,203.09280035103967
2023-07-24,239.9,240.0,228.76,231.43,178398,221.7972123402231,219.583168495171,60.9573533292543,224.66450097346276,220.77701413152744,3.8874868419353277,1.4651831415682237,2.422303700367104,219.0955,7.950844030003616,234.9971880600072,203.19381193999277
2023-07-25,229.52,229.52,225.24,225.33,48038,222.1336683078209,219.80853443653686,54.22781902463899,224.76688543908386,221.1142723440069,3.6526130950769584,1.9026691322699707,1.7499439628069877,219.69549999999998,7.945639303878518,235.58677860775703,203.80422139224294
2023-07-26,225.43,228.57,224.0,225.71,47892,222.47427132612367,220.03996445863345,54.56432619824519,224.91197998691712,221.45469661482122,3.457283372095901,2.2135919802351567,1.2436913918607444,219.9335,8.0557206054862,236.0449412109724,203.8220587890276
2023-07-27,226.67,226.67,221.43,222.0,49882,222.4291026283976,220.1168285975106,50.64924567683719,224.46398306585294,221.4950894581678,2.968893607685146,2.3646523057251545,0.6042413019599917,220.12849999999997,8.056204718951415,236.24090943790281,204.01609056209713
2023-07-30,222.86,224.67,219.14,220.95,52688,222.28823571140737,220.1495019858435,49.56529463531196,223.92337028649095,221.4547124612665,2.4686578252244544,2.3854534096250144,0.08320441559944003,220.414,7.974609312322545,236.36321862464507,204.4647813753549
2023-07-31,224.67,226.38,219.14,223.71,94668,222.42364183413048,220.2891293589477,52.44618365180939,223.89054408856924,221.621770797469,2.2687732911002456,2.362117385920061,-0.0933440948198152,220.94699999999997,7.81108126486256,236.5691625297251,205.32483747027484
2023-08-01,228.1,228.1,220.95,222.38,23606,222.4194854689752,220.37112428604777,50.936272332583485,223.65815269032782,221.67793592358242,1.9802167667454,2.285737262085129,-0.3055204953397288,221.304,7.698877156680411,236.70175431336082,205.90624568663918
2023-08-02,221.05,226.48,220.95,224.95,47315,222.66048685288234,220.55068803953608,53.70956062463176,223.8568984302774,221.92031104035408,1.936587389923318,2.215907287652767,-0.2793198977294491,221.93249999999998,7.440772367236084,236.81404473447213,207.05095526552782
2023-08-03,227.62,231.43,224.76,227.62,62826,223.1328214383221,220.8279159595543,56.46288241156658,224.43583713331165,222.34251022255006,2.09332691076159,2.1913912122745316,-0.09806430151294165,222.747,7.10301351910605,236.95302703821213,208.5409729617879
2023-08-06,228.57,231.43,218.57,220.0,81590,222.83445749181524,220.79544866702275,47.736323418818685,223.7534006512637,222.16899094680562,1.5844097044580678,2.0699949107112388,-0.4855852062531709,222.98500000000004,6.915510027997953,236.81602005599595,209.15397994400413
2023-08-07,218.19,220.0,215.62,217.9,33296,222.36450915926142,220.68190166047285,45.64269193187357,222.8528774741462,221.8527693951904,1.0001080789558046,1.856017544360152,-0.8559094654043475,223.1895,6.686598911253156,236.56269782250632,209.8163021774937
2023-08-08,215.52,218.1,214.29,216.19,25710,221.77646066790317,220.5057486541798,43.952273882139785,221.82781940120063,221.43330499554665,0.3945144056539789,1.5637169166189175,-1.1692025109649387,223.24649999999997,6.618069582587654,236.48263916517527,210.01036083482467
2023-08-09,212.38,218.1,210.86,217.24,36060,221.34441679476953,220.3776800795061,45.29210707014054,221.12200103178515,221.12268981069136,-0.0006887789062091088,1.2508357775138923,-1.2515245564201014,223.4895,6.278594776571668,236.04668955314332,210.93231044685666
2023-08-10,217.33,218.1,213.05,215.24,21931,220.76304376669623,220.17620242932938,43.174964510377436,220.21707779612586,220.6869350098994,-0.46985721377353684,0.9066971792564065,-1.3765543930299433,223.58499999999998,6.128667323151646,235.84233464630327,211.3276653536967
2023-08-13,215.24,219.05,213.33,217.14,20552,220.41799197939184,220.05713566739487,45.76847314292958,219.74368121210648,220.42419908324018,-0.6805178711337021,0.5892541691783848,-1.269772040312087,223.68,6.006002260894247,235.6920045217885,211.6679954782115
2023-08-14,219.05,219.43,215.52,219.33,21616,220.31437369564023,220.0286205431833,48.67612634536369,219.6800379487055,220.34314729929648,-0.663109350590986,0.33878146522451064,-1.0018908158154967,223.50350000000003,6.082746328321514,235.66899265664307,211.338007343357
2023-08-15,219.62,221.43,215.05,215.24,19589,219.83110001034115,219.84083150227417,43.938115234219076,218.99695518736615,219.96513638823748,-0.968181200871328,0.07738893200534291,-1.0455701328766709,223.0465,6.350865896202724,235.74823179240545,210.34476820759457
2023-08-16,215.24,218.1,212.0,216.19,40284,219.48432858078485,219.6976616394399,45.27067033091378,218.56511592777136,219.68549665577544,-1.1203807280040792,-0.16216499999654152,-0.9582157280075376,222.33199999999997,6.273926496555584,234.87985299311114,209.7841470068888
2023-08-17,216.19,216.19,213.43,215.24,33630,219.08010681118628,219.52285137906972,44.14076509730891,218.05355963119115,219.35620060719947,-1.3026409760083197,-0.3902601951988972,-0.9123807808094225,221.6845,6.305703746356441,234.2959074927129,209.07309250728713
2023-08-20,213.33,214.95,212.38,213.33,17213,218.53247759107333,219.27999446224348,41.87767372329009,217.32685814946942,218.90981537703652,-1.5829572275671069,-0.6287996016725392,-0.9541576258945677,220.35600000000005,4.910628001426325,230.1772560028527,210.53474399714742
2023-08-21,211.9,217.14,211.9,212.38,37128,217.94652734430443,219.00940644411628,40.75835491642098,216.56580304955105,218.42612534910788,-1.8603222995568274,-0.875104141249397,-0.9852181583074304,219.40350000000004,4.478069691046111,228.35963938209227,210.4473606179078
2023-08-22,211.43,217.05,210.57,217.05,38096,217.861143787704,218.93256697571957,48.10182450828095,216.64029488808166,218.32419013806285,-1.683895249981191,-1.0368623629957558,-0.6470328869854352,218.9895,4.279674698652549,227.5488493973051,210.43015060269488
2023-08-23,216.19,218.76,214.48,215.24,20675,217.6115110460179,218.78776042765213,45.735501563828834,216.42486490529984,218.09573160931745,-1.6708667040176124,-1.1636632312001272,-0.5072034728174852,218.46600000000004,4.048451815846896,226.5629036316938,210.36909636830626
2023-08-24,217.14,219.05,214.29,215.24,52219,217.38565285115905,218.64863256774422,45.735501563828834,216.2425779967922,217.8841959345532,-1.6416179377609978,-1.2592541725123012,-0.38236376524869664,218.12800000000001,4.01996543582578,226.16793087165158,210.08806912834845
2023-08-27,215.33,215.71,212.57,212.57,14027,216.92701924628676,218.41025481998955,42.18512921740741,215.67756599728568,217.49055179125295,-1.8129857939672718,-1.3700004968032955,-0.4429852971639763,217.709,4.145122561831231,225.99924512366246,209.41875487633754
2023-08-28,212.57,215.24,212.38,213.33,17317,216.58444598473565,218.2110291407743,43.528925760807475,215.31640199770325,217.18236276967866,-1.8659607719754092,-1.4691925518377182,-0.396768220137691,217.19,4.001547069239477,225.19309413847895,209.18690586152104
2023-08-29,214.29,214.29,210.48,213.33,17626,216.27449874809417,218.01961623329296,43.528925760807475,215.01080169036427,216.89700256451727,-1.8862008741529905,-1.5525942163007729,-0.33360665785221766,216.7375,3.8940141310223986,224.52552826204482,208.9494717379552
2023-08-30,217.43,217.43,211.43,212.38,22627,215.90359410541853,217.79845481237953,42.110003451401305,214.60606296876978,216.5624097819604,-1.9563468131906347,-1.6333447356787454,-0.32300207751188936,216.109,3.4924428187267047,223.0938856374534,209.1241143625466
2023-09-03,211.62,212.86,210.76,210.76,21914,215.41372800014057,217.52243697659995,39.73156233951483,214.0143609735744,216.13260164996333,-2.118240676388922,-1.7303239238207808,-0.38791675256814107,215.266,2.445637146553413,220.1572742931068,210.37472570689317
2023-09-04,210.48,213.33,207.71,209.62,26587,214.86194438107955,217.21253748732153,38.10070973326413,213.33830543917833,215.650186712929,-2.3118812737506858,-1.846635393806762,-0.46524587994392386,214.747,2.489145065653066,219.72529013130614,209.7687098686939
2023-09-05,209.52,211.43,208.95,209.05,18538,214.3084258685958,216.89243797801478,37.27681346220601,212.6785661408432,215.16128399345277,-2.482717852609568,-1.9738518855673233,-0.5088659670422446,214.30450000000002,2.6785629984774113,219.66162599695485,208.94737400304518
2023-09-07,209.52,209.52,205.71,206.67,33962,213.58095673825335,216.4915580573083,33.97338381655911,211.75417134994424,214.53229999393773,-2.778128643993483,-2.1347072372525555,-0.6434214067409276,213.8285,3.1331693639393383,220.09483872787868,207.5621612721213
2023-09-10,205.81,208.57,205.43,205.71,34177,212.83134181080064,216.0687518589825,32.71405366215825,210.8242988345682,213.87879629068308,-3.0544974561148877,-2.318665281025022,-0.7358321750898655,213.252,3.5104574600637757,220.27291492012756,206.23108507987246
2023-09-11,208.57,210.86,206.67,209.52,29684,212.5159759240577,215.81193806059105,41.91629344735477,210.62363747540388,213.55592249137322,-2.9322850159693417,-2.441389228013886,-0.49089578795545563,212.96599999999998,3.572428629904238,220.11085725980845,205.8211427401915
2023-09-12,212.38,212.38,208.57,209.43,14278,212.2220734550998,215.56166597978356,41.77096657641857,210.44000094072635,213.25029860312335,-2.810297662397005,-2.51517091489051,-0.29512674750649515,212.58050000000003,3.513818548167169,219.60813709633436,205.5528629036657
2023-09-13,208.67,210.48,206.67,208.48,60115,211.86568550699505,215.2839535884195,40.187110865519465,210.13846233446074,212.89694315104012,-2.758480816579379,-2.5638328952282836,-0.1946479213510952,212.038,3.244134139606339,218.5262682792127,205.54973172078732
2023-09-17,207.62,211.24,205.71,207.43,42264,211.4432392682336,214.9759554084815,38.45168202957348,209.7217758214668,212.49198439911123,-2.770208577644439,-2.6051080317115147,-0.16510054593292445,211.64749999999998,3.307843748294005,218.263187496588,205.03181250341197
2023-09-18,206.67,208.48,205.43,205.71,19124,210.8972164807828,214.6125846081489,35.72977005102233,209.10457954124115,211.98961518436226,-2.885035643121114,-2.661093553993435,-0.2239420891276791,211.1235,3.3796827552723894,217.88286551054478,204.36413448945524
2023-09-19,205.71,206.67,205.62,205.9,23680,210.42129110166061,214.2709146235156,36.266476116743505,208.61156730412714,211.5385325781132,-2.9269652739860703,-2.714267897991962,-0.2126973759941082,210.6565,3.425910981418126,217.50832196283625,203.80467803716374
2023-09-21,210.0,210.48,207.71,208.57,53318,210.2449776634072,214.04734934416206,43.41724998947886,208.6051723342614,211.31864127603075,-2.7134689417693494,-2.7141081067474397,0.0006391649780903563,210.4185,3.3956121454128083,217.20972429082562,203.62727570917437
2023-09-24,208.57,210.48,207.62,207.62,23695,209.99497979070176,213.79529642870475,41.62761813147081,208.45360735975964,211.04466784817663,-2.5910604884169857,-2.689498583081349,0.09843809466436326,210.1805,3.4176376497857186,217.01577529957143,203.34522470042856
2023-09-25,208.57,210.38,206.76,206.76,20532,209.68688647730158,213.51940245110848,40.019447922852294,208.19305238133506,210.727285044608,-2.5342326632729453,-2.6584453991196684,0.1242127358467231,209.666,3.0876688532512797,215.84133770650254,203.49066229349745
2023-09-26,210.38,210.38,207.14,207.33,25539,209.46242109851096,213.27668078635912,41.62901312531583,208.06027509189892,210.47563430056297,-2.415359208664057,-2.6098281610285463,0.19446895236448913,209.2705,2.832139743424644,214.9347794868493,203.6062205131507
2023-09-27,207.62,209.05,206.67,206.86,12362,209.21457147008132,213.02504624571762,40.66012308809695,207.87561738545293,210.20780953755832,-2.3321921521053923,-2.5543009592439154,0.2221088071385231,208.8515,2.503299454293137,213.85809890858627,203.8449010914137
2023-10-01,206.76,207.62,204.86,206.0,28295,208.90842180626404,212.74955423608162,38.87709785543528,207.587060864614,209.89611994218365,-2.309059077569657,-2.5052525829090637,0.19619350533940683,208.523,2.4193215664881795,213.36164313297635,203.68435686702364
2023-10-02,206.67,206.67,205.14,205.33,20886,208.56761972947697,212.45859132486274,37.4975011085356,207.23982073159644,209.55788883535524,-2.3180681037588045,-2.467815687079012,0.14974758332020777,208.123,2.2372118455959367,212.59742369119186,203.64857630880812
2023-10-03,204.95,206.19,204.76,204.86,22558,208.21451308857442,212.1606073513387,36.51850919969551,206.873694465197,209.20989706977338,-2.3362026045763855,-2.441493070578487,0.10529046600210146,207.6995,1.987387798877554,211.6742755977551,203.7247244022449
2023-10-04,204.86,206.67,204.76,205.71,28315,207.97598803251972,211.90764235716856,39.59028364806705,206.69466454747436,208.95064543497534,-2.255980887500982,-2.4043906339629864,0.14840974646200422,207.36600000000004,1.699397416414662,210.76479483282935,203.96720516717073
2023-10-05,207.62,207.62,204.38,204.76,14466,207.66970345799405,211.62734265688744,37.41139293492655,206.39702384786293,208.6402272546068,-2.2432034067438735,-2.372153188519164,0.12894978177529026,207.06599999999997,1.5951089716845053,210.256217943369,203.87578205663095
2023-10-08,204.76,206.67,201.9,201.9,36655,207.12020789056604,211.24587823897028,31.746742495532786,205.7051740251148,208.14095116167294,-2.4357771365581584,-2.384877978126963,-0.050899158431195524,206.68,1.8571030070830203,210.39420601416606,202.96579398583395
2023-10-09,204.76,204.76,201.05,202.0,39214,206.63256904384548,210.8832947786185,32.133681205684155,205.1351472520202,207.6860658904379,-2.5509186384176985,-2.41808611018511,-0.1328325282325884,206.32750000000001,2.043322565145444,210.4141451302909,202.24085486970912
2023-10-10,200.95,202.38,199.33,199.33,40439,205.93708627776496,210.43022439514328,27.629750466574023,204.24204767478633,207.06709804670174,-2.8250503719154096,-2.49947896253117,-0.32557140938423945,205.9605,2.5698873106506115,211.10027462130122,200.82072537869877
2023-10-11,199.05,201.9,198.67,201.9,25549,205.55260187035879,210.09570579141217,36.810583938681084,203.88173264789614,206.68435004324235,-2.8026173953462035,-2.560106649094177,-0.24251074625202662,205.76999999999998,2.725910760397986,211.22182152079594,200.31817847920402
2023-10-12,203.81,203.81,198.1,198.76,40038,204.90568740651509,209.651168309396,31.545132581832547,203.09377377898903,206.09736115115032,-3.0035873721612916,-2.6488027937076,-0.3547845784536916,205.23200000000003,2.995346566359362,211.22269313271875,199.2413068672813
2023-10-16,197.14,198.95,196.19,196.95,25722,204.1480028916089,209.15308327765499,28.972474351270094,202.14857781299074,205.4197788436577,-3.2712010306669583,-2.773282441099472,-0.49791858956748625,204.608,3.3533229395349435,211.3146458790699,197.9013541209301
2023-10-17,197.14,200.0,197.14,198.57,21092,203.61676452097947,208.73806040402147,34.148943262158156,201.59802738022293,204.91238781820155,-3.314360437978621,-2.881498040475302,-0.43286239750331923,204.1125,3.4808149000471373,211.07412980009428,197.15087019990574
2023-10-18,200.86,202.67,199.05,201.9,20709,203.45326313802906,208.4699011724912,43.29696397933048,201.6444847063425,204.68924797981626,-3.0447632734737624,-2.9141510870749943,-0.13061218639876815,203.836,3.4225696717326004,210.68113934346522,196.9908606565348
2023-10-19,204.67,204.67,191.33,199.05,46766,203.03390474393106,208.1004932833739,38.38243175462241,201.24533321305904,204.27152590723728,-3.026192694178235,-2.9365594084956426,-0.08963328568259232,203.50300000000001,3.552181094241227,210.60736218848245,196.39863781151757
2023-10-29,197.52,200.0,196.19,196.67,15376,202.4278185778424,207.65223864481024,34.82725818424761,200.54143579566534,203.70844991410857,-3.167014118443234,-2.982650350485161,-0.18436376795807297,203.04149999999998,3.8142837845973956,210.67006756919477,195.4129324308052
2023-10-30,194.29,198.48,194.29,197.14,18675,201.92421680852408,207.23999399207258,36.08626506528807,200.01813798094759,203.22189806861903,-3.2037600876714407,-3.026872297922417,-0.17688778974902375,202.47,3.7985980793432086,210.06719615868641,194.87280384131358
2023-10-31,200.0,200.0,196.0,196.19,10621,201.37810092199797,206.80666089434425,34.6300495457279,199.42919367618643,202.70101673020278,-3.2718230540163518,-3.075862449141204,-0.19596060487514766,201.89849999999998,3.8425680489088374,209.58363609781765,194.21336390218232
2023-11-01,193.33,198.95,193.33,198.1,21930,201.06590083418865,206.46522321221312,39.882690345179014,199.2247023413885,202.3602006761137,-3.1354983347251846,-3.0877896262580005,-0.04770870846718411,201.46550000000002,3.7527947129923596,208.97108942598473,193.9599105740153
2023-11-02,195.24,197.14,195.24,195.62,12966,200.547243611885,206.03992034114594,35.85419788672303,198.67013275040568,201.8609265519571,-3.190793801551422,-3.108390461316685,-0.08240334023473705,200.88,3.7028239578903066,208.2856479157806,193.4743520842194
2023-11-05,192.48,196.0,192.48,193.33,41623,199.85988707741976,205.54149209247356,32.58155648134928,197.8485738657279,201.22900606662697,-3.3804322008990653,-3.1627988092331614,-0.2176333916659039,200.20350000000002,3.7877660059404232,207.77903201188087,192.62796798811917
2023-11-06,191.9,196.1,191.62,196.1,28527,199.50180259385596,205.17123750061185,39.74586435400767,197.57956250176977,200.84907969132126,-3.269517189551493,-3.184142485296828,-0.08537470425466509,199.70850000000002,3.6341585212897676,206.97681704257954,192.4401829574205
2023-11-07,194.29,200.0,193.33,197.33,21004,199.29496425158396,204.86373799078396,42.659702895231405,197.54116827072826,200.58840712159378,-3.0472388508655115,-3.156761758410565,0.10952290754505345,199.30849999999998,3.4166084676211925,206.14171693524236,192.4752830647576
2023-11-08,196.19,199.71,196.19,197.71,6277,199.14401527524262,204.58319924604734,43.56766929749395,197.56714238292392,200.3751917792535,-2.8080493963295794,-3.087019285994368,0.27896988966478853,198.951,3.1703476482074366,205.29169529641487,192.61030470358511
2023-11-09,195.71,196.67,194.76,195.33,15797,198.7807757252195,204.2203286873788,39.36348780900765,197.22296663170488,200.0014738696792,-2.77850723797431,-3.0253168763903564,0.24680963841604653,198.43200000000002,2.8378208837749113,204.10764176754984,192.7563582324502
2023-11-20,198.1,199.71,195.62,197.14,16861,198.62451137043672,203.94266873885414,43.8047180079682,197.2102025345195,199.78951284229552,-2.5793103077760122,-2.9361155626674877,0.3568052548914755,198.051,2.42502067272132,202.90104134544262,193.20095865455735
2023-11-21,195.43,198.86,194.48,194.76,16966,198.25646266849037,203.5825640824285,39.688341526204496,196.8332482984396,199.41695633545882,-2.583708037019221,-2.8656340575378345,0.2819260205186134,197.694,2.3530571380025207,202.40011427600504,192.98788572399494
2023-11-22,194.76,197.14,194.48,194.57,10209,197.90537098577698,203.22913019684307,39.37027063422462,196.48505625252582,199.05792253283227,-2.5728662803064424,-2.8070805020915564,0.23421422178511397,197.3225,2.22022017636689,201.76294035273378,192.8820596472662
2023-11-23,194.76,196.19,192.86,195.24,7964,197.6515261299887,202.91583097343747,41.161008755985975,196.29350913675262,198.77511345632615,-2.4816043195735347,-2.741985265587952,0.2603809460144175,197.118,2.2139333893771957,201.54586677875437,192.69013322124562
2023-11-26,198.1,199.9,195.14,198.95,22763,197.775190308085,202.76030819016543,49.97232104799176,196.70220003879066,198.7880680151168,-2.085867976326142,-2.6107618077355905,0.5248938314094485,196.9705,1.9625720905214905,200.89564418104297,193.045355818957
2023-11-27,199.05,200.86,196.19,197.14,16144,197.7146959930293,202.53990394741385,46.32728697948209,196.76955387897672,198.6659889028859,-1.8964350239091914,-2.4678964509703105,0.5714614270611191,196.8895,1.9177466903604892,200.72499338072097,193.05400661927902
2023-11-28,194.95,197.9,194.95,195.24,20011,197.47901066035985,202.25363320437802,42.79823812460326,196.5342378975957,198.4122119471166,-1.8779740495209012,-2.3499119706804286,0.4719379211595274,196.80400000000003,1.9527077017281897,200.7094154034564,192.89858459654366
2023-11-29,195.24,197.14,192.57,194.57,13075,197.20196202603987,201.95231425518674,41.594956290506985,196.23204745181175,198.12760365473758,-1.8955562029258317,-2.259040817129509,0.3634846142036774,196.60399999999998,1.967101527888209,200.5382030557764,192.66979694422358
2023-11-30,190.76,190.76,186.67,189.05,60404,196.42558469022657,201.4463411471402,33.29050700517354,195.12711707460994,197.45518856920148,-2.3280714945915406,-2.2728469526219155,-0.05522454196962512,195.9615,2.227571902075151,200.4166438041503,191.5063561958497
2023-12-03,187.71,187.71,185.9,186.76,36956,195.5050528149669,200.87040620019351,30.564260363808543,193.83986829390074,196.66295237889025,-2.8230840849895174,-2.3828943790954358,-0.4401897058940816,195.347,2.9186877007833547,201.1843754015667,189.5096245984333
2023-12-04,187.62,187.62,185.62,185.71,40730,194.5721906421129,200.27588046685258,29.37635684357211,192.58911932560832,195.8516225730465,-3.2625032474381896,-2.5588161527639866,-0.7036870946742031,194.799,3.6053423809920675,202.00968476198415,187.58831523801587
2023-12-05,185.71,186.1,185.24,185.43,26490,193.70150581905452,199.69368907599562,29.052093299852572,191.48771635243781,195.07965053059863,-3.5919341781608125,-2.7654397578433523,-0.8264944203174602,194.2135,4.119357736087216,202.45221547217443,185.9747845278256
2023-12-06,185.71,185.71,184.76,185.05,39066,192.87755288390645,199.11942675928992,28.590842229286167,190.49729845206275,194.336713454258,-3.8394150021952385,-2.98023480671373,-0.8591801954815086,193.6565,4.5668787855681,202.79025757113618,184.5227424288638
2023-12-07,183.9,187.62,183.81,186.86,60864,192.3044526092487,198.6386649255923,33.968472759623,189.93771407482234,193.78288282801665,-3.845168753194315,-3.153221596009847,-0.691947157184468,193.09449999999998,4.681442057401614,202.4573841148032,183.73161588519676
2023-12-10,190.57,198.19,190.57,198.1,2445,192.856409503606,198.6175408108632,56.08518363765249,191.1934503710035,194.1026692852006,-2.9092189141970834,-3.1044210596472945,0.19520214545021108,193.2185,4.783587373286006,202.78567474657203,183.65132525342798
2023-12-11,201.9,204.76,190.86,201.43,115415,193.67294193183398,198.72783332808427,60.32501493213471,192.76830416007988,194.64543452333388,-1.8771303632539968,-2.8589629203686355,0.9818325571146387,193.6235,5.124283030718939,203.8720660614379,183.37493393856212
2023-12-12,200.0,200.95,197.33,198.1,57875,194.09456650975457,198.70321241325746,54.64354094405297,193.58856505852913,194.90132826234617,-1.3127632038170418,-2.549722977058317,1.2369597732412752,193.7235,5.194193392622836,204.11188678524567,183.33511321475433
2023-12-13,198.1,201.14,198.1,199.24,100545,194.58460779453986,198.72426290685522,56.16557442360035,194.45801658798618,195.22271135402423,-0.7646947660380476,-2.192717334854263,1.4280225688162154,193.81900000000002,5.280828184646442,204.3806563692929,183.25734363070714
2023-12-14,200.0,200.95,196.19,198.29,74281,194.93750229029797,198.70723298893932,54.52357564500945,195.04755249752677,195.4499179203928,-0.4023654228660405,-1.8346469524566185,1.432281529590578,193.848,5.304858349214418,204.45771669842884,183.2382833015712
2023-12-17,194.38,194.38,183.33,193.33,81185,194.7844068340791,198.49636110702016,46.82632765248606,194.78331365175342,195.29288696332668,-0.5095733115732628,-1.5696322242799474,1.0600589127066846,193.748,5.294291463947737,204.33658292789548,183.1594170721045
2023-12-18,193.33,199.05,193.33,199.05,75100,195.19065380226206,198.51807243615664,54.75842291505444,195.43972693609905,195.57119163270988,-0.13146469661083415,-1.281998718746125,1.1505340221352909,193.8435,5.375304422220727,204.59410884444145,183.09289115555856
2023-12-19,200.0,204.0,198.86,204.0,68768,196.02963915442757,198.73304998767992,60.280348493090465,196.75669202285303,196.1955478080647,0.5611442147883281,-0.9133701320392345,1.4745143468275625,194.3055,5.835597182264306,205.9766943645286,182.63430563547138
2023-12-20,200.0,206.57,200.0,202.86,58663,196.68014971114874,198.89489116463366,58.50917492232043,197.69566248087565,196.68921093339324,1.0064515474824134,-0.529405796134905,1.5358573436173184,194.72,6.141759562721648,207.0035191254433,182.4364808745567
2023-12-21,202.86,204.76,198.95,198.95,66169,196.89632592913458,198.89705229543236,52.78096072715093,197.88863748381786,196.8566767901789,1.0319606936389505,-0.21713249818013391,1.2490931918190844,194.90550000000002,6.2138948502926405,207.3332897005853,182.47771029941472
2023-12-24,199.05,203.81,199.05,199.14,67715,197.1100091739789,198.9065796563958,53.02164880159692,198.08115479399973,197.02581184275823,1.0553429512414993,0.03736259170419273,1.0179803595373067,194.91500000000002,6.220545330635683,207.3560906612714,182.47390933872865
2023-12-27,199.05,202.86,195.24,196.19,32083,197.02238925264757,198.80004712085085,48.857539539417886,197.79020790261515,196.96389985440575,0.8263080482093983,0.19515168300523386,0.6311563652041644,194.8675,6.206271764150632,207.28004352830126,182.45495647169875
2023-12-28,194.29,196.0,193.33,194.0,43116,196.73454265715733,198.61180997885668,45.97111187798212,197.2070989945205,196.74435171704238,0.4627472774781154,0.24867080189981017,0.21407647557830523,194.8055,6.208547991105633,207.22259598221126,182.38840401778873
2024-01-01,194.0,195.24,192.38,192.86,35429,196.36553859457092,198.38624880321524,44.49741130748888,196.53831453382503,196.45662196022442,0.08169257360060556,0.21527515623996923,-0.13358258263936368,194.72,6.223717792273503,207.167435584547,182.272564415453
2024-01-02,192.38,192.38,190.67,190.67,26890,195.82310634746892,198.08365081093228,41.72986336276646,195.63549691323658,196.02798329650412,-0.3924863832675385,0.0937228483384677,-0.48620923160600615,194.801,6.156216284970459,207.1134325699409,182.48856743005908
2024-01-03,190.48,192.29,190.19,191.43,30974,195.40471526675762,197.82272332815063,43.05353820168249,194.98849738812325,195.68739194120752,-0.6988945530842727,-0.06480063194608039,-0.6340939211381923,195.0345,5.919177107634646,206.8728542152693,183.1961457847307
2024-01-04,191.43,192.38,186.86,188.19,76900,194.71759952706643,197.44496947214472,38.98745496702785,193.94257471302737,195.13202957519215,-1.18945486216478,-0.28973147798982035,-0.8997233841749597,195.1585,5.736723138551155,206.63194627710232,183.6850537228977
2024-01-07,187.62,189.05,185.81,186.19,102281,193.90544719115536,197.00359812029592,36.684329134394616,192.74987091102315,194.4696570140668,-1.7197861030436457,-0.5757424030005854,-1.1440437000430603,195.1965,5.671030979318331,206.53856195863665,183.85443804136332
2024-01-08,187.62,189.81,185.33,187.71,64697,193.3154046015215,196.63914329204903,39.60441901619167,191.97450615548115,193.96894167969148,-1.9944355242103313,-0.8594810272425346,-1.1349544969677967,195.3295,5.447325248999575,206.22415049799915,184.43484950200084
2024-01-09,191.33,191.33,186.76,187.24,56073,192.73679463947184,196.27054943745887,39.00538901509004,191.24612059309945,193.4705015552699,-2.224380962170443,-1.1324610142281162,-1.0919199479423267,195.3485,5.4168064732264805,206.18211294645297,184.51488705354703
2024-01-10,190.95,194.76,188.29,190.0,46642,192.47614753095073,196.02464553795068,44.33038239901188,191.05440973262262,193.21342736599064,-2.1590176333680233,-1.3377723380560975,-0.8212452953119258,194.9435,5.502388261374738,205.94827652274947,183.93872347725053
2024-01-11,190.0,192.19,188.57,189.52,27103,192.1946096708602,195.76956139920753,43.6171973960311,190.8183466968345,192.93984015369503,-2.12149345686052,-1.4945165618169822,-0.6269768950435379,194.348,5.407093391771162,205.16218678354232,183.5338132164577
2024-01-14,190.48,193.33,189.52,191.9,45910,192.16655160696874,195.61781389335627,48.077617265624504,190.98475489732152,192.86281495712504,-1.8780600598035164,-1.5712252614142892,-0.3068347983892272,194.03799999999998,5.358169954669666,204.7543399093393,183.32166009066066
2024-01-16,192.38,196.57,192.38,196.1,77569,192.5411657396384,195.63672315244034,54.863603617059745,191.771715682349,193.10260644178243,-1.33089075943343,-1.5231583610181176,0.1922676015846876,193.88100000000003,5.242477216773367,204.36595443354676,183.3960455664533
2024-01-17,200.0,203.81,194.29,199.14,89869,193.1696261453871,195.774106558227,59.03673370437661,192.90529788506453,193.54982077942816,-0.6445228943636323,-1.3474312676872207,0.7029083733235884,193.92350000000002,5.283387345451027,204.49027469090208,183.35672530909795
2024-01-18,198.1,199.05,195.33,198.1,42137,193.63918556011214,195.86531806574754,57.092023404109064,193.70448282582382,193.8868710920631,-0.18238826623928617,-1.1144226673976338,0.9320344011583477,194.162,5.362259539446775,204.88651907889357,183.43748092110644
2024-01-21,198.1,198.1,188.67,188.67,102264,193.16592979248242,195.5831487298359,43.19724368263627,192.9299470064663,193.50043619635474,-0.5704891898884341,-1.005635971895794,0.4351467820073598,193.643,5.366587762302316,204.37617552460463,182.90982447539537
2024-01-22,188.67,191.43,184.76,186.57,99015,192.53774600272217,195.22969191690115,40.81498894364237,191.95149362085613,192.9870705521803,-1.0355769313241865,-1.0116241637814725,-0.023952767542714026,192.7715,4.998813832981623,202.76912766596325,182.77387233403675
2024-01-23,186.67,188.48,185.71,187.33,28254,192.0417701929391,194.91990007702267,42.06032678662029,191.24049460226286,192.56802828905583,-1.3275336867929752,-1.074806068383773,-0.2527276184092022,191.995,4.533777906473708,201.0625558129474,182.9274441870526
2024-01-24,187.62,188.57,185.9,187.62,44157,191.62064922218303,194.63362948576687,42.55701237743738,190.68349543268394,192.2015076750517,-1.518012242367746,-1.1634473031805677,-0.35456493918717835,191.4285,4.321901719573216,200.07230343914645,182.78469656085358
2024-01-25,186.76,189.52,184.86,188.1,59418,191.28534929626085,194.37740872161916,43.421551157848896,190.2860345968864,191.89769229171452,-1.611657694828125,-1.2530893815100792,-0.35856831331804573,190.87650000000002,3.9763475372265416,198.8291950744531,182.92380492554693
2024-01-28,191.43,191.43,185.71,186.67,35363,190.8457922204265,194.0751573992027,41.42144877223179,189.7297215819808,191.51045582566158,-1.7807342436807687,-1.3586183539442174,-0.42211588973655134,190.40050000000002,3.875328814567598,198.1511576291352,182.64984237086483
2024-01-29,186.67,202.86,184.95,188.0,39031,190.5747643899097,193.8369159325673,44.00488259134814,189.4636105693684,191.25042206079775,-1.7868114914293471,-1.4442569814412434,-0.3425545099881038,190.1005,3.813765199899587,197.7280303997992,182.47296960020083
2024-01-30,186.67,191.33,184.67,186.67,70800,190.20288206706115,193.55586040579996,42.00965469077084,189.0338243279271,190.9111315377757,-1.8773072098485954,-1.5308670271227138,-0.3464401827258816,189.791,3.829174570935861,197.44934914187172,182.13265085812827
2024-01-31,188.57,188.57,183.05,185.71,69374,189.77498853686487,193.24817960557252,40.57943766889818,188.52246673901524,190.52586253497748,-2.003395795962234,-1.625372780890618,-0.3780230150716162,189.543,3.928578288437934,197.40015657687587,181.68584342312414
2024-02-01,183.81,184.76,182.86,183.33,39663,189.16118010478252,192.85923138574614,37.19827518840023,187.72362570224365,189.9928356805347,-2.269209978291059,-1.7541402203707064,-0.5150697579203525,189.138,4.1358568131539615,197.40971362630793,180.86628637369208
2024-02-04,182.86,183.81,180.1,181.9,37772,188.4696391424223,192.42945760591294,35.29535183550982,186.82768328651386,189.3933663708655,-2.565683084351633,-1.9164487931668919,-0.6492342911847413,188.82350000000002,4.439728862034886,197.7029577240698,179.94404227593026
2024-02-05,182.86,183.71,181.9,182.86,24977,187.93538779552495,192.05418475862223,37.60306398309698,186.21727047320405,188.90941330635692,-2.6921428331528716,-2.071587601164088,-0.6205552319887837,188.65699999999998,4.6031237677274195,197.86324753545483,179.45075246454513
2024-02-06,182.86,183.81,181.43,182.86,30292,187.4520175292845,191.69362849357822,37.60306398309698,185.70076732348036,188.46130861699714,-2.7605412935167806,-2.2093783396346263,-0.5511629538821543,188.4145,4.7799939165306045,197.9744878330612,178.8545121669388
2024-02-07,185.71,185.71,181.52,182.86,42571,187.0146825264955,191.34721168990848,37.60306398309698,185.26372619679108,188.04639686758995,-2.782670670798865,-2.324036805867474,-0.4586338649313908,188.1955,4.934477495931961,198.06445499186393,178.3265450081361
2024-02-08,182.86,183.81,181.05,183.62,34850,186.69137942873402,191.0441837805003,39.728530868529695,185.0108452434386,187.71851561813884,-2.7076703747002284,-2.400763519634025,-0.3069068550662033,187.8765,5.01721276679916,197.91092553359832,177.84207446640167
2024-02-11,182.86,184.76,182.0,182.57,22302,186.29886710218793,190.71186284793166,37.8121457396675,184.63533059060188,187.3371440908693,-2.7018135002674057,-2.4609735157607013,-0.2408399845067044,187.529,5.1366525040469995,197.80230500809398,177.255694991906
2024-02-12,181.9,184.57,181.05,181.9,20060,185.87992737817004,190.36629959899315,36.598981842891924,184.21451049974004,186.93439267673082,-2.7198821769907795,-2.5127552480067172,-0.20712692898406226,187.02900000000002,5.175340212561211,197.37968042512244,176.6783195748776
2024-02-13,181.9,182.95,180.95,181.05,28834,185.41993429453478,190.00095451667968,35.06205116357242,183.72766273054927,186.49851173771373,-2.7708490071644576,-2.5643739998382653,-0.20647500732619228,186.2765,4.872257960283119,196.02101592056624,176.53198407943376
2024-02-14,181.9,181.9,180.0,180.95,23683,184.99422626648385,189.64601512386872,34.87649139520049,183.30033000277245,186.08751086825347,-2.7871808654810195,-2.6089353729668163,-0.17824549251420319,185.36700000000002,3.956322188993304,193.2796443779866,177.45435562201342
2024-02-15,179.05,180.95,178.1,180.19,24895,184.5366809077711,189.27519100136408,33.42851378421638,182.82181769465362,185.6506582113458,-2.828840516692196,-2.6529164017118925,-0.1759241149803037,184.4715,2.7723337594248445,190.01616751884967,178.9268324811503
2024-02-18,177.14,180.0,177.14,177.62,38124,183.8779493927453,188.8181246875851,29.038134982160983,182.0215380493223,185.05579464013502,-3.0342565908127312,-2.7291844395320606,-0.30507215128067067,183.919,2.984533640720743,189.8880672814415,177.94993271855853
2024-02-20,180.0,180.0,177.05,177.43,21364,183.26385897438863,188.3715315625818,28.737637287659865,181.3151475801958,184.490920963088,-3.175773382892203,-2.818502228204089,-0.35727115468811377,183.46200000000002,3.2455939363946977,189.9531878727894,176.97081212721062
2024-02-21,177.62,179.9,173.52,174.1,62612,182.39111050063732,187.8118636581668,24.041784798622487,180.2051248755503,183.72122311397038,-3.516098238420085,-2.958021430247288,-0.5580768081727969,182.8005,3.7281129345277755,190.25672586905554,175.34427413094446
2024-02-22,173.33,175.05,171.43,171.52,55479,181.35576664343375,187.17296704412104,21.157209213466658,178.86895181777334,182.8174288092318,-3.9484769914584774,-3.156112542489526,-0.7923644489689514,181.9955,4.323371582696378,190.64224316539276,173.34875683460723
2024-02-25,173.33,173.33,169.14,169.14,52044,180.19236029644006,186.4657918659202,18.903956690300745,177.37218999965435,181.8042859344739,-4.432095934819557,-3.4113092209555327,-1.0207867138640245,181.0475,4.947961701545482,190.94342340309097,171.15157659690905
2024-02-26,168.57,170.48,167.24,168.57,38267,179.08546883963623,185.76399610647238,18.398576414237752,176.01800692278445,180.8239684578462,-4.805961535061755,-3.6902396837767775,-1.1157218512849774,180.14249999999998,5.490945537400389,191.12439107480077,169.1606089251992
2024-02-27,170.48,170.48,168.0,169.05,43476,178.12970990252802,185.10854527876756,20.33014731397843,174.9460058577407,179.9518226461539,-5.005816788413199,-3.9533551047040616,-1.0524616837091374,179.195,5.694906773412067,190.58481354682414,167.80518645317585
2024-02-28,168.67,170.48,167.81,168.57,20132,177.2192613403825,184.45997487567865,19.824781328591243,173.96508187962675,179.1087246723647,-5.14364279273795,-4.191412642310839,-0.9522301504271109,178.29,5.879678652153624,190.04935730430725,166.53064269569273
2024-02-29,168.57,171.43,167.62,168.76,75077,176.4136174032032,183.84428958643636,20.66545005444553,173.16430005199186,178.34215247441176,-5.177852422419903,-4.388700598332652,-0.7891518240872513,177.4425,5.97468860672483,189.39187721344965,165.49312278655034
2024-03-03,167.05,170.48,166.29,169.33,34213,175.7389871743267,183.27510175951727,23.264918992239487,172.57440773630083,177.67458562445535,-5.100177888154519,-4.530996056297026,-0.5691818318574935,176.7425,6.067997046625306,188.87849409325062,164.6065059067494
2024-03-04,171.81,176.1,171.81,176.1,2112,175.77336934820033,182.99372521992836,45.92705308674801,173.1168065461007,177.55794965227346,-4.441143106172774,-4.513025466272175,0.07188236009940141,176.4525,5.9459060440078515,188.3443120880157,164.56068791198427
2024-03-05,179.52,179.52,170.48,171.43,45753,175.35971512456223,182.540245799539,37.66391195778491,172.8572978467006,177.10402745580876,-4.246729609108172,-4.459766294839375,0.21303668573120316,175.88100000000003,5.846093522485123,187.57318704497027,164.1888129550298
2024-03-06,173.33,173.33,169.52,172.76,22357,175.11212320793726,182.1567067485767,40.923841981377485,172.8423289472082,176.78224764426736,-3.93991869705917,-4.355796775283334,0.4158780782241642,175.376,5.644247560682808,186.66449512136563,164.08750487863438
2024-03-07,175.24,178.1,171.43,172.95,21752,174.9062067119432,181.7956594251031,41.39534824506787,172.85889372456077,176.4983774483957,-3.6394837238349282,-4.212534164993653,0.5730504411587249,174.8805,5.3815371263295235,185.64357425265905,164.11742574734097
2024-03-10,171.43,175.14,170.76,174.95,18422,174.91037750128197,181.52720219274613,46.25776341354154,173.18060238232067,176.3836828225886,-3.2030804402679394,-4.010643420048511,0.8075629797805712,174.447,4.974278154451381,184.39555630890277,164.49844369109724
2024-03-12,177.24,188.29,174.29,188.29,45284,176.18462726306464,181.79240994989334,66.32646211645785,175.5051250927329,177.26563224313762,-1.7605071504047203,-3.5606161661197526,1.8001090157150323,174.733,5.591982136102009,185.916964272204,163.549035727796
2024-03-13,192.0,192.0,181.43,186.57,40827,177.173710380868,181.97976642244654,63.05687279814137,177.20741354000478,177.95484466957186,-0.7474311295670759,-2.9979791588092173,2.2505480292421414,174.9665,5.990313474791913,186.94712694958383,162.98587305041616
2024-03-14,183.24,186.48,179.52,180.76,28396,177.5152617731663,181.9319324450957,53.46865291608817,177.75396530308097,178.16263395330728,-0.4086686502263035,-2.4801170570926345,2.071448406866331,174.952,5.975144658011912,186.90228931602383,163.00171068397617
2024-03-17,177.81,189.62,177.81,185.05,76029,178.23285589000758,182.05420960411155,58.487977616680475,178.87643217953004,178.67280921602526,0.2036229635047846,-1.9433690529731507,2.1469920164779355,175.15699999999998,6.255514703882025,187.66802940776404,162.64597059223593
2024-03-18,181.9,182.86,178.76,180.0,31055,178.4011553290545,181.97365236473465,51.45205349215913,179.04928876729463,178.77111964446783,0.27816912282679596,-1.4990614178131614,1.7772305406399573,175.1475,6.2476082792124705,187.64271655842495,162.65228344157507
2024-03-19,180.0,180.76,178.1,179.52,18140,178.50771196438262,181.8774307033725,50.82619423955358,179.1217058800185,178.82659226339615,0.29511361662235913,-1.1402264109260574,1.4353400275484165,175.2425,6.301397401409014,187.84529480281805,162.63970519718197
2024-03-20,180.86,181.9,178.1,179.05,28406,178.55935844396524,181.76655106794615,50.182517649336326,179.1106742061695,178.84314098462607,0.26753322154343095,-0.8586744844321597,1.1262077059755906,175.3235,6.3412818519818055,188.0060637039636,162.6409362960364
2024-03-21,181.52,181.52,177.14,177.24,10308,178.43370525882568,181.58903926136003,47.67833170358022,178.82287817445112,178.7243898005797,0.09848837387141884,-0.6672419127714441,0.7657302866428629,175.4805,6.348262485035213,188.17702497007042,162.7839750299296
2024-03-25,178.1,178.1,172.57,174.29,30112,178.03906666274705,181.3028024275812,43.8386158601385,178.12551230145863,178.39591648201824,-0.27040418055960913,-0.5878743663290771,0.31747018576946795,175.619,6.287231756333856,188.1934635126677,163.0445364873323
2024-03-26,172.38,173.81,171.52,172.38,20379,177.5001079329616,180.95288860689175,41.507821238052124,177.24158733200346,177.95029303890576,-0.7087057069022933,-0.6120406344437204,-0.09666507245857292,175.781,6.151786988985638,188.08457397797127,163.47742602202874
2024-03-27,171.43,179.24,170.95,171.71,23458,176.94866908220337,180.59042238701363,40.69054882378315,176.3905738963106,177.4880491100979,-1.0974752137873054,-0.7091275503124375,-0.38834766347486793,175.93800000000002,5.99616860125657,187.93033720251316,163.94566279748688
2024-03-28,170.76,182.1,169.52,171.43,24036,176.42308155056497,180.23119013654252,40.333138712630664,175.6274086814936,177.03930473157212,-1.411896050078525,-0.849681250265655,-0.5622147998128699,176.057,5.874660214134715,187.80632042826943,164.30767957173055
2024-03-31,171.43,181.9,171.05,171.05,23028,175.91135949813022,179.87114346452125,39.82192117513658,174.92319196126383,176.59565252923343,-1.6724605679696083,-1.0142371138064457,-0.6582234541631626,176.181,5.732769974358452,187.6465399487169,164.71546005128312
2024-04-01,170.48,171.43,169.52,169.52,26641,175.3026585935464,179.46521626983414,37.74737549143437,174.09193165953093,176.0715301196606,-1.9795984601296652,-1.2073093830710897,-0.7722890770585755,176.219,5.683295837707713,187.58559167541543,164.85240832458456
2024-04-02,169.52,171.33,167.81,169.71,30530,174.7700244417801,179.08265876905634,38.178090556875674,173.4177883272954,175.60030566635243,-2.1825173390570285,-1.4023509742682774,-0.7801663647887511,176.238,5.659638820534914,187.55727764106982,164.91872235893018
2024-04-03,170.48,170.48,167.33,167.62,44907,174.08906973303914,178.63314273889725,35.28599810440997,172.52582089232686,175.0091719132893,-2.4833510209624308,-1.6185509836071081,-0.8648000373553226,175.81400000000002,5.979148328717088,187.7722966574342,163.85570334256585
2024-04-04,166.67,169.52,166.67,168.57,15096,173.56344404417825,178.23850969031307,37.59990161665308,171.91723306273812,174.53219621600863,-2.6149631532705087,-1.8178334175397883,-0.7971297357307203,175.671,6.122010247757053,187.91502049551409,163.4269795044859
2024-04-07,168.57,168.57,164.29,167.52,72850,172.9878779447327,177.81817597696747,36.06499064992559,171.2407356684707,174.01277427408206,-2.772038605611357,-2.008674455154102,-0.7633641504572548,175.40900000000002,6.360623852220133,188.13024770444028,162.68775229555976
2024-04-09,168.57,170.0,167.33,168.76,29320,172.58522290237718,177.46295338963543,39.2205083001774,170.8590840271675,173.6236798834093,-2.764595856241783,-2.1598587353716385,-0.6047371208701446,175.1995,6.513055289991342,188.22561057998269,162.17338942001732
2024-04-10,168.57,170.48,165.71,168.67,37688,172.2123445307222,177.11813168808112,39.0697856862599,170.52230186914176,173.25674063278638,-2.7344387636446186,-2.274774741026235,-0.4596640226183837,174.8855,6.675083658057251,188.2356673161145,161.5353326838855
2024-04-14,170.48,170.48,166.67,167.62,33351,171.77497838493912,176.74565593560735,37.27025587032267,170.0757938892738,172.83920428961702,-2.7634104003432185,-2.372501872889632,-0.3909085274535866,173.852,6.062492626144992,185.97698525228998,161.72701474771003
2024-04-15,166.67,168.57,164.95,167.62,28531,171.37926615780205,176.38778707538745,37.27025587032268,169.69797944477014,172.4525965644602,-2.7546171196900673,-2.448924922249719,-0.30569219744034815,172.90449999999998,5.416629827131182,183.73775965426233,162.07124034573764
2024-04-16,170.48,170.48,162.86,165.71,10573,170.8393360475352,175.96905032733304,33.969450103996834,169.08444414557474,171.95314496709278,-2.868700821518047,-2.532880102103385,-0.33582071941466207,172.152,5.312272385212671,182.77654477042532,161.52745522957466
2024-04-18,166.67,166.67,163.81,166.19,19212,170.39654213824613,175.58555815763373,35.51508974743771,168.63914504625555,171.52624533990073,-2.887100293645176,-2.6037241404117433,-0.2833761532334327,171.209,4.516557725100646,180.24211545020128,162.17588454979872
2024-04-21,165.71,165.71,162.57,165.43,26556,169.92353812507983,175.18730097498144,34.15196359128592,168.14543042375468,171.0746716110192,-2.929241187264523,-2.6688275497822995,-0.2604136374822237,170.4805,4.186994242822545,178.8544884856451,162.1065115143549
2024-04-22,162.86,165.71,162.86,164.67,23281,169.4232011607865,174.774857799492,32.796357744681416,167.61074882010013,170.60025149168445,-2.9895026715843187,-2.7329625741427033,-0.25654009744161543,169.738,3.7982732918992395,177.33454658379847,162.14145341620153
2024-04-24,164.76,164.76,162.0,164.1,29271,168.91622962166397,174.35623592500212,31.777568469818874,167.0706336170078,170.11875138118933,-3.0481177641815407,-2.795993612150471,-0.25212415203106975,168.99050000000003,3.3087546949771993,175.60800938995442,162.37299061004563
2024-04-25,164.29,165.71,162.0,162.86,26965,168.33944584817218,173.90540314362948,29.621801888665914,166.42284382977581,169.58106609369383,-3.15822226391802,-2.8684393425039807,-0.2897829214140395,168.2715,2.9664692374599904,174.20443847491998,162.33856152508002
2024-04-28,162.0,163.81,159.62,161.62,44389,167.69949862453674,173.42362262819304,27.605042118729514,165.68394477904107,168.99135749416095,-3.307412715119881,-2.956234017027161,-0.35117869809272007,167.638,2.9664130386282244,173.57082607725644,161.70517392274357
2024-04-29,162.86,162.86,160.95,162.38,33983,167.1928797079142,172.99053938787176,30.718455912895095,165.17564558226553,168.5016273094083,-3.3259817271427607,-3.0301835590502813,-0.2957981680924795,167.13799999999998,2.9678320990876292,173.07366419817524,161.20233580182472
2024-04-30,162.86,166.67,159.14,165.14,29924,166.9973673547795,172.6826750981513,40.69342468706505,165.17016164653236,168.25261787908175,-3.08245623254939,-3.040638093750103,-0.041818138799286864,166.8095,2.7936308669912537,172.39676173398252,161.2222382660175
2024-05-02,168.38,168.38,162.48,165.33,36576,166.83857046384813,172.3943348982238,41.31977166151124,165.19475216245044,168.03612766581645,-2.8413755033660095,-3.0007855756732846,0.1594100723072751,166.5045,2.5880544918113864,171.6806089836228,161.32839101637722
2024-05-05,162.86,164.29,161.9,162.29,45859,166.40537327681497,171.99808647084248,34.958182121344706,164.74786721438116,167.61048857945968,-2.8626213650785246,-2.9731527335543326,0.11053136847580802,166.0665,2.518625930721086,171.10375186144216,161.02924813855782
2024-05-06,160.76,164.0,160.0,161.33,22662,165.92200439330878,171.57973013865256,33.218879911071284,164.22204148909174,167.14526720320342,-2.9232257141116804,-2.9631673296658025,0.03994161555412212,165.65699999999998,2.5922964823848083,170.8415929647696,160.47240703523036
2024-05-07,163.33,163.33,160.19,162.67,22827,165.61228968918414,171.23032895674461,37.86589919456443,163.9832658753853,166.81376592889205,-2.8305000535067393,-2.93663387443399,0.10613382092725088,165.305,2.4888942799554563,170.28278855991093,160.3272114400891
2024-05-08,162.95,162.95,154.29,162.38,50303,165.3044525759285,170.8832572329507,37.26158885073575,163.7366095868645,166.4853388230482,-2.7487292361837206,-2.8990529467839363,0.15032371060021577,165.043,2.508100770231722,170.05920154046345,160.02679845953656
2024-05-09,161.81,162.86,160.57,161.62,16448,164.95355233060198,170.51999224342325,35.655609715279326,163.41097734273148,166.12494335467426,-2.713966011942773,-2.8620355598157037,0.14806954787293058,164.69549999999998,2.47495768171263,169.64541536342523,159.74558463657473
2024-05-12,160.95,163.81,160.19,162.86,26882,164.75416639435417,170.21960039073997,40.18540399790628,163.32621159769587,165.88309569877248,-2.556884101076605,-2.8010052680678843,0.24412116699127928,164.4625,2.4136495079693865,169.28979901593877,159.63520098406124
2024-05-13,164.76,178.1,161.9,168.48,50556,165.10900769012994,170.1513807675737,55.482208445910366,164.11910212112727,166.07545898034488,-1.9563568592176068,-2.632075586297829,0.6757187270802221,164.44850000000002,2.3880872658732804,169.2246745317466,159.67232546825346
2024-05-14,171.43,171.43,164.76,171.33,45568,165.70148314821282,170.19760112962965,60.937817853415424,165.22847102556923,166.46468424106007,-1.2362132154908352,-2.3529031121364303,1.1166898966455951,164.5815,2.690494525068991,169.96248905013798,159.20051094986204
2024-05-15,174.19,174.19,169.52,169.62,34026,166.0746752293354,170.1749501049383,56.466491248057864,165.90409086778936,166.69841133431487,-0.7943204665255053,-2.0411865830142455,1.2468661164887402,164.6815,2.8422605439953235,170.36602108799065,158.99697891200935
2024-05-16,172.95,172.95,167.71,171.05,20948,166.54851568368443,170.2092657870976,59.164899956900555,166.69576919582178,167.02075123547672,-0.324982039654941,-1.6979456743423846,1.3729636346874436,164.853,3.118916984763691,171.09083396952738,158.61516603047264
2024-05-19,174.38,177.14,171.52,174.29,59340,167.2857999042859,170.36929457976044,64.5295823550617,167.86411239646458,167.5592141069229,0.30489828954168274,-1.2973768815655713,1.602275171107254,165.282,3.765961958601968,172.81392391720394,157.75007608279608
2024-05-20,177.14,185.71,176.67,180.1,129611,168.50619991340153,170.75089087075023,71.70748748668875,169.74655664316234,168.4881612101138,1.2583954330485483,-0.7862224186427476,2.044617851691296,165.97750000000002,5.018603155414096,176.01470631082822,155.94029368917182
2024-05-21,180.19,182.67,177.24,180.0,42591,169.60084754069663,171.1136010326816,71.43952222038756,171.3240094672912,169.34089000936464,1.9831194579265627,-0.23235404332888548,2.215473501255448,166.706,5.912776887915661,178.5315537758313,154.88044622416868
2024-05-22,181.9,198.0,181.9,195.24,305166,172.04267158443983,172.0597343255176,82.29702431461145,175.00339262616947,171.25934260126354,3.744050024905931,0.5629267703180779,3.1811232545878534,168.2345,8.668076017321267,185.57065203464253,150.89834796535746
2024-05-26,197.14,207.62,192.38,200.95,294670,174.79575048115984,173.19268592059535,84.65136842525655,178.99517837598955,173.4586505567255,5.536527819264052,1.5576469801072728,3.978880839156779,170.077,11.269168511799105,192.61533702359822,147.53866297640178
2024-05-27,204.67,207.62,198.19,202.38,131194,177.42282186390653,174.33728647272886,85.18283197632906,182.59284324122194,175.6009727377088,6.991870503513155,2.6444916847884494,4.347378818724706,172.05300000000003,13.231135965869512,198.51527193173905,145.590728068261
2024-05-29,206.38,210.48,188.57,189.52,126241,178.574934067344,174.9326870032101,63.79082037691618,183.65855966564934,176.6320117941748,7.026547871474548,3.5209029221256696,3.505644949348879,173.448,13.540435194746,200.528870389492,146.36712961050802
2024-05-30,188.57,195.24,185.71,187.62,59163,179.43636891807313,175.43022868935873,61.339841783838025,184.2680120247802,177.44593684645812,6.8220751783220805,4.181137373364952,2.6409378049571286,174.71,13.630492905323134,201.97098581064628,147.44901418935373
2024-06-02,190.48,201.9,189.52,191.43,57774,180.57861949730426,176.05767070154073,64.30183009950768,185.36985632866018,178.4817933763501,6.888062952310065,4.722522489153975,2.1655404631560904,176.0245,13.923534969704765,203.8715699394095,148.17743006059047
2024-06-03,195.24,199.14,189.62,190.48,39769,181.5216081166086,176.62325224265678,63.005599775585864,186.15603227809706,179.37054942254642,6.78548285555064,5.1351145624333085,1.6503682931173316,177.28199999999998,14.042032241582586,205.36606448316516,149.1979355168348
2024-06-04,194.29,194.29,188.57,190.48,41757,182.37478829597922,177.16665411549377,63.005599775585864,186.82125808146674,180.193471687543,6.627786393923742,5.433648928731396,1.1941374651923464,178.6915,13.871758616167764,206.43501723233553,150.94798276766446
2024-06-05,190.48,194.29,188.57,188.57,51675,182.9648084582669,177.6138441501803,60.177018645154334,187.09029529970263,180.8139552662435,6.276340033459121,5.602187149676941,0.6741528837821802,180.0535,13.406891894213222,206.86728378842645,153.23971621157358
2024-06-06,192.29,192.29,187.24,188.48,40516,183.49006479557482,178.0399679089968,60.04023766296849,187.30409602282532,181.38181043170695,5.922285591118367,5.666206837965227,0.2560787531531403,181.344,12.877279624450145,207.09855924890027,155.58944075109972
2024-06-09,192.19,196.0,182.48,183.81,54425,183.52053481504387,178.26624367727146,53.27369361206177,186.76654278854448,181.5616763256546,5.204866462889896,5.573938762950162,-0.3690723000602656,182.4155,12.083368071333926,206.58223614266785,158.24876385733216
2024-06-10,187.43,187.43,180.95,183.81,25144,183.54810292789682,178.48364588600592,53.27369361206177,186.31169005184535,181.72821882005053,4.583471231794817,5.375845256719094,-0.7923740249242766,183.525,11.047790681730573,205.62058136346116,161.42941863653886
2024-06-11,187.43,190.38,180.48,187.62,57035,183.93590264904952,178.84193428263313,57.77624638095238,186.5129685054076,182.16464705560233,4.348321449805269,5.170340495336329,-0.8220190455310599,184.76299999999998,9.942185029351448,204.64737005870288,164.87862994129708
2024-06-12,188.57,193.33,185.71,187.62,74758,184.28676906342577,179.18617215390242,57.77624638095238,186.6832810430372,182.56874727370587,4.114533769331331,4.959179150135329,-0.844645380803998,185.71999999999997,9.184664564253868,204.0893291285077,167.35067087149224
2024-06-13,191.33,191.33,185.24,185.62,44550,184.4137434383376,179.4384791282592,54.57467698658913,186.5196993441084,182.79476599417208,3.7249333499363217,4.712329990095528,-0.987396640159206,186.4345,8.539477658743358,203.51345531748672,169.3555446825133
2024-06-16,186.67,187.62,183.43,183.81,24476,184.35624406325783,179.60991131930786,51.778306553505956,186.10282252193787,182.8699685131223,3.232854008815565,4.416434793839535,-1.1835807850239703,187.144,7.607557461254086,202.35911492250818,171.92888507749183
2024-06-18,183.81,185.71,180.95,181.14,24719,184.04993510485232,179.66991479698206,47.88083783041892,185.33931136471665,182.74182269733546,2.5974886673811852,4.052645568547866,-1.4551569011666805,187.64849999999998,6.772873350434064,201.19424670086812,174.10275329913185
2024-06-19,184.76,184.76,181.05,184.48,23032,184.09089366629496,179.8585455892573,52.67933782177102,185.2071096162987,182.8705765716069,2.336533044691805,3.7094230637766534,-1.3728900190848483,188.158,6.060929753235217,200.27985950647042,176.03614049352956
2024-06-20,188.1,188.1,179.24,181.9,22301,183.88223712664782,179.93860262497267,48.93171052950043,184.69832352148353,182.79868201074714,1.8996415107363873,3.3474667531686,-1.4478252424322129,188.248,5.947275891219739,200.14255178243945,176.35344821756053
2024-06-23,180.95,183.81,180.0,180.95,16273,183.60297644791945,179.9782652671306,47.58921391362623,184.1216583643322,182.66174260254365,1.459915761788551,2.9699565548925904,-1.5100407931040394,188.2955,5.881361706805966,200.05822341361193,176.53277658638808
2024-06-24,180.0,182.76,178.29,180.95,26841,183.35031202430807,180.01637251155685,47.58921391362623,183.6337109236657,182.5349468542071,1.098764069458582,2.595718057805789,-1.4969539883472067,187.581,5.8612823278087385,199.30356465561746,175.8584353443825
2024-06-25,180.0,184.29,180.0,180.76,20899,183.10361564104062,180.04553437384874,47.28827686788076,183.19160155079405,182.40346930945103,0.7881322413430212,2.234200894513235,-1.4460686531702138,186.5715,5.130671726819745,196.83284345363947,176.3101565463605
2024-06-26,184.19,184.19,177.43,177.43,30469,182.56327129427484,179.94296439840372,42.245986059967365,182.30520131221033,182.03506417541763,0.27013713679269813,1.841388142969128,-1.5712510061764298,185.324,3.9913411543604926,193.306682308721,177.34131769127902
2024-06-27,176.19,180.57,175.81,176.19,16616,181.95629307577246,179.7957893239565,40.51362796008944,181.36440111033184,181.60209645872004,-0.2376953483882005,1.4255714446976624,-1.663266793085863,184.65749999999997,4.350586016179361,193.3586720323587,175.95632796764124
2024-06-30,175.24,177.14,171.81,173.52,41536,181.15283659236556,179.54967993870332,36.99576815118848,180.1575701702808,181.003422646963,-0.8458524766822109,0.9712866604216879,-1.8171391371038987,183.9525,4.946829792904165,193.84615958580832,174.05884041419165
2024-07-01,171.43,181.9,170.76,181.9,33988,181.22399501214028,179.64184935287182,51.29132683765485,180.42563629792988,181.069835784225,-0.6441994862951219,0.648189431078326,-1.292388917373448,183.476,4.638001384440189,192.75200276888037,174.19999723111962
2024-07-02,185.52,196.19,184.86,185.71,88941,181.65123358241263,179.87981604491605,56.16158412101839,181.2386153290176,181.4135516520602,-0.17493632304260132,0.4835642802541406,-0.658500603296742,183.2375,4.374009211114104,191.9855184222282,174.4894815777718
2024-07-03,182.38,188.57,182.38,186.86,47010,182.1473065745638,180.153548749037,57.54154673969329,182.10344373993797,181.8169922704261,0.28645146951186007,0.44414171810568454,-0.15769024859382447,183.0565,4.126427376641972,191.30935475328394,174.80364524671606
2024-07-04,190.48,192.38,186.67,188.48,51925,182.75042023412917,180.48007624907473,59.47671601639932,183.08445239533214,182.3105483985427,0.7739039967894428,0.5100941738424363,0.2638098229470065,183.052,4.120142562679793,191.29228512535957,174.81171487464042
2024-07-07,190.0,192.29,187.14,190.48,59035,183.48657068802163,180.87223012166004,61.79202258724217,184.22222894989642,182.91569296161362,1.3065359882828034,0.6693825367305097,0.6371534515522936,183.152,4.279989670421059,191.7119793408421,174.59202065915787
2024-07-08,191.43,193.33,187.71,188.57,36820,183.97070681297197,181.17410345022242,58.36255858158588,184.8911168037585,183.3345305200126,1.5565862837459008,0.846823286133588,0.7097629976123128,183.39,4.4475705964593875,192.28514119291876,174.49485880708121
2024-07-09,188.57,194.29,188.57,192.38,32352,184.7715918784032,181.6135503737431,62.79799608327789,186.04325268010334,184.004565296308,2.0386873837953488,1.0851961056659403,0.9534912781294085,183.8185,4.881804320230052,193.5821086404601,174.0548913595399
2024-07-10,196.19,197.05,192.19,197.05,81179,185.94096408046005,182.21890133947866,67.38423418339985,187.7365984216259,184.97089379287775,2.7657046287481535,1.421297810282383,1.3444068184657705,184.29000000000002,5.661426266267686,195.61285253253538,172.96714746746466
2024-07-11,200.95,201.9,195.24,201.9,141057,187.4608722632734,182.99070913008734,71.33636307005129,189.9155832798373,186.224901660072,3.6906816197653143,1.8751745721789694,1.8155070475863448,185.004,6.874095079198426,198.75219015839684,171.25580984160314
2024-07-14,205.9,213.62,201.9,207.52,106849,189.37126538105687,183.95264210537803,75.10131315311887,192.62395508293926,187.8023163519185,4.821638731020755,2.4644674039473267,2.3571713270734285,186.099,8.523715461177959,203.1464309223559,169.05156907764407
2024-07-15,209.52,215.62,201.9,207.62,138716,191.1092401066705,184.8807737875201,75.1638248101024,194.93103891633322,189.27029291844306,5.66074599789016,3.103723122735894,2.5570228751542663,187.2895,9.76025478258739,206.8100095651748,167.7689904348252
2024-07-16,203.71,211.43,203.71,211.43,124086,193.0445505727019,185.9219199134997,77.48334472535949,197.46934062151274,190.91175270226208,6.557587919250665,3.7944960820388483,2.7630918372118165,188.804,11.024045680142272,210.85209136028453,166.75590863971547
2024-07-17,211.52,214.29,203.62,211.43,180845,194.79554575625409,186.92223677963696,77.48334472535949,199.61713437204926,192.43162287246489,7.185511499584379,4.472699165547954,2.7128123340364247,190.1515,12.065579260636715,214.28265852127342,166.02034147872658
2024-07-18,214.29,232.38,209.62,223.81,336191,197.5588271128013,188.36881572945512,83.345027853271,203.3391136994263,194.75594710413415,8.583166595292141,5.294792651496792,3.2883739437953494,192.247,14.03561413727587,220.31822827455176,164.17577172544827
2024-07-21,228.29,237.14,223.81,236.19,328079,201.23798643539166,190.24415628908432,86.99187685491997,208.39309620720687,197.8251362075316,10.567959999675253,6.349426121132485,4.218533878542768,195.00900000000001,16.848805954881122,228.70661190976227,161.31138809023776
2024-07-22,238.1,239.9,225.9,230.29,267928,204.00484487011627,191.81458153264964,78.20336465400845,211.76185063686734,200.22994093289964,11.531909703967699,7.385922837699528,4.145986866268171,197.47600000000003,18.23694151412046,233.94988302824095,161.0021169717591
2024-07-23,229.52,252.38,226.67,240.86,253696,207.5148596443909,193.7379312764673,81.7588338291341,216.2384890004262,203.23957493787003,12.998914062556167,8.508521082670857,4.490392979885311,200.481,20.185040030988567,240.85108006197714,160.11091993802285
2024-07-24,245.62,245.62,233.43,236.1,240234,210.23725396397273,195.39918887346857,75.7651529992477,219.2941060772837,205.6736804980278,13.62042557925588,9.530901981987862,4.089523597268018,203.41450000000003,20.908997175730807,245.23249435146164,161.59650564853843
2024-07-25,236.19,240.76,233.33,238.1,231456,212.89084882454677,197.07373048627375,76.5432512980461,222.18732052693235,208.07563009076648,14.111690436165873,10.447059672823464,3.6646307633424087,206.51,21.246430288403385,249.00286057680677,164.0171394231932
2024-07-28,242.86,261.9,242.86,261.9,455185,217.5583870317328,199.61593713387086,83.3811961088422,228.29696352278893,212.0626204544134,16.234343068375523,11.604516351933876,4.629826716441647,210.929,23.13116601152264,257.1913320230453,164.66666797695473
2024-07-29,267.14,281.62,258.19,264.1,583851,221.9909216001392,202.14472391293475,83.84986312585755,233.8051229808214,215.91724116149388,17.887881819327532,12.861189445412608,5.0266923739149245,215.039,24.934225453126896,264.90745090625376,165.1705490937462
2024-07-30,263.81,263.81,247.62,257.71,332635,225.39273859060214,204.3237543477216,77.05287751868023,237.48279636838737,219.01300107545728,18.469795292930087,13.982910614916104,4.486884678013983,218.63899999999998,25.663839377204326,269.96667875440863,167.31132124559133
2024-07-31,261.9,272.38,256.19,263.05,410788,228.97914443911623,206.62674437330116,78.6131012787793,241.4162123117124,222.27500099579376,19.14121131591864,15.014570755116612,4.126640560802027,222.44850000000002,26.34408617847556,275.1366723569511,169.7603276430489
2024-08-01,262.86,266.67,257.14,258.57,195269,231.79732115920038,208.66373479003445,74.06339155006552,244.05525657144895,224.9635194405498,19.091737130899162,15.830004030273122,3.2617331006260404,225.95299999999997,26.249290737285246,278.45158147457045,173.45441852542947
2024-08-05,259.05,259.05,242.0,246.76,333244,233.22233819165749,210.157705974739,63.61178795355855,244.47137094507218,226.57807355606462,17.893297389007557,16.24266270202001,1.650634686987548,228.767,25.243764858089836,279.25452971617966,178.27947028382033
2024-08-06,246.67,246.67,225.71,226.67,313150,232.59830598292822,210.8052469169061,50.54491838242702,241.73269849198414,226.58488292228205,15.14781556970209,16.023693275556425,-0.8758777058543359,230.67199999999997,23.422575389882805,277.5171507797656,183.82684922023435
2024-08-07,222.19,240.0,214.29,229.52,186870,232.30513398455412,211.53915880251762,52.04970474235783,239.85382180090966,226.80229900211302,13.05152279879664,15.429259180204468,-2.3777363814078285,232.529,21.630636874094936,275.79027374818986,189.26772625181013
2024-08-08,232.38,232.38,223.33,225.62,162026,231.6684545574537,212.09134865339928,49.815943685927316,237.66400306230815,226.71472129825278,10.949281764055371,14.53326369697465,-3.5839819329192792,233.95750000000004,20.049894572501636,274.0572891450033,193.85771085499675
2024-08-11,228.57,237.81,226.67,237.24,268794,232.19907793293433,213.0775702748346,55.8900355643644,237.59877182195305,227.49437157245626,10.104400249496791,13.64749100747908,-3.543090757982288,235.72449999999998,18.579293645573077,272.8830872911461,198.56591270885383
2024-08-12,232.67,252.38,232.67,245.71,214293,233.48583241551202,214.3572734013117,59.71736167102609,238.84665308011412,228.84367738190394,10.002975698210179,12.9185879456253,-2.9156122474151207,237.63400000000001,17.456570893747543,272.5471417874951,202.72085821250494
2024-08-13,245.9,251.33,242.86,242.95,247482,234.3871817092728,215.47855679733868,57.952773591037136,239.47793722163502,229.88859016842957,9.589347053205444,12.252739767141328,-2.6633927139358846,239.40050000000002,15.98505007976659,271.3706001595332,207.43039984046683
2024-08-14,244.95,245.71,239.05,244.76,171856,235.37506916553252,216.62684868763913,58.812310121878006,240.2905622644604,230.99017608187924,9.30038618258115,11.662269050229295,-2.361882867648145,241.067,14.59225753610509,270.25151507221017,211.88248492778982
2024-08-15,249.62,269.24,245.71,267.81,712865,238.46411019738656,218.63403109204543,67.83096969372005,244.52432191608187,233.71757044618448,10.806751469897392,11.491165534162914,-0.6844140642655212,243.88599999999997,13.999335848908856,271.8846716978177,215.88732830218225
2024-08-18,269.24,285.71,266.29,267.24,643941,241.2046711309688,220.54014751980836,67.4377221111533,248.01904162130006,236.20071337609673,11.818328245203332,11.556598076371,0.261730168832333,246.05750000000003,14.089380052478472,274.23626010495695,217.87873989504308
2024-08-21,272.38,272.38,259.05,265.81,285821,243.54803578516226,222.3154358523649,66.39771328806457,250.75611214110006,238.39399386675623,12.362118274343828,11.717702115965567,0.6444161583782613,247.53849999999997,14.546890525036277,276.63228105007255,218.44471894992742
2024-08-22,260.95,273.33,260.95,269.52,285473,246.02155618657537,224.16659523070354,67.78576151691173,253.64286411939236,240.69962395070021,12.943240168692142,11.962809726510882,0.9804304421812606,249.5,14.74226719691672,278.9845343938334,220.01546560616657
2024-08-25,271.43,271.43,257.14,260.0,262950,247.35283654975868,225.57182679028378,60.84067774457309,254.62088502410123,242.12928143583355,12.49160358826768,12.068568498862241,0.4230350894054382,250.45700000000002,14.773086874092979,280.003173748186,220.91082625181406
2024-08-27,255.24,257.14,246.48,249.43,244794,247.55066164025786,226.50744142595894,54.20069995515653,253.82228732808565,242.67007540354956,11.15221192453609,11.885297183997011,-0.7330852594609212,251.12349999999998,14.386917769097105,279.89733553819417,222.34966446180576
2024-08-28,251.52,257.05,244.76,249.52,156620,247.738217674519,227.40989470337232,54.24648769720445,253.16039696991862,243.17747722550885,9.98291974440977,11.504821696079564,-1.5219019516697934,251.6945,14.06586666366583,279.8262333273317,223.56276667266835
2024-08-29,250.48,250.48,238.95,246.48,103397,247.6183874198029,228.15774196990674,52.34293791330651,252.13264358993115,243.42210854213783,8.710535047793314,10.945964366422313,-2.2354293186289986,250.92349999999996,13.898643354848996,278.72078670969796,223.12621329030196
2024-09-01,245.71,245.71,235.33,237.14,125932,246.62044576077406,228.5099873828516,46.89786540594518,249.82608303763402,242.95676716864614,6.869315868987883,10.130634666935428,-3.2613187979475455,249.5755,13.860766468896545,277.2970329377931,221.85396706220692
2024-09-02,238.1,249.14,233.43,249.14,124140,246.860403307367,229.3190074854849,53.579388615531755,249.72053180107494,243.4147844154131,6.305747385661846,9.365657210680713,-3.0599098250188668,249.14700000000002,13.727888287793157,276.60277657558635,221.6912234244137
2024-09-03,254.1,256.67,246.0,247.14,106970,246.88703156380825,230.0178699370345,52.39608611453629,249.32352690860188,243.6907263105677,5.63280059803418,8.619085888151407,-2.9862852901172268,248.3515,13.33519611878049,275.02189223756096,221.681107762439
2024-09-04,252.0,252.0,238.1,238.57,68610,246.09493331963603,230.35324758656256,47.55007156901682,247.66913815343236,243.31141325052565,4.35772490290671,7.7668136911024686,-3.409088788195758,247.35150000000004,13.278359234008919,273.9082184680179,220.7947815319822
2024-09-05,238.57,239.05,233.33,238.1,83521,245.3335110987183,230.65704179885424,47.29174272308942,246.1969630529043,242.92538263937558,3.27158041352871,6.867767035587717,-3.5961866220590073,246.9185,13.438891431020563,273.7962828620411,220.04071713795886
2024-09-08,238.1,239.05,233.33,233.43,77725,244.19984337503087,230.7657852577227,44.69355607963503,244.23281489091903,242.22202096238482,2.0107939285342127,5.896372414177017,-3.885578485642804,247.25650000000002,12.979995245722115,273.21649049144423,221.2965095085558
2024-09-09,233.33,233.43,224.76,228.48,108903,242.70271543455172,230.67614662016499,42.05608977236419,241.80930490770072,241.20409348368966,0.6052114240110598,4.838140216143826,-4.232928792132766,247.20449999999997,13.056647218140219,273.3177944362804,221.09120556371954
2024-09-10,228.57,238.1,226.67,233.24,211295,241.8015044407849,230.77668988996246,45.39323346853984,240.49095030651597,240.614160633046,-0.12321032653002817,3.845870107609055,-3.9690804341390833,247.5855,12.492646458070343,272.5707929161407,222.60020708385932
2024-09-11,235.81,235.81,227.62,228.57,114097,240.54136116071012,230.69015303153256,42.789486404558964,238.65695795166735,239.7220005861537,-1.0650426344863604,2.863687559189972,-3.9287301936763326,247.152,13.01023791198059,273.1724758239612,221.1315241760388
2024-09-12,233.14,238.95,228.57,238.1,113008,240.30885057397583,230.9807352655901,49.19396371060092,238.5712721129493,239.60185239458676,-1.0305802816374694,2.084833991024484,-3.1154142726619534,246.7715,13.164991964337599,273.1014839286752,220.4415160713248
2024-09-15,238.38,244.76,235.24,236.67,164609,239.9622933764543,231.20384368654737,48.319863225981464,238.27876871095708,239.3846781431359,-1.1059094321788052,1.446685306383826,-2.5525947385626315,246.45749999999998,13.334734570011218,273.1269691400224,219.78803085997754
2024-09-16,237.14,237.14,231.52,232.67,156894,239.26778924536342,231.26134001256514,45.864934115323635,237.4158812169637,238.8872945769777,-1.4714133600139974,0.8630655731042614,-2.334478933118259,245.85299999999998,13.685168729610712,273.2233374592214,218.48266254077856
2024-09-18,233.33,239.52,229.81,238.1,114697,239.15657122199548,231.52952275717044,49.60777460514955,237.52113026050773,238.82897646016454,-1.307846199656808,0.4288832185520475,-1.7367294182088555,244.3675,12.757367272947064,269.8822345458941,218.85276545410588
2024-09-22,242.86,247.71,236.48,240.95,99851,239.3273739627578,231.8989532372814,51.503026754065644,238.04864868196807,238.98608931496716,-0.9374406329990848,0.15561844824182103,-1.0930590812409058,243.05299999999997,11.576354803060127,266.2057096061202,219.90029039387971
2024-09-23,245.71,245.71,234.29,236.0,85246,239.01048120439992,232.05977860052528,48.118044096546434,237.73347196166532,238.7648975138585,-1.031425552193184,-0.08179035184518002,-0.9496352003480041,241.5625,10.345758792858843,262.2540175857177,220.8709824142823
2024-09-24,240.0,240.0,231.43,231.62,68093,238.30662585159993,232.04253238089686,45.282061997022986,236.7929378137168,238.23564584616528,-1.4427080324484791,-0.35397388796583984,-1.0887341444826393,239.66749999999996,8.204847010986768,256.07719402197347,223.25780597802643
2024-09-25,231.62,240.0,229.52,238.1,79900,238.2869471990666,232.28008013066562,49.979184293792954,236.99402430391422,238.2255980057086,-1.2315737017943889,-0.5294938507315496,-0.7020798510628392,238.5725,6.665452071375407,251.90340414275082,225.24159585724917
2024-09-26,240.0,240.0,233.71,233.9,36044,237.8691427039174,232.34360640005127,47.153798261409364,236.51802056485047,237.90518333861908,-1.3871627737686083,-0.7010276353389615,-0.6861351384296468,237.796,6.223997192531825,250.24399438506364,225.34800561493634
2024-09-29,229.62,234.76,229.52,233.33,61423,237.4368433987824,232.38228850201006,46.76739387471823,236.0275558625658,237.56628086909174,-1.5387250065259366,-0.8685671095763565,-0.6701578969495801,236.98649999999998,5.6448013111284,248.2761026222568,225.69689737774317
2024-09-30,230.95,240.86,230.95,239.52,59124,237.63523926556502,232.66219875683322,51.422807321258915,236.5648549606326,237.71100080471456,-1.146145844081957,-0.9240828564774767,-0.2220629876044803,236.63850000000002,5.227869924489297,247.09423984897862,226.18276015102143
2024-10-01,242.38,245.71,240.29,245.71,113202,238.404264097416,233.1738772369574,55.6040780721411,237.9718003513045,238.3035192636246,-0.331718912320099,-0.8056100676460012,0.4738911553259022,237.067,5.608500221704,248.28400044340802,225.849999556592
2024-10-02,247.62,250.57,243.81,247.62,130990,239.2819532309954,233.74039185511594,56.838599983252635,239.4561387587961,238.99362894780057,0.46250981099552746,-0.5519860919176955,1.014495902913223,236.99099999999999,5.444181732533714,247.8793634650674,226.10263653493257
2024-10-06,246.67,256.67,242.86,254.76,111109,240.75605292328157,234.56469021373886,61.183876444682475,241.81057894975055,240.16150828500054,1.6490706647500133,-0.11177474058415376,1.7608454053341671,237.372,6.378314906983163,250.12862981396634,224.6153701860337
2024-10-07,254.86,260.48,254.86,259.05,89183,242.49833359725477,235.52489844065107,63.55781801749455,244.46279757286584,241.56065581944495,2.902141753420892,0.4910085582168554,2.411133195204037,238.39600000000002,8.014802358269252,254.42560471653852,222.36639528346151
2024-10-08,261.9,262.86,254.76,257.9,78846,243.9651589689448,236.40235340376282,62.45513359953215,246.53005948473265,242.77097761059716,3.7590818741354894,1.1446232214005823,2.614458652734907,239.38600000000002,9.122616429858805,257.6312328597176,221.1407671402824
2024-10-09,257.9,258.0,252.86,256.38,63479,245.14752478142626,237.1857905251839,60.94996161651585,248.0454349486199,243.7790533431455,4.2663816054744075,1.7689748982153475,2.49740670725906,240.5335,9.75545044685625,260.0444008937125,221.02259910628752
2024-10-15,259.05,263.33,255.24,262.29,61137,246.78014146890945,238.17026932811788,64.5294015301707,250.2369064949861,245.15023457698658,5.086671917999524,2.4325143021721827,2.6541576158273417,242.22400000000002,10.460728765999354,263.1454575319987,221.30254246800132
2024-10-16,261.9,269.05,261.9,266.67,121312,248.67441370996568,239.28790582505445,66.9474753872832,252.7650747265267,246.74429127498757,6.020783451539131,3.1501681320455726,2.8706153194935586,243.8955,11.5624767311296,267.0204534622592,220.7705465377408
2024-10-17,267.62,274.29,261.43,270.76,224299,250.77780288044514,240.52210559662095,69.06799821972002,255.53352476859953,248.52323266202552,7.010292106574013,3.922192926951261,3.0880991796227524,246.00500000000002,12.43500386218888,270.8750077243778,221.13499227562227
2024-10-20,266.67,272.0,257.14,266.76,226052,252.29991689183132,241.5510426320476,64.69640417487972,257.2606748041996,249.87410431669028,7.386570487509317,4.615068439062872,2.771502048446445,247.43799999999996,13.10919388103435,273.6563877620687,221.21961223793124
2024-10-21,265.14,266.86,259.14,260.95,140505,253.1237343307045,242.3117860582418,58.86808057540574,257.8282632958612,250.69454103397248,7.133722261888693,5.118799203628036,2.0149230582606563,248.65200000000004,13.183555785823417,275.0191115716469,222.2848884283532
2024-10-22,257.24,262.29,253.33,258.1,106557,253.59766439444695,242.93093170301665,56.193809663878525,257.87006894265176,251.24309354997453,6.626975392677224,5.420434441437874,1.20654095123935,249.92350000000002,12.781200946374465,275.4859018927489,224.36109810725108
2024-10-23,258.1,258.95,247.9,251.33,212587,253.38169635688058,243.26030693034932,50.34327591145245,256.8639044899361,251.24953106479126,5.614373425144834,5.459222238179267,0.15515118696556662,250.58499999999998,12.475775052393336,275.53655010478667,225.63344989521332
2024-10-24,255.24,255.24,246.67,246.67,58296,252.74248718003483,243.3940203840611,46.73629976990696,255.29561149148435,250.9103065414734,4.385304950010948,5.244438780545604,-0.8591338305346561,250.871,12.30770486107763,275.48640972215526,226.25559027784476
2024-10-27,251.43,251.43,243.81,247.62,42221,252.25463125812675,243.55974507488224,47.56115416675562,254.11474818510214,250.6665801309939,3.448168054108237,4.88518463525813,-1.4370165811498934,251.452,11.833902057003973,275.11980411400793,227.78419588599206
2024-10-28,247.62,249.52,245.71,248.48,60713,251.8951425668766,243.7526962484163,48.34107558830744,253.24786384893258,250.50461123240174,2.743252616530839,4.456798231512672,-1.7135456149818333,252.29500000000002,10.911353575158861,274.11770715031776,230.4722928496823
2024-10-29,250.48,250.48,246.76,249.52,104544,251.66893851288833,243.9788650229882,49.322667659011174,252.67434633371218,250.43167706703866,2.2426692666735164,4.013972438544841,-1.7713031718713248,252.86599999999999,10.417032813215396,273.7000656264308,232.0319343735692
2024-10-30,253.33,253.33,245.71,247.62,82943,251.28332532118466,244.12165462992985,47.545217366478234,251.89675459006418,250.22340469170248,1.6733498983616926,3.545847930508212,-1.8724980321465194,253.552,9.51501948445202,272.58203896890404,234.52196103109594
2024-11-05,247.62,250.29,244.76,245.71,31228,250.7525324334528,244.18394268365807,45.75995937266054,250.94494619159275,249.88907841824303,1.0558677733497177,3.0478518990765133,-1.9919841257267956,254.171,8.476223029282188,271.12344605856435,237.21855394143563
2024-11-06,249.52,249.52,245.71,247.14,32442,250.40848172550494,244.2998664999852,47.35381296308572,250.35956985442462,249.68544297985466,0.6741268745699642,2.5731068941752038,-1.8989800196052395,254.552,7.937123700157871,270.42624740031573,238.67775259968425
2024-11-10,245.71,252.38,245.71,251.43,112535,250.50576918021875,244.57947957841714,51.918513036257636,250.52425141528238,249.81466942579135,0.7095819894910278,2.2004019132383688,-1.490819923747341,254.83800000000002,7.701301052079832,270.2406021041597,239.43539789584037
2024-11-11,252.38,261.43,249.52,255.24,144968,250.9566483059122,244.99753920279292,55.600449304870686,251.24975119754663,250.21654576462163,1.0332054329250013,1.9669626171756955,-0.9337571842506942,255.219,7.511568551593772,270.24213710318753,240.19586289681246
2024-11-12,257.62,258.1,253.33,255.24,48741,251.364586562492,245.39920433209517,55.600449304870686,251.86363562869332,250.58865348576077,1.2749821429325436,1.8285665223270653,-0.5535843793945217,255.243,7.5107916045078245,270.26458320901565,240.22141679098434
2024-11-13,258.1,258.1,248.57,248.57,46383,251.0984354613023,245.5235492602483,48.119008085717546,251.3569224550482,250.43912359792665,0.9177988571215394,1.64641298928596,-0.7286141321644206,254.719,7.596300969622097,269.9116019392442,239.5263980607558
2024-11-14,253.52,253.52,246.67,247.62,59115,250.76715589355922,245.6057630147484,47.14596087256787,250.78201130811772,250.23029962770988,0.5517116804078341,1.427472727510335,-0.8757610471025008,254.205,7.71657511976498,269.63815023953,238.77184976047005
2024-11-17,251.43,257.14,249.71,250.76,78449,250.76647437988692,245.8078899553465,50.694909656195954,250.77862495302267,250.26953669232398,0.5090882606986895,1.2437958341480058,-0.7347075734493163,253.92399999999998,7.735506923818849,269.3950138476377,238.45298615236229
2024-11-19,254.29,254.29,246.48,246.48,98669,250.3582387246596,245.83424721199958,46.14650430099164,250.11729803717304,249.98883027067035,0.12846776650269476,1.0207302206189437,-0.8922624541162489,253.1335,7.642845484849919,268.41919096969986,237.84780903030017
2024-11-20,246.47,246.67,242.86,244.76,38707,249.82507313183487,245.79211987035254,44.42162537847471,249.2930983391464,249.60150950987995,-0.3084111707335353,0.754901942348448,-1.0633131130819833,252.038,7.155141397699932,266.3482827953999,237.72771720460014
2024-11-21,244.76,248.48,242.86,242.86,48916,249.16173283356488,245.67713477739755,42.530459098771814,248.30339090235466,249.10213843507404,-0.7987475327193749,0.44417204733488347,-1.2429195800542585,250.64299999999997,5.927308877251242,262.49761775450247,238.78838224549747
2024-11-24,247.71,247.71,239.33,242.76,59608,248.55204399227298,245.5627373351467,42.428078017589115,247.45056153276164,248.63235040284633,-1.181788870084688,0.1189798638509692,-1.300768733935657,249.44300000000004,4.818335703061078,259.0796714061222,239.80632859387788
2024-11-25,247.52,247.52,239.05,246.19,54387,248.3270874215803,245.5873358710233,47.12932730240279,247.25662898925987,248.45143555819106,-1.1948065689311989,-0.1437774227054644,-1.0510291462257344,248.70499999999998,4.028770871725791,256.76254174345155,240.6474582565484
2024-11-26,251.05,251.05,244.76,248.57,96873,248.35022195285836,245.70430309176749,50.16994249342837,247.45868606783526,248.46021810943617,-1.0015320416009104,-0.3153283464845536,-0.6862036951163568,248.2285,3.3685859519705206,254.96567190394103,241.49132809605896
2024-11-27,249.52,251.43,247.62,248.76,50334,248.3892484335385,245.8241343430707,50.41510685200843,247.6588882112452,248.48242417540388,-0.8235359641586797,-0.41696987001937885,-0.40656609413930084,248.1,3.292199712561796,254.6843994251236,241.5156005748764
2024-11-28,248.76,250.48,246.67,246.67,51976,248.22551048748724,245.85730554530323,47.6385785283431,247.50675156336132,248.34817053278135,-0.8414189694200331,-0.5018596898995097,-0.33955927952052345,248.1,3.292199712561796,254.6843994251236,241.5156005748764
2024-12-01,246.67,246.67,240.95,241.05,45517,247.54212853629798,245.66878375921294,41.08602919510354,246.51340516899802,247.80756530813088,-1.294160139132856,-0.6603197797461791,-0.633840359386677,247.7715,3.6508604249037697,255.07322084980754,240.46977915019247
2024-12-02,245.81,245.81,238.29,240.95,79666,246.91430677093626,245.4837334157144,40.97802245232467,245.65749668145986,247.29959750752857,-1.642100826068713,-0.8566759890106859,-0.7854248370580272,247.39499999999998,3.9499680211925776,255.29493604238513,239.49506395761483
2024-12-03,245.71,245.71,238.1,242.86,42833,246.52818231656138,245.3808419092158,44.00575918625906,245.2271125766199,246.97073843289684,-1.7436258562769353,-1.034065962463936,-0.7095598938129994,247.06200000000004,4.04107541705651,255.14415083411305,238.97984916588703
2024-12-04,247.71,247.71,239.05,240.95,71165,245.99692685784126,245.20708340297205,41.701955558246624,244.5690952571399,246.5247578082378,-1.9556625510979018,-1.2183852801907291,-0.7372772709071727,246.72850000000003,4.261802528214566,255.25210505642914,238.2048949435709
2024-12-05,236.29,241.9,236.29,238.29,51189,245.26293382376113,244.93582523030648,38.66598230813151,243.6030806021953,245.91477574836833,-2.3116951461730366,-1.4370472533871905,-0.8746478927858461,246.35750000000002,4.659536768259149,255.6765735365183,237.03842646348173
2024-12-08,238.29,238.29,229.62,231.43,131274,243.94551155483148,244.4061850251964,32.16284231050399,241.73029897108833,244.84182939663734,-3.111530425549006,-1.7719438878195537,-1.3395865377294522,245.57199999999997,5.723415064454211,257.0188301289084,234.12516987109154
2024-12-09,231.43,232.57,227.62,230.38,47823,242.65355807341896,243.85613855362007,31.295237067008344,239.98409912938243,243.7705827746642,-3.786483645281777,-2.1748518393119984,-1.6116318059697785,244.51949999999997,6.4755316587272125,257.4705633174544,231.56843668254555
2024-12-10,230.48,230.48,225.71,226.67,54148,241.13131444737908,243.18217233583104,28.381974393580435,237.93577618640052,242.5038729395039,-4.56809675310339,-2.653500822070277,-1.914595931033113,243.09099999999998,7.106635076130084,257.30427015226013,228.8777298477398
2024-12-11,231.14,237.14,226.57,236.19,65123,240.66071307143824,242.90796949913178,43.03580280792063,237.66719523464658,242.0361786476888,-4.36898341304223,-2.9965973402646675,-1.3723860727775623,242.13850000000002,6.654881291204106,255.44826258240823,228.8287374175918
2024-12-12,240.86,240.86,230.67,235.24,92372,240.1444546836822,242.60726481289132,42.109860556997376,237.2937805831625,241.5327580071193,-4.238977423956811,-3.2450733570030965,-0.9939040669537147,241.47199999999998,6.644357004256908,254.7607140085138,228.18328599148617
2024-12-16,237.14,237.14,228.67,230.1,62995,239.18783995190293,242.11678383983676,37.41882873534886,236.1870451088298,240.68588704362898,-4.498841934799174,-3.495827072562312,-1.0030148622368618,240.596,6.939509614102972,254.47501922820595,226.71698077179406
2024-12-17,225.81,232.76,225.81,231.43,23698,238.4489980517217,241.6976942774902,39.303019487315225,235.45519201516368,240.00026578113795,-4.54507376597428,-3.7056764112447054,-0.8393973547295746,239.6295,6.7939806756472905,253.2174613512946,226.04153864870543
2024-12-18,231.43,235.71,228.67,228.67,56194,237.51766490393868,241.18680430582393,36.82520665437488,234.41131632052313,239.160986834387,-4.749670513863862,-3.9144752317685367,-0.835195282095325,238.73899999999998,7.012495538980819,252.7639910779616,224.71400892203835
2024-12-19,228.57,232.95,226.86,227.62,94199,236.57503015118263,240.65477276441908,35.8979975129747,233.36649842505804,238.3060989207287,-4.939600495670646,-4.119500284548959,-0.8201002111216873,237.88199999999998,7.280173219455544,252.44234643891107,223.32165356108888
2024-12-22,225.71,228.57,224.19,227.62,63660,235.72217013678429,240.1436052050301,35.8979975129747,232.4824217442799,237.51453603771174,-5.032114293431846,-4.302023086325537,-0.7300912071063088,237.11999999999998,7.525160603287944,252.17032120657586,222.0696787934241
2024-12-23,227.62,228.57,223.9,227.62,26186,234.95053488566197,239.65248343228384,35.8979975129747,231.73435686054452,236.78160744232568,-5.047250581781157,-4.451068585416661,-0.5961819963644954,236.36299999999997,7.687694267978392,251.73838853595674,220.9876114640432
2024-12-24,230.0,236.19,225.43,235.24,66351,234.9781029917894,239.47944486631192,47.80898966734432,232.2736865743069,236.66741429844973,-4.3937277241428205,-4.439600413161894,0.04587268901907304,235.81550000000001,7.332725116325547,250.4809502326511,221.15004976734892
2024-12-26,235.24,239.05,229.52,236.95,77229,235.16590270685708,239.38025094998596,50.05194559644463,232.9931194090289,236.68834657263864,-3.6952271636097294,-4.290725763251461,0.5954985996417319,235.23449999999997,6.702186976142186,248.63887395228434,221.8301260477156
2024-12-29,240.95,240.95,233.33,234.29,53794,235.08248340144212,239.18063326567278,46.69051672341511,233.19263949994755,236.5106912709617,-3.3180517710141544,-4.096190964804,0.7781391937898459,234.51100000000002,5.898040620231955,246.30708124046393,222.71491875953612
2024-12-31,229.71,236.19,228.1,233.71,73136,234.9517706965429,238.96609862780326,45.96563480810715,233.27223342303253,236.30323265829787,-3.030999235265341,-3.883152618896269,0.8521533836309279,233.863,5.157279066371324,244.17755813274266,223.54844186725734
2025-01-01,236.19,236.19,230.95,231.62,22273,234.63445920163406,238.67801632867375,43.353669394129724,233.0180436656429,235.956326535461,-2.938282869818096,-3.6941786690806344,0.7558957992625386,233.3915,4.889757581980595,243.1710151639612,223.61198483603883
2025-01-02,230.48,235.24,229.52,234.29,30400,234.6016535633832,238.50593725696106,47.46105227404997,233.213729255544,235.83289494024163,-2.6191656846976343,-3.4791760722040346,0.8600103875064002,233.0585,4.563836422873519,242.18617284574705,223.93082715425297
2025-01-05,230.48,232.38,229.52,232.38,27452,234.39006750972763,238.26570442335478,44.95014161976253,233.08546321622953,235.57712494466818,-2.4916617284386575,-3.2816732034509597,0.7900114750123022,232.53449999999998,3.9379589623919795,240.41041792478393,224.65858207521603
2025-01-06,228.57,234.29,228.57,232.0,76560,234.16244203261073,238.0199905243997,44.44633397332474,232.91846887527112,235.3121527265446,-2.3936838512734937,-3.1040753330154667,0.710391481741973,232.087,3.403580313049433,238.89416062609885,225.27983937390113
2025-01-07,236.19,236.19,229.52,230.95,58797,233.8564951723621,237.7427359940311,43.011797263978025,232.61562750984478,234.98903030235613,-2.3734027925113423,-2.957940824914642,0.5845380324032998,231.71999999999997,3.0798547470890303,237.87970949417803,225.5602905058219
2025-01-08,229.52,230.48,226.76,228.57,67113,233.35301944166093,237.38302085701028,39.87056229925338,231.993223277561,234.51354657625566,-2.5203232986946773,-2.8704173196706493,0.350094020975972,231.577,3.1593971776787737,237.89579435535754,225.25820564464246
2025-01-09,226.86,233.24,225.71,228.38,82734,232.8793985424551,237.02996121555893,39.621786452552904,231.43734277332084,234.0592097928293,-2.6218670195084712,-2.8207072596382137,0.19884024012974244,231.477,3.230137849430658,237.93727569886133,225.01672430113868
2025-01-12,232.38,232.38,226.19,226.67,17238,232.28802725269747,236.62368822671348,37.36226611534469,230.70390542357916,233.5118609192864,-2.8079554957072332,-2.8181569068520176,0.010201411144784345,231.477,3.230137849430658,237.93727569886133,225.01672430113868
2025-01-13,225.71,228.48,224.76,227.43,33053,231.82535799053582,236.26315143350902,39.02654152468954,230.20022766610543,233.06135270304296,-2.8611250369375227,-2.826750532869119,-0.03437450406840359,231.039,3.1503632204971184,237.3397264409942,224.73827355900576
2025-01-15,225.71,227.62,223.05,225.81,17173,231.25246675334193,235.85322392631258,36.78305696830947,229.52480802516615,232.52421546578051,-2.9994074406143625,-2.8612819144181683,-0.13812552619619423,230.56749999999997,3.1938985829081474,236.95529716581626,224.17970283418367
2025-01-16,224.76,224.76,221.9,223.33,41457,230.4979461101665,235.36211710567287,33.59879982432754,228.57176063667904,231.8431624683153,-3.2714018316362683,-2.9433058978617885,-0.32809593377447976,230.22900000000004,3.5813109919497723,237.3916219838996,223.0663780161005
2025-01-19,223.43,223.81,219.05,223.81,41728,229.86099886157922,234.90909290545042,34.775711582369325,227.83918207718995,231.24811339658825,-3.408931319398306,-3.036430982169092,-0.37250033722921394,229.848,3.84261369382967,237.53322738765937,222.16277261234066
2025-01-20,226.67,232.76,226.67,227.9,92842,229.67423706523834,234.6342265170014,43.899974394786454,227.84853868069916,231.00010499684097,-3.1515663161418104,-3.059458048963636,-0.09210826717817433,229.8095,3.8588605831264835,237.52722116625299,222.09177883374704
2025-01-21,230.0,230.48,228.19,228.57,33599,229.56907163045372,234.3964137124131,45.25111301871729,227.95953272982237,230.8200972192972,-2.8605644894748252,-3.0196793370658743,0.1591148475910491,229.85700000000003,3.8362716275059703,237.52954325501196,222.1844567449881
2025-01-22,225.71,234.29,225.71,232.48,65121,229.84630290374383,234.32126023349497,52.44868503301746,228.65498923292662,230.9430529808307,-2.28806374790409,-2.873356219233518,0.5852924713294279,230.1,3.841036044447429,237.78207208889486,222.41792791110512
2025-01-23,230.67,235.14,228.57,228.67,39448,229.73427405576822,234.09964218512263,46.0902184600204,228.65729858170715,230.77467868595437,-2.117380104247218,-2.7221609962362576,0.6047808919890398,230.1525,3.812424114862682,237.77734822972536,222.52765177027464
2025-01-26,228.57,231.33,225.71,228.57,57261,229.62339081236172,233.8827934719806,45.93281995436819,228.6438680306753,230.61136915366146,-1.9675011229861639,-2.571229021586239,0.6037278986000749,229.81900000000002,3.6313994692501694,237.08179893850036,222.55620106149968
2025-01-27,233.14,237.71,224.1,228.57,45883,229.52306787785108,233.67444862994213,45.93281995436819,228.6325037182637,230.4601566237606,-1.8276529054969046,-2.4225137983683718,0.5948608928714672,229.4,3.2261415768206896,235.8522831536414,222.94771684635862
2025-01-28,231.24,231.24,226.95,228.57,44918,229.4322995085319,233.47427417386598,45.93281995436819,228.62288776160776,230.32014502200056,-1.697257260392803,-2.2774624907732584,0.5802052303804555,229.11399999999998,3.0165567683782637,235.1471135367565,223.08088646324344
2025-02-02,228.57,235.05,226.67,233.33,126958,229.80350907914791,233.46861636312616,55.057367674998964,229.34705887520659,230.54309724259312,-1.1960383673865351,-2.061177666095914,0.8651392987093787,229.09499999999997,2.987138218571196,235.06927643714235,223.1207235628576
2025-02-03,236.19,240.0,233.33,233.33,83555,230.13936535732432,233.4631804273173,55.057367674998964,229.95981904825175,230.7495344838825,-0.7897154356307681,-1.8068852200028847,1.0171697843721166,229.1805,3.086049211669961,235.3525984233399,223.00840157666008
2025-02-04,230.76,236.19,228.57,234.19,46518,230.5251400851982,233.4916831556578,56.59235474119573,230.61061611775148,231.0043837813727,-0.39376766362121884,-1.5242617087265515,1.1304940451053327,229.1755,3.0774040239010656,235.33030804780213,223.02069195219786
2025-02-05,230.48,234.29,229.81,233.33,39246,230.7922696008936,233.48534263974966,54.584642939805214,231.02898286886665,231.17665164941917,-0.14766878055252164,-1.2489431230917456,1.101274342539224,229.223,3.1362382763945917,235.4954765527892,222.95052344721083
2025-02-06,230.67,232.86,229.62,232.86,56325,230.9891963055704,233.46081939897516,53.46823341681094,231.31067781211794,231.30134411983258,0.009333692285366624,-0.9972877600163232,1.0066214523016899,229.266,3.181880278274142,235.62976055654826,222.90223944345172
2025-02-09,228.29,236.19,228.29,230.57,36321,230.94927284789705,233.34745393234869,48.28621954664948,231.1967273794844,231.24717048132646,-0.05044310184206324,-0.8079188283814712,0.757475726539408,229.247,3.172415815316447,235.5918316306329,222.90216836936713
2025-02-10,226.67,234.19,226.67,229.52,52276,230.81315162428783,233.19735769970757,46.08094525308344,230.9387693211022,231.11923192715412,-0.18046260605191833,-0.6824275839155607,0.5019649778636424,229.29450000000003,3.168855803798898,235.6322116075978,222.95678839240225
2025-02-11,228.57,230.48,228.57,229.52,51701,230.6899943267366,233.05314759383668,46.08094525308344,230.7204971178557,231.00077030292047,-0.2802731850647717,-0.6019967041454029,0.3217235190806311,229.35150000000004,3.161785429985724,235.6750708599715,223.0279291400286
2025-02-12,230.48,233.33,226.86,229.52,25980,230.57856629561886,232.91459278623526,46.08094525308344,230.5358052535702,230.89108361381525,-0.35527836024505177,-0.5526530353653326,0.19737467512028084,229.494,3.0981546290122672,235.69030925802454,223.29769074197546
2025-02-13,231.33,231.33,227.71,228.38,40186,230.36917902936943,232.73676561814761,43.39353457013676,230.2041429068671,230.7050774201993,-0.5009345133321972,-0.5423093309587056,0.04137481762650841,229.54149999999998,3.0720167814108996,235.68553356282177,223.3974664371782
2025-02-16,226.86,233.71,226.86,233.33,90438,230.6511619789533,232.7600297115536,55.522813826782276,230.68504399811832,230.89951612981417,-0.21447213169585666,-0.47674189110613585,0.2622697594102792,229.91750000000002,3.0513980833652714,236.02029616673056,223.81470383326948
2025-02-17,236.19,239.9,230.86,238.29,106444,231.37867036191014,232.9768912914927,63.875590576902354,231.85503722917704,231.44695937945755,0.4080778497194899,-0.2997779429410107,0.7078557926605006,230.66549999999998,3.182378248385547,237.03025649677107,224.3007435032289
2025-02-18,243.05,252.29,238.29,241.33,154242,232.32641604172824,233.30446418202243,67.85960882160725,233.31272380930366,232.1790364624607,1.1336873468429758,-0.013084884984213369,1.1467722318271891,231.54149999999998,3.5821873279660155,238.705874655932,224.37712534406796
2025-02-20,241.9,246.48,238.38,238.86,63279,232.9486621329922,233.52232833174705,61.88745181096331,234.16615091556466,232.67392265042656,1.4922282651380954,0.2879777450402484,1.204250520097847,232.0895,3.8258338960296183,239.74116779205923,224.43783220794074
2025-02-23,236.19,240.0,234.29,238.48,78075,233.47545621556438,233.7167468285413,60.99803156268606,234.82982000547779,233.10400245409866,1.725817551379123,0.5755457063080234,1.1502718450710996,232.58499999999998,3.984471833189845,240.55394366637967,224.6160563336203
2025-02-24,233.71,246.67,233.71,239.05,142318,234.0063651474154,233.92589401173575,61.88294281435306,235.47907846617352,233.54444671675802,1.9346317494155016,0.8473629149295191,1.0872688344859824,232.91350000000003,4.238118096515224,241.38973619303047,224.43726380696958
2025-02-25,239.05,243.62,239.05,240.95,135293,234.66766370480443,234.20134914853043,64.75366144491632,236.3207587021468,234.09300621922037,2.2277524829264337,1.1234408285289021,1.1043116543975315,233.5275,4.473956067592432,242.47541213518485,224.57958786481515
2025-02-27,245.71,260.0,245.71,250.48,179624,236.17360049482306,234.83972761329395,74.94597463034414,238.49910351720115,235.30685761038922,3.1922459068119338,1.5372018441855086,1.6550440626264251,234.623,5.708338406965038,246.03967681393007,223.2063231860699
2025-03-02,255.43,255.43,249.52,254.76,310389,237.9437337810304,235.6209147657138,78.0200903156453,241.0007798991702,236.74783112073075,4.252948778439446,2.080351231036296,2.17259754740315,235.93249999999998,7.084755966529491,250.10201193305895,221.762988066941
2025-03-03,256.19,260.0,252.38,252.48,226954,239.3281400875989,236.2820553631368,72.88932242204477,242.76681376083633,237.9131769636396,4.853636797196742,2.6350083442683854,2.218628452928357,237.12800000000001,7.7619534980104135,252.65190699602084,221.6040930039792
2025-03-04,247.62,255.24,247.62,252.19,124295,240.55307912687522,236.9058963292883,72.2386040047944,244.21653472070767,238.97071941077738,5.245815309930293,3.157169737400767,2.0886455725295265,238.071,8.396003372533423,254.86300674506685,221.27899325493314
2025-03-05,252.38,257.14,249.62,249.71,120798,241.4251668290776,237.40801804186523,66.75050301185706,245.0616832252142,239.76622167664573,5.295461548568483,3.58482809963431,1.7106334489341726,238.89000000000001,8.70250599116887,256.29501198233777,221.48498801766226
2025-03-06,254.19,254.19,248.1,248.57,50326,242.1056271310702,237.84574282453718,64.33108193660652,245.60142426748894,240.4183534043016,5.183070863187339,3.9044766523449157,1.2785942108424235,239.609,8.885860382476023,257.38072076495206,221.83727923504796
2025-03-09,245.71,250.48,243.81,244.76,71820,242.35842454715876,238.11689016475142,56.90723197665598,245.47197438018293,240.7399568558348,4.732017524348123,4.069984826745557,0.6620326976025659,240.1805,8.82814427361746,257.8367885472349,222.5242114527651
2025-03-10,244.86,247.62,242.38,246.67,52771,242.76905078076268,238.45230623672194,59.434537997125624,245.65628601400095,241.17921931095816,4.477066703042794,4.151401202005005,0.3256655010377898,240.871,8.76528613638182,258.40157227276364,223.34042772723637
2025-03-11,242.95,247.62,242.95,243.81,69774,242.86818880164242,238.66241187449756,54.299251987766986,245.37224201184694,241.37409195459088,3.998150057256055,4.120750973055215,-0.12260091579916033,241.533,8.44030686646026,258.4136137329205,224.65238626707946
2025-03-12,244.86,246.67,243.81,243.81,35686,242.95788510624791,238.86427807549768,54.299251987766986,245.1318970869474,241.55452958758414,3.5773674993632483,4.012074278316822,-0.4347067789535739,242.2475,7.961086857168757,258.16967371433753,226.3253262856625
2025-03-16,243.81,243.81,239.05,241.9,58655,242.8571341437481,238.98332599410563,50.89341366143165,244.63468215049397,241.58011998850384,3.054562161990134,3.820571855051485,-0.7660096930613509,242.8665,7.379443193230935,257.62538638646186,228.10761361353812
2025-03-17,238.19,242.86,238.19,241.9,31215,242.7659785110102,239.0977053668858,50.89341366143165,244.21396181964877,241.6038148041702,2.61014701547856,3.5784868871369,-0.96833987165834,243.4855,6.687810179723818,256.8611203594476,230.10987964055238
2025-03-18,245.81,245.81,240.0,241.9,38941,242.68350436710443,239.20759927406678,50.89341366143165,243.85796769354897,241.62575444830574,2.23221324524323,3.3092321587581663,-1.0770189135149364,244.1615,5.689359667051344,255.5402193341027,232.7827806658973
2025-03-19,240.95,252.38,238.1,240.0,89133,242.4279325226183,239.23867381233867,47.21402637356398,243.26443420223376,241.50532819287568,1.759106009358078,2.9992069288781487,-1.2401009195200707,244.49499999999998,5.195036598829316,254.8850731976586,234.10492680234134
2025-03-20,237.24,240.48,236.19,237.83,73871,241.99003418713085,239.18343170205088,43.35853824596676,242.42836740189009,241.23308166007007,1.1952857418200153,2.638422691466522,-1.4431369496465067,244.47200000000004,5.2248864001770405,254.92177280035412,234.02222719964595
2025-03-23,235.33,236.19,230.38,231.51,79586,240.99193569311836,238.8825128117744,34.517720017124645,240.74861857083008,240.51285338895374,0.23576518187633155,2.157891189548484,-1.9221260076721522,243.981,5.947175269338244,255.87535053867649,232.0866494613235
2025-03-24,230.0,234.29,228.57,233.64,70901,240.2917513413928,238.67692407405775,39.02985676179326,239.65498494454852,240.00375313792014,-0.348768193371626,1.656559312964462,-2.005327506336088,243.71999999999997,6.288494924945904,256.29698984989176,231.14301015010815
2025-03-25,238.29,238.29,228.76,229.71,60464,239.28396549935536,238.32527999272216,34.32956905156678,238.12498726077183,239.24125290548162,-1.1162656447097845,1.1019943214296126,-2.218259966139397,243.2815,6.944649796029397,257.1707995920588,229.3922004079412
2025-03-26,233.33,238.1,228.67,235.9,64718,238.96168307084534,238.23017097339974,45.46880241865927,237.7826815283454,238.99375269026078,-1.2110711619153847,0.6393812247606132,-1.8504523866759979,243.12399999999997,7.080067944962148,257.28413588992424,228.96386411007566
2025-03-27,240.57,241.71,235.9,240.63,76107,239.1205703974315,238.32428191561937,52.14822152982852,238.22073052398457,239.1149561946859,-0.8942256707013314,0.3326598456682244,-1.2268855163695558,243.108,7.085598886400834,257.2791977728017,228.93680222719834
2025-03-30,241.9,247.62,241.9,244.99,103952,239.67956369291423,238.58568262481074,57.33582788839661,239.2621565972177,239.55014462470916,-0.28798802749145125,0.2085302710362893,-0.49651829852774054,242.83349999999996,6.888575801932108,256.6106516038642,229.05634839613575
2025-04-01,245.71,245.71,241.14,243.26,43085,240.0205576269224,238.76898918854366,54.79735335542694,239.87720942841497,239.82494872658256,0.052260701832409495,0.17727635719551335,-0.12501565536310386,242.2585,6.295048409162642,254.8485968183253,229.6684031816747
2025-04-02,248.1,248.1,241.05,242.74,31485,240.27955213864408,238.92471510271844,54.023126271571456,240.31763874712036,240.04087845053942,0.2767602965809317,0.19717314507259703,0.07958715150833467,241.77149999999997,5.821622377420214,253.4147447548404,230.12825524515955
2025-04-03,240.1,247.81,240.1,243.53,114700,240.58911860163036,239.10531451045497,55.06192561475819,240.8118481706403,240.29933189864764,0.5125162719926664,0.2602417704566109,0.25227450153605546,241.3385,5.305071332425383,251.94864266485078,230.72835733514924
2025-04-07,248.1,248.1,240.95,244.13,47336,240.9263454014751,239.30236100024106,55.87731122218127,241.32233306746485,240.5830850913404,0.7392479761244601,0.35604301159018076,0.3832049645342794,241.0595,4.978297611159798,251.01609522231962,231.1029047776804
2025-04-08,246.67,246.67,237.14,240.12,109299,240.8495506013346,239.33442527474142,49.422926532745564,241.13735874939334,240.54878249198185,0.5885762574114892,0.40254966075444243,0.1860265966570468,240.63700000000003,4.655446272916912,249.94789254583384,231.32610745416622
2025-04-09,244.76,244.76,239.24,239.74,93787,240.74387911549323,239.35033016592803,48.84711262380409,240.92238048025592,240.48887267776098,0.4335078024949439,0.40874128910254276,0.024766513392401157,240.38600000000002,4.555712897013576,249.49742579402718,231.27457420597287
2025-04-10,244.48,244.48,238.1,239.54,71961,240.62922396163674,239.35776819863676,48.52665901464456,240.70970656021655,240.41858581274164,0.29112074747490624,0.3852171807770155,-0.09409643330210926,240.0295,4.310459097543392,248.6504181950868,231.40858180491324
2025-04-13,243.81,243.81,236.29,239.17,94702,240.49025025100465,239.3504047398667,47.90058810166985,240.47282862787554,240.32609797476078,0.14673065311475852,0.3375198752445641,-0.1907892221298056,239.79749999999999,4.220196896131837,248.23789379226366,231.3571062077363
2025-04-15,243.81,243.81,236.19,240.32,36938,240.47403594138515,239.38842808340135,50.057318175792,240.4493165312793,240.32564627292666,0.12367025835263235,0.29474995186617775,-0.1710796935135454,239.623,4.116430620409752,247.8558612408195,231.39013875918047
2025-04-16,241.9,243.81,239.33,242.28,37015,240.64603251839608,239.50182306052287,53.58405524185419,240.7309601418517,240.47041321567283,0.26054692617887554,0.2879093467287173,-0.02736242054984178,239.642,4.1283533100556,247.8987066201112,231.3852933798888
2025-04-17,247.05,247.14,242.0,245.89,55373,241.14545799283457,239.75233980324748,59.28666572130926,241.52465858156683,240.87186408858594,0.6527944929808882,0.3608863759791515,0.2919081170017367,239.8415,4.334474137960351,248.5104482759207,231.17255172407928
2025-04-20,246.67,246.67,240.0,241.32,62621,241.16208104113605,239.81381667370837,50.78111519356623,241.49317264594114,240.90505934128328,0.5881133046578668,0.4063317617148946,0.18178154294297222,239.8125,4.321898796887989,248.456297593776,231.168702406224
2025-04-21,242.0,242.0,237.24,237.9,78395,240.85140665626594,239.73876503944533,45.5182141238416,240.9403768542579,240.68246235304008,0.2579145012178117,0.376648309615478,-0.11873380839766634,239.70750000000004,4.342563970987731,248.3926279419755,231.0223720580246
2025-04-22,237.14,240.0,235.24,235.78,46137,240.36841554614537,239.58351935162395,42.57277932084551,240.1464727228336,240.31931699355565,-0.17284427072203812,0.2667497935479748,-0.4395940642700129,239.60499999999996,4.41283713487851,248.430674269757,230.77932573024293
2025-04-23,237.14,237.14,231.9,232.21,53667,239.5914235893696,239.29436172999164,38.101578222102525,238.92547691932074,239.71862684588487,-0.7931499265641264,0.054769849525554554,-0.8479197760896809,239.64000000000001,4.347546192365558,248.33509238473113,230.9449076152689
2025-04-24,233.33,233.33,227.62,230.53,62000,238.7284308665725,238.95066126999197,36.17609543985228,237.6338650855791,239.03798782026377,-1.4041227346846767,-0.23700866731649173,-1.167114067368185,239.48449999999997,4.620494932479413,248.7254898649588,230.24351013504113
2025-04-27,227.62,231.05,226.67,227.96,97195,237.70286602213702,238.51965494567855,33.39576392937565,236.14557814933616,238.21739612987386,-2.071817980537702,-0.6039705299607339,-1.467847450576968,239.397,4.827283315752407,249.0515666315048,229.74243336849517
2025-04-28,225.05,228.48,224.95,226.62,68965,236.6473549724097,238.0530018105539,32.01419110370267,234.68010458789985,237.3583297498832,-2.678225161983363,-1.0188214563652598,-1.6594037056181032,238.933,5.569973164445813,250.07294632889162,227.79305367110837
2025-04-29,228.57,228.57,224.76,226.22,27874,235.65427354646593,237.58896252386552,31.594019060870423,233.37855003591525,236.5332682869289,-3.154718251013634,-1.4460008152949346,-1.7087174357186992,238.2125,6.231606935615761,250.67571387123152,225.7492861287685
2025-04-30,224.1,225.24,222.86,223.87,50855,234.53196178013584,237.05096399351785,29.171661037640874,231.915696184236,235.59524841382304,-3.6795522295870455,-1.8927110981533568,-1.7868411314336887,237.1565,6.787355329466318,250.73121065893264,223.58178934106735
2025-05-04,220.95,225.24,220.95,222.0,68133,233.3384416105991,236.46073011141914,27.37313619075408,230.3902044635843,234.58819297576207,-4.197988512177773,-2.35376658095824,-1.8442219312195327,236.0935,7.416777052205251,250.9270541044105,221.2599458955895
2025-05-05,220.1,223.52,220.0,221.96,19983,232.25478050482775,235.8920740286184,27.334315205817646,229.09324993072516,233.65277127385377,-4.559521343128608,-2.7949175333923137,-1.7646038097362946,235.05450000000002,7.8778586958380705,250.81021739167616,219.29878260832388
2025-05-06,220.29,222.76,220.29,221.57,30617,231.23718236151083,235.3304240667118,26.933245389922362,227.93582686445973,232.75775117949425,-4.821924315034522,-3.2003188897207555,-1.6216054253137666,233.9565,8.159715084680949,250.2759301693619,217.6370698306381
2025-05-07,220.57,232.38,220.29,229.24,87995,231.04697451755743,235.09158390723292,44.25625551019791,228.13646888531207,232.49717701805022,-4.360708132738154,-3.4323967383242353,-0.9283113944139183,233.212,7.856267092684058,248.92453418536812,217.49946581463186
2025-05-08,228.57,229.52,224.76,227.65,31007,230.72345313493292,234.79975708734145,42.031584734584804,228.061627518341,232.13812686856502,-4.076499350224026,-3.5612172607041934,-0.5152820895198325,232.58849999999998,7.773565377883021,248.13563075576602,217.04136924423395
2025-05-11,228.57,233.33,226.76,227.37,38785,230.4040766458917,234.50839406430845,41.63467490701189,227.9552232847501,231.78493228570838,-3.8297090009582746,-3.61491560875501,-0.21479339220326477,231.96999999999997,7.6659740343121126,247.3019480686242,216.63805193137574
2025-05-13,225.81,227.62,223.81,225.1,32934,229.8989264891401,234.13943743433555,38.4635188816037,227.5159581640193,231.28975211639664,-3.773793952377332,-3.6466912774794746,-0.12710267489785743,231.248,7.59515884591936,246.4383176918387,216.05768230816128
2025-05-14,222.86,226.48,220.95,224.63,16850,229.39712396636486,233.76651831926358,37.82119457248371,227.071964600324,230.7964371448117,-3.7244725444876963,-3.662247530881119,-0.062225013606577395,230.52100000000002,7.4921417779605886,245.50528355592118,215.53671644407885
2025-05-15,224.76,225.71,221.9,223.6,50679,228.84501692194917,233.3678313263513,36.387103027421794,226.53781620027416,230.2633677266775,-3.7255515264033363,-3.6749083299855627,-0.050643196417773595,229.685,7.270754322700084,244.22650864540017,215.14349135459983
2025-05-18,222.0,224.29,221.05,222.5,23464,228.24072959604922,232.94164186257282,34.86658628689369,225.91661370792428,229.6883034506273,-3.7716897427030176,-3.6942646125290537,-0.07742513017396391,228.69599999999997,6.797218006772158,242.29043601354428,215.10156398645566
2025-05-19,221.43,228.29,221.43,226.8,46289,228.10351725356833,232.70079316207978,44.61046555538599,226.05251929132055,229.47435504687715,-3.4218357555566,-3.6397788411345635,0.21794308557796338,227.7415,5.465591194488601,238.6726823889772,216.8103176110228
2025-05-20,223.81,234.1,223.81,232.98,45792,228.56794418179993,232.71174244984135,55.02430036479696,227.1182855541943,229.73403245081215,-2.61574689661785,-3.434972452231221,0.8192255556133712,227.32450000000003,4.629251928882307,236.58300385776465,218.0659961422354
2025-05-21,237.62,246.67,229.81,230.48,64606,228.75004473591423,232.62422313808287,50.858639370887694,227.63547239201057,229.78928930630755,-2.153816914296982,-3.1787413446443735,1.0249244303473914,226.9535,3.9903347373117923,234.9341694746236,218.9728305253764
2025-05-22,230.48,241.9,230.48,239.41,108506,229.76527857058906,232.89033203462864,61.9420005014111,229.4469381778551,230.50193454287736,-1.0549963650222764,-2.753992348719954,1.6989959836976776,227.135,4.467020082903192,236.06904016580637,218.2009598341936
2025-05-25,240.0,241.9,232.86,235.51,81757,230.31239489719962,232.99306411170204,56.00151531703276,230.37971691972353,230.87290235451607,-0.4931854347925366,-2.3018309659344705,1.8086455311419338,227.3,4.718226696323803,236.7364533926476,217.86354660735242
2025-05-26,240.19,244.95,234.29,237.97,126602,231.04169062127585,233.1882380681059,58.692555607157736,231.54745277822764,231.3986132912186,0.1488394870090417,-1.811696875345768,1.9605363623548098,227.67200000000003,5.249661242204381,238.1713224844088,217.17267751559126
2025-05-27,234.29,240.0,232.38,239.42,49823,231.839624847821,233.4326208889645,60.23633919469498,232.75861388926955,231.99279008446166,0.7658238048078942,-1.2961927393150356,2.0620165441229297,228.24500000000003,5.871366289482508,239.98773257896505,216.50226742103501
2025-05-28,238.1,242.86,234.48,241.95,83855,232.8025177194571,233.76663575606395,62.84553295317711,234.1726732909204,232.73036118931634,1.4423121016040454,-0.7484917711312196,2.1908038727352652,229.0115,6.603116708280021,242.21773341656007,215.80526658343996
2025-06-02,246.67,246.76,237.52,238.59,64906,233.35370650808022,233.95578729504183,57.45364343421533,234.8522620153942,233.16440850862625,1.6878535067679366,-0.2612227155513883,1.949076222319325,229.63000000000002,6.900519431250223,243.43103886250046,215.8289611374996
2025-06-03,239.9,239.9,234.29,234.53,78525,233.46573445969162,233.9783054403343,51.68346034121566,234.8026832437951,233.2655634339132,1.5371198098818866,0.09844578953526667,1.43867402034662,230.163,6.8436556097799635,243.85031121955993,216.4756887804401
2025-06-04,234.29,235.14,228.57,229.98,52225,233.13375974924477,233.82150914855652,46.09610495908951,234.06073197551893,233.02218836473446,1.0385436107844725,0.28646535378510785,0.7520782569993647,230.56200000000004,6.569834252496254,243.70166850499254,217.42233149500754
2025-06-05,233.33,233.33,226.67,229.25,36286,232.76387786836432,233.6422342799857,45.25086934788917,233.32061936390065,232.74276700438378,0.5778523595168679,0.3447427549314599,0.23310960458540797,230.92650000000003,6.2625093969892385,243.45151879397852,218.40148120602154
2025-06-08,233.81,233.81,224.57,228.63,20871,232.3701752142344,233.44567607292745,44.50447092732446,232.59898561560823,232.43811759665164,0.16086801895659164,0.30796780773648624,-0.1470997887798946,231.27949999999996,5.895578606487533,243.07065721297502,219.4883427870249
2025-06-09,228.63,231.14,227.71,230.11,21357,232.15492043192637,233.31486524653815,46.76193454470296,232.2160647516685,232.2656644413441,-0.049599689675574155,0.23645430825407418,-0.28605399792964836,231.323,5.882934373432668,243.08886874686533,219.55713125313468
2025-06-10,228.57,239.9,226.86,230.45,83888,231.9925470574572,233.20251758981115,47.29237676159272,231.94436248218108,232.1311707790223,-0.18680829684123523,0.1518017872350123,-0.33861008407624754,231.46300000000002,5.823946121064572,243.11089224212915,219.8151077578709
2025-06-11,228.57,233.33,226.67,231.89,55979,231.98278067103269,233.15104631177934,49.58354196759788,231.935999023384,232.1133062768725,-0.1773072534884932,0.08597997909031121,-0.2632872325788044,231.68900000000002,5.74390651954519,243.1768130390904,220.20118696090964
2025-06-12,233.33,233.33,227.33,230.3,32334,231.82251584522007,233.03924057406252,47.146560091390626,231.68430686594033,231.97898729340045,-0.294680427460122,0.009847897780224574,-0.30452832524034656,231.94899999999998,5.544172758758343,243.03734551751666,220.8606544824833
2025-06-15,225.71,233.33,225.71,229.21,43308,231.57370481234196,232.88907427704046,45.49574074548389,231.3036442711803,231.77387712351893,-0.47023285233862566,-0.08616825224354548,-0.3840646000950802,232.17799999999997,5.315838895029232,242.80967779005843,221.5463222099415
2025-06-16,226.76,231.81,225.81,228.82,52527,231.31144721116652,232.72950273676437,44.89008924189403,230.9215451525372,231.55507141066568,-0.6335262581284837,-0.19563985342053314,-0.4378864047079506,232.43900000000002,4.99070915749935,242.42041831499873,222.45758168500132
2025-06-17,227.71,231.43,227.71,228.95,40235,231.0865474767697,232.58128694316576,45.152193905553816,230.61823051368532,231.36210315802376,-0.7438726443384382,-0.3052864116041142,-0.43858623273432407,232.7615,4.498804841289654,241.75910968257932,223.7638903174207
2025-06-18,224.95,229.43,224.95,227.06,35036,230.7030667646964,232.36476588657104,42.02298153564071,230.0708104346568,231.043428850022,-0.97261841536519,-0.43875281235632935,-0.5338656030088607,232.7745,4.4810119569028135,241.73652391380563,223.81247608619435
2025-06-19,227.14,227.33,224.86,225.33,51081,230.1913461204396,232.08889271454865,39.33570649560745,229.34145498317116,230.62021189816852,-1.2787569149973592,-0.6067536328845353,-0.6720032821128239,232.392,4.77913293171035,241.9502658634207,222.8337341365793
2025-06-22,228.57,229.81,222.86,224.03,49896,229.60455125182628,231.77285770613497,37.40025728882134,228.52430806268328,230.13204805385973,-1.6077399911764587,-0.8069509045429201,-0.8007890866335386,232.0695,5.120389042580575,242.31027808516114,221.82872191483887
2025-06-23,222.86,226.57,222.86,224.05,27645,229.07554637069995,231.4700005411885,37.4512472644352,227.83595297611663,229.68152597579603,-1.8455729996794048,-1.014675323570217,-0.8308976761091877,231.30150000000003,5.113358433915473,241.528216867831,221.07478313216907
2025-06-24,228.48,231.43,224.0,224.5,60961,228.63978004968092,231.1966671866321,38.66187318029722,227.32272944132947,229.29770923684816,-1.974979795518692,-1.2067362179599121,-0.7682435775587799,230.75100000000003,5.227811155129281,241.20662231025858,220.29537768974149
2025-06-25,223.81,228.57,222.0,223.71,20505,228.17027718780656,230.9030723949995,37.29708435979836,226.76692491189417,228.8838048489335,-2.1168799370393288,-1.3887649617757956,-0.7281149752635332,230.038,5.16345722615432,240.36491445230865,219.71108554769137
2025-06-26,221.9,225.62,221.9,224.18,29936,227.79025078896785,230.63942249715637,38.6838806629621,226.36893646391044,228.53537486012362,-2.166438396213181,-1.5442996486632725,-0.6221387475499083,229.27599999999998,4.819073289381483,238.91414657876294,219.63785342123703
2025-06-29,222.0,245.71,222.0,231.65,45056,228.1578459519233,230.679052987464,55.521550977902905,227.181407777155,228.76608783344778,-1.5846800562927967,-1.5523757301891774,-0.03230432610361933,228.76100000000002,3.8453456486905613,236.45169129738116,221.0703087026189
2025-06-30,236.19,236.19,228.57,232.33,43275,228.55519395650202,230.74379600756347,56.687536665368555,227.97349888836192,229.03008132726646,-1.0565824389045417,-1.4532170719322504,0.3966346330277086,228.448,3.204570091867659,234.85714018373534,222.03885981626468
2025-07-01,228.57,235.24,228.0,234.87,48863,229.15660405588278,230.9056079288355,60.81921243574822,229.03449905938317,229.4626678956171,-0.42816883623393664,-1.2482074247925876,0.820038588558651,228.465,3.2392469885206463,234.9434939770413,221.9865060229587
2025-07-02,235.24,239.05,233.43,238.17,77153,230.01502271722725,231.19048604927335,65.43283458613996,230.43996074255497,230.10765545890473,0.3323052836502427,-0.9321048831040216,1.2644101667542644,228.87449999999998,3.8926360639449147,236.65977212788982,221.08922787211014
2025-07-03,242.86,243.81,234.29,241.24,132713,231.08406817272942,231.58458463557636,69.08046580232877,232.1015052437004,230.93227357305994,1.1692316706404426,-0.5118375723551288,1.6810692429955716,229.474,4.776456956012559,239.02691391202512,219.92108608797486
2025-07-06,240.0,243.52,238.1,241.21,62281,232.04844263246946,231.96205190476945,69.00383771886516,233.50281212928496,231.69358664172216,1.8092254875627987,-0.04762496037154329,1.856850447934342,230.103,5.441482092999175,240.98596418599837,219.22003581400165
2025-07-07,246.0,246.0,236.38,237.35,73853,232.55335285794857,232.17334398693538,59.81072644470244,234.09468718631805,232.11258022381682,1.9821069625012342,0.3583214242030123,1.6237855382982218,230.465,5.677670482272905,241.8203409645458,219.1096590354542
2025-07-08,233.43,237.9,233.43,235.5,46876,232.8339859190963,232.30380108548695,55.96254256011532,234.31088915765372,232.3635002072378,1.9473889504159274,0.6761349294455954,1.271254020970332,230.71750000000003,5.788185676104621,242.29387135220927,219.1411286477908
2025-07-09,233.33,241.71,233.33,240.58,51660,233.57170154584904,232.62835790566393,63.00189741687651,235.27536774878394,232.9721298215165,2.303237927267446,1.0015555290099656,1.3016823982574806,231.152,6.192852926433135,243.53770585286625,218.76629414713372
2025-07-10,242.86,251.43,242.86,246.52,199250,234.80487282719676,233.1731281838732,69.20130693835614,237.00531117204795,233.97567576066342,3.0296354113845325,1.407171505484879,1.6224639058996535,231.96300000000002,7.0746851148086565,246.11237022961734,217.8136297703827
2025-07-13,251.43,260.0,249.71,251.85,297593,236.42821827222565,233.90555452960365,73.4932402306387,239.28910945327135,235.29969977839207,3.9894096748792833,1.92361913936376,2.0657905355155233,233.09500000000003,8.313772656831881,249.7225453136638,216.46745468633625
2025-07-14,251.43,252.29,247.14,247.86,140358,237.51695938915657,234.45278768530548,66.0705863982759,240.6077079989219,236.23009238740008,4.377615611521833,2.4144184337953747,1.963197177726458,234.04699999999997,8.869999762654231,251.78699952530843,216.3070004746915
2025-07-15,248.57,253.9,247.62,253.03,129554,238.9943918282845,235.1813058152935,70.26170717290064,242.5188298452416,237.47452998833342,5.0442998569081965,2.940394718417939,2.1039051384902576,235.25100000000003,9.733943810464305,254.71888762092865,215.7831123790714
2025-07-16,256.19,258.57,252.86,256.88,281194,240.6977830827336,236.0322349990075,72.9421243280529,244.72824063828136,238.91197221141982,5.816268426861541,3.5155694601066596,2.300698966754881,236.74200000000002,10.653645583110997,258.049291166222,215.43470883377802
2025-07-17,260.0,261.81,256.29,259.1,169128,242.4503751700923,236.93685323434053,74.37630867305589,246.9392805400842,240.40738167724058,6.531898862843633,4.118835340654055,2.413063522189578,238.4305,11.399743522046288,261.2299870440926,215.6310129559074
2025-07-20,254.0,262.86,254.0,255.13,173643,243.65795848722635,237.65030997024874,67.48731700854046,248.19939122622512,241.497945997445,6.7014452287801305,4.6353573182792704,2.06608791050086,239.9855,11.45303291249759,262.89156582499515,217.07943417500482
2025-07-21,257.14,257.43,252.67,256.57,186919,244.88767672653813,238.39225859886645,68.62257611020668,249.48717719142127,242.6143944420787,6.872782749342576,5.082842404491932,1.7899403448506446,241.61149999999998,11.379795703929622,264.37109140785924,218.85190859214075
2025-07-22,256.57,261.81,255.33,260.5,221271,246.37456465734402,239.25922884989131,71.54300089033997,251.1814576235103,243.93925411303584,7.242203510474468,5.514714625688439,1.7274888847860286,243.4115,11.377880791949257,266.1672615838985,220.65573841610149
2025-07-23,255.33,265.14,255.33,263.84,263082,248.0379394518827,240.2231806596995,73.77684224858959,253.12892568143178,245.41338343799615,7.715542243435635,5.954880149237878,1.760662094197757,245.41799999999998,11.258496019966374,267.93499203993275,222.90100796006723
2025-07-24,262.86,263.81,258.76,261.41,147958,249.31146902789385,241.05403632010345,69.50213977263667,254.40293711505765,246.59831799814458,7.804619116913074,6.324827942772918,1.4797911741401553,247.2795,10.621994794814851,268.5234895896297,226.0355104103703
2025-07-27,260.0,264.76,259.05,259.53,152544,250.28466245380872,241.77858391539354,66.30143922075942,255.19171602043338,247.55622036865236,7.635495651781014,6.586961484574538,1.0485341672064754,248.67349999999996,10.287031833691904,269.24756366738376,228.09943633261616
2025-07-28,257.14,261.9,255.24,257.77,149373,250.99755174392217,242.4056982716526,63.359730341325616,255.58837509421286,248.3127966376411,7.275578456571765,6.724684878973983,0.5508935775977815,249.94549999999998,9.716816933328147,269.3791338666563,230.5118661333437
2025-07-29,257.14,262.38,257.14,259.52,183131,251.80921348259625,243.0768473590388,65.02156266945654,256.19324046433394,249.14295984966768,7.0502806146662635,6.7898040261124395,0.26047658855382405,251.17799999999997,9.256387040992594,269.6907740819852,232.66522591801478
2025-07-30,260.0,261.81,255.24,255.52,150660,252.16262172234897,243.56481412927258,58.49135692672042,256.08966500828257,249.61533319413672,6.474331814145842,6.726709583719121,-0.25237776957327895,252.0455,8.773546048387882,269.5925920967758,234.49840790322423
2025-07-31,258.1,258.1,251.71,252.27,122833,252.1728482249824,243.90619396734033,53.76649380906972,255.50202423777756,249.81197517975622,5.690049058021344,6.519377478579566,-0.8293284205582214,252.59700000000004,8.39716625134079,269.3913325026816,235.80266749731845
2025-08-03,250.48,250.48,245.05,245.34,85195,251.5221007749841,243.96242165489562,45.35362532748627,253.9386358935041,249.48071775903355,4.45791813447056,6.107085609757766,-1.6491674752872054,252.80349999999999,8.149533583684669,269.10256716736933,236.50443283263064
2025-08-04,247.52,269.52,243.9,250.66,91719,251.4399959392713,244.2250717860762,51.61291338127232,253.43423037142657,249.56807199910514,3.866158372321422,5.6589001622704975,-1.7927417899490754,253.46899999999997,7.322672721725279,268.11434544345053,238.8236545565494
2025-08-05,253.24,256.19,249.24,249.97,81419,251.29999632600737,244.45036308858303,50.80017469895845,252.90127185274554,249.59784444361588,3.303427409129654,5.18780561164233,-1.8843782025126758,254.19249999999997,6.059781892029925,266.31206378405983,242.0729362159401
2025-08-06,247.9,250.48,247.14,249.25,35272,251.10475858067335,244.63858414393272,49.91687509635486,252.3395377215539,249.57207818853323,2.767459533020684,4.703736395918001,-1.9362768628973166,254.62599999999998,5.296810758423702,265.2196215168474,244.03237848315257
2025-08-07,253.24,253.24,248.67,250.7,59848,251.06621014441873,244.8762867265236,51.73690364124759,252.08730114900715,249.65562795234558,2.4316731966615635,4.249323756066714,-1.8176505594051502,254.83499999999998,5.036187467772943,264.9073749355459,244.76262506445408
2025-08-11,252.86,255.71,248.1,248.52,132566,250.82371394018838,245.01917744313053,48.86195059718507,251.53848558762144,249.57150736328296,1.966978224338476,3.7928546497210665,-1.8258764253825905,254.6685,5.192682376497208,265.0538647529944,244.2831352470056
2025-08-12,253.43,253.43,245.71,246.92,51937,250.45193166017043,245.09371950418424,46.80614806359531,250.82794934337198,249.37509941044718,1.4528499329248064,3.324853706361815,-1.8720037734370085,254.62150000000003,5.261350912178298,265.1442018243566,244.09879817564342
2025-08-13,248.57,248.57,241.9,242.05,80894,249.65174769253517,244.97435795500056,41.13333834374514,249.47749559823782,248.83249945411777,0.6449961441200571,2.7888821939134636,-2.1438860497934065,254.0725,5.962321055465512,265.997142110931,242.14785788906897
2025-08-14,242.86,243.33,239.24,240.31,39553,248.76205743610325,244.79144195676525,39.30060403388061,248.0671116600474,248.2012031982572,-0.1340915382097876,2.2042874474888134,-2.338378985698601,253.244,6.6618800886698,266.5677601773396,239.9202398226604
2025-08-17,241.9,241.9,234.29,234.68,78582,247.42090910885534,244.39491482120582,34.018946451276946,246.0075560200401,247.19963259097887,-1.1920765709387524,1.5250146438033003,-2.7170912147420525,252.023,7.690543817608154,267.4040876352163,236.64191236478368
2025-08-18,234.29,236.67,233.81,234.63,59074,246.20272728896435,244.01197698508008,33.975276740837046,244.2571627861878,246.2685486953508,-2.0113859091630104,0.8177345332100383,-2.829120442373049,250.998,8.570436702011271,268.13887340402255,233.85712659597743
2025-08-19,238.0,238.95,235.24,236.24,43314,245.2538961185868,243.70719357390047,36.78907001748974,243.0237531267743,245.52569323643593,-2.501940109661632,0.1537996046357042,-2.6557397142973365,249.9815,9.06607689484162,268.11365378968327,231.84934621031678
2025-08-20,238.95,240.0,234.48,239.54,27558,244.70971553586423,243.54377421806126,42.22413569333004,242.48779110727054,245.08230855225548,-2.5945174449849446,-0.3958638052884256,-2.198653639696519,248.9335,8.997371706870918,266.9282434137418,230.93875658625817
2025-08-21,237.24,240.1,236.19,237.63,42919,244.03545691340096,243.31186150362748,40.076284552728005,241.74043862922895,244.53028569653287,-2.789847067303924,-0.8746604576915253,-1.9151866096123988,247.623,8.612470823418326,264.84794164683666,230.39805835316335
2025-08-24,233.52,240.0,233.33,237.4,34120,243.4035086359342,243.08002379760288,39.813648381224056,241.0726788401168,244.0021163856786,-2.9294375455617967,-1.2856158752655795,-1.6438216702962172,246.42249999999999,8.255533311856858,262.9335666237137,229.91143337628625
2025-08-25,236.29,239.05,236.19,237.9,22666,242.8793649563214,242.8768856094616,40.723099633078746,240.58457440317574,243.55010776451724,-2.9655333613414996,-1.6215993724807638,-1.3439339888607358,245.34100000000004,7.855123638011093,261.0512472760222,229.63075272397785
2025-08-26,238.1,240.38,236.19,238.02,19420,242.4165682938146,242.68641950712978,40.95370530340514,240.19002449499487,243.14047015233075,-2.9504456573358766,-1.8873686294517866,-1.06307702788409,244.3535,7.44089077505742,259.23528155011485,229.47171844988515
2025-08-27,242.76,242.76,237.33,241.21,89528,242.301657027737,242.62852070292863,46.87084135138497,240.3469438034572,242.9974723632692,-2.6505285598119883,-2.040000615523827,-0.6105279442881613,243.43800000000002,6.549673836798227,256.53734767359646,230.33865232640358
2025-08-28,239.62,264.76,237.24,238.68,81745,241.95673731080967,242.47367675379417,43.175372706222575,240.09049091061763,242.67765959561964,-2.5871686850020126,-2.149434229419464,-0.4377344555825484,242.596,5.971647396790643,254.5392947935813,230.65270520641872
2025-08-31,240.0,240.0,237.14,237.45,54946,241.5275242335897,242.27666982227282,41.463762928388824,239.68426153975338,242.29042555149965,-2.606164011746273,-2.240780185884826,-0.3653838258614468,241.85499999999996,5.617005664194752,253.08901132838946,230.62098867161046
2025-09-01,242.19,242.86,236.86,241.38,59786,241.51347430658114,242.24150629983075,48.49013576867313,239.94514437979132,242.22298662175893,-2.277842241967619,-2.2481925971013847,-0.029649644866234226,241.657,5.557169953740275,252.77133990748055,230.54266009251947
2025-09-02,246.19,246.19,238.29,241.71,63662,241.5321910392877,242.22066291552366,49.04324918269233,240.2166606290542,242.18498761273975,-1.9683269836855573,-2.1922194744182195,0.22389249073266226,241.2095,5.138627171778751,251.4867543435575,230.9322456564425
2025-09-03,245.71,245.71,237.43,239.96,37153,241.38245855935554,242.13200946785608,46.2094850019663,240.1771743784305,242.02017371549977,-1.8429993370692728,-2.12237544694843,0.2793761098791574,240.709,4.710063023381617,250.12912604676325,231.28887395323676
2025-09-04,240.48,240.48,235.71,237.95,23737,241.05555774417883,241.9680090965676,43.12716268623599,239.83453216636426,241.71867936620347,-1.8841471998392194,-2.074729797526588,0.19058259768736852,240.144,4.290675814762094,248.7253516295242,231.5626483704758
2025-09-07,241.81,241.81,237.14,237.79,34487,240.74455224473323,241.80416560258456,42.88195722980748,239.51998875615436,241.42766607981804,-1.9076773236636768,-2.0413193027540055,0.1336419790903287,239.4985,3.52111566500326,246.54073133000654,232.45626866999348
2025-09-08,235.71,240.0,233.81,234.15,37696,240.11649964999674,241.50400224562048,37.63892488263983,238.69383663982293,240.8885797035352,-2.1947430637122807,-2.0720040549456606,-0.12273900876662003,238.78000000000003,3.012788531718951,244.80557706343794,232.75442293656212
2025-09-18,236.19,236.19,227.62,227.62,75,238.92635682618752,240.95953156932165,30.44694931898374,236.99016946446557,239.90572194771778,-2.9155524832522133,-2.2407137406069713,-0.674838742645242,237.815,3.3413084421043378,244.49761688420867,231.13238311579133
2025-09-21,227.62,235.14,227.52,234.19,103111,238.47527522369347,240.69405974307375,42.377032803437245,236.5593741622401,239.48233513677573,-2.9229609745356413,-2.3771631873927053,-0.545797787142936,237.42199999999997,3.2786303302018642,243.9792606604037,230.86473933959624
2025-09-23,235.24,238.86,234.29,237.14,41458,238.34810615477028,240.5546848511885,46.79029265601788,236.64870121420313,239.30882883034792,-2.6601276161447913,-2.4337560731431225,-0.22637154300166884,237.26350000000002,3.2075195778232577,243.67853915564655,230.8484608443535
2025-09-24,240.0,240.0,233.33,236.1,14717,238.13400080669692,240.3799913276125,45.46818296886681,236.56428564278724,239.0711378058777,-2.506852163090457,-2.4483752911325896,-0.05847687195786744,237.3345,3.1627261308816546,243.6599522617633,231.0090477382367
2025-09-25,238.1,238.1,232.0,236.57,20443,237.98504834891625,240.23057990300023,46.2079232015786,236.56516477466613,238.88586833877565,-2.3207035641095217,-2.422840945727976,0.10213738161845409,237.4315,3.1046302856444354,243.64076057128887,231.22223942871113
2025-09-28,236.57,238.1,233.33,236.67,35996,237.85980564901945,240.09094931856885,46.37460439650492,236.58129327087133,238.72172994331078,-2.1404366724394492,-2.3663600910702707,0.22592341863082144,237.45300000000003,3.0974252465409213,243.64785049308188,231.2581495069182
2025-10-07,233.33,236.95,228.57,231.81,56294,237.28363368244618,239.76620620803675,39.90322011245593,235.84724815227577,238.20974994750998,-2.362501795234209,-2.3655884319030585,0.0030866366688493407,237.0665,3.2990194316706356,243.66453886334125,230.46846113665873
2025-10-08,228.76,233.33,225.33,226.76,88717,236.28138285554655,239.25615890576083,34.51371945881938,234.4492099750026,237.3616203217685,-2.9124103467659097,-2.474952814875629,-0.4374575318902809,236.523,4.018284656288204,244.5595693125764,228.4864306874236
2025-10-09,230.48,242.86,227.71,229.43,53553,235.62887020263736,238.87081934082903,39.190195952224386,233.6770238250022,236.7740928905264,-3.097069065524181,-2.5993760650053392,-0.4976930005188418,236.12450000000004,4.311252687660017,244.74700537532007,227.50199462468
2025-10-12,225.81,231.43,223.43,227.62,109136,234.86612065952903,238.4296107392279,37.248296054953684,232.7451740057711,236.09601193567258,-3.3508379299014734,-2.749668437984566,-0.6011694919169073,235.6105,4.685033814405032,244.98056762881006,226.24043237118994
2025-10-13,231.43,233.33,225.05,227.71,39824,234.18458535862152,238.0092338474935,37.414358996451604,231.9705318510371,235.4748258663635,-3.504294015326394,-2.900593553452932,-0.603700461873462,235.09500000000003,4.964816740139647,245.02463348027933,225.16536651972072
2025-10-14,230.38,230.38,226.67,227.62,40770,233.55938675303852,237.6018129122977,37.308034274961436,231.30121925856986,234.89298691329952,-3.591767654729665,-3.0388283737082786,-0.5529392810213865,234.4155,5.013595699906187,244.4426913998124,224.38830860018763
2025-10-15,230.19,230.19,224.76,226.57,58863,232.89373087179678,237.16919279808994,36.021877920456184,230.57333937263604,234.27646936416622,-3.703129991530176,-3.1716886972726583,-0.5314412942575175,233.81,5.199291449703462,244.20858289940693,223.41141710059307
2025-10-16,228.48,228.57,222.86,223.81,149580,232.02861364591138,236.64530288443936,32.81912883501677,229.53282562299972,233.50117533719094,-3.96834971419122,-3.331020900656371,-0.6373288135348489,233.12800000000001,5.577529730512294,244.2830594610246,221.97294053897542
2025-10-19,226.57,228.29,223.81,226.95,22837,231.54493615582456,236.26509492818684,39.41849016964111,229.13546783484594,233.0159030899916,-3.8804352551456702,-3.440903771554231,-0.439531483591439,232.4065,5.383839634548703,243.1741792690974,221.63882073090258
2025-10-26,223.14,226.67,222.67,225.71,23502,230.9892279505079,235.8511696368854,37.83775764836753,228.6084727833312,232.47472508332555,-3.8662522999943576,-3.5259734772422564,-0.3402788227521012,231.6065,5.110447786540624,241.82739557308125,221.38560442691877
2025-10-28,227.33,230.48,224.86,230.48,22791,230.94073005045954,235.64053553347813,46.69341214597746,228.89640004743407,232.3269676697459,-3.430567622311827,-3.5068923062561708,0.07632468394434389,231.1325,4.7195638458174365,240.57162769163486,221.69337230836513
2025-10-29,227.33,231.9,227.33,228.57,16950,230.71494623613006,235.36325963020448,43.990965330090745,228.84618465552114,232.04867376828324,-3.2024891127620947,-3.4460116675573556,0.24352255479526086,230.66350000000003,4.4656599382644915,239.59481987652902,221.73218012347104
2025-10-30,224.76,229.24,224.76,229.14,40871,230.56495135649863,235.11921023294155,45.01374447090288,228.89138701621022,231.8332164521141,-2.941829435903884,-3.3451752212266617,0.40334578532277776,230.231,4.146610410292536,238.52422082058507,221.93777917941492
2025-11-02,232.29,232.76,228.57,230.48,53253,230.5568607511178,234.937280419885,47.4435120708697,229.13578901371633,231.73297819640194,-2.597189182685611,-3.1955780135184515,0.5983888308328407,230.04749999999999,4.043989529635175,238.13547905927032,221.95952094072965
2025-11-03,233.05,233.05,229.05,229.52,32308,230.4581121081542,234.72483805047776,45.87935970146941,229.19489839622153,231.56905388555737,-2.374155489335834,-3.0312935086819284,0.6571380193460943,230.14249999999998,4.006101760539664,238.1547035210793,222.13029647892066
2025-11-04,228.0,231.43,228.0,231.43,33288,230.55067285975858,234.5956287151649,49.45018508600477,229.5387601814182,231.5587535977383,-2.0199934163200908,-2.8290334902095613,0.8090400738894705,230.0045,3.905614683073715,237.81572936614742,222.1932706338526
2025-11-05,232.19,232.19,227.9,230.95,46092,230.58870401597204,234.45266288319766,48.582664928848885,229.75587399966156,231.51366073864656,-1.7577867389850041,-2.61478413996465,0.8569974009796457,229.695,3.5384021074057426,236.77180421481148,222.6181957851885
2025-11-06,235.52,235.52,228.76,231.05,26056,230.63263696683183,234.31922512307227,48.78425012470464,229.95497030740594,231.47931549874681,-1.5243451913408705,-2.396696350239894,0.8723511588990234,229.44250000000002,3.2234533214859007,235.88940664297184,222.9955933570282
2025-11-09,226.76,228.57,223.81,224.19,49135,230.01905249380025,233.92200060844198,37.82781783187558,229.06805179857423,230.93936620254334,-1.8713144039691088,-2.291619960985737,0.4203055570166283,228.82349999999997,2.9606778651283894,234.74485573025675,222.9021442697432
2025-11-10,224.76,228.29,222.86,223.71,32011,229.41819035153355,233.52152999634623,37.198290896385075,228.2437361372551,230.40385759494754,-2.1601214576924406,-2.2653202603270777,0.1051988026346371,228.17549999999997,2.541538023780853,233.2585760475617,223.09242395243825
2025-11-11,223.71,223.71,221.14,221.71,31698,228.68407698472083,233.05833274158755,34.6135189949198,227.2385459622928,229.75986814346996,-2.521322181177169,-2.3165206444970963,-0.20480153668007262,227.6705,2.7741427789323425,233.2187855578647,222.12221444213532
2025-11-12,221.9,221.9,220.76,221.43,18453,227.99321250998554,232.60231969289785,34.25465363682174,226.34492350655543,229.14284087358328,-2.79791736702785,-2.412799989003247,-0.3851173780246029,227.404,3.1027651504673845,233.60953030093478,221.1984696990652
2025-11-13,220.38,240.95,220.29,226.29,60592,227.83100179474883,232.35477774415676,44.92756665780993,226.33647373631612,228.93151932739192,-2.5950455910758023,-2.449249109417758,-0.14579648165804437,227.24699999999999,3.0741641568343905,233.39532831366876,221.09867168633122
2025-11-16,226.76,226.76,223.33,224.76,30101,227.53852543334418,232.0569433228173,42.58386220446803,226.09393931534441,228.62251789573324,-2.5285785803888245,-2.4651150036119716,-0.06346357677685299,227.10399999999998,3.122046225088003,233.34809245017598,220.859907549824
2025-11-17,226.38,226.67,222.95,224.29,13796,227.22914205873997,231.75235731015778,41.86143323651435,225.81641018990683,228.30159064419743,-2.4851804542905995,-2.469128093747697,-0.016052360542902377,226.933,3.1802252485611953,233.2934504971224,220.5725495028776
2025-11-18,225.71,226.57,223.81,224.76,50700,226.9939856721933,231.47814721956337,42.904557932358905,225.65388554530577,228.0392505964791,-2.3853650511733235,-2.452375485232823,0.06701043405949925,226.79000000000002,3.2118514090305093,233.21370281806105,220.366297181939
2025-11-19,223.62,226.86,222.95,223.43,24865,226.65455846531776,231.1625336031099,40.680254491619834,225.31174930756643,227.6978246263695,-2.38607531880308,-2.4391154519468743,0.05304013314379441,226.63299999999998,3.298739950824379,233.23047990164875,220.0355200983512
2025-11-20,223.81,226.67,223.33,225.71,34574,226.56460051623986,230.94870875592912,45.86183252283077,225.37301864486392,227.55057835774954,-2.1775597128856248,-2.3868043041346247,0.20924459124899997,226.72799999999998,3.239997725796254,233.2079954515925,220.24800454840747
2025-11-23,229.52,232.29,228.1,231.43,96470,227.02797189564558,230.96758292236328,56.19882864850945,226.30486193026948,227.83794292384218,-1.5330809935726961,-2.2160596420222394,0.6829786484495433,226.952,3.4067280181254365,233.76545603625087,220.13854396374913
2025-11-24,232.86,235.43,231.52,235.24,60547,227.810069810346,231.13512869011373,61.47530121260702,227.67949855638187,228.386243448002,-0.7067448916201329,-1.914196691941818,1.2074518003216852,227.42849999999999,3.860170810238593,235.14884162047719,219.70815837952279
2025-11-25,237.05,237.05,233.33,236.1,65545,228.59958697126544,231.32982952579553,62.57132645064333,228.9749603169385,228.95763282222407,0.017327494714436398,-1.5278918546105673,1.5452193493250037,227.70950000000002,4.276136321741044,236.26177264348212,219.15722735651792
2025-11-26,237.81,240.0,235.33,239.81,52101,229.66724535495445,231.6623852306663,66.94084149888579,230.641889498948,229.76151187242968,0.8803776265183103,-1.0462379583847918,1.9266155849031021,228.27149999999997,5.061652814104745,238.39480562820947,218.14819437179048
2025-11-27,242.86,247.62,238.48,247.62,123600,231.37703151162543,232.28817404515,73.85928089742325,233.25390649910986,231.0843628448423,2.1695436542675566,-0.4030816358543222,2.572625290121879,229.19549999999998,6.6622301268544275,242.51996025370883,215.87103974629113
2025-11-30,244.57,247.62,238.1,241.71,83622,232.3611237486135,232.6576574159284,63.09823067550948,234.55484396078526,231.87144707855768,2.6833968822275835,0.21421406776205898,2.4691828144655243,229.75699999999998,7.225605128547607,244.2082102570952,215.30578974290475
2025-12-01,240.95,242.57,237.43,239.43,60782,233.03435005826935,232.92323947804886,59.49679858121083,235.3048679668183,232.4313398875534,2.8735280792649007,0.7460768700626274,2.1274512092022735,230.2525,7.541388867618564,245.33527773523713,215.16972226476287
2025-12-02,242.86,242.86,236.19,237.9,57920,233.49774529081512,233.11840655734107,57.139910959497314,235.70411904884625,232.8364258218087,2.867693227037563,1.1704001414576144,1.6972930855799486,230.57599999999996,7.730946289189032,246.03789257837803,215.1141074216219
2025-12-03,242.57,242.57,236.1,236.1,66108,233.74557907264227,233.2353317903865,54.40915424271699,235.76502381056224,233.07817205723026,2.686851753331979,1.4736904638324875,1.2131612894994914,230.83350000000002,7.829201932173349,246.4919038643467,215.17509613565332
2025-12-07,236.86,237.9,233.33,237.71,49642,234.12314297048587,233.41080897507723,56.41553443020663,236.0642509166296,233.42127042336136,2.642980493268226,1.7075484697196353,0.9354320235485907,231.16649999999998,7.979095236271087,247.12469047254217,215.2083095274578
2025-12-08,236.19,237.33,233.62,236.29,41229,234.32951030663008,233.52371842703496,54.151949322010495,236.0989815448404,233.63376891051976,2.465212634320636,1.8590813026398354,0.6061313316808008,231.7715,7.880393574863348,247.5322871497267,216.0107128502733
2025-12-09,234.29,237.9,233.14,235.52,25459,234.4428902774272,233.60200397891597,52.91218012531593,236.00990746101883,233.77348973196274,2.236417729056086,1.9345485879230857,0.30186914113300034,232.36200000000002,7.684574843563365,247.73114968712676,216.9928503128733
2025-12-10,238.1,238.1,233.81,235.24,19906,234.5188054891008,233.6662391169977,52.442006743445326,235.89146015932363,233.8821201221877,2.009340037135928,1.9495068777656543,0.05983315937027367,233.03850000000003,7.282516392018053,247.60353278403613,218.47346721596392
2025-12-11,233.33,235.24,233.33,234.19,26472,234.487490680615,233.68677875946838,50.625295496463366,235.62969705788922,233.9049260390627,1.724771018826516,1.9045597059778268,-0.1797886871513108,233.67649999999998,6.751583264609827,247.17966652921962,220.17333347078034
2025-12-14,235.24,236.19,233.14,235.24,37716,234.55915823484213,233.74768939635197,52.40107260229815,235.5697436643678,234.00382040653955,1.5659232578282456,1.8368324163479106,-0.270909158519665,234.12400000000002,6.5291761388895,247.18235227777902,221.06564772222103
2025-12-15,237.14,238.1,233.81,236.19,63396,234.71447649819052,233.84346628276953,54.01261468348259,235.6651677160035,234.16575963568476,1.4994080803187444,1.7693475491420776,-0.2699394688233332,234.69549999999998,6.155973970569452,247.00744794113888,222.38355205886108
2025-12-16,238.1,242.76,236.19,240.1,65886,235.22738349836285,234.08882054619033,60.01326433670633,236.34744960584914,234.60533299600442,1.7421166098447145,1.763901361282605,-0.021784751437890604,235.48600000000002,5.751250115822663,246.98850023164533,223.9834997683547
2025-12-17,241.81,244.29,240.19,243.9,66790,236.05334697470926,234.47357268163387,64.81802044915409,237.5093804357185,235.29382684815224,2.215553587566262,1.8542318065393366,0.3613217810269256,236.44299999999998,5.457452750718945,247.35790550143787,225.5280944985621
2025-12-18,242.86,244.86,242.38,243.43,110162,236.75588535807026,234.82480512549137,63.796953355488,238.42024498406948,235.8965063408817,2.5237386431877837,1.9881331738690262,0.5356054693187575,237.44300000000004,4.731596036502504,246.90619207300506,227.97980792699502
2025-12-21,245.04,245.04,241.9,242.95,68744,237.34580103825405,235.14344021860936,62.7104612509246,239.11713037113572,236.41898735266824,2.6981430184674764,2.1301351427887165,0.5680078756787599,238.305,3.9945680222304008,246.2941360444608,230.3158639555392
2025-12-22,247.62,247.62,241.43,241.52,77228,237.74334379651557,235.39350138650704,59.46151810386617,239.48680262173022,236.79684014135947,2.6899624803707525,2.242100610305124,0.4478618700656285,238.80949999999999,3.707425656707832,246.22435131341564,231.39464868658433
2025-12-23,243.81,243.81,240.95,242.76,128592,238.2211205777998,235.68238368507542,61.33229026063831,239.99037144915636,237.23855568644396,2.751815762712397,2.3440436407865786,0.40777212192581835,239.1855,3.707692536792142,246.60088507358427,231.77011492641572
2025-12-24,239.0,239.0,233.5,235.1,63953,237.92387099896175,235.6595451091901,46.92583350896755,239.2380066108246,237.08014415411478,2.157862456709836,2.30680740397123,-0.14894494726139396,239.1355,3.7578948124007314,246.65128962480148,231.61971037519854
2025-12-28,239.0,240.0,233.0,240.0,85741,238.1215975704892,235.82975902647678,54.31790273545903,239.35523636300545,237.29642977232848,2.0588065906769657,2.2572072413123774,-0.19840065063541168,239.14500000000004,3.7599293106477862,246.66485862129562,231.62514137870446
2025-12-29,243.0,243.8,236.0,237.0,57270,238.01477875425212,235.87565082936004,49.74933584248629,238.99289230715846,237.27447201141524,1.7184202957432149,2.1494498521985452,-0.43102955645533036,238.61400000000003,3.2096932137403957,245.03338642748082,232.19461357251924
2025-12-31,240.0,243.9,238.2,238.2,47350,238.03241887289477,235.96680177722828,51.506315965555395,238.87090887528794,237.3430296401993,1.5278792350886476,2.025135728776566,-0.49725649368791824,238.43850000000003,3.126378895785865,244.69125779157176,232.1857422084283
2026-01-01,242.9,242.9,237.1,238.8,28358,238.10552183738096,236.07790758988602,52.402432495175155,238.85999981755134,237.4509533705549,1.4090464469964274,1.9019178724205381,-0.49287142542411067,238.407,3.119028357478025,244.64505671495607,232.16894328504395
2026-01-04,242.0,242.0,235.0,235.1,44500,237.8192816623923,236.0395582726356,46.674544051182856,238.28153830715883,237.2768086764397,1.0047296307191118,1.722480224080253,-0.7177505933611412,238.267,3.2046481045037294,244.67629620900746,231.85770379099253
2026-01-05,235.0,238.9,235.0,236.1,34799,237.6555405516883,236.0419285364538,48.31876048404387,237.94591702913436,237.1896376633701,0.7562793657642715,1.5292400524170568,-0.7729606866527854,238.267,3.2046481045037294,244.67629620900746,231.85770379099253
2026-01-06,235.3,240.6,235.3,240.0,61193,237.87882240390846,236.19714702522032,54.24419131348448,238.26192979388293,237.3978126512686,0.864117142614333,1.3962154704565122,-0.5320983278421791,238.38150000000002,3.224547744709318,244.83059548941864,231.9324045105814
2026-01-07,239.0,241.0,235.6,237.2,28233,237.81417265115527,236.23647459285874,49.82715275449178,238.0985559794394,237.38315986228574,0.7153961171536594,1.2600515997959416,-0.5446554826422823,238.427,3.199807724488997,244.82661544897798,232.027384551022
2026-01-08,237.0,239.6,237.0,239.0,36916,237.9271085891405,236.34484813823684,52.504645146051836,238.23723967491026,237.50292579841272,0.7343138764975379,1.1549040551362608,-0.42059017863872294,238.60099999999997,3.127204738052751,244.85540947610548,232.34659052389446
2026-01-12,243.7,243.7,239.0,239.9,31489,238.11500300922233,236.484265858306,53.83131152551193,238.4930489556933,237.68048685038212,0.8125621053111729,1.0864356651712432,-0.27387355986007034,238.834,3.0358739312315506,244.9057478624631,232.7622521375369
2026-01-13,239.9,240.0,237.0,239.0,35305,238.19928843691545,236.58292209915675,52.25928899325111,238.5710414240482,237.77822856516863,0.7928128588795573,1.027711103912906,-0.23489824503334877,239.0745,2.832314424638563,244.73912884927714,233.40987115072286
2026-01-14,239.0,240.0,237.2,239.0,21475,238.27554668101874,236.67770946781727,52.25928899325111,238.6370350511177,237.86873015293392,0.7683048981837715,0.9758298627670792,-0.20752496458330771,239.2625,2.6853733936221413,244.63324678724427,233.8917532127557
2026-01-18,238.0,240.9,237.0,238.8,51713,238.3254946161598,236.7609365475107,51.86890880402534,238.66210658171497,237.93771310456845,0.7243934771465206,0.9255425856429674,-0.20114910849644685,239.39299999999997,2.589923998075109,244.5728479961502,234.21315200384976
2026-01-20,237.2,244.0,237.2,240.5,67016,238.53259036700172,236.90756648682404,54.949456367648224,238.9448594152973,238.12751213385965,0.8173472814376339,0.9039035248019007,-0.08655624336426682,239.41299999999995,2.5972051780438914,244.60741035608774,234.21858964391217
2026-01-21,238.0,242.5,238.0,242.5,65927,238.91043890347774,237.1268776049878,58.32859573759541,239.49180412063617,238.45140012394413,1.0404039966920493,0.9312036191799304,0.10920037751211886,239.343,2.486409586450872,244.31581917290174,234.37018082709824
2026-01-22,241.8,243.0,240.0,241.5,31063,239.1570637698132,237.29837260087064,56.0642297852057,239.800757332846,238.6772223369853,1.1235349958606946,0.9696698945160833,0.1538651013446113,239.24649999999997,2.3533319603925955,243.95316392078516,234.53983607921478
2026-01-25,242.0,246.7,240.0,246.4,56349,239.8468672203072,237.65529916554237,63.53438179271517,240.81602543548507,239.24927994165304,1.5667454938320304,1.0890850143792727,0.4776604794527577,239.419,2.7346392045319745,244.88827840906396,233.94972159093606
2026-01-26,246.4,247.9,242.7,244.0,45281,240.24240367551604,237.90411096297208,58.305370281896714,241.30586767617967,239.60118513116024,1.7046825450194376,1.2122045205073058,0.49247802451213185,239.54300000000003,2.8869089278864877,245.31681785577302,233.76918214422705
2026-01-27,242.2,245.0,240.0,240.1,62320,240.228841420705,237.99022425854182,50.9649571797609,241.120349572152,239.63813438070392,1.4822151914480912,1.266206654695463,0.21600853675262832,239.41,2.7905668166002826,244.99113363320055,233.82886636679945
2026-01-28,240.0,244.0,240.0,240.1,46367,240.21657080920932,238.0729605621284,50.964957179760916,240.96337271489784,239.67234664879993,1.2910260660979134,1.271170536975953,0.019855529121960425,239.66,2.601699849190757,244.8633996983815,234.4566003016185
2026-01-29,240.0,241.9,239.2,239.5,53461,240.14832597023698,238.12892289302533,49.84528210020929,240.7382384510674,239.6595802303703,1.0786582206970934,1.232668073720181,-0.15400985302308756,239.635,2.60066287096907,244.83632574193814,234.43367425806184
2026-02-01,237.0,240.0,237.0,237.2,32424,239.8675330206906,238.09249454427925,45.70049242647463,240.1938940739801,239.4773891021947,0.7165049717853833,1.1294354533332216,-0.4129304815478383,239.64499999999998,2.5903616898469153,244.8257233796938,234.46427662030615
2026-02-02,240.0,240.0,236.1,238.0,27764,239.68967273300575,238.0888673072487,47.340705648677535,239.85637190875238,239.3679528724025,0.4884190363498817,1.0012321699365536,-0.5128131335866719,239.635,2.5966121652757734,244.82822433055154,234.44177566944845
2026-02-03,237.5,240.0,235.9,235.9,39727,239.32875152033853,238.0030293736311,43.61621898783469,239.24769930740587,239.11106747444677,0.13663183295909676,0.8283121025410622,-0.6916802695819655,239.48999999999995,2.723561909283532,244.93712381856702,234.0428761814329
2026-02-04,231.2,239.0,231.2,233.0,69194,238.7260132803063,237.80683214329264,39.04755773309666,238.2865147985742,238.65839580967295,-0.3718810110987647,0.5882734798130969,-0.9601544909118616,239.38500000000005,2.934060416271566,245.25312083254317,233.51687916745692
2026-02-05,233.1,235.8,233.0,234.1,74262,238.2854405869438,237.661466176889,41.54856797302651,237.64243559879355,238.32073686080827,-0.6783012620147133,0.33495853144753485,-1.013259793462248,239.285,3.0822539599617755,245.44950791992355,233.12049208007645
2026-02-08,236.0,242.0,234.2,234.3,27583,237.90587481675868,237.52964397387376,42.0144395460852,237.12821473744071,238.02290450074838,-0.8946897633076674,0.08902887249649441,-0.9837186358041617,239.0,3.2704417857072285,245.54088357141447,232.45911642858553
2026-02-09,234.4,234.4,232.2,232.7,39501,237.41007721516263,237.34024617097677,39.3148231782798,236.4469509316806,237.6286152784707,-1.1816643467901145,-0.16510977136082736,-1.016554575429287,238.775,3.544138971971491,245.863277943943,231.68672205605702
2026-02-10,232.5,236.0,232.5,234.0,33042,237.08530795657572,237.20925612505613,42.54509199242486,236.07049694219126,237.35982896154695,-1.2893320193556974,-0.38995422095980137,-0.899377798395896,238.525,3.7003378224177617,245.92567564483554,231.12432435516448
2026-02-11,237.0,237.0,233.0,233.3,16034,236.72480243690183,237.05595196328923,41.27117182176979,235.6442666433926,237.05910089032125,-1.414834246928649,-0.5949302261535709,-0.8199040207750781,238.19500000000002,3.8620249665325184,245.91904993306505,230.470950066935
2026-02-12,235.0,235.0,233.0,234.0,22160,236.46529744291118,236.93611070982692,43.10578922028745,235.39130254440911,236.83250082437152,-1.441198279962407,-0.7641838369153382,-0.6770144430470688,237.945,3.9675625554733274,245.88012511094664,230.00987488905335
2026-02-16,237.0,237.0,234.0,235.0,32445,236.32574530549107,236.86018479963764,45.71472195715344,235.33110215296156,236.6967600225662,-1.3656578696046324,-0.884478643453197,-0.4811792261514354,237.74499999999998,4.012149312435685,245.76929862487134,229.7207013751286
2026-02-17,233.0,236.0,233.0,235.0,43208,236.19948384782526,236.78723637612245,45.714721957153444,235.28016336019826,236.5710740949687,-1.2909107347704492,-0.9657650617166476,-0.3251456730538016,237.555,4.04936317280607,245.65372634561214,229.45627365438787
2026-02-22,232.3,235.0,232.1,234.0,25804,235.99000919565142,236.67793298882356,43.406291204180626,235.08321515093698,236.38062416200808,-1.297409011071096,-1.0320938515875373,-0.26531515948355877,237.23000000000002,4.06138425974173,245.35276851948348,229.10723148051656
2026-02-23,233.1,235.0,232.4,233.0,43924,235.7052464151132,236.53370032259517,41.16756671480975,234.76272051233127,236.1302075574149,-1.3674870450836352,-1.0991724902867568,-0.2683145547968784,236.75500000000002,3.9670319012175392,244.6890638024351,228.82093619756495
2026-02-24,235.0,235.0,232.4,234.8,11140,235.6190324708167,236.46571207465027,46.51490803232062,234.76845581812645,236.03167366427306,-1.2632178461466026,-1.1319815614587259,-0.13123628468787674,236.42000000000002,3.8256200047922886,244.07124000958459,228.76875999041545
2026-02-25,236.0,236.0,233.1,234.5,22338,235.51245794978655,236.38862532662478,45.768254917146045,234.72715492303007,235.9182163558084,-1.1910614327783264,-1.143797535722646,-0.04726389705568046,235.825,3.035556829178446,241.89611365835688,229.7538863416431
2026-02-26,239.1,239.1,234.0,238.5,40152,235.7969857640926,236.4714243334238,55.926670864057094,235.3075926271793,236.10945958871147,-0.8018669615321699,-1.0754114208845507,0.2735444593523808,235.55,2.4483076862048323,240.44661537240967,230.65338462759036
2026-03-01,234.2,238.8,234.1,238.8,39746,236.0829871198933,236.56274102623073,56.58353092983239,235.84488606915173,236.30875887843655,-0.46387280928482255,-0.9531036985646051,0.48923088927978253,235.48500000000004,2.335825110615575,240.1566502212312,230.8133497787689
2026-03-03,243.5,243.5,235.4,241.9,31533,236.6369883465701,236.7720452997119,62.75989663637634,236.776442058513,236.72292488744125,0.05351717107174636,-0.7517795246373349,0.8052966957090812,235.575,2.5480384612509077,240.6710769225018,230.47892307749817
2026-03-09,246.7,251.6,246.7,246.7,5010,237.5953704088015,237.16137685658595,69.90006279986902,238.3031432802802,237.46196748837153,0.8411757919086824,-0.4331884613281314,1.2743642532368138,235.935,3.472641191099264,242.88028238219852,228.9897176178015
2026-03-10,251.6,265.2,249.9,253.1,296164,239.07200179843946,237.78642090142574,76.39793145170668,240.5795827756217,238.62034026701068,1.9592425086110268,0.04529773265970022,1.9139447759513266,236.73000000000002,5.178508218438539,247.0870164368771,226.37298356312294
2026-03-11,255.0,255.0,250.0,252.7,88823,240.36990638906428,238.37126714058553,75.30375671772661,242.444262348603,239.6632780250099,2.7809843235930884,0.5924350508463779,2.1885492727467106,237.465,6.29178871730231,250.04857743460462,224.88142256539538
2026-03-12,257.7,259.9,249.0,257.0,106910,241.95372482820102,239.10180568409197,78.81614989354851,244.68360660266407,240.94747965278694,3.736126949877132,1.2211734306525288,2.514953519224603,238.51999999999998,7.640101955782534,253.80020391156506,223.2397960884349
2026-03-15,258.0,259.0,253.1,256.0,53671,243.2914653207533,239.76447997099032,76.1053127191843,246.42459020225422,242.0624811599879,4.362109042266326,1.8493605529752883,2.5127484892910372,239.67,8.453221123834206,256.5764422476684,222.76355775233156
2026-03-16,254.0,255.0,251.2,253.0,57351,244.21608767115777,240.28351997212798,68.49420318095375,247.43619170959974,242.87266774072953,4.563523968870214,2.3921932361542737,2.1713307327159406,240.615,8.845116107060699,258.3052322141214,222.9247677858786
2026-03-17,248.1,254.7,248.1,254.0,36068,245.14788884533323,240.8214211496916,69.58606830072928,248.44600836966134,243.69691457474957,4.749093794911772,2.8635733479057737,1.8855204470059985,241.6,9.194849817039504,259.989699634079,223.210300365921
2026-03-19,249.0,262.9,249.0,260.9,221234,246.64808990768245,241.6088163987233,75.81437070231358,250.36200708202114,244.9712171988422,5.39078988317894,3.369016654960407,2.0217732282185326,243.01,9.89385242408087,262.79770484816174,223.22229515183824
2026-03-22,264.9,271.4,261.0,269.8,290873,248.85303372599842,242.71435301053808,81.17060042562599,253.35246753094097,246.81038629522425,6.542081235716722,4.00362957111167,2.538451664605052,244.8,11.314452797430427,267.42890559486085,222.17109440513917
2026-03-23,268.0,269.0,264.5,269.0,101193,250.77179241876047,243.74516269639935,79.4669787048469,255.75978021848852,248.45406138446688,7.305718834021633,4.664047423693663,2.6416714103279695,246.58499999999998,12.187105999030198,270.95921199806037,222.2107880019396
2026-03-24,270.8,270.8,263.8,269.0,170744,252.50781218840234,244.73554847301116,79.4669787048469,257.7967371079518,249.97598276339525,7.820754344556548,5.2953888078662406,2.525365536690307,248.33499999999998,12.78318282580338,273.90136565160674,222.76863434839322
2026-03-25,264.0,272.0,262.2,265.7,142378,253.76421102760213,245.55768382701072,72.2159312753385,259.01262370672845,251.14072478092154,7.871898925806903,5.810690831454373,2.06120809435253,249.86999999999998,12.939905637011316,275.7498112740226,223.99018872597733
2026-03-26,268.8,268.8,261.2,265.0,96756,254.8342861678305,246.3201275985005,70.74139171975133,259.93375852107795,252.16733776011253,7.766420760965417,6.2018368173565825,1.5645839436088345,251.36999999999998,12.86402981798145,277.0980596359629,225.64194036403708
2026-03-29,265.5,267.0,257.0,257.0,155938,255.0405446280371,246.7389461240495,56.534120227078866,259.4824110562967,252.52531274084492,6.957098315451788,6.352889116975624,0.6042091984761635,252.51999999999998,12.242531557949526,277.005063115899,228.03493688410094
2026-03-30,260.0,260.0,247.0,248.6,124263,254.4271594253669,246.81192862898874,46.07144202017364,257.80819397071264,252.23454883411566,5.57364513659698,6.197040320899895,-0.6233951843029155,253.3,11.401477281938,276.102954563876,230.497045436124
2026-03-31,251.0,254.5,246.5,254.0,92630,254.38647757533198,247.0938137807931,52.19626095263003,257.2223179752184,252.36532299455152,4.856994980666883,5.929031252853293,-1.07203627218641,254.26,10.537372088255129,275.33474417651024,233.18525582348974
2026-04-01,257.9,257.9,247.1,248.1,69545,253.78776542530036,247.13327206389926,46.043304181411884,255.81888444056943,252.04937314310325,3.769511297466181,5.497127261775871,-1.72761596430969,254.93999999999997,9.591465504621207,274.1229310092424,235.75706899075755
2026-04-02,243.2,252.0,243.2,249.0,40655,253.33178776574795,247.20647708100125,47.06833102561399,254.76982529586644,251.82349365102152,2.9463316448449177,4.986968138389681,-2.0406364935447634,255.46499999999997,8.907198449038244,273.27939689807647,237.65060310192348
2026-04-05,249.0,249.0,239.5,240.0,88847,252.0620936928196,246.92387013664828,39.074300718153815,252.49754448111776,250.9476793065014,1.5498651746163432,4.299547545635014,-2.749682371018671,255.52499999999995,8.792333682189867,273.1096673643797,237.94033263562022
2026-04-06,244.8,247.0,240.1,244.2,54907,251.31332286493202,246.81705169991696,43.86564311238867,251.2209991763304,250.44785120972352,0.7731479666068708,3.5942676298293854,-2.8211196632225146,255.64000000000001,8.618059373689889,272.8761187473798,238.40388125262024
2026-04-07,246.0,249.0,242.1,242.2,35655,250.44538735398612,246.63599084893983,42.165146817371536,249.83315314920264,249.83689926826253,-0.0037461190598833127,2.8746648800515318,-2.878410999111415,255.41500000000002,8.917296911651496,273.24959382330303,237.58040617669704
2026-04-08,245.0,249.9,244.0,248.9,69279,250.29820760598744,246.72477552153043,49.26125747463522,249.6895911262484,249.7674993224653,-0.07790819621692435,2.2841502647978404,-2.362058461014765,255.20499999999998,9.023505853866318,273.2520117077326,237.15798829226736
2026-04-09,252.7,263.0,248.0,252.0,58876,250.46028307208388,246.93164706970572,52.184539137762165,250.0450386452871,249.93286974302342,0.11216890226367582,1.8497539922910078,-1.737585090027332,255.17,9.03508366547472,273.2401673309494,237.09983266905056
2026-04-10,257.0,257.0,250.0,251.0,24529,250.51168468426636,247.09119032187414,51.16056431515682,250.19195577678138,250.01191642872539,0.18003934805599897,1.515811063444006,-1.335771715388007,254.86999999999998,9.070664108456652,273.0113282169133,236.72867178308667
2026-04-13,252.0,254.0,248.4,248.4,20999,250.31057185719337,247.14251619160459,48.4960862534726,249.91627027266117,249.89251521178278,0.023755060878386303,1.2173998629308822,-1.193644802052496,254.49,9.179376197130365,272.8487523942607,236.13124760573928
2026-04-15,253.0,253.0,249.0,252.0,47809,250.4714697755559,247.33300575271812,52.207587513296026,250.23684407686713,250.04862519609514,0.18821888077198423,1.0115636664991028,-0.8233447857271186,254.44,9.190635966771104,272.8212719335422,236.05872806645777
2026-04-16,249.4,251.0,247.0,250.0,31666,250.4265678921696,247.43759376241547,50.04972745948225,250.20040652657985,250.0450233297177,0.15538319686214663,0.8403275725717116,-0.684944375709565,254.24,9.244082032933356,272.72816406586674,235.75183593413328
2026-04-17,253.9,253.9,245.0,248.5,35272,250.2430852357725,247.47925675212468,48.43285534650935,249.93880552249064,249.93057715714605,0.008228365344592703,0.6739077311262879,-0.6656793657816952,253.62000000000003,9.189559293024995,271.99911858605003,235.24088141395004
2026-04-20,236.1,257.0,236.1,245.6,15882,249.8008866418894,247.4055604089041,45.38050289126129,249.27129698056902,249.6097936640241,-0.33849668345507666,0.471426848210015,-0.8099235316650917,252.41,8.515490528876764,269.4409810577535,235.37901894224646
2026-04-21,241.2,248.0,241.2,243.0,31857,249.15318315218565,247.23279333404514,42.77752604809547,248.30648206048147,249.12017931854083,-0.8136972580593635,0.21440202695613933,-1.0280992850155029,251.10999999999999,7.804445426875215,266.7188908537504,235.50110914624955
2026-04-22,247.8,247.8,240.5,245.0,34106,248.75764189959654,247.1452328111414,45.37318832049348,247.7977925127151,248.81498085050077,-1.017188337785683,-0.03191604599222514,-0.9852722917934578,249.91,6.671849739569126,263.2536994791383,236.56630052086174
2026-04-23,246.8,246.8,241.0,242.9,15968,248.1997712424921,246.97875309305743,43.159425001332345,247.0442859722974,248.37683412083405,-1.3325481485366595,-0.292042466501112,-1.0405056820355476,248.77000000000004,5.710479747568327,260.19095949513667,237.34904050486338
2026-04-24,252.0,252.0,240.1,244.9,27487,247.8855073146357,246.89723336391793,45.86824045113078,246.7143958227132,248.11929085262412,-1.4048950299109322,-0.514612979183076,-0.8902820507278562,247.76500000000001,4.297768698928873,256.36053739785774,239.16946260214226
2026-04-27,257.0,257.0,240.6,245.0,13292,247.61069709419422,246.82283205552898,46.006793078595884,246.45064261921885,247.88823227094827,-1.4375896517294109,-0.699208313692343,-0.7383813380370678,247.16500000000002,3.7423993148243455,254.6497986296487,239.68020137035134
2026-04-28,245.0,250.0,241.0,242.9,37387,247.16205927569953,246.66899550433178,43.489405576518024,245.90438990856978,247.51873358421136,-1.614343675641578,-0.8822353860821901,-0.732108289559388,246.87999999999997,3.8430525148113173,254.5661050296226,239.19389497037733
2026-04-29,242.9,247.9,240.1,241.0,23206,246.57519648753768,246.44668195514228,41.288140114366705,245.14986838417445,247.03586442982532,-1.8859960456508702,-1.0829875179959263,-0.8030085276549439,246.22999999999996,3.670952837733063,253.5719056754661,238.88809432453382
2026-04-30,246.0,246.0,239.0,240.4,25770,245.98708253634362,246.2095571725877,40.58945023932584,244.41911940199375,246.54431891650492,-2.1251995145111664,-1.2914299172989745,-0.8337695972121919,245.84500000000003,3.863251289566073,253.5715025791322,238.11849742086787
2026-05-04,252.4,252.4,237.0,238.0,41572,245.2264080090728,245.88761375405485,37.831672000587496,243.43156257091778,245.9114064041712,-2.479843833253426,-1.5291127004898648,-0.9507311327635612,245.29500000000002,4.161916941938752,253.61883388387753,236.9711661161225
2026-05-05,242.0,242.0,236.1,241.7,30990,244.89055962725635,245.72339360683702,44.133581568791705,243.1651683292381,245.59945037423262,-2.434282044994518,-1.7101465693907956,-0.7241354756037224,245.38000000000002,4.064298994390962,253.50859798878196,237.2514020112181
2026-05-06,245.0,245.0,237.7,240.9,20401,244.5105063294224,245.53424091637282,43.11589662860853,242.81668089397067,245.25134293910426,-2.4346620451335923,-1.855049664539355,-0.5796123805942373,245.21499999999997,4.180062326407277,253.57512465281454,236.8548753471854
2026-05-07,243.9,243.9,238.6,242.3,23523,244.29998191709646,245.40740793926017,45.484994314185734,242.7371915256675,245.03272494361505,-2.295533417947553,-1.9431464152209947,-0.3523870027265581,245.21999999999997,4.176324246337219,253.5726484926744,236.86735150732554
2026-05-08,244.8,244.8,239.0,242.0,26100,244.08093602023013,245.27378409850488,45.05199818706808,242.62377744479556,244.8080786514954,-2.1843012066998426,-1.9913773735167644,-0.19292383318307826,244.875,4.141176415619216,253.15735283123843,236.59264716876157
2026-05-11,245.0,245.0,242.0,244.0,29676,244.07322782782725,245.22383178091644,48.56719390730466,242.8355039917501,244.74822097360686,-1.9127169818567609,-1.9756452951847638,0.06292831332800297,244.475,3.788052547851023,252.05110509570204,236.89889490429795
2026-05-12,246.0,248.5,243.0,244.2,48470,244.08530136803418,245.18368151499814,48.91911130273623,243.0454264545578,244.70761201259893,-1.6621855580411307,-1.9129533477560372,0.25076778971490654,244.135,3.4627757347958603,251.0605514695917,237.20944853040828
2026-05-13,241.0,246.0,240.2,244.1,32321,244.08670123774522,245.14118420068448,48.73954012534156,243.20766853847198,244.66260371536939,-1.4549351768974077,-1.8213497135843113,0.3664145366869036,243.92,3.3143388639788154,250.54867772795762,237.29132227204235
2026-05-14,240.1,244.0,240.0,244.0,24809,244.0784439770076,245.096431879089,48.54762432238913,243.32956568639938,244.61352195867536,-1.2839562722759865,-1.7138710253226466,0.42991475304666005,243.51999999999998,2.7167317826690973,248.95346356533818,238.08653643466178
2026-05-15,246.9,246.9,242.0,244.2,28199,244.0900207411021,245.06127768775218,48.98031917285952,243.46347865772253,244.5828907024772,-1.1194120447546538,-1.594979229209048,0.4755671844543943,243.22999999999996,2.2597391558869115,247.74947831177377,238.71052168822615
2026-05-18,244.0,247.0,241.0,245.0,16198,244.17668543242573,245.05887464117365,50.76394684370345,243.69986655653446,244.6137876874789,-0.9139211309444306,-1.4587676095561246,0.544846478611694,243.05499999999998,1.9435385525581923,246.94207710511637,239.1679228948836
2026-05-19,247.9,247.9,243.0,246.0,25395,244.35033443886135,245.0957815179904,52.976900953821,244.05373324014454,244.716470080999,-0.6627368408544498,-1.2995614558157897,0.6368246149613399,243.075,1.972941965699156,247.0208839313983,239.1291160686017
2026-05-20,243.3,247.5,243.3,247.5,26197,244.6503025875412,245.19006459571628,56.15990099935633,244.58392812627613,244.9226574824065,-0.33872935613035793,-1.1073950358787035,0.7686656797483455,243.3,2.206688397628329,247.71337679525666,238.88662320474336
2026-05-21,247.5,247.5,244.0,246.0,12988,244.77884519825156,245.22182676843332,52.344164694622364,244.80178533761827,245.00246063185787,-0.20067529423960195,-0.9260510875508832,0.7253757933112812,243.35,2.2579683462459244,247.86593669249186,238.83406330750813
2026-05-22,246.0,251.9,244.1,248.6,46126,245.14276470317998,245.3543041500634,57.70801733861488,245.38612605490778,245.268945029498,0.1171810254097636,-0.7174046649587538,0.8345856903685174,243.635,2.5402600364231755,248.71552007284635,238.55447992715364
2026-05-25,248.0,251.0,247.0,248.2,18784,245.4339299695438,245.46590006574718,56.65157913271225,245.8190297387681,245.48606021249816,0.3329695262699488,-0.5073298267130133,0.8402993529829621,243.8,2.7270574077713,249.2541148155426,238.34588518445742
2026-05-26,248.0,249.9,243.7,248.0,138942,245.67831759149203,245.5652765337571,56.098592544286,246.15456362511148,245.67227797453535,0.4822856505761308,-0.3094067312551845,0.7916923818313153,243.95,2.8750286039796964,249.7000572079594,238.1999427920406
2026-05-27,251.0,251.0,245.0,249.4,43585,246.03276353515946,245.7156578461588,59.10762993369467,246.65386152894047,245.9484055319772,0.7054559969632805,-0.10643418561149148,0.811890182574772,244.275,3.108032886098538,250.4910657721971,238.05893422780292
2026-06-01,249.4,249.4,243.1,246.0,56086,246.0296431984776,245.72680851885846,50.12262161600371,246.553267447565,245.95222734442333,0.6010401031416563,0.03506067213913808,0.5659794310025182,244.525,3.030871856503305,250.58674371300663,238.46325628699338
2026-06-02,244.7,248.1,244.1,245.4,41711,245.96967717957497,245.7139924985111,48.71528747237382,246.37584168640115,245.9113216152068,0.46452007119435734,0.12095255195018194,0.3435675192441754,244.775,2.8749141863653858,250.52482837273078,239.02517162726923
2026-06-03,245.0,247.0,243.2,244.0,30657,245.7820888767583,245.64677710641263,45.50472304013808,246.01032758080098,245.7697422363026,0.24058534449838476,0.14487911045982252,0.09570623403856224,245.075,2.405448858434537,249.88589771686907,240.2641022831309
2026-06-04,248.9,249.7,242.1,245.9,33438,245.79331850754323,245.6567074159651,50.29264460100392,245.9933541068316,245.77939095953943,0.21396314729216215,0.15869591782629044,0.0552672294658717,245.285,2.275099766468761,249.8351995329375,240.73480046706248
2026-06-05,244.0,246.0,242.7,243.2,16458,245.5463357925391,245.56036594867234,44.33191403225141,245.5636073211652,245.5883249625365,-0.024717641371296395,0.12201320598677307,-0.14673084735806946,245.4,2.092593455126651,249.5851869102533,241.2148130897467
2026-06-08,243.0,246.0,240.3,244.0,55117,245.3990657170592,245.49917512715578,46.36048752629631,245.32305234867826,245.47067126160786,-0.14761891292960172,0.06808678220349812,-0.21570569513309984,245.48499999999999,1.9921622740965836,249.46932454819316,241.5006754518068
2026-06-09,241.2,245.8,241.2,244.8,29019,245.34201183924404,245.4717564947183,48.3860077914175,245.2425827565739,245.42099190889616,-0.17840915232224575,0.01878759529834935,-0.19719674762059508,245.625,1.8258019146656856,249.27660382933138,241.97339617066862
2026-06-10,242.0,246.9,242.0,245.0,14769,245.30943928312556,245.45325624002348,48.905466345574816,245.20526233248563,245.389807323052,-0.18454499056636564,-0.02187892187459365,-0.162666068691772,245.675,1.7923448328985017,249.25968966579703,242.090310334203
2026-06-11,245.0,246.0,241.3,245.9,36015,245.36568316092314,245.47077560315984,51.281614601696404,245.31214505056477,245.4275993731963,-0.11545432263153543,-0.04059400202598201,-0.07486032060555342,245.76000000000005,1.7587076595036886,249.27741531900742,242.24258468099268
2026-06-12,245.0,245.5,243.0,245.4,14771,245.36895143131142,245.46800008931044,49.893406951237004,245.32566119663173,245.42555497518177,-0.09989377855004022,-0.05245395733079366,-0.047439821219246565,245.825,1.7176713122306408,249.26034262446126,242.38965737553872
2026-06-15,245.0,246.9,242.2,244.5,22375,245.2861941521389,245.43003930149436,47.4058019064501,245.19863639714993,245.35699534739052,-0.1583589502405971,-0.07363495591275435,-0.08472399432784275,245.85,1.6931751549326481,249.2363503098653,242.4636496901347
2026-06-16,244.9,244.9,242.3,242.3,22188,245.00179470907807,245.30729266222008,41.905638578707816,244.75269233604993,245.1305512475838,-0.3778589115338775,-0.13447974703697899,-0.24337916449689853,245.75500000000002,1.8377546368547528,249.43050927370953,242.07949072629052
2026-06-17,242.0,245.0,241.1,242.1,17486,244.7254333082135,245.18151647938794,41.434982955935745,244.34458582281147,244.906065969985,-0.5614801471735404,-0.2198798270642913,-0.3416003201092491,245.60999999999999,2.0070664636457853,249.62413292729156,241.59586707270842
