Date,Open,High,Low,Close,Volume,EMA20,EMA50,RSI,EMA12,EMA26,MACD,MACD_Signal,MACD_Hist,BB_Middle,BB_Std,BB_Upper,BB_Lower
2020-09-20,233.33,253.33,213.33,213.33,104308,213.33,213.33,,213.33,213.33,0.0,0.0,0.0,,,,
2020-09-21,204.67,204.67,195.33,195.33,44405,211.6157142857143,212.62411764705882,0.0,210.56076923076927,211.9966666666667,-1.4358974358974308,-0.28717948717948616,-1.1487179487179446,,,,
2020-09-22,192.67,192.67,179.33,179.33,20625,208.54088435374152,211.31846597462516,0.0,205.7560355029586,209.57691358024695,-3.8208780772883415,-0.9939192052012573,-2.826958872087084,,,,
2020-09-23,176.67,186.0,165.33,178.67,125652,205.69603822481375,210.03813397562024,0.0,201.58895311788805,207.28751257430275,-5.698559456414699,-1.9348472554439458,-3.7637122009707538,,,,
2020-09-24,176.67,187.33,174.0,182.0,51690,203.43927267959342,208.93859930990965,1.5170560725940732,198.57526802282834,205.4143634947248,-6.8390954718964565,-2.9156968987344483,-3.9233985731620082,,,,
2020-09-27,180.67,184.0,176.67,177.33,31570,200.9526752815369,207.69904639579556,1.4830761477565346,195.30676525008553,203.33404027289333,-8.0272750228078,-3.938012523549119,-4.08926249925868,,,,
2020-09-28,176.67,176.67,170.67,172.67,24911,198.25908715948577,206.3253583018428,1.448217675928177,191.8241859808416,201.06262988230864,-9.238443901467036,-4.998098799132703,-4.2403451023343335,,,,
2020-09-29,171.33,176.67,166.67,172.0,48410,195.75822171572523,204.9792658194176,1.4429662814158775,188.77431121455828,198.90984248361912,-10.135531269060834,-6.025585293118329,-4.109945975942505,,,,
2020-09-30,169.33,176.67,166.67,173.33,34150,193.62220059994186,203.73811814022477,2.2010835112812686,186.39826333539548,197.01503933668437,-10.616776001288883,-6.94382343475244,-3.672952566536443,,,,
2020-10-01,170.0,178.67,168.67,169.33,28932,191.30865768566167,202.38878017394143,2.147578937031298,183.77237666841154,194.96429568211516,-11.191919013703625,-7.793442550542678,-3.3984764631609474,,,,
2020-10-04,169.33,169.33,164.67,166.67,31338,188.9621188584558,200.98804369653197,2.1108325617673387,181.14124179634823,192.86842192788438,-11.727180131536159,-8.580190066741375,-3.1469900647947835,,,,
2020-10-05,166.67,169.33,162.67,168.67,26919,187.02953611003142,199.7206694339229,3.448528199505077,179.22258921229465,191.07594622952257,-11.853357017227921,-9.234823456838685,-2.6185335603892366,,,,
2020-10-06,166.0,180.67,166.0,180.67,31959,186.42386600431416,198.9735843580828,11.282266316357124,179.44526779501857,190.30513539770607,-10.859867602687501,-9.559832286008449,-1.3000353166790521,,,,
2020-10-07,180.67,193.33,174.0,191.33,67383,186.89111686104616,198.6738359518835,17.672486072809022,181.27368813424647,190.3810512941723,-9.107363159925825,-9.469338460791924,0.3619753008660993,,,,
2020-10-08,189.33,193.33,180.0,180.67,65555,186.29862954094654,197.9678031694567,16.40032394013049,181.1808130366701,189.66171416127062,-8.480901124600535,-9.271650993553648,0.7907498689531121,,,,
2020-10-11,178.0,183.33,172.67,178.0,24434,185.5082838703802,197.1847520647721,16.0879433193425,180.69145718487468,188.797883482658,-8.106426297783315,-9.038606054399581,0.9321797566162662,,,,
2020-10-12,175.33,176.67,172.67,176.0,21884,184.6027330255821,196.35397747399674,15.84449130323469,179.96969454104783,187.84989211357222,-7.880197572524395,-8.806924358024544,0.9267267855001489,,,,
2020-10-13,174.67,175.33,170.67,172.0,21310,183.40247273743142,195.39891953384,15.34436862281268,178.7435876885789,186.6758260310854,-7.93223834250648,-8.631987154920932,0.6997488124144517,,,,
2020-10-14,172.0,172.0,167.33,168.0,18425,181.93557057196176,194.3244521011404,14.839922749904844,177.09072804418216,185.29243151026424,-8.20170346608208,-8.545930417153162,0.34422695107108225,,,,
2020-10-15,170.67,174.0,166.67,169.33,15355,180.73504004129873,193.34427750893883,15.830744133275758,175.89676988353875,184.1100291761706,-8.213259292631847,-8.479396192248899,0.26613689961705234,178.233,11.121432177746282,200.47586435549258,155.99013564450743
2020-10-18,166.67,170.0,166.67,168.67,6480,179.58598860879408,192.3766587830981,15.732920083375106,174.7849591322251,182.96632331126906,-8.181364179043953,-8.41978978960791,0.23842561056395617,176.0,7.643244695395016,191.28648939079002,160.71351060920998
2020-10-19,166.0,171.33,166.0,171.33,7190,178.79970397938513,191.55129961513347,17.933971116674783,174.25342695803664,182.10437343636022,-7.8509464783235785,-8.306021127351045,0.4550746490274662,174.8,6.195603704495449,187.19120740899092,162.4087925910091
2020-10-20,168.67,176.67,168.67,171.33,19670,178.08830360039607,190.75830747336354,17.933971116674783,173.80366896449254,181.30627170033353,-7.502602735840981,-8.145337449049032,0.6427347132080516,174.4,6.145792741465699,186.6915854829314,162.1084145170686
2020-10-21,170.0,172.0,169.33,172.0,6045,177.50846516226312,190.02268757244732,18.555407895649452,173.52618143149368,180.61691824104955,-7.090736809555864,-7.9344173211503985,0.8436805115945347,174.06650000000002,6.082534335897191,186.2315686717944,161.90143132820563
2020-10-22,169.33,173.33,168.0,172.0,7775,176.98384943252378,189.31591551078273,18.555407895649452,173.29138428818695,179.9786280009718,-6.687243712784863,-7.684982599477292,0.9977388866924288,173.56650000000002,5.800531985584542,185.1675639711691,161.96543602883094
2020-10-28,173.33,173.33,168.0,170.67,8050,176.38253043895008,188.58470313781086,18.237468536299872,172.88809439769665,179.28910000089982,-6.401005603203174,-7.428187200222469,1.027181597019295,173.2335,5.764159933315695,184.76181986663138,161.7051801333686
2020-10-29,168.67,172.67,168.67,170.0,11183,175.77467039714531,187.85589125005356,18.069500064432447,172.4437721826664,178.60101851935167,-6.157246336685262,-7.173999027515028,1.0167526908297662,173.1,5.808645099740277,184.71729019948054,161.48270980051944
2020-11-01,167.33,171.33,167.33,169.33,16955,175.16089226408386,187.12938571083578,17.892037117409842,171.96473030841003,177.91427640680712,-5.949546098397093,-6.929108441691441,0.9795623432943481,172.96650000000002,5.865659450519914,184.69781890103985,161.2351810989602
2020-11-02,166.67,171.33,166.67,169.33,7080,174.60556919131398,186.43137058492067,17.892037117409842,171.55938718403928,177.278404080377,-5.719016896337706,-6.687090132620694,0.9680732362829882,172.7665,5.920549649981379,184.60759929996277,160.92540070003724
2020-11-03,173.33,173.33,168.67,170.67,10115,174.2307530778555,185.81327762080613,19.720826976539982,171.42255838649476,176.78889266701572,-5.3663342805209595,-6.422938962200748,1.0566046816797883,172.83350000000002,5.887101221269563,184.60770244253914,161.0592975574609
2020-11-04,164.0,173.33,164.0,172.0,7018,174.01830040377402,185.2715804592059,21.587613787207545,171.51139555780324,176.4341598768664,-4.9227643190631625,-6.122904033573231,1.200139714510069,173.1,5.711423456086646,184.5228469121733,161.6771530878267
2020-11-05,172.67,174.67,168.67,174.67,25497,174.08036703198601,184.8558322059037,25.34095928194769,171.99733470275658,176.3034813674689,-4.306146664712315,-5.759552559801049,1.4534058950887339,173.4,5.623385382302605,184.6467707646052,162.1532292353948
2020-11-08,172.67,180.0,172.67,178.0,34970,174.45366540989212,184.5869760409663,29.850927304847062,172.92082167156326,176.42914941432306,-3.5083277427598034,-5.3093075963928005,1.800979853632997,173.2665,5.471348602156116,184.20919720431223,162.32380279568778
2020-11-09,180.0,180.67,174.67,175.33,24572,174.53712584704527,184.22395737269312,28.37107439445772,173.29146449132276,176.347730939188,-3.056266447865255,-4.858699366687292,1.8024329188220367,172.46650000000002,3.5089768714271146,179.48445374285424,165.4485462571458
2020-11-10,176.67,176.67,174.0,174.0,14990,174.48597100446955,183.82301786788162,27.636115935074756,173.40046995419618,176.1738249436926,-2.7733549894964256,-4.441630491249119,1.6682755017526931,172.133,2.9627087534711603,178.05841750694233,166.20758249305769
2020-11-11,176.0,176.0,171.33,173.33,11710,174.3758785278534,183.41152697110198,27.253105285587196,173.38962842278139,175.9631712441598,-2.5735428213784246,-4.06801295727498,1.494470135896555,171.89950000000002,2.6427248198940623,177.18494963978813,166.6140503602119
2020-11-12,172.67,174.67,171.33,172.67,5470,174.21341390615305,182.99029061929406,26.858225434162392,173.2789163577381,175.7192326334813,-2.440316275743214,-3.742473620968627,1.302157345225413,171.733,2.4700417639767474,176.6730835279535,166.7929164720465
2020-11-18,170.0,172.0,170.0,170.67,17345,173.87594591509085,182.50714196755703,25.645584229310643,172.87754461039376,175.34521540137158,-2.46767079097782,-3.487513054970466,1.0198422639926457,171.66649999999998,2.480357094409868,176.62721418881972,166.70578581118025
2020-11-19,170.67,175.33,169.33,172.67,21285,173.76109392317744,182.12137169431952,29.09326599455534,172.8456146703332,175.14705129756626,-2.3014366272330733,-3.2502977694229873,0.948861142189914,171.9,2.332432658248259,176.56486531649654,167.23513468350347
2020-11-22,172.67,175.33,169.33,170.0,20990,173.40289450192245,181.64602378473836,27.27502473518952,172.40782779797425,174.76578823848726,-2.3579604405130112,-3.071830303640992,0.713869863127981,171.9335,2.2981371746882506,176.5297743493765,167.3372256506235
2020-11-23,170.0,170.67,167.33,170.0,24135,173.07880931126317,181.18931696965058,27.27502473518952,172.03739275213206,174.4127668874882,-2.3753741353561395,-2.9325390699840215,0.557164934627882,172.0,2.216526443262992,176.43305288652599,167.56694711347401
2020-11-24,168.67,174.67,168.67,170.67,17360,172.84939890066667,180.77679473554664,28.574139210586992,171.82702463641942,174.1355248958224,-2.30850025940299,-2.807731307867815,0.499231048464825,171.967,2.231886386468887,176.4307727729378,167.50322722706224
2020-11-25,170.0,182.0,169.33,170.67,14660,172.64183710060317,180.38044984395657,28.574139210586992,171.64902084620104,173.87881934798372,-2.229798501782682,-2.6921447466507886,0.4623462448681068,171.934,2.246631162195356,176.4272623243907,167.44073767560928
2020-11-26,169.33,172.67,169.33,170.67,13760,172.45404309102193,179.9996478892916,28.574139210586992,171.4984022544778,173.64112902591086,-2.142726771433047,-2.5822611516072405,0.43953438017419355,171.8675,2.2641900492112543,176.3958800984225,167.3391199015775
2020-11-29,170.0,172.0,168.67,171.33,28977,172.34699136806748,179.65966169755467,30.110173757206113,171.47249421532737,173.46993428325078,-1.9974400679234066,-2.465296934870474,0.4678568669470673,171.834,2.267081128258351,176.3681622565167,167.2998377434833
2020-11-30,170.67,176.67,170.67,176.67,21701,172.75870647587055,179.54242006235646,41.139552809777804,172.27211048989238,173.70697618819517,-1.4348656983027865,-2.2592106875569367,0.8243449892541501,172.13400000000001,2.490883166141739,177.1157663322835,167.15223366771653
2020-12-01,173.33,182.0,172.67,177.33,26536,173.19406776388288,179.45565849128369,42.35048581246969,173.05024733760126,173.97534832240294,-0.9251009848016736,-1.992388747005884,1.0672877622042105,172.50050000000002,2.691541282180914,177.88358256436186,167.11741743563817
2020-12-02,180.0,184.0,174.0,181.33,67421,173.96891845303688,179.5291620798608,49.17504078272466,174.32405543950878,174.52013733555827,-0.1960818960494919,-1.6331273768146057,1.4370454807651138,173.10049999999998,3.2310296142902986,179.56255922858057,166.6384407714194
2020-12-03,178.67,186.67,178.67,183.33,67823,174.86045002893815,179.67821454731725,52.22064625004001,175.70958537189205,175.17271975514657,0.5368656167454731,-1.19912877810259,1.7359943948480632,173.8005,3.831843688439213,181.4641873768784,166.13681262312159
2020-12-06,180.67,184.0,172.67,173.33,25052,174.714692883325,179.4292649572264,39.481397695105585,175.3434953146779,175.03622199550608,0.3072733191718271,-0.8978483586477067,1.205121677819534,173.93349999999998,3.7630128956238535,181.4595257912477,166.40747420875226
2020-12-07,173.33,182.0,172.0,178.0,15265,175.0275792753893,179.37321535106065,46.09492007285236,175.752188343189,175.25576110695008,0.4964272362389295,-0.6189932396703796,1.1154204759093092,174.2335,3.8391546150024443,181.91180923000488,166.5551907699951
2020-12-08,176.67,184.67,175.33,175.33,19720,175.05638124916175,179.21465788631318,43.18892172142084,175.6872362903907,175.26126028421302,0.4259760061776774,-0.40999939050076817,0.8359753966784456,174.2665,3.845934661568298,181.9583693231366,166.57463067686342
2020-12-09,178.0,187.33,173.33,180.0,39063,175.52720208257492,179.2454556162617,49.219135267836435,176.35073839956135,175.612278040938,0.7384603586233425,-0.18030744067594603,0.9187677992992885,174.36650000000003,3.972054055655895,182.3106081113118,166.42239188868825
2020-12-10,178.67,194.67,178.67,194.67,113061,177.35032569375826,179.85033970974163,62.63599769184604,179.16908633809038,177.02396114901666,2.145125189073724,0.284779085273988,1.860346103799736,175.3335,6.0365947833979225,187.40668956679582,163.26031043320415
2020-12-13,202.67,206.67,191.33,194.67,53662,178.9998184848289,180.43150285837922,62.63599769184604,181.55384228607647,178.3310751379784,3.222767148098086,0.8723766978388077,2.3503904502592783,176.367,7.409555068679154,191.1861101373583,161.54788986264168
2020-12-14,194.67,196.0,184.0,185.33,39121,179.6026929148452,180.62360078550162,52.41107424943591,182.1347896266801,178.84951401664665,3.2852756100334375,1.3549564802777336,1.9303191297557039,176.96699999999998,7.633170755948873,192.23334151189772,161.70065848810225
2020-12-15,178.0,192.0,178.0,186.0,34220,180.2119602562885,180.8344399703839,53.00374288749306,182.7294373764216,179.3791796450432,3.350257731378406,1.754016730497868,1.5962410008805379,177.63349999999997,7.817951861951363,193.26940372390268,161.99759627609725
2020-12-16,183.33,194.0,182.0,184.0,15920,180.57272594616578,180.95857957938847,50.96339477304632,182.92490854927982,179.72146263429926,3.2034459149805627,2.043902567394407,1.1595433475861556,178.3,7.761051882044644,193.8221037640893,162.77789623591073
2020-12-17,181.33,186.67,179.33,180.67,16988,180.58199014176904,180.94726273313796,47.67285024772486,182.57799954169832,179.7917246613882,2.786274880310117,2.1923770299775494,0.5938978503325676,178.7,7.66112744210731,194.02225488421462,163.37774511578536
2020-12-20,178.0,178.67,170.0,170.67,24798,179.6379910806482,180.5442328220345,39.43785805688414,180.74599961220628,179.1160413531372,1.6299582590690704,2.0798932757958535,-0.44993501672678304,178.7335,7.622449720191093,193.9783994403822,163.4886005596178
2020-12-21,166.67,178.67,166.67,178.0,19468,179.48199193011027,180.44445898587628,46.70505234987376,180.32353813340532,179.0333716232752,1.2901665101301205,1.921947922662707,-0.6317814125325865,179.1335,7.344876678410041,193.8232533568201,164.4437466431799
2020-12-22,176.67,188.0,175.33,180.0,22415,179.53132603200453,180.42702922172427,48.520204611892595,180.27376303595832,179.10497372525484,1.1687893107034881,1.7713162002708633,-0.6025268895673752,179.6,7.070191689502826,193.74038337900564,165.45961662099435
2020-12-23,187.33,187.33,176.67,178.0,10820,179.38548545752792,180.33185160518605,46.80352111662994,179.9239533381186,179.02312381968042,0.9008295184381723,1.5972188639043252,-0.6963893454661529,179.9665,6.766376838923086,193.49925367784616,166.43374632215384
2020-12-24,176.0,180.0,173.33,178.0,8078,179.25353446157288,180.24040644419836,46.80352111662994,179.6279605168696,178.94733687007448,0.6806236467951123,1.4138998204824826,-0.7332761736873703,180.333,6.42629884475537,193.18559768951073,167.48040231048927
2020-12-27,175.33,180.67,173.33,176.0,8450,178.94367403666118,180.07411599540626,44.95871445014541,179.06981274504352,178.72901562043933,0.34079712460419387,1.199279281306825,-0.8584821567026311,180.5665,6.161337239507856,192.8891744790157,168.24382552098427
2020-12-28,174.0,176.67,173.33,173.33,7730,178.40903841412202,179.80964085833153,42.547623521442794,178.18676463042146,178.32908853744382,-0.14232390702235875,0.9309586436409882,-1.073282550663347,180.3995,6.315835965837568,193.03117193167512,167.76782806832486
2020-12-29,174.0,180.0,171.33,175.33,15765,178.11579666039611,179.63396866780874,44.93004104617395,177.7472623795874,178.1069338309665,-0.35967145137911416,0.6728326246369678,-1.032504076016082,180.2995,6.382475575643292,193.0644511512866,167.5345488487134
2020-12-30,173.33,175.33,172.0,174.67,6310,177.7876255498822,179.43930322985545,44.27752405009132,177.2738373981124,177.8523461397838,-0.5785087416714134,0.4225643513752916,-1.0010730930467049,179.9665,6.498564436615299,192.9636288732306,166.9693711267694
2020-12-31,172.0,176.67,172.0,174.67,6815,177.4907088308458,179.25227173064545,44.27752405009132,176.873247029172,177.6166167960961,-0.7433697669241042,0.18937752771541247,-0.9327472946395167,179.5335,6.550955956756808,192.63541191351362,166.43158808648639
2021-01-03,172.0,178.67,172.0,178.67,11740,177.60302227552714,179.22943754512994,49.438807858229694,177.14967056314552,177.69464518157048,-0.5449746184249591,0.04250709848733818,-0.5874817169122972,179.8005,6.39169648429644,192.5838929685929,167.0171070314071
2021-01-04,176.0,178.67,172.67,174.67,6260,177.32368682071504,179.0506360727719,44.95459604821648,176.76818278420004,177.47059739034304,-0.7024146061430088,-0.10647724243873122,-0.5959373637042775,179.63400000000001,6.483776027821015,192.60155205564203,166.666447944358
2021-01-05,172.67,181.33,172.67,178.0,9746,177.38809759969456,179.0094346581534,49.094160578533135,176.95769312509233,177.50981239846578,-0.5521192733734495,-0.19560564862567487,-0.3565136247477746,179.76749999999998,6.417643341027191,192.60278668205436,166.9322133179456
2021-01-06,178.0,178.67,173.33,174.67,15752,177.1292311616284,178.83926074999053,45.41602763262999,176.60574033661658,177.29945592450537,-0.6937155878887893,-0.29522763647829775,-0.39848795141049154,179.50099999999998,6.517372654359161,192.5357453087183,166.46625469128165
2021-01-07,174.67,181.33,174.67,180.0,17538,177.4026377176638,178.88477993626543,51.65886582224742,177.12793413098325,177.49949622639386,-0.37156209541061,-0.3104945282647602,-0.06106756714584982,178.76749999999998,5.460078922699235,189.68765784539846,167.8473421546015
2021-01-10,178.67,181.33,175.33,180.0,7826,177.65000555407676,178.9285140564119,51.65886582224742,177.5697904185243,177.68471872814249,-0.11492830961819323,-0.2713812845354468,0.15645297491725357,178.034,4.002011862472134,186.03802372494425,170.02997627505573
2021-01-11,187.33,187.33,176.67,179.33,7230,177.81000502511708,178.94425860321928,50.81164397402058,177.84059189259747,177.80659141494675,0.03400047765072145,-0.21030493209821316,0.2443054097489346,177.734,3.634294834953224,185.00258966990646,170.46541033009356
2021-01-12,176.67,180.0,175.33,178.0,13080,177.82809978462976,178.90722885407342,49.09052275684812,177.86511621681325,177.82091797680255,0.04419824001070083,-0.15940429767643038,0.2036025376871312,177.334,3.073639022739098,183.4812780454782,171.1867219545218
2021-01-13,180.0,180.0,176.0,176.0,15891,177.65399504323645,178.7932198794039,46.53772505882733,177.57817526038042,177.68603516370607,-0.10785990332564666,-0.14909541880627364,0.04123551548062698,176.93400000000003,2.652128043269039,182.23825608653812,171.62974391346194
2021-01-17,176.0,180.67,175.33,179.33,17291,177.81361456292822,178.8142700802116,51.097551074591905,177.84768675878342,177.80781033676487,0.03987642201855124,-0.11130105064130867,0.15117747265985992,176.86700000000002,2.5683828620973013,182.0037657241946,171.73023427580543
2021-01-18,182.0,184.67,179.33,182.67,36311,178.27612746169697,178.96547517510527,55.22275239701982,178.58958110358597,178.16797253404155,0.42160856954441783,-0.004719126604163376,0.42632769614858124,177.467,2.443112984008492,182.353225968017,172.58077403198303
2021-01-19,182.67,186.67,180.0,182.0,39960,178.63078198915443,179.08447614863056,54.234421055168575,179.1142609338035,178.45182642040885,0.6624345133946576,0.12871160139560084,0.5337229119990567,177.667,2.644470099143202,182.9559401982864,172.3780598017136
2021-01-20,182.0,188.0,180.67,188.0,42415,179.5230884663778,179.43410453495878,60.970916271705526,180.48129771321837,179.1590985374156,1.3221991758027798,0.36740911627703665,0.9547900595257431,178.067,3.486811392118854,185.0406227842377,171.0933772157623
2021-01-21,192.0,194.67,183.33,191.33,58544,180.64755623148469,179.9006102394702,64.12694584934415,182.1503288342617,180.06064679390332,2.089682040358383,0.711863701093306,1.3778183392650771,178.7335,4.576929877686837,187.88735975537367,169.57964024462632
2021-01-24,192.0,201.33,188.67,193.33,47341,181.85540801896232,180.42725297517728,65.9099439083256,183.8702782443753,181.04356184620679,2.8267163981685144,1.1348342405083476,1.6918821576601668,179.5,5.613830665137787,190.72766133027557,168.27233866972443
2021-01-25,196.67,196.67,188.0,190.67,24128,182.69489296953734,180.8289293290919,61.5296496741064,184.9163892837022,181.75663133908037,3.1597579446218163,1.5398189813310414,1.6199389632907748,180.2335,6.072133306732985,192.37776661346595,168.08923338653403
2021-01-26,190.67,191.33,188.0,190.67,22964,183.45442697243854,181.2148536691275,61.5296496741064,185.8015601631326,182.41688086951888,3.384679293613715,1.9087910437875761,1.4758882498261388,181.1005,6.269280555550986,193.639061111102,168.56193888889803
2021-01-27,189.33,190.67,186.0,186.67,16885,183.76067202268248,181.42878097622054,55.13881620080564,185.93516629188144,182.731926731036,3.2032395608454465,2.1676807471991504,1.035558813646296,181.6675,6.232616139902049,194.1327322798041,169.2022677201959
2021-01-28,184.0,188.67,184.0,186.0,10965,183.9739413538556,181.60804446734915,54.12474507395635,185.94514070851505,182.97400623244073,2.971134476074326,2.3283714929741857,0.6427629831001402,182.23399999999998,6.076060357969072,194.38612071593812,170.08187928406184
2021-01-31,184.0,184.67,178.67,181.33,24105,183.72213741539315,181.59714076274724,47.559180149437836,185.23511906105122,182.8522279930007,2.382891068050526,2.339275407989454,0.04361566006107198,182.567,5.816659468150087,194.2003189363002,170.93368106369982
2021-02-01,180.67,186.67,178.67,184.0,5824,183.74860051868905,181.69137053675718,51.20371462743816,185.04510074396643,182.9372481416673,2.1078526022991184,2.292990846851387,-0.18513824455226846,182.83350000000002,5.750439136549215,194.33437827309845,171.33262172690158
2021-02-02,182.67,192.0,177.33,188.0,22340,184.15349570738533,181.93876777060984,56.12341671561034,185.49970062951007,183.3122667978401,2.1874338316699777,2.2718794438151053,-0.08444561214512758,183.5,5.522437486243972,194.54487497248795,172.45512502751205
2021-02-03,190.0,192.0,186.67,186.67,32535,184.39316278287245,182.12430628940945,54.16786157426145,185.6797466865085,183.56098777577787,2.1187589107306337,2.2412553371982114,-0.12249642646757763,183.93349999999998,5.40705900700761,194.7476180140152,173.11938198598477
2021-02-04,184.67,193.33,184.67,190.0,45721,184.92714727974175,182.4331570231581,58.1040450497582,186.34440104243026,184.03795164423877,2.3064493981914893,2.254294149396867,0.05215524879462219,184.7,5.102780459813219,194.90556091962642,174.49443908037355
2021-02-07,192.0,205.33,187.33,205.33,97160,186.87027611024251,183.33107243401466,70.61546577885501,189.2652624205179,185.6151404113322,3.650122009185708,2.5334597213546353,1.1166622878310726,185.96650000000002,6.751824139484479,199.470148278969,172.46285172103106
2021-02-08,208.67,210.67,194.67,200.67,69566,188.18453552831465,184.0110303777788,64.32684730969413,191.0198374327459,186.73031519567795,4.289522237067956,2.8846722244973,1.4048500125706562,187.0,7.346272954075997,201.692545908152,172.307454091848
2021-02-09,197.33,200.0,193.33,194.67,21873,188.8021988113323,184.42902918649335,57.25665236990236,191.58140090463115,187.3184399959981,4.262960908633062,3.1603299613244524,1.1026309473086093,187.767,7.304004020866986,202.37500804173396,173.15899195826603
2021-02-10,193.33,196.0,190.67,191.33,17770,189.0429417816816,184.69965549290538,53.71722816934886,191.5427238423802,187.61559258888713,3.927131253493087,3.31369021975818,0.6134410337349072,188.43349999999998,6.9662239828293195,202.36594796565862,174.50105203434134
2021-02-11,190.0,194.0,190.0,192.67,13845,189.38837589771194,185.01221802259536,54.92121538867101,191.7161509435525,187.98999313785845,3.7261578056940436,3.396183736945353,0.32997406874869073,189.267,6.372221045493523,202.01144209098703,176.52255790901296
2021-02-14,193.33,193.33,189.33,192.0,17380,189.63710200269173,185.28624868837593,54.16253960222172,191.7598200291598,188.28703068320226,3.472789345957551,3.4115048587477927,0.06128448720975843,189.9005,5.94801025996346,201.7965205199269,178.0044794800731
2021-02-15,193.33,201.33,193.33,199.33,43550,190.56023514529252,185.8369840339298,60.57851791543635,192.92446310159679,189.10502841037246,3.8194346912243304,3.4930908252431006,0.3263438659812299,190.7335,6.047858494411065,202.8292169888221,178.63778301117787
2021-02-16,200.0,200.0,195.33,198.67,18802,191.3325937028837,186.340239562011,59.76731273894612,193.8083918551973,189.81354482441893,3.9948470307783737,3.5934420663501556,0.40140496442821805,191.56699999999998,5.928409833833502,203.42381966766698,179.71018033233298
2021-02-17,196.0,198.0,194.0,198.0,17475,191.96758477879956,186.7974850693831,58.904970688415766,194.4532546467054,190.419948911499,4.0333057352063975,3.6814148001214044,0.35189093508499303,192.06699999999998,6.032520726511309,204.1320414530226,180.00195854697736
2021-02-18,198.0,203.33,191.33,197.33,38145,192.47829099034246,187.21052487058378,58.003698020287395,194.89583085490457,190.93180454768424,3.9640263072203368,3.737937101541191,0.2260892056791457,192.367,6.142135836301411,204.6512716726028,180.08272832739718
2021-02-21,195.33,213.33,195.33,210.67,93312,194.21083470554794,188.13050428742363,68.37800747896149,197.32262610799617,192.3938930997076,4.92873300828856,3.9760962828906647,0.9526367253978956,193.23399999999998,7.383585920989254,208.00117184197848,178.46682815802149
2021-02-22,212.0,212.67,203.33,206.0,63785,195.33361235263862,188.83126882517172,62.5524412166606,198.657606706766,193.40175287009964,5.255853836666347,4.232047793645801,1.0238060430205458,194.0005,7.882277572937997,209.76505514587598,178.235944854124
2021-02-23,207.33,222.67,203.33,222.67,172947,197.93707784286352,190.15827789085125,71.79113736311542,202.35182105957122,195.56977117601818,6.782049883553043,4.7420482116272495,2.0400016719257934,195.60049999999998,10.10503703214649,215.81057406429295,175.39042593570701
2021-02-24,232.0,232.0,216.0,220.67,43650,200.10211804830507,191.35481601277866,69.57340313746622,205.1700024350218,197.429047385202,7.740955049819775,5.341829579265755,2.3991254705540195,197.3005,11.31149786488809,219.92349572977616,174.67750427022384
2021-02-25,223.33,223.33,211.33,213.33,43766,201.36191632941888,192.21658793384617,62.003262395117,206.42538667578765,198.6068957270389,7.818490948748746,5.837161853162353,1.9813290955863927,198.667,11.523310059910806,221.7136201198216,175.6203798801784
2021-02-28,214.67,214.67,202.67,202.67,35700,201.48649572661708,192.62652566193063,52.98612486695256,205.84763487951264,198.90786641392492,6.9397684655877185,6.057683175647426,0.8820852899402922,199.73399999999998,10.798707232568926,221.33141446513784,178.13658553486212
2021-03-01,199.33,212.67,196.67,212.0,34576,202.48778184789165,193.38626975361962,58.653730300487226,206.79415259035684,199.8776540869675,6.9164985033893345,6.2294462411958085,0.687052262193526,201.134,10.461270628269517,222.05654125653902,180.21145874346095
2021-03-02,216.67,216.67,200.67,210.67,38222,203.26704071952102,194.06406309661492,57.58796886749601,207.39043680722503,200.6770871175625,6.713349689662522,6.326226930889151,0.387122758773371,202.26749999999998,10.18787301545064,222.64324603090125,181.89175396909872
2021-03-03,202.0,214.67,198.67,206.67,38082,203.59113207956662,194.55841356341432,54.38720151294175,207.27960037534424,201.12100659033564,6.158593785008605,6.292700301713042,-0.13410651670443663,203.2675,9.537081024804406,222.34166204960883,184.1933379503912
2021-03-04,206.67,224.0,206.67,224.0,118421,205.53483378627456,195.71298558053533,63.77998357065966,209.85196954836823,202.81574684290337,7.036222705464866,6.441404782463407,0.5948179230014583,204.96750000000003,10.063410468780363,225.09432093756075,184.8406790624393
2021-03-08,233.33,233.33,220.67,222.67,94817,207.16675437805793,196.7701234009065,62.71264934253325,211.82397423323465,204.28643226194754,7.537541971287112,6.660632220228149,0.876909751058963,205.8345,10.815159183197219,227.46481836639444,184.20418163360554
2021-03-09,232.0,232.67,220.0,230.0,68455,209.34134919919526,198.07325581655724,66.08155595578873,214.6202858896601,206.19114098328475,8.429144906375342,7.014334757457588,1.4148101489177538,207.30100000000002,12.001474865505864,231.30394973101176,183.29805026898828
2021-03-10,230.0,249.33,230.0,246.0,134891,212.83264927546236,199.95273598061382,72.02342055743514,219.44793421432777,209.13994535489329,10.307988859434488,7.673065577852968,2.6349232815815196,209.8675,14.405782053708444,238.6790641074169,181.0559358925831
2021-03-14,254.0,254.0,232.0,237.33,104556,215.1657302968469,201.41851104019761,65.34347595168319,222.19902125827736,211.2280975508271,10.970923707450254,8.332637203772427,2.6382865036778274,212.16750000000002,14.952124606996804,242.07174921399363,182.2632507860064
2021-03-15,236.67,244.0,229.33,230.67,55955,216.64232741143292,202.5656282543075,60.68722665916427,223.5022487570039,212.66823847298807,10.834010284015847,8.832911819821112,2.001098464194735,214.06750000000002,14.757236538836112,243.58197307767225,184.5530269223278
2021-03-16,227.33,235.33,225.33,227.33,18746,217.66020099129645,203.53678008747193,58.438234213116786,224.09113356361868,213.75429488239635,10.336838681222332,9.133697192101357,1.2031414891209753,215.834,14.075461065646426,243.98492213129285,187.68307786870716
2021-03-17,224.0,241.33,224.0,233.33,26763,219.15256280164917,204.7051416526691,61.218610273122856,225.51249763075427,215.20434711332996,10.308150517424309,9.368587857165949,0.9395626602583604,217.53400000000002,14.030383346227845,245.59476669245572,189.47323330754432
2021-03-18,243.33,243.33,230.0,232.67,35934,220.43993777292067,205.80180276432915,60.737281011681645,226.61365184140746,216.49809917900922,10.115552662398244,9.517980818212408,0.5975718441858362,219.234,13.679853569545733,246.59370713909146,191.87429286090855
2021-03-21,233.33,237.33,230.0,232.67,19433,221.60470560407109,206.85545755788488,60.737281011681645,227.54539771196016,217.69601775834184,9.849379953618325,9.584260645293591,0.2651193083247332,220.96750000000003,13.028657431742038,247.0248148634841,194.91018513651596
2021-03-22,233.33,236.67,229.33,233.33,37403,222.72140030844528,207.89367490855608,61.09206689025005,228.43533652550477,218.85409051698318,9.581246008521589,9.583657717939191,-0.0024117094176023812,222.7675,12.040441448018463,246.84838289603692,198.6866171039631
2021-03-23,234.67,244.0,230.67,236.0,42085,223.98602885049812,208.99588373567153,62.565759772519684,229.59913090619636,220.12415788609553,9.474973020100833,9.561920778371519,-0.08694775827068568,224.03400000000002,12.033159186182285,248.1003183723646,199.96768162763544
2021-03-24,240.0,240.0,234.67,238.0,28764,225.3206927694983,210.13330005976286,63.67562536846406,230.89157230524307,221.44829433897735,9.443277966265725,9.53819221595036,-0.09491424968463491,225.63400000000001,11.629738377833156,248.8934767556663,202.37452324433372
2021-03-25,242.0,242.0,233.33,234.67,36268,226.21110298192704,211.09552358683098,60.461384806267716,231.4728688736672,222.42767994349754,9.045188930169672,9.439591558794223,-0.394402628624551,226.234,11.777385734399862,249.78877146879972,202.6792285312003
2021-03-29,230.67,235.33,230.67,232.0,11819,226.7624265074578,211.9153069755827,57.936123618763226,231.55396597002613,223.13674068842366,8.41722528160247,9.235118303355872,-0.8178930217534024,226.8005,11.768154385101441,250.33680877020288,203.26419122979712
2021-03-30,230.67,234.67,230.67,231.33,19688,227.19743350674753,212.67666748634414,57.28950013740016,231.51950966694517,223.74364878557745,7.77586088136772,8.943266818958243,-1.167405937590523,227.7005,11.36513990235067,250.43077980470133,204.97022019529868
2021-03-31,230.67,236.67,230.0,231.33,30139,227.59101126800965,213.4081707221738,57.28950013740016,231.49035433356897,224.30560072738652,7.184753606182454,8.591564176403086,-1.4068105702206317,229.1335,9.73258026857287,248.59866053714575,209.66833946285425
2021-04-01,240.67,240.67,229.33,232.67,29757,228.07472448058016,214.1635365762062,58.367294805897444,231.67183828225066,224.92518585869124,6.746652423559425,8.222581825834354,-1.4759294022749287,230.167,8.877312359990805,247.92162471998162,212.41237528001838
2021-04-04,242.0,242.0,230.0,232.67,21095,228.51236976814394,214.8892802398844,58.367294805897444,231.82540162344287,225.49887579508447,6.326525828358399,7.843370626339163,-1.516844797980764,231.267,7.606295245940983,246.47959049188196,216.05440950811803
2021-04-05,231.33,234.67,230.67,231.33,16654,228.78071550451116,215.53401434812423,56.707660237636155,231.74918598906703,225.9308109213745,5.8183750676925285,7.438371514609837,-1.619996446917308,232.5,4.940938542849302,242.3818770856986,222.6181229143014
2021-04-06,232.0,240.0,231.33,236.67,59488,229.53207593265296,216.36287653055075,61.41603384778373,232.50623429844134,226.72630640868007,5.779927889761268,7.106682789640123,-1.3267548998788552,233.1335,4.593800484864363,242.32110096972872,223.94589903027128
2021-04-07,240.0,242.67,230.0,234.67,45959,230.02140203430505,217.08080294111738,58.835140401113115,232.8391213294504,227.31472815618525,5.524393173265139,6.7902248663651275,-1.2658316930999884,233.7335,3.8840636275891596,241.5016272551783,225.96537274482168
2021-04-08,242.67,242.67,234.67,236.0,26939,230.5907923167522,217.82273223754416,60.03780350477658,233.3254103556888,227.95808162609745,5.36732872959135,6.505645639010372,-1.1383169094190224,234.0335,3.8115548353868722,241.65660967077375,226.41039032922626
2021-04-12,236.0,236.67,232.67,232.67,27190,230.78881209610913,218.40497803215027,55.65362636747483,233.22457799327515,228.3071126167569,4.917465376518237,6.188009586511946,-1.2705442099937088,233.36699999999996,2.573228772533189,238.51345754506633,228.2205424549336
2021-04-13,232.0,236.0,232.0,235.33,15838,231.22130618219396,219.06870438383064,58.27473197432718,233.5484890712328,228.82732649699716,4.721162574235649,5.894640184056687,-1.1734776098210382,233.267,2.4468736228745,238.160747245749,228.37325275425098
2021-04-15,234.0,247.33,234.0,241.33,65675,232.18403892674692,219.94169636877845,63.513328509064685,234.74564459873545,229.75345046018253,4.992194138552918,5.714150974955934,-0.7219568364030158,233.8,2.9588618010812726,239.71772360216255,227.88227639783747
2021-04-18,240.0,246.67,238.0,240.0,47482,232.92841617181864,220.7282965111793,61.665163359733256,235.55400696816076,230.51245412979864,5.041552838362122,5.5796313476371715,-0.5380785092750493,234.4335,2.85523577236498,240.14397154472996,228.72302845527005
2021-04-19,237.33,254.67,237.33,248.0,76525,234.3638051078359,221.79777507936836,67.74504792519954,237.46877512690526,231.80782789796172,5.660947228943542,5.595894523898446,0.06505270504509575,235.167,4.148346658610291,243.4636933172206,226.87030668277941
2021-04-20,244.0,266.67,244.0,265.33,135095,237.31296652613725,223.50492115468725,76.45614056145844,241.75511741507367,234.29095175737194,7.464165657701727,5.9695487506591025,1.4946169070426247,236.8,7.871349111944434,252.5426982238889,221.05730177611113
2021-04-21,266.67,266.67,250.0,253.33,84053,238.83839828555276,224.67453208979757,63.6395945245982,243.5358685819854,235.70125162719623,7.834616954789169,6.342562391485116,1.4920545633040527,237.833,8.62080354051835,255.0746070810367,220.5913929189633
2021-04-22,264.0,264.0,246.67,250.67,47792,239.9652174964525,225.69396220392318,61.19092203723008,244.63342726167997,236.81004780295947,7.8233794587204954,6.638725804932193,1.1846536537883026,238.7,9.00737884649101,256.714757692982,220.68524230701797
2021-04-25,246.67,246.67,239.33,241.33,44091,240.09519678250464,226.30714015671052,53.418679120294996,244.12520768295997,237.14485907681433,6.98034860614564,6.707050365174882,0.2732982409707576,238.9665,9.00213733393079,256.9707746678616,220.96222533213842
2021-04-26,237.33,245.33,234.0,236.0,38464,239.70517804131373,226.68725230742774,49.550782136971314,242.87517573173534,237.060054700754,5.815121030981345,6.528664498336175,-0.71354346735483,238.8665,9.024519392364398,256.9155387847288,220.8174612152712
2021-04-27,233.33,250.0,233.33,248.67,41522,240.55897060880764,227.54932084439136,57.43974733812108,243.76668715762221,237.92005064884628,5.84663650877593,6.392258900424126,-0.5456223916481964,239.5665,9.22266959582134,258.01183919164265,221.1211608083573
2021-04-28,250.0,250.0,241.33,243.33,9535,240.82287816987358,228.1681710073564,53.6330575706435,243.69950451798803,238.32078763782064,5.378716880167389,6.18955049637278,-0.8108336162053913,240.13299999999998,9.08031016163997,258.2936203232799,221.97237967672004
2021-04-29,243.33,253.33,243.33,250.67,31244,241.76069929655227,229.0505956737346,57.77534785770987,244.77188843829757,239.23554410909318,5.536344329204383,6.058909262939101,-0.522564933734718,241.1,9.123198884971213,259.3463977699424,222.85360223005756
2021-05-02,253.33,262.0,249.33,258.67,68617,243.37110888735683,230.2121409414313,61.78281004892977,246.91005944779025,240.67513343434555,6.234926013444692,6.094112613040219,0.14081340040447365,242.467,9.617146474697819,261.7012929493957,223.23270705060438
2021-05-03,248.0,261.33,248.0,253.33,61564,244.31957470760855,231.11872364961047,57.83692438560421,247.89774260966865,241.61253095772736,6.285211651941296,6.132332420820434,0.15287923112086155,243.5,9.619011876158977,262.73802375231793,224.26197624768204
2021-05-04,250.67,259.33,250.67,255.33,36221,245.3681866402173,232.0681854672728,58.895779831872794,249.0411668235658,242.62863977567346,6.4125270478923255,6.188371346234812,0.22415570165751308,244.63299999999998,9.610763209739773,263.8545264194795,225.41147358052044
2021-05-05,256.67,277.33,256.67,275.33,250641,248.2216926744823,233.76472721365428,67.64596947771967,253.08560269686336,245.0509627552532,8.034639941610152,6.557625065309881,1.477014876300271,246.833,11.293930880647602,269.4208617612952,224.24513823870478
2021-05-06,267.33,284.67,267.33,272.0,87902,250.48629337215067,235.2641496758639,65.15881284288233,255.995509974269,247.04718773634556,8.948322237923435,7.035764499832592,1.9125577380908432,248.59949999999998,12.33562554682909,273.27075109365813,223.9282489063418
2021-05-09,268.0,272.67,259.33,266.67,44325,252.02759876527918,236.49575164935945,61.27538769847917,257.63773920899683,248.50072938550514,9.137009823491695,7.4560135645644126,1.6809962589272827,250.1995,12.50788697498307,275.21527394996616,225.18372605003387
2021-05-10,262.67,279.33,262.67,278.67,23899,254.56497031144306,238.14964374154144,66.1647270372914,260.87347163838194,250.735490171764,10.13798146661793,7.992407144975116,2.1455743216428136,252.333,13.553800438098294,279.4406008761966,225.2253991238034
2021-05-11,278.67,278.67,269.33,271.33,48411,256.16163980559134,239.4508341830496,61.08438659698366,262.4821683094001,252.2610094183,10.221158891100089,8.43815749420011,1.7830013968999783,254.26600000000002,13.357291090006317,280.9805821800127,227.5514178199874
2021-05-12,271.33,278.0,268.67,273.33,90335,257.79672172886836,240.77942892096922,61.941882806554176,264.15106549256933,253.82167538731483,10.329390105254504,8.81640401641099,1.5129860888435136,256.166,13.22396405255105,282.6139281051021,229.7180718948979
2021-05-13,276.67,295.33,276.67,291.33,256280,260.99036727849995,242.76180425740182,68.63947684888325,268.3324400321741,256.6000698030693,11.732370229104788,9.39959725894975,2.3327729701550375,258.666,14.892582540877418,288.4511650817548,228.88083491824517
2021-05-16,302.67,302.67,280.0,282.67,83629,263.0550942043571,244.3268315414253,62.90387505946991,270.5382184887627,258.53117574358265,12.007042745180058,9.921086356195813,2.085956388984245,260.79949999999997,15.13227171000006,291.0640434200001,230.53495657999986
2021-05-17,280.0,295.33,280.0,295.33,93249,266.1288947563231,246.32695579470274,67.21666806806795,274.35233872126076,261.2570145773914,13.09532414386939,10.555933913730529,2.539390230138862,263.166,16.65003410775722,296.46606821551444,229.86593178448555
2021-05-18,292.0,307.33,292.0,296.0,78662,268.9737619223876,248.27491831255753,67.43246276503382,277.6827481487591,263.83056905314015,13.852179095618965,11.215182950108217,2.6369961455107482,264.6995,18.20006549294188,301.0996309858838,228.29936901411622
2021-05-19,297.33,297.33,284.0,286.67,57371,270.65911792977926,249.78060779049648,61.373984925257275,279.06540227971925,265.52237875290757,13.54302352681168,11.680751065448911,1.8622724613627692,266.3665,18.625767176004924,303.61803435200983,229.11496564799012
2021-05-20,282.0,286.67,280.0,281.33,36555,271.6753924126574,251.01783885753582,58.1535464676396,279.4138019289932,266.6933136600996,12.720488268893632,11.888698506137855,0.8317897627557773,267.8995,18.527347205514605,304.9541944110292,230.8448055889708
2021-05-23,276.67,291.33,272.0,282.67,72646,272.72249789716625,252.25910007880893,58.738636211005016,279.9147554783789,267.87677190749963,12.037983570879248,11.918555519086134,0.11942805179311478,269.9665,17.694436911967127,305.35537382393426,234.57762617606573
2021-05-24,286.67,295.33,276.67,279.33,48968,273.3517838117218,253.320703997287,56.61386117687015,279.8247930970898,268.7251591736108,11.099633923479018,11.754771199964711,-0.6551372764856929,272.133,15.875910947755369,303.8848218955107,240.38117810448924
2021-05-25,268.0,292.0,268.0,282.67,90115,274.2392329725102,254.47165678170714,58.24063676640926,280.2625172359991,269.7581103459359,10.504406890063194,11.504698337984408,-1.0002914479212137,273.83299999999997,15.029028788175099,303.8910575763502,243.77494242364978
2021-05-27,274.67,305.33,274.67,298.67,142576,276.56597268941397,256.2049251432088,65.00909848032853,283.09443766123,271.8997318017925,11.194705859437533,11.442699842275035,-0.2479939828375013,276.6,14.188357347153802,304.97671469430765,248.22328530569243
2021-05-30,288.67,313.33,285.33,288.67,136473,277.7187371951841,257.4780653336712,58.61459831717936,283.9522164825793,273.14197389054857,10.810242592030704,11.31620839222617,-0.5059658001954652,278.5,13.030329397622062,304.56065879524414,252.43934120475586
2021-05-31,276.0,291.33,274.67,278.67,86852,277.8093336527856,258.30912159509586,53.00030017186866,283.1395677929517,273.5514573060635,9.588110486888183,10.970588811158573,-1.382478324270389,279.5,12.167255885756713,303.8345117715134,255.16548822848657
2021-06-01,274.0,283.33,265.33,274.0,40968,277.4465399715679,258.9244501599941,50.564525132255845,281.7334804401899,273.5846826907996,8.148797749390326,10.406230598804923,-2.257432849414597,280.5335,10.604911610341968,301.7433232206839,259.3236767793161
2021-06-02,274.0,286.67,270.0,286.67,48988,278.3249647361805,260.01251093803353,56.41677223191824,282.492944987853,274.55396545444404,7.93897953340894,9.912780385725728,-1.9738008523167885,282.1005,8.85600983870085,299.8125196774017,264.3884803225983
2021-06-03,287.33,289.33,277.33,277.33,38522,278.2302061898776,260.6916281561499,51.57016923889661,281.6986457589525,274.75959764300376,6.939048115948765,9.318033931770337,-2.378985815821572,282.20050000000003,8.786554605880147,299.77360921176034,264.6273907882397
2021-06-06,277.33,277.33,268.67,270.0,40155,277.44637702893687,261.05666234610476,48.0793333672427,279.89885410372904,274.40703485463314,5.491819249095897,8.55279099523545,-3.0609717461395523,282.1005,8.919137599920978,299.938775199842,264.26222480015804
2021-06-07,258.67,288.67,258.67,284.67,93914,278.1343411214191,261.982675587434,54.6898738257805,280.6328765493092,275.1672544950307,5.4656220542784695,7.935357207044054,-2.469735152765584,283.0005,8.155628650460928,299.31175730092184,266.68924269907814
2021-06-08,290.0,298.67,290.0,293.33,102578,279.581546728903,263.2119824271425,58.0827062169564,282.58628015710775,276.51264305095435,6.073637106153399,7.5630131868659225,-1.4893760807125238,283.7335,8.401036449216337,300.5355728984327,266.9314271015673
2021-06-09,296.0,300.67,284.0,287.33,57423,280.31949465948367,264.1577870378428,55.00929109302202,283.31608320986044,277.31392875088363,6.002154458976804,7.2508414412881,-1.2486869823112956,284.5335,7.904891407091163,300.3432828141823,268.7237171858177
2021-06-10,286.67,312.67,286.67,312.67,141948,283.40049516810427,266.060226761849,63.73664206005147,287.83207040834344,279.9328969915589,7.899173416784549,7.38050783638739,0.5186655803971592,286.5005,9.668236912695587,305.83697382539117,267.1640261746088
2021-06-13,316.67,340.0,299.33,340.0,278522,288.79092419971334,268.9598257123647,70.40470866312666,295.85790573013674,284.38231202922117,11.475593700915567,8.199525009293026,3.276068691622541,288.934,15.383612743846673,319.70122548769336,258.1667745123067
2021-06-14,340.0,357.33,324.67,337.33,163359,293.41369332355015,271.6410090177622,69.06851821086825,302.2382279255003,288.3043629900196,13.933864935480699,9.34639299453056,4.587471940950138,291.66700000000003,18.708293432536962,329.0835868650739,254.2504131349261
2021-06-15,331.33,336.0,315.33,316.0,109331,295.5647701498787,273.38057729157543,59.37398055588647,304.3554236292695,290.35589165742556,13.999531971843965,10.277020789993243,3.722511181850722,292.70050000000003,19.476462846215462,331.653425692431,253.7475743075691
2021-06-16,302.0,324.0,288.0,291.33,152343,295.1614587070331,274.0844762213176,50.538463413420196,302.3515123016896,290.4280478309496,11.923464470739987,10.606309526142592,1.3171549445973945,292.467,19.46281288157416,331.3926257631483,253.54137423685165
2021-06-17,291.33,314.0,280.67,292.67,72215,294.9241769254109,274.81332029106983,50.96529807523514,300.86204887066043,290.59411836199035,10.267930508670077,10.53863372264809,-0.2707032139780132,292.767,19.414938117472186,331.5968762349444,253.93712376505562
2021-06-20,292.67,299.33,272.0,276.0,59738,293.12187436108604,274.8598567502436,45.68366203533098,297.03711827517424,289.5130725573985,7.524045717775721,9.935716121673616,-2.4116704038978956,292.5005,19.615734145135704,331.7319682902714,253.26903170972858
2021-06-21,276.67,285.33,252.0,255.33,53719,289.5226482314588,274.0939800149399,40.13030133132857,290.62063854053207,286.98099310870236,3.639645431829706,8.676501983704835,-5.036856551875129,291.1335,21.223617746820842,333.5807354936417,248.68626450635833
2021-06-22,266.0,277.33,254.0,277.33,55822,288.3614436379865,274.2208827594521,47.45209175057209,288.57592491891177,286.26610473028,2.309820188631761,7.40316562469022,-5.093345436058459,291.0335,21.286777530466882,333.60705506093376,248.45994493906625
2021-06-23,282.0,288.67,259.33,273.33,40549,286.9298775772259,274.18594618065003,46.342379091035454,286.23039800831,285.30787475025926,0.9225232580507168,6.107037151362319,-5.184513893311602,290.5665,21.580345657199775,333.7271913143996,247.40580868560048
2021-06-24,269.33,282.67,260.0,274.67,38567,285.76227018891865,274.20492868336964,46.79129742118965,284.4518752378008,284.5198840280178,-0.06800879021704986,4.872027963046446,-4.940036753263496,289.3665,21.772444021841476,332.9113880436829,245.821611956317
2021-06-27,271.33,283.33,266.67,272.67,27285,284.51538731378355,274.14473540166887,46.170414688513794,282.6392790473699,283.64211484075724,-1.0028357933873622,3.6970552117596847,-4.699891005147046,288.5665,22.09100204417625,332.74850408835255,244.38449591164752
2021-06-28,271.33,278.0,264.0,267.33,16044,282.87868376008987,273.87749087611326,44.473568725751775,280.2840053477745,282.43381003773817,-2.1498046899636734,2.527683231415013,-4.677487921378686,287.9995,22.500121046458233,332.99974209291645,242.99925790708355
2021-06-29,262.67,271.33,257.33,260.0,17146,280.69976149722413,273.3332755476382,42.181898273471326,277.16338914042456,280.77204633123904,-3.6086571908144833,1.3004151469691139,-4.909072337783597,287.29949999999997,23.166490653755382,333.6324813075107,240.96651869248922
2021-06-30,260.0,260.0,250.0,258.0,28583,278.5378794498695,272.73197062420144,41.55273908107231,274.2151754265131,279.08522808448055,-4.870052657967449,0.06632158598180127,-4.93637424394925,285.866,24.076638032486535,334.01927606497304,237.71272393502693
2021-07-01,247.33,274.0,247.33,257.33,19473,276.51808140702474,272.12797177619353,41.33034004776765,271.61745613012647,277.4737297078524,-5.856273577725915,-1.1181974467597422,-4.7380761309661725,284.866,24.852666361241123,334.5713327224822,235.16066727751775
2021-07-04,257.33,266.67,257.33,264.0,19184,275.3258831777843,271.8092277849703,44.514178150926504,270.4455398024147,276.47567565541885,-6.03013585300414,-2.100585128008622,-3.9295507249955177,284.566,25.076763704568116,334.7195274091362,234.41247259086373
2021-07-05,264.67,268.67,260.67,262.0,22058,274.05675144656675,271.42455218555966,43.747558286391026,269.1462259866586,275.4034033846471,-6.257177397988528,-2.9319035820046033,-3.3252738159839246,283.4325,25.579138884110993,334.590777768222,232.27422223177803
2021-07-06,266.0,266.67,254.0,262.67,10415,272.9722989278461,271.08123641357696,44.09490451903183,268.1498835271726,274.4601883191177,-6.3103047919451,-3.607583823992703,-2.702720967952397,281.8995,25.87182342057223,333.64314684114447,230.15585315885554
2021-07-07,258.67,262.67,254.67,256.67,7459,271.419699029956,270.51608988755436,41.6166308440947,266.3837475999153,273.14239659177565,-6.758648991860355,-4.2377968575662335,-2.5208521342941212,280.3665,26.435332471802635,333.23716494360525,227.4958350563947
2021-07-08,254.0,260.67,253.33,257.33,22500,270.07782293186494,269.9989883233365,42.00277144369803,264.99086335377444,271.97110795534786,-6.980244601573418,-4.786286406367671,-2.193958195205747,277.5995,25.76385441803475,329.1272088360695,226.07179116393047
2021-07-11,257.33,266.67,257.33,264.67,19077,269.56279217644925,269.79000838908803,46.25967135361287,264.9414997608861,271.4302851438406,-6.488785382954518,-5.12678620168504,-1.3619991812694776,273.83299999999997,21.276830516834686,316.3866610336693,231.2793389663306
2021-07-12,267.33,272.0,258.67,262.67,22307,268.9063357786922,269.5107923738297,45.28433851810364,264.59203825921134,270.78137513318575,-6.189336873974412,-5.339296336142915,-0.8500405378314966,270.1,15.244333891301194,300.5886677826024,239.61133221739763
2021-07-13,259.33,267.33,259.33,264.67,21702,268.50287522834054,269.32095737877756,46.49911384152414,264.6040323731788,270.3286806788757,-5.72464830569686,-5.416366730053705,-0.3082815756431554,267.5335,10.776048135613152,289.08559627122634,245.9814037287737
2021-07-14,266.67,273.33,261.33,270.0,31668,268.6454585399272,269.34758650117845,49.70391011845652,265.4341812388436,270.30433396192194,-4.87015272307832,-5.307123928658628,0.4369712055803081,266.467,9.243497913896501,284.953995827793,247.98000417220697
2021-07-15,280.67,287.33,271.33,286.67,89273,270.3620815361246,270.0268968344656,58.14793359086345,268.7012302790215,271.51660552029807,-2.81537524127657,-4.808774191182216,1.9933989499056466,266.16700000000003,8.407912376227172,282.98282475245435,249.35117524754568
2021-07-18,291.33,303.27,282.0,298.0,51676,272.9942642469699,271.1238812723297,62.728048125485465,273.2087333130182,273.4783384447204,-0.2696051317022352,-3.9009403792862205,3.6313352475839853,267.267,10.84731065384649,288.96162130769295,245.572378692307
2021-07-19,302.0,307.33,289.47,290.67,54698,274.67766765202043,271.89039573223835,58.28410670478728,275.8950820340923,274.7517948562226,1.143287177869695,-2.8920948678550378,4.035382045724733,269.034,11.649218360948202,292.3324367218964,245.7355632781036
2021-07-20,293.33,303.8,286.67,295.33,54897,276.64455644706607,272.80959589960156,60.21387352813172,278.8850694134627,276.2761063483543,2.608963065108412,-1.791883281262348,4.40084634637076,269.934,12.946931113710246,295.8278622274205,244.04013777257953
2021-07-22,295.33,310.07,293.33,306.0,153123,279.4403129759169,274.111180374127,64.28754650207537,283.0565971960069,278.4778762484762,4.578720947530712,-0.517762435503736,5.096483383034448,271.5675,15.253463066671685,302.07442613334337,241.06057386665663
2021-07-25,306.67,322.67,303.4,316.67,114121,282.98599745440106,275.7801536927887,67.83430873635837,288.22788993508277,281.3069224522928,6.92096748278999,0.9699835481550092,5.950983934634981,273.6675,18.291649770203673,310.25079954040734,237.08420045959267
2021-07-26,317.0,328.0,314.27,316.73,115082,286.19971198255337,277.3860300185617,67.85364246739451,292.6128299450701,283.9308541224933,8.68197582257676,2.5123820030393595,6.1695938195374005,275.8705,20.66451865676511,317.1995373135302,234.54146268646977
2021-07-27,311.33,345.07,311.33,338.0,151743,291.13307274611975,279.76304844920634,73.8534587628556,299.5954714919824,287.93597603934563,11.659495452636747,4.341804692958837,7.317690759677911,279.404,24.76292483362567,328.92984966725135,229.87815033274865
2021-07-28,344.0,349.93,320.67,327.33,139559,294.5803991512512,281.62841909825704,67.08891425052224,303.8623220316774,290.854051888283,13.00827014339444,6.075097783045958,6.9331723603484825,282.77049999999997,26.50180360793754,335.77410721587506,229.76689278412488
2021-07-29,330.0,330.0,318.0,319.33,58716,296.93750399398914,283.10691246695285,62.46891471978758,306.2419647960347,292.9633813780398,13.278583417994923,7.515794910035751,5.762788507959172,285.837,27.027780269859335,339.89256053971866,231.78143946028132
2021-08-01,324.0,346.13,320.0,338.0,169632,300.8482178993235,285.25958256628803,68.00619031660933,311.1278163658755,296.2994272018887,14.828389163986799,8.97831376082596,5.850075403160838,289.8705,28.527423828014467,346.9253476560289,232.81565234397107
2021-08-02,344.07,349.33,326.67,332.0,139701,303.8150542898641,287.0925401127081,64.70236709383383,314.3389215403562,298.9439140758229,15.395007464533307,10.261652501567431,5.133354962965877,293.27049999999997,29.322953372293437,351.9164067445868,234.6245932554131
2021-08-03,333.33,361.67,330.67,361.67,296488,309.3250491194009,290.017146382798,71.95737644274428,321.6206259187629,303.59029081094707,18.03033510781586,11.815389022817117,6.214946084998742,298.254,32.06967601956734,362.3933520391347,234.11464796086534
2021-08-04,366.67,380.8,364.67,372.67,151069,315.3579015842198,293.25843475994316,74.08413380761857,329.47437577741476,308.7073063064325,20.76706947098228,13.60572511245015,7.161344358532128,303.754,34.94908949947223,373.65217899894446,233.85582100105557
2021-08-05,376.0,376.0,354.0,356.0,118229,319.22857762381796,295.7188882987689,65.92444855078136,333.5552410424279,312.2104688022523,21.344772240175587,15.153534537995238,6.191237702180349,308.7205,34.9637084741189,378.6479169482378,238.7930830517622
2021-08-08,353.33,377.33,346.67,364.0,180996,323.49252261202577,298.39657895371914,67.7596630917104,338.2390501128236,316.04673037245584,22.192319740367736,16.56129157846974,5.631028161897998,314.054,34.847541995927244,383.7490839918545,244.35891600814548
2021-08-09,357.4,383.33,357.4,379.33,182598,328.81037760135666,301.5704386025929,70.98452073762331,344.56073471085074,320.73437997449616,23.826354736354574,18.014304210046706,5.812050526307868,319.787,35.716355843462836,391.2197116869256,248.3542883130743
2021-08-10,386.2,386.2,363.33,366.0,154667,332.35224640122743,304.0970880691579,64.90509644587596,347.8590832168737,324.0873888652742,23.771694351599535,19.165782238357274,4.605912113242262,324.95349999999996,34.471146328640536,393.89579265728105,256.0112073427189
2021-08-11,372.0,386.67,366.67,379.0,141678,336.7948896011105,307.03445716448505,67.80133635476214,352.64999349120086,328.1549896900687,24.495003801132157,20.231626550912253,4.263377250219904,330.66999999999996,33.411544648362145,397.49308929672424,263.8469107032757
2021-08-12,379.0,383.33,368.53,369.33,73822,339.8934715438619,309.4774196286229,63.59702304644296,355.2161483387084,331.2049904537673,24.0111578849411,20.987532817718023,3.023625067223076,335.63649999999996,31.22980969236088,398.0961193847217,273.1768806152782
2021-08-15,366.67,366.67,346.67,353.33,60162,341.17314092063697,311.19712866279457,57.26917636772629,354.9259716712148,332.84388004978456,22.082091621430266,21.20644457846047,0.8756470429697956,338.9695,29.221372220922657,397.4122444418453,280.52675555815466
2021-08-16,350.67,366.0,346.93,358.0,42100,342.7756989281953,313.0325353819007,58.565064201013925,355.39889910641256,334.70729634239314,20.69160276401942,21.103476215572265,-0.41187345155284305,341.9695,27.84122586438331,397.6519517287666,286.28704827123335
2021-08-17,360.0,380.0,360.0,372.67,113217,345.62277522074817,315.3712594845713,62.42051277791682,358.05599155157984,337.51934846517884,20.536643086401,20.99010958973801,-0.4534665033370118,346.06949999999995,25.85610514793521,397.78171029587037,294.3572897041295
2021-08-18,379.33,383.33,365.33,365.33,118371,347.49965377115313,317.330425779294,59.440348392150305,359.1750697744137,339.5793967270174,19.595673047396303,20.71122228126967,-1.1155492338733666,349.56949999999995,23.230759208882578,396.0310184177651,303.1079815822348
2021-08-19,366.67,373.33,349.33,352.67,72525,347.99206769771,318.7162914350079,54.59845143681703,358.17428980911933,340.54907104353464,17.62521876558469,20.094021578132676,-2.4688028125479846,351.90299999999996,20.845424362246412,393.5938487244928,310.21215127550715
2021-08-24,346.33,346.33,320.73,321.0,72198,345.4213945836424,318.80584863363504,44.77305715887744,352.45516830002407,339.1009917069765,13.354176593047555,18.746052581115652,-5.391875988068097,352.11949999999996,20.479510036029197,393.0785200720584,311.16047992794154
2021-08-25,321.0,336.67,304.67,323.33,39814,343.3174522423431,318.98326633427683,45.54941995133708,347.9743731769434,337.93277009905233,10.041603077891068,17.005162680470736,-6.963559602579668,352.4495,19.924907574243264,392.2993151484865,312.5996848515135
2021-08-26,325.13,352.33,320.0,340.0,69802,343.001504409739,319.80745196822676,50.8707280071702,346.7475465343367,338.08589823986324,8.66164829447348,15.336459803271286,-6.674811508797806,352.54949999999997,19.85346170928729,392.25642341857457,312.84257658142536
2021-08-29,334.67,347.33,326.67,327.33,28743,341.5089801802401,320.1024538518257,47.10291473628563,343.7602316829003,337.2891650369104,6.471066645989936,13.563381171815017,-7.092314525825081,352.54949999999997,19.85346170928729,392.25642341857457,312.84257658142536
2021-08-31,327.33,344.67,318.0,324.0,57170,339.84145825831246,320.25529879881293,46.13572632810473,340.72019603937724,336.3047824415837,4.415413597793531,11.733787657010721,-7.31837405921719,352.783,19.465877324180163,391.7147546483603,313.8512453516397
2021-09-01,329.33,339.33,317.4,325.33,58553,338.4594146146636,320.45430668905556,46.60728678746616,338.3524735717807,335.491835594059,2.8606379777216944,9.959157721152916,-7.098519743431222,352.1495,20.16587907045566,392.48125814091134,311.81774185908864
2021-09-02,322.0,333.33,314.67,317.33,31116,336.44708941326707,320.3317848581122,44.10603385965014,335.1182468684298,334.14651443894354,0.9717324294862806,8.16167266281959,-7.18994023333331,351.41600000000005,21.178720303272367,393.7734406065448,309.0585593934553
2021-09-05,311.67,311.67,288.93,290.0,38439,332.02355708819397,319.14230309897056,36.833564984515114,328.17697811944066,330.876402258281,-2.6994241388403566,5.989453302487601,-8.688877441327957,347.83250000000004,25.06011380555557,397.9527276111112,297.7122723888889
2021-09-06,290.0,315.67,286.0,315.67,45802,330.46607546074694,319.0061343499913,45.86279319391372,326.2528276395267,329.7500020910009,-3.4971744514742227,4.092127751695237,-7.58930220316946,344.98249999999996,25.32655333730579,395.63560667461155,294.32939332538837
2021-09-07,319.33,329.33,301.33,310.0,43051,328.5169254168663,318.65295261077597,44.35464088340409,323.75239261806104,328.28703897314904,-4.534646355088,2.36677293033859,-6.90141928542659,342.6825,26.341723732712545,395.3659474654251,289.9990525345749
2021-09-08,304.67,320.4,304.47,307.33,21991,326.4991229962124,318.20891525349066,43.62710571644741,321.2258706768209,326.73466571587875,-5.508795039057873,0.7916593364592972,-6.30045437551717,339.84900000000005,26.968432598913274,393.7858651978266,285.9121348021735
2021-09-09,312.0,318.2,301.67,312.0,26874,325.1182541394303,317.9654283808048,45.316615127533666,319.80650595731,325.643208996184,-5.83670303887402,-0.5340131386073663,-5.302689900266654,336.4825,25.964329554420367,388.41115910884076,284.55384089115927
2021-09-12,317.53,339.87,317.53,339.87,55367,326.5231823166274,318.8244311894007,54.148418197153994,322.893197348493,326.697045366837,-3.803848018344013,-1.1879801145546958,-2.615867903789317,335.17600000000004,25.04189676690307,385.2597935338062,285.0922064661939
2021-09-13,345.93,358.47,328.67,335.33,83536,327.361926857901,319.4717083976595,52.6564848585165,324.806551602571,327.3365234878121,-2.529971885241082,-1.4563784686919732,-1.0735934165491088,332.9925,22.825381273117355,378.6432625462347,287.3417374537653
2021-09-14,330.0,353.33,329.33,339.33,43920,328.5017433476247,320.2504649310846,53.86264550551826,327.0409282790986,328.2249291553815,-1.184000876282937,-1.4019029502101659,0.21790207392722882,331.4925,21.24259942340333,373.9776988468067,289.00730115319334
2021-09-15,345.4,345.4,328.67,330.0,28676,328.64443445737476,320.63279963966954,50.62299033610545,327.49617008231417,328.35641588461255,-0.8602458022983797,-1.2935715206278087,0.433325718329429,330.326,20.61150583124862,371.54901166249726,289.1029883375028
2021-09-16,326.0,330.0,303.33,310.0,50491,326.86877403286286,320.2158271047806,44.450994517686574,324.80445160811195,326.9966813746413,-2.1922297665293513,-1.4733031698081172,-0.7189265967212342,327.92600000000004,20.00519048436693,367.9363809687339,287.9156190312662
2021-09-20,310.0,314.67,288.67,288.67,43573,323.2307955535426,318.9787358457696,38.991049209738094,319.245305206864,324.1576679394827,-4.912362732618703,-2.1611150823702348,-2.7512476502484686,323.726,18.90440394249621,361.5348078849924,285.9171921150076
2021-09-21,290.0,314.2,265.33,292.67,42028,320.3202435960623,317.947020714563,40.46781775094804,315.1567967135003,321.8252480921136,-6.668451378613327,-3.062582341618853,-3.6058690369944735,320.093,17.411070011558177,354.91514002311635,285.2708599768837
2021-09-22,297.8,318.6,292.73,318.6,55645,320.1564108726278,317.97262774536443,49.073578111481346,315.6865202960387,321.5863408260311,-5.899820529992439,-3.630029979293571,-2.2697905506988683,318.3895,15.631768757043952,349.6530375140879,287.1259624859121
2021-09-23,321.4,324.27,303.4,309.0,20463,319.0938955514252,317.6207599906443,46.399325010048656,314.65782486587887,320.6540192833622,-5.996194417483309,-4.103262866931519,-1.8929315505517899,317.7895,15.75610106560264,349.3017021312053,286.2772978687947
2021-09-26,307.33,308.67,295.33,305.33,21656,317.7830483560514,317.1387694027759,45.381178979912534,313.22277488651287,319.5189067438539,-6.296131857341038,-4.541836665013424,-1.7542951923276142,316.8895,15.936026208431011,348.761552416862,285.017447583138
2021-09-27,310.73,321.33,290.0,292.0,17057,315.32751994118934,316.1529353085494,41.7939386092233,309.9577325962801,317.4804692072721,-7.522736610992013,-5.138016654209142,-2.3847199567828703,314.4895,15.886726824948424,346.2629536498969,282.71604635010317
2021-09-28,287.33,296.67,268.53,269.33,32476,310.9468037563142,314.3167417670377,36.50846050495384,303.7073121968524,313.9137677845112,-10.206455587658809,-6.151704440899076,-4.054751146759733,311.5895,18.498471764759035,348.5864435295181,274.5925564704819
2021-09-29,270.0,282.67,262.67,274.67,23845,307.49187006523664,312.761967580095,38.4820078531285,299.2400333973367,311.0068220226956,-11.766788625358913,-7.274721277791043,-4.49206734756787,309.123,19.98556350021335,349.0941270004267,269.1518729995733
2021-09-30,271.33,294.0,270.0,273.33,15779,304.23835863045224,311.2156159102874,38.16145119718572,295.25387441313103,308.21594631731074,-12.962071904179709,-8.412191403068777,-4.549880501110932,306.52299999999997,21.116598883841572,348.7561977676831,264.28980223231684
2021-10-03,273.33,273.33,258.67,273.33,21141,301.29470542755206,309.72990548243297,38.16145119718572,291.8809706572647,305.63180214565807,-13.750831488393374,-9.479919420133697,-4.270912068259676,304.323,22.195884184615124,348.7147683692302,259.93123163076973
2021-10-04,268.53,273.33,259.33,262.67,18714,297.6161620534995,307.8844189929258,35.437892529290465,287.3869751715317,302.44944643116486,-15.062471259633185,-10.596429788033596,-4.466041471599588,302.95649999999995,23.89997341443148,350.7564468288629,255.15655317113698
2021-10-05,258.67,271.33,258.67,262.0,18080,294.22414661983294,306.08503001281105,35.26752410511362,283.48128668360374,299.45319113996743,-15.971904456363688,-11.671524721699615,-4.300379734664073,300.27299999999997,25.365480293625826,351.00396058725164,249.54203941274832
2021-10-06,266.53,271.33,265.33,265.33,9148,291.4723231322298,304.4867935417204,36.89144026164423,280.6887810399724,296.9255473518217,-16.236766311849294,-12.584573039729552,-3.6521932721197423,298.0395,26.40910179524443,350.8577035904888,245.22129640951113
2021-10-10,265.33,271.33,261.33,261.33,9908,288.60162569106507,302.7943702655745,35.73186870190037,277.7105070338228,294.28884014057564,-16.578333106752837,-13.38332505313421,-3.1950080536186274,295.7395,27.536431843726838,350.8123636874537,240.66663631254636
2021-10-11,256.8,260.0,250.67,256.0,9150,285.49670895858264,300.95929692182654,34.189743318142774,274.3704290286193,291.4526297597922,-17.082200731172918,-14.123100188741951,-2.959100542430967,292.9395,28.62173492755392,350.18296985510784,235.69603014489218
2021-10-17,260.0,262.0,253.33,256.67,2260,282.7513081053843,299.22246174842155,34.57200419399723,271.6472861011394,288.8761386664743,-17.228852565334876,-14.744250664060537,-2.4846019012743383,288.7795,27.46458321758752,343.708666435175,233.85033356482495
2021-10-18,253.33,260.67,242.67,247.33,16899,279.3778501905858,297.1874632484834,31.79908246053317,267.9061651625026,285.79864691340214,-17.89248175089955,-15.37389688142834,-2.5185848694712085,284.3795,26.65142960024548,337.68235920049096,231.07664079950905
2021-10-19,247.33,247.73,227.33,231.33,21876,274.80186445814905,294.60481763089587,27.700296317481545,262.2790628298099,281.7639323272242,-19.48486949741431,-16.196091404625534,-3.2887780927887746,278.97950000000003,25.861134520438327,330.7017690408767,227.25723095912338
2021-10-20,235.27,247.33,235.27,239.93,10468,271.4807345097539,292.4607071355666,32.720126102769214,258.8407454713776,278.6651225252076,-19.824377053830005,-16.921748534466428,-2.902628519363578,274.476,24.304330435021885,323.08466087004376,225.86733912995624
2021-10-21,243.33,243.33,231.33,233.33,9171,267.8473312231107,290.1418558753483,30.944443582960943,254.91601539885798,275.3069653011181,-20.390949902260132,-17.61558880802517,-2.775361094234963,270.6425,24.452352566831358,319.5472051336627,221.73779486633725
2021-10-24,233.33,240.67,230.13,237.47,7090,264.95425205900494,288.0762928998445,33.386489149547245,252.2320130298029,272.5042271306649,-20.272214100861987,-18.146913866592534,-2.125300234269453,268.0825,25.13624493058813,318.35498986117625,217.8100101388237
2021-10-25,241.53,257.87,241.33,257.87,18378,264.2795613867188,286.89173239396825,43.911926839244195,253.09939564060247,271.4202103061712,-18.320814665568747,-18.181694026387778,-0.13912063918096962,266.3425,24.54210493160019,315.42670986320036,217.2582901367996
2021-10-26,262.33,280.0,262.0,278.0,40451,265.5862698260789,286.5430370059695,51.97568207969301,256.93025784974054,271.9076021353437,-14.97734428560318,-17.54082407823086,2.5634797926276782,264.3125,21.48024352380797,307.27298704761597,221.35201295238406
2021-10-27,282.87,283.33,264.07,274.67,39672,266.45138698549994,286.07742771161776,50.67769953873347,259.6594489497805,272.11222419939236,-12.452775249611875,-16.52321431250706,4.070439062895186,262.596,18.943119956443255,300.4822399128865,224.7097600871135
2021-10-28,270.67,290.13,266.67,289.93,33566,268.6874453678333,286.2285089778288,56.08939176983378,264.3164568036604,273.4320594438818,-9.115602640221425,-15.041691978049935,5.926089337828509,261.826,17.361616587354526,296.54923317470906,227.10276682529098
2021-10-31,294.0,304.0,286.67,302.0,39112,271.8600696185158,286.84699882183554,59.842521849718935,270.11392498771266,275.54820318877944,-5.434278201066775,-13.120209222653303,7.685931021586528,262.326,18.389884061338233,299.10576812267647,225.54623187732355
2021-11-01,303.33,306.67,286.87,292.0,41934,273.7781582262762,287.0490772994106,55.602247797706504,273.4810134511415,276.7668548044254,-3.2858413532838995,-11.153335648779422,7.867494295495522,263.45950000000005,19.50892197377744,302.4773439475549,224.44165605244518
2021-11-02,291.33,299.33,284.67,292.33,11850,275.5450002999642,287.25617230727687,55.71376744796095,276.3808575355813,277.91968037446793,-1.538822838886631,-9.230433086800863,7.691610247914232,264.34250000000003,20.421350250476113,305.18520050095225,223.4997994990478
2021-11-03,293.33,302.0,290.0,290.8,18941,276.9978574142533,287.3951459422856,55.023682989821076,278.5991871454919,278.87377812450734,-0.2745909790154428,-7.439264665243779,7.164673686228336,265.216,21.185351791421958,307.58670358284394,222.84529641715608
2021-11-08,295.33,300.0,286.0,289.33,12848,278.1723471843244,287.4710225719999,54.327426209806696,280.25008143080083,279.6483130782475,0.6017683525533357,-5.831058061684356,6.432826414237692,266.01599999999996,21.801027836706048,309.6180556734121,222.41394432658785
2021-11-09,284.67,289.67,273.33,273.33,31330,277.7111712620078,286.91647266721566,47.31025038206748,279.1854535183699,279.1802898872662,0.005163631103698663,-4.663813723126745,4.668977354230444,266.54900000000004,21.84518323398332,310.23936646796665,222.8586335320334
2021-11-11,268.67,282.0,260.07,264.0,25851,276.40534542753085,286.0177874645798,43.76069631041705,276.8492299001592,278.05582396969095,-1.206594069531775,-3.9723697924077515,2.7657757228759765,266.649,21.82783421037872,310.3046684207574,222.99333157924255
2021-11-14,259.53,272.0,259.4,268.67,12780,275.6686458630041,285.337482073812,45.94674737498827,275.59088683859625,277.36057774971385,-1.769690911117607,-3.531834016149723,1.762143105032116,266.816,21.829988403208116,310.4759768064162,223.15602319358374
2021-11-15,268.67,282.0,268.67,271.4,12362,275.2621081617656,284.7909141493488,47.23788638284074,274.9461350172737,276.9190534719572,-1.9729184546835086,-3.22005090385648,1.2471324491729714,267.31949999999995,21.81291999444827,310.9453399888965,223.69366001110342
2021-11-16,276.0,295.2,272.07,293.33,35557,276.98285976540694,285.125780261139,56.27348108461162,277.77442193769315,278.1346791407011,-0.3602572030079614,-2.6480921636867762,2.287834960678815,269.186,22.38303478788747,313.95206957577494,224.41993042422504
2021-11-17,296.0,310.73,293.33,294.0,27960,278.6035397877491,285.47378887834924,56.518477737857886,280.2706647165096,279.30988809324174,0.9607766232678614,-1.926318406295849,2.88709502956371,271.05249999999995,22.836273747794376,316.7250474955887,225.3799525044112
2021-11-18,292.0,295.33,285.33,286.67,20211,279.3717740936778,285.520699118414,53.01856609404066,281.2551778370466,279.8550815678164,1.4000962692301755,-1.2610354711906442,2.66113174042082,273.0195,22.37500966774253,317.76951933548503,228.26948066451493
2021-11-21,281.6,291.53,281.6,286.33,4885,280.03446227523233,285.55243640788797,52.85506792798006,282.03591970827017,280.3347051553855,1.7012145528846645,-0.6685854663755826,2.3698000192602473,275.7695,20.261559527185412,316.2926190543708,235.24638094562917
2021-11-22,285.33,300.0,283.33,285.33,16723,280.5387992014007,285.5437134115002,52.34379140553012,282.54270129161324,280.7047269957273,1.8379742958859424,-0.1672735139232776,2.00524780980922,278.0395,18.501721818878167,315.0429436377563,241.03605636224364
2021-11-23,283.33,285.27,276.67,278.07,12949,280.303675467934,285.2506266110492,48.66340819115966,281.85459340059583,280.50956203308084,1.3450313675149914,0.13518746236437618,1.2098439051506151,280.27650000000006,15.226256157668667,310.7290123153374,249.8239876846627
2021-11-24,273.67,291.73,268.07,286.0,15948,280.846182566226,285.2800138027727,52.58502070659992,282.4923482620426,280.9162611417415,1.5760871203011106,0.42336739395172307,1.1527197263493876,282.70300000000003,11.442171812618023,305.5873436252361,259.818656374764
2021-11-25,290.0,290.0,280.0,284.67,10707,281.21035565515683,285.2560916928601,51.869352684533695,282.8273716063437,281.19431587198284,1.6330557343608803,0.6653050620335546,0.9677506723273257,284.043,9.83768752245521,303.71837504491043,264.3676249550896
2021-11-28,279.67,280.0,270.67,272.0,17085,280.33317892609426,284.73624495980675,45.514454944650296,281.16162212844466,280.51325543702114,0.6483666914235187,0.6619173879115474,-0.013550696488028757,283.74300000000005,10.119126808594613,303.9812536171893,263.5047463828108
2021-11-29,272.0,280.0,266.67,270.67,15684,279.41287617122816,284.1846275104026,44.89268033478258,279.5475264163763,279.7841254046492,-0.2365989882729309,0.48221411267465175,-0.7188131009475827,283.543,10.344899124434898,304.2327982488698,262.8532017511302
2021-11-30,266.67,276.0,266.67,274.67,17002,278.96117367873023,283.8115048629358,47.227659589441245,278.7971377369338,279.40530130060114,-0.6081635636673468,0.2641385774062521,-0.8723021410735989,282.78000000000003,10.41156947570179,303.6031389514036,261.95686104859647
2021-12-01,273.33,282.6,270.0,277.33,10180,278.8058238045655,283.5573282016442,48.78184906090208,278.57142423894396,279.2515752783344,-0.6801510393904664,0.0752806540469084,-0.7554316934373748,281.54650000000004,9.429735875633366,300.40597175126675,262.6870282487333
2021-12-02,272.87,273.33,260.67,266.0,30246,277.586221537464,282.86880552707,42.976108186049956,276.63735897141413,278.2699771095689,-1.6326181381547826,-0.26629910439342985,-1.3663190337613527,280.2465,9.701048383388166,299.64859676677634,260.8444032332237
2021-12-05,261.4,266.0,258.67,262.67,16800,276.1656290100865,282.0766955064006,41.41595903336759,274.4885345142735,277.11442324960086,-2.625888735327351,-0.738217030580214,-1.8876717047471367,278.7635,10.018490943723476,298.80048188744695,258.7265181125531
2021-12-06,258.67,267.33,249.33,265.33,18739,275.1336643424592,281.41996234928683,43.19008820425961,273.07952920438527,276.24150300888965,-3.1619738045043846,-1.2229683853650481,-1.9390054191393364,277.49,10.02675001131817,297.54350002263635,257.43649997736367
2021-12-07,269.33,272.67,255.2,258.67,16756,273.56569630984404,280.5278069630403,39.9296311354171,270.86267855755676,274.9399101934163,-4.077231635859562,-1.7938210354639508,-2.283410600395611,275.957,10.455881296390336,296.8687625927807,255.04523740721933
2021-12-08,254.67,258.0,245.33,250.0,14682,271.3213442803351,279.3306380625289,36.108170173624934,267.65303570254804,273.09250943834843,-5.439473735800391,-2.5229515755312386,-2.9165221602691522,274.79049999999995,11.957895200727153,298.7062904014543,250.87470959854565
2021-12-09,246.67,264.53,243.33,249.53,8345,269.24597815839843,278.1619855894886,35.907545982728976,264.86487636369446,271.3471383688412,-6.482262005146708,-3.3148136614543326,-3.1674483436923757,274.067,13.034413599956508,300.135827199913,247.998172800087
2021-12-12,248.33,252.67,236.67,241.33,19999,266.5873135718843,276.71759399774396,32.5133266499614,261.2441261538953,269.1236466378159,-7.879520483920601,-4.2277550259475865,-3.6517654579730143,272.7,14.926544000185299,302.55308800037056,242.84691199962938
2021-12-13,237.2,241.33,221.67,230.67,15412,263.1666170412286,274.91180599783246,28.713464746793306,256.5404144379114,266.27522836834805,-9.734813930436644,-5.329166806845398,-4.405647123591246,270.6635,17.644317491386165,305.95213498277235,235.37486501722768
2021-12-14,230.0,250.33,230.0,250.33,9154,261.94408208492115,273.9478136057606,42.14330934320743,255.5849660628481,265.094100341063,-9.509134278214873,-6.165160301119294,-3.3439739770955788,268.5135,17.35442891295274,303.22235782590553,233.80464217409454
2021-12-15,254.67,260.73,246.07,252.0,25124,260.997026648262,273.08711503298565,43.123507601544084,255.03343282240994,264.12416698246574,-9.090734160055803,-6.750275072906597,-2.340459087149206,266.4135,16.634273203238934,299.68204640647787,233.14495359352213
2021-12-16,248.0,248.67,240.0,241.33,6992,259.1239764912847,271.84173797286854,38.62135254440896,252.92521238819302,262.43571016894975,-9.510497780756737,-7.302319614476625,-2.2081781662801117,264.1465,16.816896664398126,297.78029332879623,230.51270667120374
2021-12-20,237.33,241.33,230.67,230.67,13803,256.41407396830516,270.22716001314825,34.721224452938145,249.50133355924024,260.0826946008794,-10.581361041639155,-7.958127899909131,-2.623233141730024,261.36350000000004,17.542458051073574,296.4484161021472,226.2785838978529
2021-12-21,230.67,238.67,230.67,238.67,8400,254.7241621617999,268.9896243263581,39.64692766347487,247.83497455012633,258.4965690748883,-10.661594524761995,-8.498821224879705,-2.1627732998822893,259.0305,17.28821152206238,293.60692304412476,224.45407695587525
2021-12-22,242.67,252.47,236.67,250.67,21890,254.33805147972373,268.27120768610877,46.20416410167283,248.27113231164537,257.9168232174892,-9.645690905843821,-8.728195161072529,-0.9174957447712924,257.6605,16.778150414028975,291.21680082805796,224.10419917194207
2021-12-23,250.67,256.0,242.73,248.0,18851,253.73442752927386,267.4762583650849,45.031818537196514,248.22941964831531,257.18224371989743,-8.952824071582114,-8.773120943174447,-0.17970312840766667,255.7605,15.50317165343209,286.7668433068642,224.75415669313583
2021-12-26,248.0,250.67,245.4,246.0,15874,252.9978153836287,266.6340521546894,44.12858929647509,247.88643201011294,256.3539293702754,-8.467497360162469,-8.711996226572053,0.24449886640958418,253.827,14.051330747991956,281.9296614959839,225.7243385040161
2021-12-27,242.67,246.67,234.0,234.0,19039,251.18849963280692,265.3542854035251,39.06558011643503,245.75005785471095,254.69808275025503,-8.94802489554408,-8.759201960366457,-0.1888229351776225,251.927,14.033812589224068,279.99462517844813,223.85937482155185
2021-12-28,233.4,241.33,227.4,239.33,9968,250.05911871539672,264.3337251916222,42.235721767835116,244.76235664629388,253.55970625023613,-8.797349603942251,-8.766831489081618,-0.030518114860633716,250.35999999999999,13.572969655279861,277.5059393105597,223.21406068944026
2021-12-29,239.33,242.67,235.33,242.67,7084,249.35539312345418,263.4841673409704,44.19498660915928,244.4404556237871,252.75306134281124,-8.312605719024134,-8.675986335070121,0.3633806160459869,248.76000000000005,12.391093150875513,273.5421863017511,223.977813698249
2022-01-02,240.0,246.67,236.67,240.0,2890,248.46440330217283,262.5632196021088,42.941105125424144,243.75730860474295,251.80839013223263,-8.051081527489686,-8.551005373554034,0.49992384606434825,246.8935,10.533307710106032,267.96011542021205,225.82688457978793
2022-01-03,243.33,244.0,236.67,237.33,8278,247.40398394006112,261.5736815784967,41.66798135468736,242.76849189632097,250.7359167891043,-7.9674248927833276,-8.434289277399893,0.46686438461656543,245.45999999999998,9.715328637071696,264.8906572741434,226.0293427258566
2022-01-04,234.0,243.93,234.0,241.33,13200,246.82550927910293,260.7798117126733,44.33082465930174,242.54718545073314,250.0391822121336,-7.491996761400458,-8.245830774200007,0.7538340127995493,244.39300000000003,8.859926398648197,262.1128527972964,226.67314720270363
2022-01-05,238.73,251.33,238.73,247.33,28057,246.87355601442647,260.25236811609784,48.15404580372417,243.28300307369727,249.83850204827186,-6.55549897457459,-7.907764414274924,1.352265439700334,243.493,7.418098848512689,258.3291976970254,228.65680230297463
2022-01-06,243.4,252.0,243.4,250.0,13124,247.1713125844811,259.8503144644862,49.80604835540423,244.31638721620538,249.85046485951096,-5.534077643305579,-7.433027060081056,1.8989494167754764,243.0595,6.7034040645496695,256.46630812909933,229.65269187090067
2022-01-09,253.33,267.8,252.0,264.8,43990,248.8502351954829,260.04441977960437,57.82761416100147,247.4677122598661,250.95783783288053,-3.4901255730144385,-6.644446762667733,3.1543211896532943,243.79950000000002,8.167018701685073,260.13353740337016,227.4654625966299
2022-01-10,268.0,279.33,262.07,274.67,70373,251.3092604149607,260.61797194511007,62.16960371243983,251.65267960450208,252.71429428970418,-1.0616146852021018,-5.527880347174607,4.466265661972505,245.0565,10.652036758538381,266.3605735170768,223.75242648292323
2022-01-11,270.67,286.67,270.67,282.0,35116,254.23218799448827,261.4564828492234,65.04771560200395,256.32149812688635,254.88360582380017,1.437892303086187,-4.134725817122448,5.572618120208635,247.09,13.42441765864256,273.9388353172851,220.2411646827149
2022-01-12,284.67,287.33,273.33,274.0,34645,256.11483675691795,261.9483854825872,59.70854309518602,259.0412676458269,256.2996350220372,2.7416326237897124,-2.7594541289400167,5.501086752729729,249.25650000000002,14.11371497030984,277.4839299406197,221.02907005938033
2022-01-13,274.0,284.67,270.67,283.27,33695,258.70104278006863,262.78452722836806,63.45205561267663,262.7687649310843,258.2974398352196,4.4713250958646995,-1.3132982839790737,5.784623379843773,250.90349999999998,16.03656291925262,282.97662583850524,218.83037416149475
2022-01-16,283.27,294.4,283.33,284.13,43812,261.1228482295859,263.6216045919615,63.78819537393733,266.0551087878406,260.21096281038854,5.844145977452058,0.11819056830715269,5.725955409144905,252.51,17.67757544699501,287.86515089399,217.15484910600998
2022-01-17,286.0,300.0,282.67,297.33,79162,264.5711483981967,264.9435024511003,68.56684385761537,270.86663051278816,262.96052112073016,7.906109392057999,1.675774333057322,6.230335059000677,255.31,20.084658717276334,295.4793174345527,215.14068256544732
2022-01-18,301.33,312.13,292.13,295.33,68051,267.5005628364637,266.13512980595914,67.12154516463403,274.63022581851305,265.3582602969724,9.271965521540665,3.195012570753991,6.076952950786674,258.543,21.088662232034366,300.72032446406877,216.36567553593127
2022-01-19,300.53,300.53,292.0,295.33,37954,270.15098542346715,267.2800266763137,67.12154516463403,277.81480646181876,267.57838916386333,10.236417297955427,4.603293516194278,5.633123781761149,261.376,22.061792741011764,305.4995854820235,217.25241451797643
2022-01-20,300.0,300.0,285.33,295.33,31415,272.54898681170835,268.38002563018375,67.12154516463403,280.509451621539,269.6340640406142,10.87538758092478,5.857712329140378,5.017675251784402,263.609,23.154243876094842,309.9174877521897,217.3005122478103
2022-01-23,294.0,296.67,290.27,290.87,31061,274.2938452105933,269.2619854093922,63.399446912624434,282.10338214130223,271.20709633390203,10.896285807400204,6.865427024792345,4.03085878260786,265.75249999999994,23.612987700794797,312.97847540158955,218.52652459841033
2022-01-24,285.73,290.87,274.0,278.6,47977,274.7039551905368,269.6281820600043,54.45315044112763,281.5644002734096,271.7547188276871,9.809681445722504,7.454277908978377,2.3554035367441264,267.3825,23.30083528545687,313.98417057091376,220.78082942908625
2022-01-25,274.0,290.0,273.33,281.0,28974,275.30357850572375,270.07413570471,55.76791089063353,281.4775694621158,272.4395544700807,9.03801499203513,7.7710253255897275,1.2669896664454026,269.73249999999996,22.0957778474577,313.92405569491535,225.54094430508457
2022-01-26,280.67,285.33,273.47,275.33,14356,275.30609483851197,270.2802480300155,51.952418768469606,280.53178954486725,272.653661546371,7.878127998496268,7.792445860171036,0.08568213832523242,271.53249999999997,20.924003560504197,313.38050712100835,229.6844928789916
2022-01-27,270.67,284.6,270.67,274.67,14775,275.24551437770134,270.4523951660933,51.51063611582863,279.62997576873386,272.8030199503435,6.826955818390331,7.599347851814895,-0.7723920334245635,273.1325,19.793758419471864,312.7200168389437,233.54498316105628
2022-01-30,279.47,298.8,279.47,298.8,83268,277.4887987226822,271.56406594389364,63.67326220312045,282.5792102658517,274.728722176244,7.8504880896077225,7.649575899373461,0.20091219023426188,276.0725,18.96291474236775,313.9983294847355,238.14667051526447
2022-01-31,300.0,318.93,288.87,309.33,110017,280.5212940824267,273.04508296570174,67.5038743912605,286.6947163787976,277.29177979281855,9.402936585979035,8.000248036694575,1.4026885492844592,279.6725,18.03232561555097,315.73715123110196,243.60784876889807
2022-02-01,303.87,320.0,302.0,316.07,97589,283.9068851221956,274.7323346141056,69.70587015053272,291.2139907820595,280.1642405489061,11.049750233153418,8.610148475986344,2.4396017571670736,283.4095,17.401539398025836,318.2125787960517,248.60642120394832
2022-02-03,321.33,328.67,316.67,317.6,94701,287.115753205796,276.41341953119945,70.19952599508898,295.27337681558885,282.9372597675057,12.336117048083167,9.35534219040571,2.980774857677458,286.923,16.81763519892745,320.5582703978549,253.2877296021451
2022-02-06,311.93,314.67,305.73,306.67,53176,288.97806242429164,277.59995209860335,62.379293469170356,297.0267034593444,284.69524052546825,12.33146293387614,9.950566339099796,2.3808965947763436,289.7565,14.938269213843224,319.6330384276865,259.87996157231356
2022-02-07,304.07,313.33,302.0,310.0,27510,290.98015171721624,278.8705422123836,63.705865056803304,299.02259523482985,286.5696671532113,12.452928081618552,10.451038687603546,2.0018893940150058,292.0165,14.372316692351871,320.7611333847037,263.2718666152963
2022-02-08,315.53,319.33,292.67,292.67,45697,291.14108964890994,279.41169741974113,53.19348202697599,298.04527289100986,287.0215436603808,11.023729230629044,10.565576796208646,0.45815243442039844,292.9165,13.780291523537421,320.4770830470748,265.35591695292516
2022-02-09,290.67,305.33,287.53,300.67,35414,292.0486049204423,280.2453563444572,56.74213059359216,298.4490770616237,288.03254042627856,10.416536635345153,10.535768764035948,-0.11923212869079514,293.85,13.633454595608534,321.1169091912171,266.58309080878297
2022-02-10,302.67,305.33,295.33,299.0,17359,292.71064254706687,280.98083256624324,55.79123292169866,298.5338344367585,288.8449448391468,9.688889597611706,10.3663929307511,-0.6775033331393949,295.1,12.840725918158064,320.78145183631614,269.4185481636839
2022-02-13,293.73,293.73,283.4,286.67,30953,292.13534325687004,281.20393717148863,49.231282148570955,296.7086291387957,288.6838378140248,8.024791324770888,9.898072609555058,-1.87328128478417,295.27000000000004,12.697572499041465,320.66514499808295,269.8748550019171
2022-02-14,286.67,293.33,283.33,290.0,28305,291.9319772324062,281.5488808118224,50.91005899907461,295.67653234821177,288.7813313092822,6.895201038929542,9.297498295429955,-2.402297256500413,295.56350000000003,12.492711675212592,320.54892335042524,270.5780766495748
2022-02-15,295.13,308.67,281.33,304.67,32859,293.1451222578914,282.4555913682215,57.56695189689972,297.0601427561792,289.9582697308169,7.101873025362295,8.858373241416423,-1.7565002160541283,295.93050000000005,12.654109162015457,321.23871832403097,270.62228167596913
2022-02-16,300.0,307.27,290.0,300.0,18332,293.7979677571398,283.1436073929971,55.009608414006934,297.51242848599776,290.70210160260825,6.810326883389507,8.44876396981104,-1.6384370864215327,296.16400000000004,12.685492916174317,321.5349858323487,270.7930141676514
2022-02-17,295.33,301.27,290.33,295.33,17855,293.94387558979315,283.62150514229137,52.498047789800694,297.17667025738274,291.0449088913039,6.13176136607882,7.985363449064597,-1.8536020829857769,296.16400000000004,12.685492916174317,321.5349858323487,270.7930141676514
2022-02-20,290.13,300.0,285.0,292.0,27821,293.7587445812414,283.95007356808384,50.71979049283838,296.3802594485546,291.115656380837,5.264603067717644,7.441211372795207,-2.176608305077563,295.99750000000006,12.718825200217086,321.4351504004342,270.5598495995659
2022-02-21,290.0,300.0,290.0,299.33,18793,294.28934033540884,284.5532079379629,54.382694201307615,296.83406568723854,291.7241262785528,5.1099394086857615,6.974956979973319,-1.8650175712875576,296.42050000000006,12.67994167137478,321.78038334274964,271.0606166572505
2022-02-22,300.67,305.33,296.0,297.33,26070,294.5789269701318,285.0542586070624,53.22033262459333,296.9103632738172,292.1393761838452,4.770987089972039,6.534163001973063,-1.7631759120010244,297.357,11.96607885474133,321.2891577094827,273.42484229051735
2022-02-23,302.0,306.6,294.67,297.33,31499,294.8409339253574,285.53566023031493,53.22033262459333,296.974922770153,292.52386683689366,4.45105593325934,6.117541588230319,-1.6664856549709786,298.1735,11.331534143822907,320.83656828764583,275.51043171235415
2022-02-24,292.67,300.67,290.0,293.33,25379,294.6970354562757,285.84132061343985,50.706460486901484,296.41416542089866,292.5835804045312,3.830585016367479,5.660150273857751,-1.8295652574902723,299.0735,10.065845468712135,319.2051909374243,278.94180906257577
2022-02-27,294.67,301.93,288.73,298.0,23790,295.011603508059,286.3181315697756,53.46984711719935,296.65813997152964,292.9847966708622,3.6733433006674545,5.262788879219692,-1.5894455785522377,300.24,8.282863730554782,316.8057274611096,283.6742725388904
2022-02-28,303.27,303.33,282.93,284.0,20295,293.96287936443434,286.2272244493922,45.27555775478881,294.71073382206356,292.3192561767242,2.3914776453393642,4.688526632443627,-2.2970489871042625,299.5,9.044401583299615,317.58880316659923,281.41119683340077
2022-03-02,279.33,283.73,267.33,276.67,31875,292.31593847258347,285.85243133372984,41.67447491129198,291.93523631097685,291.1600520154854,0.7751842954914423,3.90585816505319,-3.1306738695617478,297.867,10.066800620695474,318.000601241391,277.73339875860904
2022-03-06,281.53,281.53,272.0,280.0,11467,291.14299195138506,285.6229242226032,43.859084018424824,290.0990461092881,290.3333814958198,-0.23433538653171126,3.07781945473621,-3.312154841267921,296.06350000000003,9.863001718276726,315.7895034365535,276.33749656344656
2022-03-07,279.33,281.33,270.67,281.33,13491,290.2084212893484,285.4545742530894,44.74919827622718,288.74996209247456,289.66646434798133,-0.9165022555067708,2.278955112687614,-3.195457368194385,294.25,8.990570498846536,312.23114099769305,276.26885900230695
2022-03-09,285.33,285.33,268.0,275.33,11995,288.7914287856009,285.0575321255173,41.548765696663864,286.6853525397862,288.6045040259086,-1.9191514861224164,1.439333792925608,-3.3584852790480246,292.683,9.432243189132699,311.5474863782654,273.8185136217346
2022-03-10,270.67,283.33,270.53,283.33,12620,288.2712927107817,284.98978576765387,46.99235502059593,286.1691444567422,288.2138000239895,-2.0446555672473323,0.74253592089102,-2.7871914881383524,291.3495,8.713005086166987,308.77551017233395,273.923489827666
2022-03-13,283.33,296.67,281.0,289.4,32557,288.3787886430882,285.16273534539295,50.740890382228336,286.66619915570493,288.3016666888792,-1.6354675331742783,0.2669352300779604,-1.9024027632522387,291.186,8.717601311804284,308.62120262360855,273.7507973763914
2022-03-14,286.67,291.33,285.53,290.67,3072,288.5969992485084,285.3787065083187,51.513471179342574,287.2821685163657,288.47709878599926,-1.1949302696335735,-0.025437869864346402,-1.169492399769227,290.686,8.426945753761258,307.5398915075225,273.83210849247746
2022-03-15,286.0,292.67,282.0,286.67,29535,288.4134755105552,285.42934546877683,48.91146128516162,287.18798874461714,288.343239616666,-1.155250872048839,-0.25140047030124496,-0.9038504017475941,290.06949999999995,8.235542659395895,306.5405853187917,273.59841468120817
2022-03-16,291.73,293.33,273.33,279.93,28061,287.60552546193094,285.2136848621582,44.804727446874296,286.0713750915991,287.7200366820981,-1.648661590498989,-0.5308526943407939,-1.1178088961581951,289.73249999999996,8.515127637575565,306.7627552751511,272.7022447248488
2022-03-20,275.13,289.33,273.47,274.67,12052,286.37357065603277,284.80020702442647,41.85143278571271,284.31731738519926,286.753367298239,-2.436049913039767,-0.9118921380805886,-1.5241577749591784,288.966,9.155663993282374,307.2773279865647,270.6546720134353
2022-03-21,272.0,286.67,270.0,284.67,13312,286.2113258316487,284.7951008666059,48.76565128276321,284.37157624901477,286.59904379466576,-2.2274675456509954,-1.17500721959467,-1.0524603260563254,287.966,8.412201288979496,304.790402577959,271.141597422041
2022-03-22,284.67,288.0,278.0,282.6,22213,285.86739003815836,284.70901847968014,47.50640330621013,284.09902605685863,286.3028183283942,-2.203792271535576,-1.380764229982851,-0.8230280415527251,287.09599999999995,7.991364681559503,303.07872936311895,271.11327063688094
2022-03-23,278.67,283.33,276.0,282.0,5986,285.49906717738133,284.60278246086915,47.12653910399368,283.77609897118805,285.9840910448095,-2.2079920736214262,-1.5462097987105663,-0.66178227491086,286.42949999999996,7.822579649221438,302.07465929844284,270.7843407015571
2022-03-24,277.4,285.27,272.67,273.47,12252,284.35344173191646,284.1662027565214,41.986479634702455,282.190545283313,285.05712133778655,-2.866576054473569,-1.810283049863167,-1.056293004610402,285.503,8.215557834152715,301.9341156683054,269.07188433169455
2022-03-27,273.33,276.67,264.8,274.67,23852,283.43120918601966,283.7938026484225,42.92952157598409,281.03353831664947,284.28770494239495,-3.2541666257454835,-2.0990597650396303,-1.1551068607058532,284.27,7.874591384553004,300.019182769106,268.52081723089395
2022-03-28,275.33,275.33,261.27,271.93,9446,282.33585593020825,283.3285554857393,41.27949783230448,279.6329939602419,283.37231939110643,-3.7393254308645396,-2.427112898204612,-1.3122125326599274,283.0,7.703822017946853,298.4076440358937,267.5923559641063
2022-03-29,272.67,272.67,265.4,266.67,8364,280.84386965114084,282.675278800024,38.240842371330174,277.63868719712775,282.1351105473208,-4.496423350193027,-2.8409749886022952,-1.6554483615907314,281.467,7.752577907413674,296.9721558148273,265.96184418517265
2022-03-30,266.67,278.0,263.4,278.0,18478,280.5730249224608,282.49193453335636,47.248479565372016,277.69427378218506,281.8288060623341,-4.134532280149017,-3.09968644691164,-1.034845833237377,280.70050000000003,7.2601496831019245,295.2207993662039,266.1802006337962
2022-03-31,278.0,282.0,270.87,273.33,17447,279.8832130250836,282.13264298302863,44.37555033549595,277.0228470464643,281.19926487253156,-4.176417826067279,-3.3150327227427683,-0.861385103324511,279.467,6.181921094695811,291.8308421893916,267.10315781060837
2022-04-03,269.33,269.33,264.0,265.33,13182,278.4971927369804,281.4737158072236,39.89980235403495,275.2239475008544,280.02376377086256,-4.799816270008137,-3.611989432195842,-1.1878268378122945,278.5335,6.836377368629408,292.2062547372588,264.8607452627412
2022-04-04,264.0,270.0,263.33,270.0,20334,277.68793628583944,281.0237661677246,43.48332421945614,274.42026326995375,279.28126275079865,-4.860999480844896,-3.861791441925653,-0.9992080389192428,278.2,7.090054561440492,292.380109122881,264.019890877119
2022-04-05,274.0,274.0,262.67,273.33,9790,277.2728947348071,280.72204984742166,45.95777824948701,274.25253045919163,278.8404284729617,-4.587898013770086,-4.0070127562945395,-0.580885257475547,277.8665,7.157480646883996,292.18146129376794,263.551538706232
2022-04-06,268.53,272.67,264.0,268.73,14762,276.4592857124445,280.2517733828169,43.14745518045365,273.4029103885468,278.09150784533495,-4.688597456788159,-4.1433296963932635,-0.5452677603948954,277.2365,7.387410539131888,292.01132107826373,262.4616789217362
2022-04-07,268.73,276.47,268.0,273.33,15890,276.1612585017355,279.9803312893731,46.66009897716337,273.39169340569345,277.73880356049534,-4.347110154801896,-4.18408578807499,-0.16302436672690668,277.13649999999996,7.428001271858368,291.9925025437167,262.28049745628323
2022-04-11,278.13,279.27,260.87,263.33,26592,274.9392338825226,279.3273771211624,40.76372622576352,271.8437405740483,276.6714847782364,-4.827744204188093,-4.312817471297611,-0.5149267328904825,276.1365,7.882655360112395,291.90181072022483,260.3711892797752
2022-04-12,260.73,262.67,255.67,257.0,4260,273.23073541752046,278.4517937046462,37.53066500814192,269.56008817804087,275.21433775762625,-5.654249579585382,-4.5811038929551655,-1.073145686630217,274.51650000000006,8.329990380356707,291.1764807607135,257.8565192392866
2022-04-13,257.0,259.33,251.07,259.33,10725,271.9068558539471,277.7019194417189,39.434810065434725,267.9862284583423,274.03772014595023,-6.05149168760795,-4.875181451885723,-1.1763102357222266,272.94950000000006,8.075207329910855,289.09991465982176,256.79908534017835
2022-04-17,263.8,263.8,250.27,251.93,8787,270.0042981535712,276.69125593420057,35.711713366067684,265.51603946475115,272.4001112462502,-6.884071781499074,-5.276959517808393,-1.6071122636906807,271.2125,8.682087958307205,288.57667591661436,253.84832408338556
2022-04-18,247.6,252.67,241.4,244.0,8556,267.5276983294215,275.40924589756526,32.20300615957484,262.20587954709714,270.2963993020835,-8.09051975498636,-5.839671565243988,-2.2508481897423724,269.416,10.341972427163208,290.0999448543264,248.73205514567357
2022-04-19,240.67,248.67,238.13,244.67,4927,265.35077467900044,274.2037852741313,32.803720457017434,259.5080519244668,268.39814750192915,-8.890095577462318,-6.449756367687654,-2.440339209774664,267.916,11.634638573537027,291.18527714707403,244.64672285292593
2022-04-20,248.67,248.67,238.0,242.67,1160,263.190700900048,272.9671662437732,31.89522435372234,256.9175823976258,266.49235879808253,-9.574776400456756,-7.074760374241475,-2.500016026215281,265.816,12.226794303796972,290.2695886075939,241.36241139240605
2022-04-21,243.33,243.33,231.33,238.0,16403,260.79158652861486,271.59590482244874,29.818596239855168,254.00718510568333,264.38181370192825,-10.374628596244918,-7.734734018642165,-2.639894577602753,263.586,13.044387137365534,289.6747742747311,237.49722572526895
2022-04-24,241.33,254.0,234.13,251.6,11207,259.9161973354135,270.81175169215663,41.71911554044154,253.6368489355782,263.4350126869706,-9.798163751392394,-8.147419965192212,-1.6507437862001826,262.06600000000003,12.547479260372077,287.1609585207442,236.9710414792559
2022-04-25,252.0,259.33,244.0,252.0,10587,259.1622737796598,270.074035939523,42.03046594781627,253.38502602241232,262.58797471015794,-9.202948687745618,-8.358525709702892,-0.8444229780427257,260.9925,12.438417937562136,285.8693358751243,236.11566412487574
2022-04-26,248.0,254.0,244.0,248.67,3226,258.1630096101684,269.2346619811104,40.109416372440776,252.65963740357964,261.5570136205166,-8.897376216936976,-8.46629581114971,-0.4310804057872666,259.6925,12.291504500862814,284.2755090017256,235.10949099827437
2022-04-27,244.67,250.67,236.73,250.67,7939,257.4493896472952,268.5066360210668,41.829107846214434,252.35353934149046,260.75056816714505,-8.397028825654587,-8.452442414050685,0.05541358839609778,258.6295,12.095215006465391,282.8199300129308,234.43906998706922
2022-04-28,254.0,254.0,244.67,252.67,5169,256.9942096808862,267.88559147122106,43.57395070404717,252.40222559664576,260.1520075621714,-7.749781965525614,-8.311910324345671,0.5621283588200576,257.92949999999996,12.010206832435854,281.94991366487164,233.90908633512825
2022-05-02,248.33,248.33,237.2,238.0,12965,255.18523733032558,266.7136074919575,35.22726091107137,250.1864985817772,258.51111811312165,-8.324619531344467,-8.314452165745431,-0.010167365599036415,255.92949999999996,11.821070160388892,279.57164032077776,232.28735967922216
2022-05-04,234.2,242.0,226.13,234.0,10916,253.16759567981836,265.4307209236454,33.3513373029958,247.69626803073453,256.6954797343719,-8.999211703637343,-8.451404073323815,-0.5478076303135282,253.96299999999997,12.043341510429618,278.0496830208592,229.87631697914074
2022-05-05,230.67,232.0,218.4,222.0,9225,250.1992532341214,263.72755539722795,28.455678366526584,243.74299602600615,254.12544419849246,-10.382448172486306,-8.837612893156313,-1.5448352793299929,251.79649999999998,13.677391362159662,279.1512827243193,224.44171727568065
2022-05-08,220.0,225.93,212.07,225.93,8690,247.88789578325267,262.24529832282684,31.977339030770764,241.0025350989283,252.0368927763819,-11.034357677453613,-9.276961850015773,-1.7573958274378398,249.593,14.132735087470774,277.85847017494154,221.32752982505843
2022-05-09,226.0,229.33,218.4,226.67,9260,245.8671438038953,260.8501885846768,32.649597656742046,238.79752969909316,250.1578636818351,-11.360333982741935,-9.693636276561005,-1.6666977061809298,247.26,13.856616887932779,274.97323377586554,219.54676622413444
2022-05-10,224.0,242.67,224.0,242.0,12791,245.49884439400049,260.1109655029248,44.81666308611863,239.2902174376942,249.55357748318065,-10.26336004548645,-9.807581030346094,-0.45577901514035624,245.92350000000002,12.935249382170571,271.79399876434115,220.05300123565888
2022-05-11,246.0,254.0,235.87,252.6,25129,246.1751449279052,259.8164178361434,51.35984497715277,241.33787629343354,249.77923841035246,-8.441362116918924,-9.53433724766066,1.0929751307417366,244.887,11.357968730552464,267.60293746110494,222.17106253889506
2022-05-12,256.67,256.93,244.67,253.33,10358,246.85655969667613,259.5620485092358,51.78385410453745,243.18281840213606,250.04225778736338,-6.8594393852273186,-8.999357675173993,2.1399182899466744,244.387,10.704661109707367,265.7963222194147,222.97767778058528
2022-05-17,253.33,253.33,232.0,233.33,18488,245.56831591604032,258.5333407245599,41.18980833145013,241.66700018642283,248.8043127660772,-7.1373125796543775,-8.62694865607007,1.4896360764156924,243.2035,10.544047098269415,264.2915941965388,222.11540580346116
2022-05-18,230.0,240.73,228.67,238.0,9310,244.84752392403647,257.72811167653794,44.067241725988964,241.10284631158854,248.00399330192332,-6.90114699033478,-8.281788322923013,1.3806413325882332,242.137,9.885197918844845,261.9073958376897,222.3666041623103
2022-05-19,242.07,242.67,231.33,240.0,4061,244.38585497889014,257.03289161079135,45.30155517750234,240.93317764826722,247.41110490918825,-6.477927260921035,-7.9210161105226184,1.4430888496015832,241.5405,9.619534114443647,260.7795682288873,222.3014317711127
2022-05-20,236.0,243.33,229.33,236.67,6700,243.65101164756726,256.2343468417407,43.577235355969655,240.27730416391842,246.61546750850763,-6.338163344589219,-7.604445557335938,1.2662822127467193,241.17400000000004,9.66044425261554,260.49488850523113,221.85311149476897
2022-05-23,233.33,236.67,223.6,231.2,20479,242.46520101446563,255.25260774990775,40.828126498595104,238.8807958310079,245.47358102639595,-6.592785195388046,-7.40211348494636,0.809328289558314,240.50050000000002,9.871133073659413,260.24276614731883,220.7582338526812
2022-05-24,227.27,232.67,227.27,230.67,10348,241.3418485368975,254.28858391657803,40.56112391114778,237.61759647239128,244.37701946888515,-6.759422996493868,-7.273575387255862,0.5141523907619945,239.90050000000002,10.094495881680338,260.0894917633607,219.71150823663936
2022-05-25,234.6,234.6,229.33,229.33,3025,240.19786296195488,253.30981591984948,39.85152237486464,236.34258163048494,243.2624254341529,-6.919843803667959,-7.202829070538282,0.2829852668703232,239.467,10.362999007094947,260.1929980141899,218.74100198581013
2022-05-26,229.33,232.93,226.67,226.73,3622,238.91520934653062,252.26747019750246,38.4460899237987,234.86372291810264,242.03780132791934,-7.174078409816701,-7.197078938393966,0.0230005285772652,238.22349999999997,10.322532469260915,258.8685649385218,217.57843506147813
2022-05-27,230.6,230.6,220.07,220.73,6820,237.183284646861,251.03070666034552,35.34801001316953,232.6893040076253,240.4594456739994,-7.770141666374087,-7.311691483989991,-0.4584501823840963,236.66,10.492801542511186,257.64560308502234,215.67439691497762
2022-05-30,224.0,224.0,211.67,211.67,9860,234.7534480138266,249.4871495364104,31.252676416200913,229.45556492952912,238.32689414259204,-8.871329213062921,-7.623619029804578,-1.2477101832583433,234.81,11.479246261703826,257.76849252340764,211.85150747659236
2022-05-31,211.33,215.67,206.67,206.67,6102,232.07883391727168,247.80804563302178,29.239331232875912,225.95009340190924,235.98193902091856,-10.031845619009317,-8.105264347645527,-1.9265812713637906,232.60999999999999,12.454567540929657,257.5191350818593,207.70086491814067
2022-06-01,210.13,216.67,207.47,210.67,3328,230.03989735372198,246.35165168662877,32.96015172017499,223.5993098016155,234.1069805749246,-10.507670773309087,-8.585745632778238,-1.921925140530849,230.51000000000005,12.435028622488387,255.38005724497683,205.63994275502327
2022-06-02,210.67,213.33,203.87,213.33,9480,228.44847855812944,245.05668495381983,35.39309537840437,222.01941598598233,232.56794497678203,-10.548528990799696,-8.978302304382531,-1.5702266864171648,229.27650000000003,12.868956230933597,255.0144124618672,203.53858753813284
2022-06-03,212.67,216.6,204.67,205.33,4660,226.24671869545045,243.49877573994456,31.67049118914362,219.45181352660043,230.55031942294633,-11.098505896345898,-9.402343022775206,-1.6961628735706924,227.84300000000002,13.872759411314366,255.58851882262874,200.0974811773713
2022-06-06,208.73,212.0,203.07,206.0,5289,224.31845977207422,242.0282355148487,32.31259563179022,217.3823037532773,228.73177724346883,-11.349473490191514,-9.791769116258468,-1.5577043739330456,227.04300000000003,14.666093405862199,256.37518681172446,197.71081318827564
2022-06-07,203.33,203.33,199.33,199.33,5770,221.9386064604481,240.35379490642325,29.355146133878662,214.60502625277311,226.55386781802667,-11.94884156525356,-10.223183606057487,-1.725657959196072,225.71300000000002,15.924468461756426,257.56193692351286,193.86406307648718
2022-06-08,201.33,210.07,197.27,210.0,7190,220.8015963213578,239.16345000813214,38.97706809571904,213.89656067542342,225.32765538706172,-11.431094711638309,-10.464765827173654,-0.9663288844646551,224.8795,16.303492191293884,257.4864843825878,192.27251561741224
2022-06-09,210.0,213.33,204.0,206.67,2895,219.455730005038,237.88919706663677,37.27092306566361,212.78478210997366,223.94560683987197,-11.160824729898309,-10.603977607718585,-0.5568471221797235,223.113,16.264810610964048,255.6426212219281,190.5833787780719
2022-06-10,210.0,212.0,201.27,210.0,3236,218.55518429027248,236.7955030640236,40.09486344516223,212.35635409305462,222.91259892580737,-10.556244832752753,-10.59443105272542,0.038186219972667246,220.983,14.935064392933024,250.85312878586606,191.11287121413395
2022-06-13,207.33,209.93,202.67,203.33,3560,217.10516673881796,235.4831303948462,36.545974143059475,210.9676842325847,221.46203604241424,-10.494351809829539,-10.574415204146245,0.0800633943167064,218.483,13.334495865986236,245.1519917319725,191.81400826802752
2022-06-14,202.47,202.67,196.0,197.33,4010,215.2218175255972,233.98692920289147,33.65978277805016,208.8695789660332,219.67447781705022,-10.804898851017015,-10.6205119335204,-0.1843869174966155,216.683,13.650877781686091,243.98475556337218,189.3812444366278
2022-06-15,194.07,200.6,187.87,197.2,6542,213.5054539517308,232.54430452826827,33.59787087944197,207.07425912510502,218.0097016824539,-10.935442557348892,-10.683498058286098,-0.2519444990627946,214.64299999999997,13.342696839371484,241.32839367874294,187.957606321257
2022-06-16,199.33,205.93,186.67,205.87,11440,212.77826786108977,231.49825337029696,41.34637865447608,206.88898849047348,217.11046452079066,-10.221476030317177,-10.591093652692315,0.36961762237513796,212.93649999999997,12.048736240785004,237.03397248156998,188.83902751842996
2022-06-17,202.47,202.47,196.07,199.93,3853,211.55462330289075,230.26028264989318,38.06877106649466,205.8183748765545,215.8378375192506,-10.019462642696112,-10.476767450693075,0.4573048079969624,211.09949999999998,10.994418428409663,233.0883368568193,189.11066314318066
2022-06-19,203.2,203.2,188.67,194.0,5635,209.88275441690115,228.8383107812699,35.079116210304846,204.00016335708455,214.22021992523204,-10.220056568147498,-10.42542527418396,0.2053687060364613,209.2395,10.55272051478505,230.3449410295701,188.1340589704299
2022-06-20,190.8,190.8,177.93,180.73,11237,207.10630161529153,226.95171035847503,29.496653228663106,200.42013822522537,211.7394628937334,-11.319324668508017,-10.60420515304877,-0.7151195154592465,206.74249999999998,11.10870539380373,228.95991078760744,184.52508921239252
2022-06-21,180.0,189.73,179.33,185.33,3367,205.0323681281209,225.31948642284857,33.450274540548136,198.09857849826764,209.78320638308645,-11.68462788481881,-10.820289699402778,-0.864338185416031,204.5425,10.751164869568353,226.0448297391367,183.04017026086328
2022-06-22,185.33,186.67,177.93,185.33,1046,203.15595211591892,223.7512712690114,33.450274540548136,196.13418180622648,207.97185776211708,-11.837675955890603,-11.023766950700344,-0.8139090051902595,202.4725,10.227157795739599,222.9268155914792,182.0181844085208
2022-06-23,182.33,188.0,170.13,171.33,13045,200.12490905726,221.69553514081488,27.923255542495014,192.3181538360378,205.25764607603432,-12.939492239996525,-11.40691200855958,-1.5325802314369454,200.0025,11.47491858702963,222.95233717405927,177.05266282594073
2022-06-24,169.33,183.13,168.67,176.33,12555,197.85872724228284,219.91649454705743,32.23005878902248,189.85843786126276,203.11485747780955,-13.256419616546793,-11.776813530157023,-1.4796060863897704,198.23550000000003,12.276662273556228,222.78882454711248,173.68217545288758
2022-06-26,179.13,190.6,177.07,190.6,17405,197.16741988587495,218.76682809423164,42.745104151052445,189.97252434414543,202.18783099797182,-12.215306653826389,-11.864512154890898,-0.35079449893549075,197.43200000000002,12.221336217753775,221.87467243550756,172.98932756449247
2022-06-27,188.0,194.67,181.47,184.67,8204,195.97718942055354,217.42969758073238,39.96973525393009,189.15675136812305,200.89021388701093,-11.733462518887876,-11.838302227690294,0.10483970880241777,196.132,12.121499212469843,220.3749984249397,171.88900157506032
2022-06-28,182.0,183.2,178.67,183.2,7907,194.76031423764368,216.08735649913504,39.28873124823501,188.2403280807195,199.57982767315826,-11.339499592438756,-11.738541700639987,0.39904210820123076,194.62550000000002,11.73783512497366,218.10117024994733,171.1498297500527
2022-06-29,185.33,190.67,182.33,190.67,5179,194.37076050072523,215.0905974207376,44.466704381005314,188.61412376060883,198.9198404381095,-10.30571667750067,-11.451976696012123,1.1462600185114535,193.8925,11.489291524583017,216.87108304916603,170.913916950834
2022-06-30,193.33,200.0,187.33,199.93,15306,194.90021188160853,214.49606418855183,50.14331318507298,190.35502779743825,198.9946670723236,-8.639639274885354,-10.88950921178677,2.2498699369014155,193.589,11.229871302632874,216.04874260526574,171.12925739473425
2022-07-01,196.73,206.6,194.0,202.0,3485,195.5763821785982,214.00602245566745,51.340729456159764,192.14656198244774,199.21728432622555,-7.070722343777817,-10.125751838184978,3.0550294944071616,193.7225,11.317242492391513,216.35698498478303,171.08801501521697
2022-07-03,200.67,209.33,197.33,209.33,14564,196.88625054254123,213.82264902603345,55.42342289355429,194.79016783130191,199.96637437613478,-5.176206544832866,-9.135842779514556,3.9596362346816907,193.689,11.267405669732893,216.22381133946578,171.1541886605342
2022-07-04,206.0,216.93,200.67,206.67,27152,197.81803620515635,213.54215298579683,53.66377904845102,196.61783431879394,200.46293923716183,-3.8451049183678947,-8.077695207285224,4.232590288917329,193.689,11.267405669732893,216.22381133946578,171.1541886605342
2022-07-05,203.33,209.33,197.33,203.33,16407,198.3429851379986,213.14167639811853,51.454725662659776,197.65047519282564,200.67531410848318,-3.02483891565754,-7.067123948959688,4.042285033302148,193.35549999999998,10.850199840508036,215.05589968101606,171.6551003189839
2022-07-06,199.93,206.67,194.07,206.67,11205,199.13603417247492,212.88788516681976,53.515442607510664,199.03809439392938,201.11936491526222,-2.08127052133284,-6.069953263434319,3.9886827421014788,193.52249999999998,11.035915947010782,215.59433189402154,171.45066810597842
2022-07-07,210.0,210.0,198.0,198.0,8031,199.02784044176303,212.30404653282682,47.83859644026905,198.87838756409408,200.88830084746502,-2.0099132833709348,-5.2579452674216425,3.2480319840507077,193.55599999999998,11.049091127185768,215.6541822543715,171.45781774562846
2022-07-08,195.4,198.07,191.33,192.67,8491,198.4223318282618,211.53408392369636,44.69937298810964,197.9232510157719,200.27953782172688,-2.3562868059549658,-4.677613575128308,2.321326769173342,193.3295,11.016843790545293,215.36318758109059,171.2958124189094
2022-07-11,189.8,190.0,183.33,186.67,12272,197.3030621303321,210.5590218090416,41.40547393236522,196.1919816287301,199.27142390900636,-3.079442280276254,-4.357979316157897,1.2785370358816426,192.36950000000002,10.698496930829162,213.76649386165835,170.97250613834169
2022-07-12,186.67,194.67,181.33,192.0,4304,196.79800859411,209.83121703221644,45.264175246158366,195.54706137815626,198.73279991574663,-3.1857385375903675,-4.123531160444391,0.9377926228540234,191.973,10.549457506631526,213.07191501326307,170.87408498673696
2022-07-13,190.0,201.93,190.0,201.93,17909,197.28676968038525,209.52136538389422,51.652212555728205,196.529051935363,198.96962955161726,-2.4405776162542736,-3.786940451606368,1.3463628353520942,192.3695,10.776238224128655,213.92197644825728,170.8170235517427
2022-07-14,203.33,203.33,195.4,200.0,7554,197.5451725679676,209.14797850609446,50.42053792483156,197.06304394530716,199.0459532885345,-1.982909343227334,-3.4261342299305615,1.4432248867032276,193.333,10.539646503610347,214.41229300722068,172.2537069927793
2022-07-15,196.67,199.93,194.0,199.87,2735,197.76658470435163,208.78413621173783,50.33347470874951,197.49488333833682,199.1069937856801,-1.6121104473432695,-3.0633294734131034,1.4512190260698339,194.06,10.459728787870285,214.97945757574058,173.14054242425942
2022-07-17,200.0,203.33,193.33,203.33,5550,198.29643378012767,208.57024851715988,52.67570099452003,198.39259359397732,199.41980906081488,-1.0272154668375606,-2.656106672097995,1.6288912052604343,194.96,10.443412932764033,215.84682586552807,174.07317413447194
2022-07-18,206.67,206.67,196.0,202.0,4206,198.64915437249647,208.3125917125654,51.667054457679995,198.94757919490388,199.61093431556932,-0.6633551206654431,-2.2575563618114844,1.5942012411460413,196.4935,8.933629117583639,214.36075823516728,178.62624176483274
2022-07-19,205.33,206.0,198.67,198.73,15045,198.65685395606823,207.9368038022687,49.173927637129346,198.91410547261097,199.54567992182345,-0.6315744492124793,-1.9323599792916837,1.3007855300792044,197.6135,7.573263410460642,212.76002682092127,182.4669731790787
2022-07-20,195.6,203.33,195.6,203.33,10905,199.10191548406175,207.75614482963073,52.63627978658657,199.59347386144006,199.8259999276143,-0.23252606617424476,-1.592393196668196,1.3598671304939511,198.25,7.487247403700619,213.22449480740124,183.27550519259876
2022-07-21,205.33,205.33,198.67,198.67,7089,199.06078067605586,207.39982542454717,48.995037720337905,199.45140095968006,199.74037030334657,-0.2889693436665084,-1.3317084260678584,1.04273908240135,198.95,6.770985312735062,212.49197062547012,185.40802937452986
2022-07-22,196.0,200.67,192.8,199.33,3400,199.08642061166958,207.08336168240808,49.52758861797492,199.43272388896006,199.70997250309867,-0.2772486141386139,-1.1208164636820097,0.8435678495433958,199.75650000000002,5.66685494785338,211.09020989570678,188.42279010429326
2022-07-24,196.73,206.67,196.67,205.93,11871,199.73819007722486,207.03813181250973,54.629225742110116,200.43230482912003,200.17071528064693,0.261589548473097,-0.8443352612509885,1.1059248097240855,200.5195,5.4000774604589985,211.319654920918,189.719345079082
2022-07-25,206.0,216.67,203.33,210.73,18582,200.78502911748916,207.1829109571172,57.95754915778316,202.01656562464,200.95288451911753,1.0636811055224769,-0.46273198789629544,1.5264130934187723,201.0595,5.858555125447261,212.77661025089455,189.34238974910548
2022-07-26,213.33,216.93,204.67,204.67,12719,201.15502634439497,207.08436542938713,52.7011813106921,202.4247862977723,201.22822640659032,1.1965598911819768,-0.13087361208064097,1.3274335032626179,201.193,5.9112979249826605,213.01559584996534,189.3704041500347
2022-07-27,201.33,218.67,201.33,218.67,29632,202.8231190735002,207.5387040399994,61.408877101790765,204.92404994426886,202.5202096357318,2.4038403085370703,0.3760691720429013,2.027771136494169,201.66000000000003,6.877876049143202,215.41575209828642,187.90424790171363
2022-07-28,222.0,223.33,216.0,220.0,20403,204.45901249507162,208.0273823129406,62.12229645016079,207.2434268759198,203.81500892197388,3.4284179539459103,0.9865389284235031,2.4418790255224074,202.3265,7.9510656518487455,218.2286313036975,186.4243686963025
2022-07-29,223.73,223.73,215.33,215.33,5075,205.49434463839813,208.313759477139,58.06338355859372,208.48751504885522,204.6679712240499,3.819543824805322,1.553139907699867,2.266403917105455,202.9265,8.46681899814665,219.8601379962933,185.9928620037067
2022-07-31,218.67,229.93,218.67,223.27,28548,207.18726419664594,208.90027871332964,62.54431480881589,210.7617435028775,206.04589928152768,4.715844221349812,2.1856807704298564,2.5301634509199555,203.75650000000002,9.591991327747701,222.94048265549543,184.5725173445046
2022-08-01,220.0,233.33,216.73,224.0,23835,208.78847713029873,209.49242464614025,62.936425993028884,212.79839834858865,207.3758326680812,5.422565680507461,2.8330577524453773,2.5895079280620834,205.0565,10.490551274963531,226.03760254992707,184.07539745007293
2022-08-02,226.67,229.87,219.53,227.33,13755,210.55433645122267,210.19193740511514,64.74929072538289,215.0340293718827,208.8539191371122,6.1801102347704955,3.502468248910401,2.6776419858600944,206.7895,11.177042483779728,229.14358496755946,184.43541503244055
2022-08-03,223.47,235.33,223.33,235.27,32034,212.90820917015384,211.17539084020868,68.682653588851,218.14725562236228,210.81066586769649,7.336589754665795,4.26929255006148,3.0672972046043148,209.2195,11.836264291085508,232.89202858217104,185.54697141782898
2022-08-04,234.67,234.67,223.33,228.0,20272,214.34552258252015,211.8351794347103,61.87482335570821,219.66306244969115,212.08394987749674,7.579112572194418,4.931256554488068,2.64785601770635,211.01950000000002,11.817119372468131,234.65373874493628,187.38526125506377
2022-08-05,224.13,226.0,220.0,225.33,12709,215.3916632889468,212.36438808432953,59.54063112647639,220.5348989958925,213.06513877545996,7.4697602204325335,5.438957287676962,2.030802932755572,212.1895,12.026364229431534,236.24222845886308,188.13677154113694
2022-08-07,225.33,226.0,221.67,224.0,7443,216.2115048804757,212.82068659082643,58.35960353813784,221.06799145806286,213.87512849579625,7.1928629622666165,5.789738422594893,1.4031245396717233,213.3895,11.94315327973145,237.2758065594629,189.5031934405371
2022-08-08,226.67,227.73,218.73,220.0,7178,216.57231393947802,213.10222829314696,54.83662223496979,220.90368507989933,214.32882268129282,6.574862398606513,5.946763217797217,0.6280991808092953,214.39600000000002,11.586744422649142,237.5694888452983,191.22251115470172
2022-08-09,216.27,219.33,209.73,217.53,21715,216.6635221357182,213.27586639929808,52.72022631007144,220.38465660606866,214.56594692712298,5.81870967894568,5.92115251002691,-0.10244283108122954,215.106,11.304595898175826,237.71519179635163,192.49680820364836
2022-08-10,214.0,216.67,207.27,212.67,6670,216.28318669422123,213.25210693265896,48.73467593456275,219.19778635898115,214.42550641400277,4.772279944978379,5.691377997017204,-0.9190980520388248,215.6395,10.897991835775631,237.43548367155125,193.84351632844874
2022-08-11,209.33,215.33,204.67,211.33,5772,215.8114546281049,213.17673019020174,47.664731075247396,217.98735768836866,214.19620964259514,3.791148045773525,5.311332006768469,-1.5201839609949435,216.26950000000002,10.21160561373806,236.69271122747614,195.8462887725239
2022-08-14,207.8,210.0,203.33,203.53,8140,214.64179228257112,212.79842704548793,41.89845057871831,215.763148813235,213.40612003943994,2.357028773795065,4.720471360173788,-2.3634425863787234,216.2795,10.198356665865873,236.67621333173176,195.88278666826827
2022-08-15,200.73,212.67,200.73,212.67,7370,214.45400254137388,212.79339069076292,49.59365408036043,215.287279765045,213.35159262911105,1.9356871359339607,4.163514515325823,-2.2278273793918624,216.9795,9.373133765126116,235.72576753025223,198.23323246974778
2022-08-16,212.73,216.0,203.4,206.67,9608,213.71266896600494,212.5532577224977,45.347681180486376,213.96154441657654,212.8566598417695,1.1048845748070448,3.551788527222068,-2.446903952415023,217.34650000000002,8.769997464441795,234.88649492888362,199.80650507111642
2022-08-17,203.2,211.73,203.2,210.0,4090,213.35908144543305,212.45312996867426,48.00818422984352,213.35207604479552,212.64505540904582,0.7070206357497,2.9828349489275947,-2.2758143131778947,217.55,8.535222995267727,234.62044599053547,200.47955400946455
2022-08-18,210.0,216.8,207.33,216.53,21630,213.66107368872514,212.6130072248047,52.85487782260547,213.84098742251928,212.93282908244984,0.9081583400694342,2.5678996271559624,-1.6597412870865282,217.84,8.388578074099485,234.61715614819897,201.06284385180103
2022-08-21,220.13,223.33,210.0,215.33,15295,213.8200190517037,212.71955596108688,51.8974428502639,214.07006628059324,213.11039729856466,0.9596689820285746,2.2462534981304847,-1.28658451610191,218.373,7.827636666930371,234.02827333386074,202.71772666613924
2022-08-22,211.73,213.33,209.8,212.6,2171,213.70382676106524,212.71486749202467,49.692092548166585,213.84390223742503,213.07259009126358,0.7713121461614492,1.9512652277366778,-1.1799530815752286,218.0695,7.93248847594826,233.93447695189653,202.20452304810348
2022-08-23,212.67,216.67,210.0,216.67,10662,213.9863194504876,212.86997072763154,52.90517075358441,214.2786865085904,213.33906489931815,0.9396216092722511,1.7489365040437925,-0.8093148947715414,217.90300000000002,7.924779326165521,233.75255865233106,202.05344134766898
2022-08-24,213.33,220.0,213.33,218.67,11280,214.43238426472686,213.0974228559597,54.44489299722825,214.95427319957648,213.73394898085016,1.2203242187263186,1.6432140469802978,-0.42288982825397925,218.07000000000002,7.9028662355402055,233.87573247108043,202.26426752891962
2022-08-25,215.33,219.27,211.33,218.67,6923,214.83596671570524,213.3159552929809,54.44489299722825,215.5259234765647,214.09958238967607,1.426341086888641,1.5998394549619666,-0.17349836807332553,217.84,7.8099551855308,233.4599103710616,202.2200896289384
2022-08-26,215.0,215.0,208.93,211.93,1995,214.55920798087615,213.26160410502087,48.27609488650985,214.97270448017014,213.9388725830334,1.0338318971367357,1.4866379433969203,-0.4528060462601846,217.23649999999998,7.7751657792446185,232.7868315584892,201.68616844151074
2022-08-28,208.4,208.4,194.13,203.27,31810,213.48404531603083,212.86977649305928,41.733228252364206,213.1722884062978,213.14858572503093,0.02370268126688302,1.1940508909709129,-1.1703482097040299,216.0335,7.989634913600989,232.012769827202,200.05423017279801
2022-08-29,200.0,206.47,197.33,203.33,7310,212.51699338117075,212.49566761097853,41.7920903833119,211.65809018994432,212.42128307873233,-0.7631928887880122,0.8026021350191279,-1.56579502380714,214.43650000000002,7.082888405014988,228.60227681003,200.27072318997006
2022-08-30,200.0,205.53,196.67,201.93,5512,211.50870829724974,212.08132770466565,40.757463774299346,210.16146092995288,211.64415099882623,-1.482690068873353,0.34554369424063175,-1.8282337631139849,213.13299999999998,6.850434561705715,226.8338691234114,199.43213087658856
2022-08-31,198.67,203.33,193.33,202.67,10766,210.6669265546545,211.71225602997288,41.580718304553635,209.0089284791909,210.97939907298726,-1.9704705937963638,-0.1176591633667674,-1.8528114304295964,212.0,6.596148796636614,225.19229759327322,198.80770240672678
2022-09-01,199.33,209.07,192.87,209.07,4490,210.51483831135405,211.60863814644452,48.27540862600672,209.0183240977769,210.83796210461782,-1.8196380068409042,-0.4580549320615948,-1.3615830747793094,211.25349999999997,5.982932105493927,223.21936421098783,199.2876357890121
2022-09-02,205.6,205.6,199.67,204.67,2800,209.95818704360605,211.33653468972122,44.49977792124467,208.34935115965737,210.38107602279428,-2.031724863136901,-0.7727889182766561,-1.258935944860245,210.487,5.782026688937193,222.05105337787438,198.9229466221256
2022-09-04,202.0,204.67,199.33,203.13,2730,209.30788351564357,211.01470979992823,43.22552238562501,207.54637405817164,209.84395928036506,-2.297585222193419,-1.0777481790600087,-1.2198370431334102,209.767,5.755356406724477,221.27771281344894,198.25628718655105
2022-09-05,204.67,204.67,195.33,199.8,4470,208.402370799868,210.5749172587546,40.52335483862024,206.3546242030683,209.09996229663432,-2.745338093566005,-1.411266161961208,-1.334071931604797,209.1235,6.12153341212749,221.366566824255,196.88043317574503
2022-09-06,196.67,196.67,190.0,196.53,15170,207.2716688189282,210.02413618978383,38.01051949949392,204.8431435564424,208.1688539783651,-3.325710421922679,-1.7941550139535023,-1.5315554079691767,208.3835,6.707285336032119,221.79807067206423,194.96892932793577
2022-09-07,199.67,199.67,188.67,196.53,4000,206.24865274093503,209.49495437841978,38.01051949949392,203.56419839391282,207.30671664663433,-3.74251825272151,-2.1838276617071037,-1.5586905910144062,208.0335,7.142404338655606,222.31830867731122,193.74869132268879
2022-09-08,195.33,197.33,190.0,194.6,4755,205.13925724179836,208.91083852044252,36.462815989485584,202.18509094869546,206.36547837651327,-4.180387427817806,-2.5831396149292445,-1.5972478128885612,207.13000000000002,7.649906776178082,222.4298135523562,191.83018644764385
2022-09-11,192.0,194.0,190.0,192.67,2875,203.95170893305567,208.2739428921899,34.931091006710815,200.7212308027423,205.35099849677152,-4.629767694029226,-2.992465230749241,-1.637302463279985,206.43,8.306561768930504,223.04312353786102,189.816876462139
2022-09-12,192.73,193.33,187.4,188.67,1464,202.49630808228846,207.5051608179864,31.936703248046385,198.8671952946281,204.11536897849214,-5.248173683864053,-3.4436069213722034,-1.8045667624918496,205.36350000000002,9.150509491136233,223.66451898227248,187.06248101772755
2022-09-13,187.33,193.33,187.33,192.0,11334,201.49665969349908,206.89711529571244,36.79429584528201,197.81070371083916,203.21793423934457,-5.4072305285054085,-3.8363316427988448,-1.5708988857065638,204.137,9.218719570868958,222.5744391417379,185.6995608582621
2022-09-14,195.13,207.33,192.07,205.2,8761,201.8493587703087,206.8305617547041,51.55407190700699,198.9475185245562,203.36475392531904,-4.4172354007628485,-3.9525123943916456,-0.4647230063712029,203.63049999999998,8.841966008458957,221.3144320169179,185.94656798308208
2022-09-15,206.67,208.0,191.4,193.33,15571,201.03799126837453,206.301127960402,42.045692992445815,198.0832849053937,202.62143881973986,-4.538153914346168,-4.06964069838255,-0.4685132159636183,202.667,8.863017841749233,220.39303568349845,184.94096431650155
2022-09-16,190.67,195.13,190.13,195.13,1820,200.47532543329123,205.86304451097448,43.74021814915071,197.62893338148697,202.06651742568505,-4.437584044198076,-4.143229367545655,-0.29435467665242054,201.58999999999997,8.366702173686232,218.32340434737245,184.8565956526275
2022-09-18,191.93,191.93,181.4,185.33,7475,199.0329134872635,205.05782707917157,37.33899229573845,195.73678978433514,200.8267753941528,-5.08998560981766,-4.332580616000056,-0.7574049938176035,199.923,8.101708136982666,216.12641627396533,183.71958372603467
2022-09-20,183.33,183.33,176.67,177.33,9590,196.96596934561936,203.97046131136094,33.08269737499178,192.90497597136053,199.08627351310446,-6.18129754174393,-4.702324001148831,-1.4789735405950992,197.85600000000002,8.33717003608158,214.5303400721632,181.18165992783685
2022-09-21,180.2,183.33,177.33,182.8,8060,195.61682940794134,203.14024714228796,38.26455774270222,191.3503642834589,197.87988288250412,-6.529518599045218,-5.067762920728109,-1.4617556783171093,196.3995,8.29342636004473,212.98635272008946,179.81264727991052
2022-09-22,182.67,184.67,177.33,183.33,2695,194.4466551786136,202.3633747053355,38.759392273261696,190.11646208600368,196.80211378009642,-6.685651694092741,-5.391340675401036,-1.2943110186917046,195.4025,8.616280107723318,212.63506021544663,178.16993978455338
2022-09-25,180.33,182.0,176.0,179.33,900,193.00697373303137,201.46010510904784,36.3887738186541,188.45700638046463,195.50788312971892,-7.050876749254286,-5.723247890171686,-1.3276288590825995,194.20250000000001,9.111142325400072,212.42478465080015,175.98021534919988
2022-09-27,182.2,183.33,174.0,183.33,8209,192.0853571870284,200.74912059496754,40.3197466606629,187.66823616808546,194.60581771270273,-6.937581544617274,-5.966114621060804,-0.9714669235564699,193.2725,9.229370666234498,211.731241332469,174.813758667531
2022-09-28,181.33,181.33,177.27,179.93,1985,190.92770412159712,199.9326844932041,38.16105667378004,186.4777382960723,193.5187201043544,-7.040981808282112,-6.181088058505066,-0.8598937497770462,192.1355,9.409676696163874,210.95485339232775,173.31614660767227
2022-09-29,180.67,182.93,179.07,182.93,3099,190.16601801477833,199.26591255229417,41.154773657086714,185.93193240436887,192.73437046699482,-6.802438062625953,-6.305358059329244,-0.4970800032967091,190.82850000000002,8.724126422864346,208.2767528457287,173.38024715427133
2022-10-09,185.87,185.87,178.73,185.87,3230,189.7568734419423,198.74058264828264,44.015192494843596,185.92240434215825,192.22589858055076,-6.303494238392517,-6.304985295141899,0.0014910567493817695,189.8885,8.148053868386024,206.18460773677205,173.59239226322794
2022-10-10,188.67,188.67,180.0,184.67,4846,189.27240930461448,198.18879509344805,43.09440818197748,185.72972675105697,191.66620238939885,-5.936475638341875,-6.231283363781895,0.29480772544001965,188.96550000000002,7.595988189759327,204.15747637951867,173.77352362048137
2022-10-11,182.0,184.0,179.07,182.93,5290,188.66837032322263,197.59041097213637,41.73117969228676,185.29899955858667,191.0190762864804,-5.7200767278937406,-6.129042036604265,0.40896530871052406,188.122,7.2587251309256855,202.63945026185138,173.60454973814865
2022-10-12,180.07,186.33,177.33,184.67,4291,188.28757314958239,197.08372818891536,43.65082066781351,185.20223039572718,190.5487743393337,-5.34654394360652,-5.972542418004716,0.6259984743981963,187.529,7.016077701665381,201.56115540333076,173.49684459666923
2022-10-13,182.0,183.33,179.6,182.93,2897,187.7773280877174,196.5286800246442,42.155206101352825,184.85265648869225,189.98442068456822,-5.131764195875974,-5.804386773578967,0.6726225777029935,186.849,6.751866720436909,200.3527334408738,173.34526655912617
2022-10-16,180.67,181.33,177.73,180.0,2578,187.03663017460144,195.880496494266,39.68915441480088,184.10609395197037,189.24483396719282,-5.138740015222453,-5.671257421907665,0.5325174066852121,186.119,6.658351226290876,199.43570245258175,172.80229754741825
2022-10-17,177.2,179.33,171.27,177.93,16680,186.16933206273464,195.17655545527518,37.997940941827146,183.15592565166725,188.40669811777113,-5.250772466103882,-5.587160430746908,0.3363879646430261,185.382,6.710635392303711,198.80327078460743,171.96072921539258
2022-10-19,175.33,175.33,172.2,174.6,6295,185.0674909139028,194.36963171193105,35.38570160059956,181.83962939756458,187.38397973867697,-5.544350341112391,-5.578598412820005,0.0342480717076139,184.6785,7.075391954924339,198.8292839098487,170.52771609015133
2022-10-20,172.0,174.67,170.0,173.93,1440,184.00677749353108,193.56807752714943,34.86633448631608,180.6227633364008,186.3873886469231,-5.7646253105223195,-5.6158037923604684,-0.14882151816185107,183.775,7.243007153910462,198.26101430782091,169.2889856921791
2022-10-23,171.33,176.07,171.33,175.0,1850,183.1489891608138,192.83991762412398,36.47001930506218,179.75772282310837,185.54387837678067,-5.786155553672302,-5.649874144622835,-0.13628140904946662,182.26500000000001,5.4730435100753665,193.21108702015076,171.31891297984927
2022-10-31,172.2,174.67,170.13,174.67,2530,182.34146638359346,192.12737183494266,36.17419948187688,178.97499623493783,184.73840590442654,-5.763409669488709,-5.67258124959601,-0.09082841989269941,181.332,5.062607607695313,191.45721521539062,171.20678478460937
2022-11-01,177.47,178.87,172.67,178.87,5035,182.01085053753695,191.60747490023903,42.56013758587784,178.95884296802433,184.3037091707653,-5.344866202740974,-5.607038240225004,0.26217203748402973,180.519,3.902948817715332,188.32489763543066,172.71310236456935
2022-11-02,181.33,186.0,179.33,184.67,12665,182.26410286729535,191.33541706101397,49.99995408534647,179.8374825114052,184.33084182478268,-4.493359313377482,-5.3843024548555,0.8909431414780178,180.48600000000002,3.8627129816967596,188.21142596339354,172.7605740366065
2022-11-03,184.0,186.67,180.67,183.67,4579,182.39799783231484,191.03481247038596,48.82572133006008,180.42710058657363,184.28189057850247,-3.8547899919288398,-5.078399962270168,1.223609970341328,180.803,3.8502099737710895,188.50341994754217,173.10258005245782
2022-11-06,183.33,186.87,180.67,186.8,4190,182.81723613399916,190.86874139311593,52.57958868819968,181.4075466501777,184.4684172023171,-3.06087055213942,-4.674894080244019,1.6140235281045987,181.00300000000001,4.057703654456471,189.11840730891296,172.88759269108706
2022-11-07,188.0,191.67,181.4,183.33,10070,182.86607078790402,190.57310447573883,48.34556168003632,181.7033087039965,184.38409000214548,-2.680781298148986,-4.276071523825012,1.5952902256760257,181.00300000000001,4.057703654456471,189.11840730891296,172.88759269108706
2022-11-08,180.73,186.0,180.73,181.67,2414,182.7521592842941,190.2239631237491,46.41979803930099,181.69818428799704,184.18304629828285,-2.484862010285809,-3.9178296211171713,1.432967610831362,181.11999999999998,4.040625277305464,189.2012505546109,173.03874944538904
2022-11-09,182.0,184.93,174.07,178.0,6385,182.2995726857899,189.74459202085697,42.398726123115125,181.12923285907442,183.7250428687804,-2.5958100097059855,-3.6534256988349343,1.0576156891289488,180.8535,4.062901834380268,188.97930366876054,172.72769633123946
2022-11-10,178.0,179.0,171.33,172.93,8663,181.40723243000042,189.08519625533316,37.5584233847077,179.86781241921682,182.92541006368555,-3.0575976444687285,-3.534260087961693,0.4766624434929647,180.5035,4.431438254113585,189.36637650822718,171.64062349177283
2022-11-13,175.67,176.0,170.33,173.33,4305,180.63797219857182,188.4673454217907,38.158267059362835,178.8619951239527,182.21463894785697,-3.352643823904259,-3.497936835150207,0.14529301124594785,180.02349999999998,4.668361907003177,189.36022381400633,170.68677618599364
2022-11-14,171.33,184.0,171.33,182.67,4661,180.83149865585068,188.2399985425048,50.190538887640294,179.44784202795998,182.24836939616384,-2.800527368203859,-3.3584549417609377,0.5579275735570786,179.8635,4.509573763266032,188.88264752653205,170.84435247346792
2022-11-15,179.73,182.0,176.67,181.33,2520,180.87897497434108,187.96901820750463,48.72577591534356,179.7374047928892,182.18034203348503,-2.4429372405958247,-3.175351401527915,0.7324141609320902,179.6965,4.382256418309081,188.46101283661815,170.93198716338182
2022-11-16,180.0,180.0,176.8,179.33,2646,180.73145354821335,187.63023317975936,46.542517006229346,179.6747271324447,181.9692055865602,-2.294478454115506,-2.999176812045433,0.7046983579299271,179.5165,4.3158828760778185,188.14826575215565,170.88473424784436
2022-11-17,182.13,183.67,178.33,182.0,16301,180.85226749600255,187.40943972172957,49.77777119941223,180.0324614197609,181.97148665422242,-1.9390252344615249,-2.7871464965286514,0.8481212620671266,179.38299999999998,4.1874676432397315,187.75793528647944,171.00806471352053
2022-11-22,184.93,184.93,178.67,182.0,5881,180.96157535352614,187.19730483068133,49.77777119941223,180.3351596628746,181.97359875390964,-1.6384390910350533,-2.5574050154299317,0.9189659243948785,179.3365,4.151011639540509,187.63852327908103,171.03447672091897
2022-11-23,180.0,180.0,177.13,178.67,1038,180.74333008176174,186.86290071967423,45.77101612911468,180.07898125320156,181.72888773510152,-1.6499064818999614,-2.3759053087239375,0.7259988268239761,179.27,4.150476193354303,187.57095238670863,170.9690476132914
2022-11-24,176.67,183.07,176.07,182.67,3266,180.92682245492728,186.69847324047132,50.885134204950944,180.47759952193977,181.79859975472363,-1.3210002327838595,-2.164924293535922,0.8439240607520624,179.507,4.204907033207332,187.91681406641467,171.09718593358534
2022-11-27,179.73,185.13,177.33,184.67,5184,181.28331555445803,186.61892527025677,53.258666109462254,181.1225842108721,182.01129606918855,-0.8887118583164408,-1.9096818064920258,1.020969948175585,180.0105,4.1892801479390505,188.3890602958781,171.63193970412192
2022-11-28,187.33,187.33,181.53,185.0,4193,181.6372855016525,186.5554380047565,53.656625169680346,181.71910971689178,182.23268154554495,-0.5135718286531699,-1.6304598109242547,1.1168879822710849,180.56400000000002,4.073319349908256,188.71063869981654,172.4173613001835
2022-11-29,182.0,184.13,179.13,184.0,6625,181.86230593006655,186.45522474966802,52.20608693663662,182.07001591429307,182.36359402365272,-0.29357810935965745,-1.3630834706113355,1.069505361251678,181.014,3.9205576939512023,188.8551153879024,173.17288461209762
2022-11-30,187.0,187.0,178.67,180.93,220,181.77351488910784,186.23854926928888,47.922855209069,181.89462885055568,182.25740187375254,-0.36277302319686555,-1.1630213811284416,0.800248357931576,181.327,3.626263990160764,188.57952798032153,174.07447201967847
2022-12-01,178.0,183.33,176.67,181.87,1085,181.78270394728804,186.0672336116697,49.294616863816366,181.89083979662405,182.22870543865977,-0.3378656420357231,-0.9979902333098979,0.6601245912741748,181.477,3.581046744946858,188.63909348989372,174.31490651010628
2022-12-04,181.27,184.67,179.73,182.53,6913,181.85387499992729,185.92851856807482,50.284813242911376,181.98917213560495,182.2510235543146,-0.26185141870965367,-0.8507624703898491,0.5889110516801954,181.37,3.5119240490558234,188.39384809811165,174.34615190188836
2022-12-05,180.07,180.07,174.67,175.4,2752,181.23922023802945,185.51563548697385,40.97542732263188,180.97545334551188,181.74354032806906,-0.768086982557179,-0.8342273728233152,0.06614039026613616,180.9565,3.7082401486447796,188.37298029728956,173.54001970271045
2022-12-06,175.4,180.2,173.53,177.33,7977,180.8669135486933,185.1946301737592,43.99775859392939,180.4146143692793,181.41661141487876,-1.0019970455994667,-0.8677813073785454,-0.13421573822092125,180.483,3.5227891162991876,187.5285782325984,173.43742176740162
2022-12-07,176.67,177.33,175.33,177.33,1748,180.53006463929393,184.88621330420006,43.99775859392939,179.9400583124671,181.11389945822108,-1.1738411457539826,-0.9289932750536329,-0.24484787070034963,180.183,3.523058031704596,187.22911606340918,173.1368839365908
2022-12-11,174.6,180.0,174.53,176.67,2479,180.16243943555162,184.5640088608981,43.12204013159495,179.4369724182414,180.78472172057508,-1.347749302333682,-1.0127444805096428,-0.3350048218240391,179.933,3.5887750439127597,187.11055008782552,172.75544991217447
2022-12-12,173.8,182.6,172.07,180.0,2624,180.14696901311814,184.38502812125503,48.67296226189792,179.52359204620427,180.7265941857177,-1.2030021395134156,-1.0507960123103974,-0.15220612720301818,180.033,3.5598256905907517,187.1526513811815,172.91334861881847
2022-12-13,178.0,182.67,177.33,181.93,1400,180.3167814880593,184.28875250865678,51.61999392486464,179.89380865448055,180.815735357146,-0.921926702665445,-1.025022150381407,0.10309544771596202,180.483,3.161202469417746,186.8054049388355,174.1605950611645
2022-12-14,180.0,183.33,179.07,180.67,2770,180.35042134633937,184.1468406455722,49.61705589653723,180.0132227076374,180.80494014550553,-0.7917174378681295,-0.9783612078787516,0.18664377001062205,180.85,2.6758825401056257,186.20176508021126,175.49823491978873
2022-12-15,178.0,180.0,173.33,176.67,3180,179.9999050276404,183.85363120849095,43.80597355413145,179.49888075261626,180.4986482828755,-0.9997675302592484,-0.982642472354851,-0.017125057904397334,180.55,2.7947940325240035,186.13958806504803,174.960411934952
2022-12-18,174.33,176.0,170.67,176.0,9851,179.61896169167466,183.54564567090307,42.899658144026525,178.9605914060599,180.1654150767366,-1.2048236706766886,-1.0270787120192186,-0.17774495865746998,180.2835,2.965416940600486,186.214333881201,174.35266611879902
2022-12-19,174.67,178.13,171.87,178.13,1395,179.47715581627708,183.33326740929905,46.676705952223124,178.83280811281992,180.0146435895709,-1.1818354767509902,-1.058030064965573,-0.12380541178541726,180.2235,2.997689066074656,186.2188781321493,174.2281218678507
2022-12-20,176.67,179.33,173.33,174.67,2580,179.01933145282212,182.99353143246378,41.835636300853594,178.192376095463,179.6187440644175,-1.4263679689545086,-1.13169764576336,-0.2946703231911485,179.857,3.2096533670886878,186.27630673417738,173.43769326582262
2022-12-21,174.67,174.67,170.0,171.87,6336,178.33844274302953,182.55731451354364,38.367682414182475,177.21970285000717,179.0447630226088,-1.8250601726016384,-1.270370151131016,-0.5546900214706225,179.3505,3.6259626308088073,186.6024252616176,172.0985747383824
2022-12-22,169.2,174.0,169.2,172.0,1880,177.73478152940768,182.1433021796792,38.62207773703227,176.41667164231376,178.52292872463778,-2.1062570823240208,-1.437547537369617,-0.6687095449544038,179.017,3.9811848276111306,186.97936965522226,171.05463034477773
2022-12-26,174.73,179.67,173.33,178.67,7889,177.8238499551784,182.00709425106433,50.020819591640056,176.76333754349625,178.53382289318313,-1.7704853496868793,-1.5041350998330696,-0.26635024985380973,178.817,3.8873805278674856,186.591761055735,171.04223894426502
2022-12-27,180.0,187.33,178.6,181.6,23805,178.18348329278044,181.99112977063044,54.057170744798206,177.50743945988143,178.7609471233177,-1.2535076634362667,-1.4540096125537092,0.20050194911744246,178.6635,3.700206644303619,186.06391328860724,171.26308671139276
2022-12-28,182.33,186.67,179.4,185.2,12930,178.8517229791823,182.116967818841,58.49268534285555,178.69091031220736,179.23791400307195,-0.5470036908645852,-1.2726084282158843,0.725604737351299,178.6735,3.718457907594039,186.11041581518808,171.2365841848119
2022-12-29,188.2,192.0,180.67,192.0,20038,180.1039398383078,182.50453770829822,65.30617440091493,180.73846257186779,180.1832537065481,0.5552088653196847,-0.9070449695087704,1.4622538348284553,179.0735,4.638146493456082,188.34979298691215,169.79720701308784
2023-01-01,195.13,196.0,187.67,191.93,31611,181.23023128227848,182.87416368052183,65.18754744720549,182.4602375608112,181.05338306161863,1.4068544991925762,-0.44426507576850116,1.8511195749610774,179.62349999999998,5.450874652173359,190.5252493043467,168.72175069565327
2023-01-02,188.8,194.0,186.73,193.93,13673,182.43973306491864,183.30772588912882,67.03027487325863,184.2248163976095,182.0072065385358,2.21760985907369,0.08810991119993705,2.129499947873753,180.22650000000002,6.311583565578822,192.84966713115767,167.60333286884236
2023-01-03,194.67,195.4,190.2,193.33,9065,183.4769013444502,183.7007562464179,65.90323533314586,185.62561387490032,182.84593198012575,2.779681894774569,0.6264243079148635,2.1532575868597057,180.7665,6.9488706200905845,194.66424124018118,166.86875875981883
2023-01-04,191.33,199.93,191.33,199.67,35455,185.0191012164073,184.32700109949957,71.37932674230372,187.7862886633772,184.09215924085717,3.694129422520035,1.239965330835898,2.454164091684137,181.98,8.001778091874307,197.9835561837486,165.9764438162514
2023-01-05,202.67,206.0,198.0,200.67,26815,186.5096630053209,184.96790301716626,72.13937947925683,189.7683980997807,185.32014744523812,4.448250654542591,1.8816223955772367,2.5666282589653537,183.147,8.935430422879772,201.01786084575954,165.27613915424044
2023-01-08,200.67,208.67,198.0,204.67,24279,188.23921890957607,185.74053427139503,74.99933995311548,192.06095223827597,186.75346985670197,5.307482381574005,2.5667943927765906,2.740687988797414,184.51399999999998,10.023721023547802,204.5614420470956,164.46655795290437
2023-01-09,206.67,216.0,202.07,211.33,32683,190.43834091818786,186.74404273134033,78.88571377270424,195.02542112469507,188.57395357102035,6.451467553674718,3.3437290249562164,3.1077385287185013,186.247,11.485754151167932,209.21850830233586,163.27549169766417
2023-01-10,214.87,229.13,213.67,218.67,111795,193.12707035455094,187.9960410556015,82.17453635655062,198.66304864397276,190.80329034353738,7.859758300435374,4.2469348800520486,3.612823420383325,188.1805,13.46337311101247,215.10724622202494,161.25375377797505
2023-01-12,221.33,229.8,217.33,220.0,57231,195.68639698745085,189.25109826910733,82.70036148225302,201.9456565449,192.96600957734944,8.979646967550565,5.193477297551752,3.786169669998813,190.084,15.122189134200886,220.32837826840176,159.83962173159824
2023-01-17,223.33,230.67,220.73,229.33,35823,198.89054965531267,190.82281990561293,85.8530318304303,206.15863246106923,195.65963849754579,10.498993963523446,6.254580630746091,4.244413332777356,192.517,17.287304164130795,227.0916083282616,157.9423916717384
2023-01-18,233.2,235.33,223.33,229.0,37641,201.75811635480667,192.31996422303988,85.26118425378667,209.6726890055201,198.129294905135,11.543394100385115,7.312343324673897,4.231050775711218,195.1335,18.667629250714192,232.4687585014284,157.7982414985716
2023-01-19,230.0,245.33,216.07,237.33,67253,205.14591479720605,194.08506366527362,87.58732219326843,213.92765992774778,201.03305083808795,12.894609089659838,8.428796477671085,4.465812611988753,198.2,20.32306519566825,238.8461303913365,157.5538696086635
2023-01-23,233.33,237.33,222.67,222.67,49821,206.8148752927102,195.20604156075308,67.42046328739144,215.27263532347888,202.63578781304437,12.636847510434507,9.27040668422377,3.366440826210736,200.427,20.448005976648805,241.3230119532976,159.5309880467024
2023-01-24,220.67,228.0,217.33,228.0,23379,208.83250621721402,196.4920791466059,70.1146818079875,217.23069142755907,204.51461834541146,12.716073082147602,9.959539963808538,2.756533118339064,203.0935,20.389549509749784,243.87259901949957,162.31440098050044
2023-01-25,230.0,237.33,226.07,235.2,55755,211.34369610128888,198.01003682713116,73.32390643185256,219.99520043870382,206.7876095790847,13.207590859619131,10.609150142970657,2.598440716648474,206.26,20.20204106415747,246.66408212831493,165.85591787168505
2023-01-26,236.67,238.0,231.33,236.6,26649,213.74905837735662,199.5233687162633,73.91056725957314,222.54978498659554,208.9959347954488,13.55385019114675,11.198090152605877,2.3557600385408737,209.49,19.591132258190267,248.67226451638055,170.30773548361947
2023-01-29,233.33,235.33,226.67,230.67,28402,215.3605766271322,200.74480523719413,67.17204355363057,223.7990488348116,210.60142110689702,13.197627727914579,11.597997667667618,1.5996300602469606,212.08999999999997,18.716664120229357,249.52332824045868,174.65667175954127
2023-01-30,227.4,230.6,220.0,221.33,16345,215.9290931388339,201.55206777691203,58.175508448019144,223.4191951679175,211.3961306545343,12.023064513383218,11.68301103681074,0.34005347657247853,214.07649999999998,17.370226576409294,248.81695315281857,179.3360468471814
2023-01-31,224.67,228.87,218.27,225.33,21389,216.8244176018021,202.4845357072292,60.60874501230955,223.71316514208405,212.42826912456877,11.28489601751528,11.603388032951647,-0.31849201543636774,216.083,16.132736936200157,248.34847387240032,183.81752612759968
2023-02-01,228.67,228.67,219.67,222.0,5979,217.31733021115429,203.24984803243592,57.60421299073135,223.4496012740711,213.13728622645255,10.312315047618569,11.345173435885032,-1.0328583882664635,217.583,15.139802578147037,247.86260515629408,187.30339484370592
2023-02-02,218.67,225.33,213.33,217.6,16520,217.3442511434253,203.81259908998746,53.80856375084015,222.54966261652172,213.4678576170857,9.081804999436002,10.892499748595226,-1.8106947491592233,218.8665,13.886826879797901,246.64015375959582,191.09284624040419
2023-02-05,221.27,221.27,215.2,216.67,10135,217.2800367488134,204.3168108903801,53.01344353582554,221.64509913705683,213.70505334915345,7.9400457879033866,10.302008956456858,-2.361963168553471,220.00350000000003,12.609886378302043,245.2232727566041,194.78372724339596
2023-02-06,213.0,221.47,213.0,218.67,8374,217.41241420130734,204.87968105154167,54.5682370319454,221.18739157750963,214.0728271751421,7.1145644023675345,9.664520045638994,-2.54995564327146,221.2705,10.95294311565341,243.17638623130682,199.36461376869318
2023-02-07,221.33,227.8,218.67,227.8,39844,218.40170808689712,205.77851708873612,60.92484303881246,222.20471595020047,215.08965479179824,7.115061158402227,9.15462826819164,-2.039567109789413,222.677,9.776072346618431,242.22914469323686,203.12485530676312
2023-02-08,231.33,234.67,224.8,226.67,18822,219.1891644595736,206.59779092839352,59.80945017032805,222.8916827270927,215.94745814055392,6.94422458653878,8.712547531861068,-1.7683229453222875,223.977,8.315161232098303,240.6073224641966,207.3466775358034
2023-02-09,228.0,229.93,223.47,227.33,15941,219.96448213009037,207.41081873512317,60.26699643696025,223.57450076907844,216.79060938940177,6.783891379676675,8.32681630142419,-1.542924921747515,225.10999999999999,6.983080303584966,239.07616060716992,211.14383939283005
2023-02-12,223.47,223.47,215.33,218.67,20664,219.8411981177008,207.85235525531442,51.91545942859046,222.8199621892202,216.92982350870534,5.890138680514866,7.839480777242326,-1.9493420967274595,225.477,6.388296124039758,238.2535922480795,212.7004077519205
2023-02-14,216.67,222.0,214.0,214.67,7009,219.34870305887213,208.11971387275307,48.56764995073894,221.5661218524171,216.76242917472717,4.803692677689924,7.232323157331845,-2.428630479641922,225.277,6.6690653491759555,238.6151306983519,211.93886930164808
2023-02-15,211.33,222.13,211.33,216.0,9427,219.02977895802718,208.42874470127256,49.72846364748928,220.7097954135837,216.7059529395622,4.003842474021496,6.586627020669776,-2.5827845466482797,225.077,6.891903029528318,238.86080605905664,211.29319394094335
2023-02-16,214.67,218.67,208.67,208.67,16255,218.04313334297697,208.43820569337953,43.85395033026908,218.85751919610925,216.11069716626128,2.7468220298479764,5.8186660225054165,-3.07184399265744,224.044,7.719517574236646,239.4830351484733,208.60496485152672
2023-02-20,212.13,215.33,207.33,208.2,8963,217.10569207221727,208.42886429363915,43.49911582389072,217.21790085824628,215.52471959839008,1.6931812598562033,4.993569069975574,-3.3003878101193704,223.004,8.38879729162659,239.78159458325317,206.22640541674681
2023-02-22,208.73,225.67,208.13,225.33,30442,217.88895949391087,209.09165392918274,57.117876738353914,218.4659161108238,216.251036665176,2.214879445647796,4.437831145110018,-2.2229516994622225,222.404,7.712063277748822,237.82812655549765,206.97987344450235
2023-02-23,223.33,223.33,216.07,218.67,10683,217.96334430401458,209.4672753437246,51.88187738663051,218.49731363223552,216.43021913442223,2.0670944978132866,3.963683815650672,-1.8965893178373854,222.204,7.756540465955298,237.7170809319106,206.6909190680894
2023-02-26,215.0,222.0,211.53,221.87,9199,218.3354067512513,209.9536567027942,54.060941708765654,219.01618845804543,216.83316586520576,2.183022592839677,3.6075515710884734,-1.4245289782487962,221.89749999999998,7.635628313167443,237.16875662633487,206.6262433736651
2023-02-27,225.33,225.33,212.07,222.67,10459,218.74822515589403,210.4523368320964,54.61429834360064,219.5783133106538,217.26552394926458,2.3127893613892354,3.348599129148626,-1.0358097677593907,221.27100000000002,6.971912748193541,235.2148254963871,207.32717450361292
2023-02-28,218.93,228.2,218.93,225.73,21058,219.41315609342794,211.05146087789655,56.759790567894186,220.5247266474763,217.89252217524495,2.632204472231365,3.205320197765174,-0.5731157255338091,220.72750000000002,6.080773734528295,232.8890474690566,208.56595253094343
2023-03-01,229.33,235.33,222.0,226.0,17857,220.04047456072053,211.6376780983712,56.953154843332214,221.36707639401843,218.49307608818975,2.874000305828673,3.139056219377874,-0.265055913549201,220.494,5.7600981351291916,232.0141962702584,208.9738037297416
2023-03-02,227.33,227.33,215.73,220.0,20978,220.03661984065192,211.96561229059193,51.44731773907967,221.15675694878482,218.6047000816572,2.552056867127618,3.021656348927823,-0.46959948180020517,220.4275,5.757615437515676,231.94273087503137,208.91226912496865
2023-03-05,216.27,216.67,210.67,216.67,9576,219.71598937963745,212.15009808311774,48.63703307768377,220.46648664897174,218.46138896449742,2.005097684474322,2.8183446160371233,-0.8132469315628015,219.99450000000002,5.694813406675005,231.38412681335004,208.60487318665
2023-03-07,213.0,220.0,213.0,220.0,5282,219.74303801014818,212.45793737397588,51.4906626761706,220.39471947220684,218.57536015231244,1.819359319894403,2.618547556808579,-0.7991882369141763,219.89450000000002,5.675269968074615,231.24503993614925,208.5439600638508
2023-03-09,217.33,226.0,217.33,226.0,13960,220.33893915203882,212.9889986534278,56.21130603543002,221.25707032263657,219.12533347436337,2.131736848273192,2.5211854151015016,-0.3894485668283094,220.3145,5.80584775531514,231.9261955106303,208.70280448936973
2023-03-12,228.67,231.73,220.0,222.47,8029,220.54189732803513,213.3608026278032,52.946755896319225,221.4436748883848,219.37308655033647,2.0705883380483385,2.431065999690869,-0.3604776616425305,220.60449999999997,5.7588892158126255,232.12227843162523,209.0867215683747
2023-03-13,218.73,226.0,215.4,220.0,4968,220.49028805869847,213.62116330906582,50.72680137827097,221.22157105940252,219.4195245836449,1.8020464757576349,2.305262094904222,-0.5032156191465873,220.67099999999996,5.7430323001009596,232.1570646002019,209.18493539979804
2023-03-14,216.73,227.53,215.07,226.67,20518,221.07883205310816,214.1328823949848,56.08183796049787,222.0597908964175,219.95659683670823,2.103194059709267,2.2648484878652315,-0.16165442815596442,220.6145,5.674353638127364,231.9632072762547,209.26579272374528
2023-03-15,222.8,223.33,215.53,220.67,5381,221.03989566709785,214.38923994812265,50.73976030096117,221.84597691235325,220.0094415154706,1.8365353968826525,2.179185869668716,-0.34265047278606353,220.3145,5.4930649818421005,231.3006299636842,209.32837003631582
2023-03-16,217.0,230.67,213.53,230.0,11495,221.89323893689806,215.00142661682375,57.51653391618034,223.10044200276045,220.749482884695,2.3509591180654468,2.2135405193480624,0.13741859871738438,220.448,5.7010466259785995,231.85009325195722,209.0459067480428
2023-03-19,226.07,226.07,220.0,224.67,9331,222.1576923714792,215.38058635734046,53.02840550292758,223.34191246387422,221.03989155990277,2.302020903971453,2.2312365962727405,0.07078430769871247,220.748,5.760120247283102,232.2682404945662,209.2277595054338
2023-03-20,221.33,226.53,220.67,223.67,7544,222.30172166943353,215.70566140215067,52.20532027642725,223.39238746943204,221.23471440731737,2.157673062114668,2.216523889441126,-0.05885082732645808,221.198,5.609891264543601,232.41778252908722,209.9782174709128
2023-03-22,221.33,230.0,218.33,221.33,13065,222.2091767485351,215.92622370010557,50.24020434755373,223.07509708951943,221.24177259936795,1.8333244901514831,2.1398840095831977,-0.30655951943171456,221.4645,5.474940494750158,232.4143809895003,210.51461901049967
2023-03-23,217.6,229.33,211.2,229.33,34255,222.88735039153175,216.45186198637595,56.297006776317744,224.03738984497798,221.84090055497032,2.196489290007662,2.1512050656680906,0.045284224339571466,222.4975,4.8468632015705575,232.19122640314112,212.8037735968589
2023-03-26,233.2,233.2,214.27,216.0,15198,222.2314122590049,216.43414190847886,46.20497890501239,222.80086833036597,221.40824125460216,1.3926270757638122,1.999489467687235,-0.6068623919234228,222.8875,3.8464376889192664,230.58037537783852,215.19462462216146
2023-03-27,213.33,216.93,210.67,214.6,7855,221.50461109148063,216.36221477481303,45.28675849419898,221.53919627954045,220.9039270875946,0.635269191945838,1.7266454125389556,-1.0913762205931177,222.35100000000003,4.21817358830272,230.78734717660546,213.9146528233946
2023-03-28,218.2,220.0,214.13,216.67,10996,221.04417193991105,216.3742847836439,46.96497480850922,220.79008915961117,220.59030285888392,0.19978630072725423,1.4212735901766154,-1.2214872894493611,222.25100000000003,4.332197570457255,230.91539514091454,213.58660485908553
2023-03-29,213.33,218.0,213.33,216.67,3491,220.62758413611,216.38588145879513,46.96497480850922,220.15622928890178,220.29991005452214,-0.1436807656203598,1.1082827190172204,-1.2519634846375802,221.99100000000004,4.508711917820532,231.0084238356411,212.97357616435897
2023-03-30,217.33,218.6,210.4,211.07,16624,219.71733802790905,216.17741551923453,42.84198616912721,218.75834785983994,219.6162130134464,-0.8578651536064683,0.7150531444924827,-1.572918298098951,221.411,5.121268243419302,231.65353648683862,211.16846351316138
2023-04-02,211.07,218.0,205.33,208.93,9736,218.68997250144153,215.8932031459312,41.34814473234698,217.2462943429415,218.82464167911704,-1.5783473361755398,0.25637304835887825,-1.834720384534418,220.571,5.718529347195795,232.0080586943916,209.1339413056084
2023-04-03,205.6,211.87,204.67,208.67,4159,217.73568940606614,215.60994027746332,41.16036084005291,215.92686444402742,218.07244599918243,-2.145581555155019,-0.22401787234390116,-1.9215636828111176,219.7045,6.149340122921444,232.00318024584288,207.4058197541571
2023-04-04,205.4,210.67,204.67,209.33,5281,216.93514755786936,215.36366810971967,41.88191490279055,214.91196222186935,217.4248574066504,-2.5128951847810583,-0.6817933348313325,-1.8311018499497258,219.171,6.570763714324004,232.312527428648,206.029472571352
2023-04-05,209.33,212.33,205.33,206.67,5805,215.95751445711988,215.02273994855418,39.765375546639966,213.64396803388945,216.6282013024541,-2.984233268564651,-1.1422813215779963,-1.8419519469866548,218.671,7.127942716410154,232.9268854328203,204.41511456717967
2023-04-06,210.13,210.13,202.27,205.2,9930,214.93298927072752,214.6375344603756,38.60431193032387,212.3448960286757,215.78166787264269,-3.4367718439669943,-1.601179426055796,-1.8355924179111982,217.93099999999998,7.7258737540269,233.3827475080538,202.47925249194617
2023-04-09,206.67,206.67,198.0,201.33,12902,213.6374664830392,214.1156703638903,35.65293593851244,210.65029663964867,214.71117395615062,-4.060877316501944,-2.093119004145026,-1.9677583123569184,216.6975,8.316588923097843,233.33067784619567,200.0643221538043
2023-04-10,201.33,206.67,200.4,206.0,8096,212.91008872274975,213.79740878099267,41.46822147087429,209.934866387395,214.06590181125057,-4.131035423855565,-2.5007022880871337,-1.630333135768431,215.87400000000002,8.527661121933194,232.9293222438664,198.81867775613364
2023-04-11,202.73,210.8,202.73,210.0,6060,212.6329374158212,213.64849078958122,45.97211454854943,209.9448869431804,213.76472389930606,-3.8198369561256698,-2.764529221694841,-1.0553077344308286,215.37400000000002,8.566086989740082,232.5061739794802,198.24182602051985
2023-04-12,213.53,219.8,210.67,219.8,17379,213.3155148047906,213.88972644489178,55.08993092915938,211.4610581826911,214.21178138824635,-2.7507232055552606,-2.7617680184669253,0.011044812911664703,215.0305,8.220030397562232,231.47056079512444,198.59043920487554
2023-04-13,223.33,223.33,211.33,213.33,11799,213.31689434719152,213.86777638822937,49.187990273584234,211.7485876930463,214.14646424837625,-2.397876555329958,-2.688989725839532,0.29111317050957375,214.66349999999997,8.118215564234147,230.89993112846827,198.42706887153167
2023-04-16,210.07,216.8,210.0,216.8,2935,213.64861869507806,213.9827655494753,52.14889516613121,212.52572804796225,214.34302245220022,-1.8172944042379697,-2.5146506615192195,0.6973562572812497,214.00349999999997,7.30121639108711,228.6059327821742,199.40106721782576
2023-04-17,213.33,216.6,211.67,214.0,7108,213.6820835812611,213.9834414102802,49.6354837471302,212.75253911750653,214.31761338166686,-1.5650742641603301,-2.3247353820474417,0.7596611178871115,213.47000000000003,6.8571161653619965,227.18423233072403,199.75576766927603
2023-04-18,210.67,215.87,209.13,215.27,3817,213.8333137163791,214.03389468830844,50.793908203004214,213.13984079173628,214.38816053858042,-1.248319746844146,-2.1094522550067825,0.8611325081626364,213.05,6.444307157239477,225.93861431447897,200.16138568552105
2023-04-19,212.67,215.33,212.67,215.0,4754,213.94442669577157,214.07178117111988,50.52782443836131,213.42601913146916,214.43348198016704,-1.0074628486978838,-1.889054373745003,0.8815915250471191,212.7335,6.16566663062527,225.06483326125053,200.40216673874946
2023-04-20,216.6,216.6,211.4,213.33,11850,213.88590986760286,214.04269171342892,48.82417948707204,213.41124695739697,214.35174257422872,-0.940495616831754,-1.6993426223623533,0.7588470055305994,211.9335,4.7815734857896235,221.49664697157925,202.37035302842077
2023-04-23,210.0,213.27,208.0,208.67,5369,213.38915654687878,213.83199792074544,44.33234895155976,212.68182434856666,213.93087275391548,-1.249048405348816,-1.609283778959646,0.3602353736108299,211.567,4.7341592928980365,221.0353185857961,202.09868141420392
2023-04-24,205.53,210.0,205.2,208.6,3874,212.933046399557,213.6268215316966,44.266467966034945,212.05385137186408,213.53599329066247,-1.4821419187983906,-1.583855406927395,0.10171348812900427,211.267,4.721936600925997,220.710873201852,201.823126798148
2023-04-25,205.53,209.93,202.87,206.67,7824,212.33656579007538,213.35400500104183,42.395761130601535,211.22556654542345,213.02740119505785,-1.8018346496344009,-1.627451255468796,-0.17438339416560478,210.767,4.6485822400073955,220.0641644800148,201.4698355199852
2023-04-26,210.0,210.0,204.07,206.33,5004,211.7645119053063,213.0785538245304,42.05855805062981,210.47240246151216,212.53129740283134,-2.0588949413191813,-1.7137399926388732,-0.34515494868030805,210.25,4.531020565880078,219.31204113176017,201.18795886823983
2023-04-27,204.0,207.13,200.6,200.6,9264,210.70122505718192,212.58919877258802,36.75309385366647,208.95357131358722,211.64749759521422,-2.693926281627,-1.9097772504364987,-0.7841490311905015,209.7265,5.01073508106735,219.7479701621347,199.70502983786528
2023-04-30,200.0,203.33,194.13,200.0,9716,209.68206076602172,212.09550470307477,36.2376160844596,207.57609880380457,210.7847199955687,-3.208621191764138,-2.169546038702027,-1.039075153062111,209.28000000000003,5.462913238615385,220.2058264772308,198.35417352276926
2023-05-02,196.67,204.0,194.67,198.67,7006,208.63329307401963,211.56901432256203,35.0636429826628,206.2059297570654,209.88733332923027,-3.681403572164868,-2.471917545394595,-1.2094860267702727,208.78000000000003,5.956972915482946,220.69394583096593,196.86605416903413
2023-05-03,201.93,204.0,191.0,196.4,2381,207.46821754316062,210.9741510157949,33.09306160548101,204.69732517905533,208.88827160113917,-4.19094642208384,-2.8157233207324444,-1.3752231013513958,208.1335,6.56476902628183,221.26303805256367,195.00396194743632
2023-05-04,193.33,200.6,193.2,200.6,3643,206.81410158666915,210.5673215641951,39.830877400574046,204.06696745920067,208.27432555661034,-4.207358097409667,-3.094050276067889,-1.113307821341778,207.83,6.77300057892465,221.37600115784932,194.2839988421507
2023-05-07,197.27,197.27,193.4,193.4,1940,205.53656810222446,209.89409326756004,33.5866034009352,202.42589554240055,207.1725236635281,-4.746628121127543,-3.42456584507982,-1.3220622760477228,207.24,7.490145104350062,222.22029020870013,192.25970979129988
2023-05-08,191.0,193.33,187.33,190.4,4469,204.0949901877269,209.12961902177338,31.379220513970637,200.57575776664663,205.93011450326676,-5.354356736620133,-3.8105240233878828,-1.5438327132322502,206.6935,8.29910412096,223.29170824192,190.09529175808
2023-05-09,193.53,197.33,188.0,196.0,2493,203.3240387412767,208.6147320013117,39.38727224423027,199.87179503331637,205.19455046598773,-5.322755432671357,-4.112970305244578,-1.2097851274267795,206.1935,8.637426075546783,223.46835215109357,188.91864784890643
2023-05-10,192.8,198.0,191.47,197.93,1886,202.81032076591703,208.19572290322103,41.90363999666156,199.57305733588308,204.6564356166553,-5.083378280772223,-4.307051900350107,-0.7763263804221161,205.59,8.777990418625617,223.14598083725124,188.03401916274876
2023-05-11,195.33,200.4,189.13,198.67,2660,202.41600450249635,207.82216514231038,42.88276147681434,199.4341254380549,204.2129959413475,-4.7788705032925805,-4.401415620938602,-0.3774548823539785,204.5335,8.232310077404536,220.99812015480907,188.06887984519093
2023-05-14,197.4,197.4,189.67,196.33,5923,201.83638502606814,207.37149199947467,40.55519055497566,198.95656767835413,203.6290703160625,-4.672502637708362,-4.455633024292554,-0.2168696134158079,203.6835,8.15351604814627,219.99053209629255,187.37646790370746
2023-05-15,193.13,197.33,189.6,196.67,1407,201.3443483569188,206.9518256465541,41.055811384419464,198.60478803553042,203.11358362598378,-4.50879559045336,-4.466265537524716,-0.04253005292864387,202.677,7.67772725417389,218.03245450834777,187.32154549165222
2023-05-16,195.33,198.33,192.2,198.0,2875,201.0258389895932,206.60077366041472,43.075352653296385,198.51174372237188,202.73479965368867,-4.223055931316793,-4.417623616283132,0.19456768496633892,201.877,7.2579046563048255,216.39280931260967,187.36119068739035
2023-05-17,199.73,200.0,195.33,199.93,4136,200.9214733715367,206.33917469333963,45.968364445034766,198.72993699585314,202.5270367163784,-3.7970997205252672,-4.293518837131559,0.4964191166062921,201.11,6.543453940671993,214.196907881344,188.02309211865602
2023-05-18,197.0,203.33,197.0,202.67,10088,201.08799971710462,206.19528548967924,49.86399294978118,199.33610053495266,202.53762658923927,-3.201526054286603,-4.075120280562569,0.8735942262759657,200.49349999999998,5.691263179555069,211.8760263591101,189.11097364088985
2023-05-21,206.0,206.0,198.67,202.0,15497,201.1748568869042,206.03076449008398,48.934904440639365,199.74593122188304,202.49780239744376,-2.751871175560723,-3.8104704595622,1.058599284001477,199.927,4.847649566109499,209.62229913221898,190.231700867781
2023-05-22,198.67,205.33,196.67,202.6,5792,201.31058480243712,205.89622470615913,49.83631083697714,200.18501872620874,202.5053725902257,-2.3203538640169654,-3.5124471404531534,1.192093276436188,199.6235,4.444731091269358,208.51296218253873,190.73403781746129
2023-05-23,205.53,206.67,202.0,206.53,8122,201.80767196410977,205.92107863925094,55.39083162972018,201.1611696914074,202.80349313909787,-1.6423234476904724,-3.1384224019006175,1.496098954210145,199.52,4.244284081966404,208.0085681639328,191.0314318360672
2023-05-24,208.67,208.67,195.6,201.33,27452,201.76217939609933,205.7410363396725,47.842267329280574,201.18714358503703,202.69434549916468,-1.5072019141276485,-2.8121783043460242,1.3049763902183757,199.253,3.9269166959402892,207.10683339188057,191.3991666081194
2023-05-28,204.67,208.0,197.33,201.33,14704,201.72101945361368,205.56805452243046,47.84226732928057,201.20912149503133,202.59328286959692,-1.3841613745655934,-2.526574918389938,1.1424135438243446,199.00300000000001,3.5980463997493772,206.19909279949877,191.80690720050126
2023-05-30,204.67,204.67,190.6,195.67,12730,201.14473188660284,205.17989552155086,40.81993696074883,200.3569489573342,202.08044710147863,-1.723498144144429,-2.3659595635408364,0.6424614193964073,198.7565,3.651359191777928,206.05921838355584,191.45378161644413
2023-05-31,197.87,197.87,187.53,189.93,7329,200.07666218311687,204.58186040305867,35.180321949399115,198.75280296389818,201.18041398285058,-2.4276110189524047,-2.37828985462315,-0.049321164329254596,198.253,4.133347184471855,206.5196943689437,189.98630563105627
2023-06-01,193.0,196.0,189.67,193.33,4142,199.4341229275819,204.14061097548776,40.43026402159383,197.9185255848369,200.59890183597275,-2.68037625113584,-2.4387071339256883,-0.24166911721015172,197.98600000000002,4.275036965061786,206.5360739301236,189.43592606987644
2023-06-04,196.0,205.33,190.13,195.33,3853,199.04325407733603,203.7950968195863,43.33749268551553,197.5202908794774,200.20861281108589,-2.688321931608499,-2.4886300934622505,-0.19969183814624847,197.9325,4.30253643062499,206.53757286125,189.32742713875
2023-06-05,198.53,201.53,190.0,193.33,16050,198.49913464139925,203.38470086587705,41.173499063490695,196.87563074417318,199.69908593619064,-2.8234551920174624,-2.5555951131732932,-0.2678600788441692,197.56900000000002,4.371856043280836,206.3127120865617,188.82528791343833
2023-06-06,190.13,199.93,190.07,199.93,15992,198.63540753269456,203.24922240054855,50.03932352876552,197.34553370660808,199.716190681658,-2.3706569750499114,-2.518607485548617,0.14795051049870578,197.89550000000003,4.287135560698148,206.46977112139632,189.32122887860373
2023-06-07,202.67,205.87,195.47,200.4,22375,198.80346395815224,203.13748818876235,50.6101738045684,197.81545159789914,199.76684322375738,-1.9513916258582356,-2.405164313610541,0.4537726877523056,198.3955,3.9356741882176185,206.26684837643523,190.52415162356476
2023-06-08,197.07,202.0,194.07,200.0,10421,198.91741977166154,203.01444943626186,50.08566334648211,198.15153596745313,199.78411409607165,-1.632578128618519,-2.250647076612137,0.6180689479936179,198.5955,3.90907914179989,206.41365828359977,190.7773417164002
2023-06-11,203.33,205.33,199.47,204.67,11838,199.46528455531282,203.079372987781,55.83990263583622,199.15437658784495,200.14603157043672,-0.9916549825917684,-1.9988486578080633,1.0071936752162949,198.9325,4.132810786863188,207.19812157372638,190.66687842627363
2023-06-12,207.33,207.33,200.0,203.33,8593,199.83335269290208,203.08920149806409,53.919120897099994,199.79678018971498,200.3818810837377,-0.5851008940227302,-1.7160991050509966,1.1309982110282664,199.1655,4.247015639495327,207.65953127899067,190.67146872100935
2023-06-13,206.0,206.0,200.07,205.6,20938,200.38255719833998,203.18766418441453,56.64011281347139,200.68958323745113,200.76840841086823,-0.07882517341710127,-1.3886443187242175,1.3098191453071162,199.62900000000002,4.423452926107179,208.47590585221437,190.78209414778567
2023-06-14,208.0,210.8,201.47,209.93,55743,201.29183746516475,203.4520695105159,61.33062598746598,202.11118581630478,201.447044824878,0.6641409914267911,-0.9780872566940159,1.6422282481208068,200.292,4.9222123823393025,210.1364247646786,190.4475752353214
2023-06-15,206.67,209.33,203.6,206.67,20876,201.80404342086334,203.5782628630447,56.3851160151108,202.8125418445656,201.83393039340552,0.9786114511600772,-0.5867475151231972,1.5653589662832745,200.7255,5.088700045975083,210.9029000919502,190.54809990804983
2023-06-18,210.0,210.07,204.93,208.67,22849,202.4579440474478,203.77793882919983,58.59120659124241,203.71368925309395,202.3403059198199,1.3733833332740346,-0.19472134544375086,1.5681046787177855,201.1625,5.383529340303313,211.92955868060662,190.39544131939337
2023-06-19,206.67,210.0,203.4,206.67,14282,202.85909223340514,203.8913529927606,55.564497426549956,204.1685062910795,202.66102399983328,1.5074822912462196,0.14571938189424322,1.3617629093519763,201.3625,5.5151722547905795,212.39284450958118,190.33215549041884
2023-06-20,207.33,210.13,200.0,203.27,7359,202.8982263064142,203.86698620873076,50.76358140680295,204.03027455399035,202.70613333317897,1.3241412208113843,0.38140374967767143,0.9427374711337129,201.42600000000002,5.530189299130935,212.4863785982619,190.36562140173814
2023-06-21,200.07,203.13,196.67,198.4,21479,202.4698238010414,203.65259459270212,44.79354620367857,203.16407846876106,202.38716049368423,0.7769179750768274,0.46050659475750266,0.3164113803193247,201.21599999999998,5.562909500007619,212.34181900001522,190.09018099998474
2023-06-22,195.33,203.33,195.33,195.33,15209,201.7898405818946,203.3262183341648,41.481663835681196,201.95883562741318,201.86440786452246,0.0944277628907173,0.3872908283841456,-0.2928630654934283,200.656,5.563545253656677,211.78309050731337,189.52890949268664
2023-06-25,195.33,206.67,193.33,199.33,10945,201.55557005028558,203.16950388968775,46.981998439949535,201.55439937704193,201.6766739486319,-0.12227457158996913,0.2853777483893226,-0.40765231997929174,200.556,5.568764769016884,211.69352953803377,189.41847046196625
2023-06-26,196.8,203.33,196.67,199.33,26889,201.34361099787745,203.01893510969998,46.981998439949535,201.21218408826627,201.50284624873322,-0.29066216046695104,0.17016976661806787,-0.4608319270850189,200.456,5.572090602657377,211.60018120531475,189.31181879468522
2023-06-27,202.6,206.67,196.67,204.0,16311,201.596600426651,203.05740824265294,52.96775568224013,201.64107884391763,201.68782060067892,-0.04674175676129266,0.12678746194219578,-0.17352921870348845,200.8725,5.506457333752167,211.88541466750434,189.85958533249567
2023-06-28,201.33,207.4,198.0,207.4,17729,202.14930514792235,203.22770595862733,56.79249349885866,202.52706671408416,202.11094500062865,0.4161217134555102,0.18465431224485868,0.2314674012106515,201.746,5.045635320699009,211.83727064139802,191.654729358602
2023-07-02,206.67,206.67,197.33,200.67,10126,202.00841894335832,203.12740376417136,48.40195720050698,202.2413641426866,202.00420833391541,0.2371558087711776,0.19515461155012248,0.04200119722105511,202.113,4.652929015261702,211.4188580305234,192.8071419694766
2023-07-03,197.4,200.67,195.33,196.0,10560,201.43618856780037,202.84789773420385,43.58949710074818,201.28115427458096,201.55945216103277,-0.27829788645181,0.100464111949736,-0.378761998401546,202.1465,4.603673904726988,211.35384780945398,192.93915219054603
2023-07-04,194.87,196.67,194.0,196.67,3280,200.98226584705748,202.60562723482332,44.44296247032642,200.57174592464543,201.19727051947478,-0.6255245948293577,-0.04473362940608275,-0.580790965423275,202.3135,4.318784277037985,210.951068554076,193.67593144592402
2023-07-05,194.0,194.0,190.47,193.27,4252,200.24776433781392,202.23952420600673,41.048925826099435,199.44840039777688,200.61006529581,-1.1616648980331092,-0.26811988313148805,-0.8935450149016212,201.98049999999998,4.747698029462177,211.47589605892432,192.48510394107564
2023-07-06,190.13,199.2,187.13,197.93,3924,200.02702487706975,202.07052325675156,47.02079946850971,199.21480033658042,200.4115419405648,-1.1967416039843783,-0.45384422730206614,-0.7428973766823121,201.85700000000003,4.822510920564005,211.50202184112803,192.21197815887203
2023-07-09,195.33,198.53,190.93,192.0,6471,199.2625463173488,201.67560077609463,41.2888177721213,198.1048310540296,199.78846475978224,-1.6836337057526407,-0.6998021229921811,-0.9838315827604596,201.45700000000002,5.293429989396613,212.04385997879325,190.8701400212068
2023-07-10,193.33,193.33,184.73,184.73,12825,197.8784942871251,201.0110674123262,35.564816074084476,196.04716473802506,198.6730229257243,-2.6258581876992366,-1.0850133359335923,-1.5408448517656443,200.46,6.415345911009549,213.2906918220191,187.6293081779809
2023-07-11,187.33,199.33,183.33,199.33,12085,198.01673292644654,200.94514320007812,50.427868968303855,196.55221631679044,198.72168789418916,-2.169471577398724,-1.3019049842266186,-0.8675665931721055,200.26000000000002,6.383434976975595,213.0268699539512,187.49313004604883
2023-07-12,202.6,212.8,186.67,212.8,26903,199.42466312392781,201.4100395451731,59.670700767889805,199.0518753449765,199.76452582795292,-0.7126504829764144,-1.1840540839765779,0.47140360100016343,200.61999999999998,6.883850666597307,214.3877013331946,186.85229866680535
2023-07-13,210.0,210.0,198.67,206.67,33282,200.11469520736324,201.6163125041859,54.67460581588395,200.22389452267242,200.27604243328972,-0.05214791061729329,-0.957672849304721,0.9055249386874277,200.457,6.6875989712311705,213.83219794246233,187.08180205753766
2023-07-16,203.33,205.33,196.33,196.33,8415,199.75424804475722,201.40900613147272,47.456691090027384,199.62483382687665,199.9837429937868,-0.35890916691013786,-0.8379201128258044,0.4790109459156665,199.94,6.5808358131784725,213.10167162635693,186.77832837364306
2023-07-17,193.73,199.27,193.73,198.6,6130,199.64431965954225,201.29884902827771,49.047015465779644,199.46716708428025,199.88124351276554,-0.4140764284852878,-0.7531513759577011,0.3390749474724133,199.4365,6.2549056747494225,211.94631134949884,186.92668865050115
2023-07-18,201.87,212.07,188.93,196.67,6013,199.36105112053824,201.11732553697271,47.72442574439436,199.03683368669866,199.64337362293105,-0.6065399362323944,-0.7238290880126399,0.11728915178024546,198.93650000000002,6.0423202889036665,211.02114057780736,186.8518594221927
2023-07-19,199.93,206.47,190.2,192.07,14339,198.6666652995346,200.76252845709143,44.63502966196878,197.96501311951425,199.08238298419542,-1.1173698646811658,-0.8025372433463451,-0.3148326213348207,198.3765,6.137806289925125,210.65211257985024,186.10088742014975
2023-07-20,195.2,207.93,190.07,207.93,12040,199.54888765195986,201.04360577249963,55.36380360213122,199.49808802420438,199.73776202240316,-0.2396739981987821,-0.6899645943168325,0.45029059611805045,198.853,6.499021869725522,211.85104373945106,185.85495626054896
2023-07-23,204.47,225.33,194.73,225.33,46958,202.00423168510656,201.99601338926436,63.67948387711623,203.47222832817295,201.633483354077,1.8387449740959596,-0.1842226806342741,2.0229676547302335,200.353,8.724220429658768,217.80144085931755,182.90455914068247
2023-07-24,229.13,229.13,210.8,213.33,56217,203.082876286525,202.44048345243047,55.93940906166471,204.9888085853771,202.4998919945157,2.488916590861379,0.3504051736648566,2.1385114171965225,201.053,9.187189078162417,219.42737815632483,182.67862184367516
2023-07-25,210.67,213.33,203.87,206.67,30631,203.42450711637974,202.6063468464528,52.1507636336393,205.247453418396,202.80878888381085,2.4386645345851434,0.768057045848914,1.6706074887362294,201.42000000000002,9.261046320334456,219.94209264066893,182.8979073593311
2023-07-26,206.0,206.67,200.0,202.0,20266,203.28883977196264,202.58256853874877,49.6133460732996,204.74784520018125,202.74887859612116,1.9989666040600866,1.0142389574911486,0.9847276465689381,201.32,9.242500800792152,219.8050016015843,182.83499839841568
2023-07-27,198.93,205.33,194.93,195.33,21604,202.53085503177573,202.29815408624881,46.158885650313955,203.2989459386149,202.19933203344553,1.0996139051693774,1.0313139470267945,0.06829995814258294,200.7165,9.21863688690707,219.15377377381412,182.27922622618587
2023-07-30,193.33,199.2,193.33,196.6,15806,201.9660116954161,202.07469706325867,46.91676772132196,202.26833887113568,201.78456669763474,0.48377217350093815,0.9218055923216233,-0.43803341882068514,200.51299999999998,9.26452549414114,219.04205098828226,181.9839490117177
2023-07-31,194.73,202.0,193.4,193.53,10472,201.16258201013838,201.7396109039152,45.258306834131595,200.9239790448071,201.17311731262475,-0.24913826781764215,0.6876168202937702,-0.9367550881114124,200.38950000000003,9.34397440234032,219.07744880468067,181.70155119531938
2023-08-01,192.0,197.87,189.33,191.53,12748,200.24519324726805,201.33923400572246,44.16305851379238,199.47875149945216,200.45881232650441,-0.980060827052256,0.3540812908245651,-1.3341421178768211,200.1325,9.520676598580014,219.17385319716,181.09114680283997
2023-08-02,189.33,194.53,189.33,190.0,12282,199.26946055705204,200.8945581623608,43.299789413604294,198.02048203799797,199.6840854875041,-1.6636034495061267,-0.0494556572415733,-1.6141477922645535,199.969,9.671611687386505,219.312223374773,180.625776625227
2023-08-03,193.13,196.27,187.33,190.0,11077,198.38665478971376,200.46732058736626,43.299789413604294,196.7865617244598,198.96674582176306,-2.180184097303254,-0.47560134525390946,-1.7045827520493446,199.5725,9.918989164861708,219.41047832972342,179.73452167027656
2023-08-06,190.0,193.13,187.33,191.0,12301,197.68316385736006,200.0960531133519,44.12765886722968,195.8963214591583,198.37661650163247,-2.4802950424741823,-0.8765400846979641,-1.6037549577762182,199.52249999999998,9.961598833309935,219.44569766661985,179.5993023333801
2023-08-07,188.67,193.33,188.67,189.33,5193,196.88762444237338,199.673854952044,42.99855928828983,194.88611815774934,197.7064967607708,-2.820378603021453,-1.265307788362662,-1.555070814658791,199.7525,9.65032471501739,219.05314943003478,180.45185056996522
2023-08-08,188.0,188.67,183.0,183.33,24291,195.5964221145283,199.03291946372855,39.12512202738465,193.1082538257879,196.64157107478778,-3.5333172489998788,-1.7189096804901054,-1.8144075685097734,198.95250000000001,10.326681270023007,219.60586254004602,178.299137459954
2023-08-09,183.33,189.27,180.33,187.33,8761,194.80914381790657,198.57398144554313,42.823038668566966,192.2192916987436,195.95182506924795,-3.732533370504342,-2.121634418492953,-1.610898952011389,197.679,10.097054755563855,217.87310951112772,177.48489048887228
2023-08-10,184.33,198.4,184.33,192.67,6282,194.6054158352488,198.3424527614042,47.415472798675424,192.28863143739844,195.70872691597032,-3.4200954785718807,-2.3813266305087386,-1.038768848063142,196.979,9.924747855739845,216.82849571147972,177.1295042885203
2023-08-13,189.6,202.27,187.4,192.4,3679,194.3953762318918,198.10941539821187,47.209004254482615,192.30576506241405,195.46363603330585,-3.1578709708917927,-2.5366354985853494,-0.6212354723064433,196.78249999999997,9.97704094672585,216.73658189345167,176.82841810654827
2023-08-14,189.33,195.47,187.0,189.33,1847,193.9129594479021,197.765124598282,44.819226772614414,191.8479550528119,195.00929262343135,-3.1613375706194518,-2.66157591299217,-0.49976165762728186,196.31900000000002,10.102697346957555,216.52439469391513,176.1136053060849
2023-08-15,186.67,188.67,184.73,187.33,5750,193.2860109290543,197.35590402580036,43.28207414240731,191.15288504468697,194.4404561328068,-3.287571088119819,-2.7867749480176998,-0.500796140102119,195.852,10.299572091265278,216.45114418253056,175.25285581746945
2023-08-16,184.27,188.87,181.27,184.6,4661,192.45877179295388,196.85567249537684,41.204690881184504,190.1447488839659,193.7115334563026,-3.566784572336701,-2.9427768728815002,-0.6240076994552006,195.4785,10.575683267711836,216.62986653542367,174.32713346457632
2023-08-17,181.6,199.33,181.6,199.33,9851,193.11317447933922,196.95270494653852,54.02630625997959,191.55786444027885,194.12771616324312,-2.569851722964273,-2.868191842898055,0.2983401199337816,195.04850000000002,10.211326670341801,215.47115334068363,174.6258466593164
2023-08-20,196.07,202.67,186.67,188.07,7587,192.63287214797356,196.60436357608603,45.803516032919134,191.0212699110052,193.67899644744733,-2.6577265364421407,-2.8260987816068726,0.16837224516473182,193.1855,7.410758520024665,208.00701704004933,178.36398295995065
2023-08-21,186.67,194.27,183.73,186.67,5835,192.06497956245227,196.2147806907493,44.888717496943556,190.35184377085056,193.1598115254142,-2.8079677545636343,-2.822472576198225,0.014504821634590659,191.85250000000002,5.824542335760435,203.5015846715209,180.20341532847914
2023-08-22,183.6,189.33,183.6,189.27,3601,191.7987910326949,195.94243634993563,47.005552499456854,190.18540626764278,192.8716773383465,-2.686271070703725,-2.795232275099325,0.10896120439559986,190.98250000000002,4.682293494478335,200.34708698895668,181.61791301104336
2023-08-23,186.73,204.0,186.73,204.0,14311,192.960810934343,196.25841923817345,57.066837531735125,192.31072838031312,193.69599753550602,-1.3852691551929013,-2.5132396511180404,1.127970495925139,191.0825,4.944021243142536,200.97054248628507,181.19445751371495
2023-08-24,201.33,201.33,190.13,192.0,13946,192.86930513107222,196.09142240530392,48.91865459980601,192.26292401411112,193.5703680884315,-1.3074440743203866,-2.27208053575851,0.9646364614381233,190.916,4.848600883381605,200.6132017667632,181.21879823323678
2023-08-27,188.87,189.33,181.67,182.0,10749,191.83413321382727,195.53881760509591,43.36226872589582,190.6840126273248,192.71330378558474,-2.0292911582599515,-2.2235226602587983,0.19423150199884676,190.186,5.042967380423272,200.27193476084656,180.10006523915345
2023-08-28,182.0,187.33,181.33,183.07,6330,190.99945386012945,195.0498443656804,44.09398862182935,189.51262606927483,191.99898498665252,-2.486358917377686,-2.276089911682576,-0.21026900569510998,189.66299999999998,5.217296234642347,200.09759246928468,179.2284075307153
2023-08-29,181.4,184.93,181.4,182.67,6490,190.2061725401171,194.56436027290863,43.865835551006114,188.45991436630945,191.30794906171528,-2.848034695405829,-2.390478868427227,-0.4575558269786022,189.22,5.422539704061051,200.0650794081221,178.3749205918779
2023-08-30,179.73,190.53,179.73,183.33,7787,189.55129896486787,194.12379712495144,44.377244192748535,187.6706967714926,190.71698987195862,-3.0462931004660163,-2.521641714834985,-0.5246513856310315,188.8865,5.575010290291433,200.03652058058287,177.73647941941715
2023-09-03,180.33,180.33,168.33,168.33,16803,187.53022287297568,193.11227566907098,36.28605187696705,184.69520496049375,189.05869432588761,-4.3634893653938605,-2.89001124494676,-1.4734781204471004,187.803,7.212505295082445,202.2280105901649,173.3779894098351
2023-09-04,165.67,165.67,154.87,154.87,20712,184.41972545650182,191.61257858400938,30.850401666831615,180.10671188964858,186.52619844989593,-6.41948656024735,-3.595906308006878,-2.823580252240472,185.99650000000003,10.253310774677553,206.50312154935514,165.4898784506449
2023-09-05,152.47,152.47,142.73,142.73,12548,180.44927541302545,189.6956147179698,26.931765684249257,174.35644852201034,183.2820356017555,-8.925587079745156,-4.661842462354533,-4.263744617390623,183.6665,14.04836955327119,211.7632391065424,155.56976089345764
2023-09-07,140.6,140.6,131.8,134.67,406286,176.08934442130874,187.53774747412785,24.689498286513412,168.25084105708567,179.68114407569954,-11.43030301861387,-6.0155345736064,-5.41476844500747,181.2335,17.817689399199043,216.86887879839807,145.5981212016019
2023-09-10,136.67,136.67,132.67,132.67,123377,171.95416876213648,185.38607110259343,24.152147408321014,162.7768655098417,176.1988371071292,-13.421971597287495,-7.49682197834262,-5.925149618944875,178.5005,20.779280539442567,220.05906107888512,136.94193892111485
2023-09-11,132.67,134.67,130.67,132.67,130694,168.21281935621872,183.31877419660938,24.152147408321014,158.14504004678915,172.9744788028974,-14.82943875610826,-8.963345333895749,-5.866093422212511,175.5005,22.853597545889542,221.20769509177907,129.7933049082209
2023-09-12,134.0,134.0,131.0,133.27,66704,164.8849317984836,181.35607716929135,24.722184775875377,154.3181108088216,170.0334062989791,-15.715295490157501,-10.3137353651481,-5.401560125009402,172.544,24.329379770146527,221.20275954029307,123.88524045970695
2023-09-13,132.67,142.73,131.33,139.53,143681,162.4701763891042,179.71583884892698,30.583941035130493,152.04301683823365,167.77389472127692,-15.730877883043263,-11.397163868727134,-4.333714014316129,170.054,25.058466454526837,220.17093290905368,119.93706709094633
2023-09-17,137.47,138.67,132.73,133.33,75626,159.6949214949038,177.89678634504747,28.2386002552972,149.1640911708131,165.22249511229344,-16.05840394148035,-12.329411883277777,-3.7289920582025733,167.35399999999998,25.99088917293934,219.33577834587868,115.3722216541213
2023-09-18,132.0,136.67,131.33,135.33,103241,157.37445278110346,176.227500606026,30.100722480760865,147.03576945222648,163.00823621508653,-15.972466762860051,-13.058022859194232,-2.91444390366582,164.8905,26.598115777151442,218.0867315543029,111.69426844569712
2023-09-19,137.33,138.87,134.0,138.67,106466,155.59307632576028,174.7546574450054,33.217330693538415,145.7487279980378,161.2054039028579,-15.456675904820116,-13.537753468319409,-1.9189224365007078,161.85750000000002,25.914016909163983,213.685533818328,110.02946618167205
2023-09-21,140.0,147.73,139.47,146.67,210053,154.74325953283073,173.653298329515,40.10579670366853,145.89046215218582,160.12870731746102,-14.238245165275202,-13.677851807710567,-0.5603933575646352,159.7875,25.35750296419116,210.5025059283823,109.07249407161768
2023-09-24,147.33,154.0,143.33,145.93,167984,153.90390148208496,172.5661101597301,39.69789767601448,145.89654489800338,159.07695121987132,-13.180406321867935,-13.578362710542041,0.3979563886741069,157.7505,24.712483841807465,207.17546768361493,108.32553231638505
2023-09-25,147.27,149.8,142.73,144.2,80216,152.97972038855306,171.45371368287795,38.706765733907794,145.63553799061825,157.97495483321418,-12.339416842595938,-13.330573536952821,0.9911566943568832,155.49699999999999,23.72207745850655,202.94115491701308,108.05284508298689
2023-09-26,146.0,152.8,146.0,147.33,150669,152.44165178011943,170.5076856953141,41.55011708260471,145.89622445360007,157.18643966038348,-11.290215206783415,-12.92250187091894,1.632286664135524,152.6635,20.83214451274799,194.32778902549597,110.99921097450402
2023-09-27,149.33,149.33,143.33,144.07,135240,151.64435161058424,169.47091370726258,39.49508328141482,145.6152668453539,156.2148515373921,-10.599584692038206,-12.457918435142794,1.8583337431045877,150.267,18.718426637660812,187.70385327532162,112.83014672467837
2023-10-01,146.0,146.0,140.0,141.27,98650,150.65631812386192,168.36499552266406,37.76730569501723,144.946764253761,155.10782549758525,-10.161061243824264,-11.998546996879089,1.8374857530548248,148.23049999999998,17.241666934615886,182.71383386923173,113.7471661307682
2023-10-02,140.0,143.27,139.6,143.27,92052,149.95285925492269,167.38087805118704,39.79333634476615,144.68880052241315,154.23094953480117,-9.542149012388023,-11.507267399980876,1.9651183875928524,146.2405,15.182816282336232,176.60613256467246,115.87486743532753
2023-10-03,145.33,145.33,140.0,140.33,43835,149.03639646873958,166.32005930408167,37.84297664242432,144.01821582665727,153.20124956926034,-9.183033742603072,-11.042420668505315,1.8593869259022426,144.1235,12.561495165365073,169.24649033073015,119.00050966926986
2023-10-04,138.67,143.67,138.67,142.0,58093,148.36626347171676,165.36633148823532,39.65231099985079,143.7077210840946,152.37152737894473,-8.663806294850133,-10.566697793774278,1.902891498924145,142.05700000000002,8.522364448290757,159.10172889658153,125.0122711034185
2023-10-05,142.07,142.67,139.93,140.67,47508,147.63328599821992,164.3978479004614,38.68646578747627,143.24037937884927,151.50474757309698,-8.264368194247709,-10.106231873868964,1.8418636796212553,140.674,5.864176165948609,152.40235233189722,128.9456476681028
2023-10-08,142.0,142.0,136.0,136.73,66506,146.59487780791324,163.31283425730606,35.896967770741014,142.238782551334,150.41032182694164,-8.171539275607643,-9.7192933542167,1.5477540786090582,139.767,4.871822419200763,149.51064483840153,130.02335516159846
2023-10-09,138.67,139.53,135.0,136.33,34055,145.6172703976358,162.25468389427445,35.61618987730303,141.329739081898,149.36733502494596,-8.037595943047961,-9.382953871982954,1.3453579289349928,139.44699999999997,4.877143361480954,149.20128672296187,129.69271327703808
2023-10-10,138.0,138.67,134.67,136.0,37032,144.70133988357526,161.22508844744019,35.37038889560924,140.50977922314445,148.37716206013516,-7.867382836990714,-9.079839664984506,1.2124568279937922,139.51350000000002,4.817280598889556,149.14806119777913,129.87893880222092
2023-10-11,134.07,138.0,133.67,134.6,44102,143.73930751371094,160.1809673318543,34.28922241964102,139.60058241958376,147.3566315371622,-7.756049117578442,-8.815081555503294,1.0590324379248521,139.61,4.690642420373368,148.99128484074674,130.22871515925328
2023-10-12,135.33,135.8,133.67,134.07,43035,142.8184210838337,159.15700782864434,33.86717214365828,138.74972358580163,146.37243660848353,-7.622713022681893,-8.576607848939014,0.9538948262571214,139.68,4.591011813718284,148.86202362743657,130.49797637256344
2023-10-16,134.67,134.67,132.0,132.13,40819,141.80047621870668,158.09712516869752,32.299989969761285,137.73130457260137,145.31744130415143,-7.586136731550056,-8.378513625461224,0.7923768939111682,139.623,4.680979542115183,148.98495908423035,130.26104091576963
2023-10-17,132.0,138.6,132.0,134.07,43874,141.06424038835365,157.1548849660035,35.51360133766286,137.16802694604732,144.48429750384392,-7.316270557796599,-8.1660650119283,0.8497944541317004,139.35,4.8430981819509595,149.03619636390192,129.66380363609807
2023-10-18,132.07,137.93,132.07,135.33,58708,140.5181222561295,156.29900712419945,37.58584682699267,136.88525356973236,143.80620139244806,-6.9209478227157035,-7.917041574085781,0.9960937513700774,139.45,4.731620396752475,148.91324079350494,129.98675920649504
2023-10-19,134.07,135.93,133.0,134.0,41951,139.89734870792668,155.4245362565838,36.26125612317249,136.44136840515816,143.07981610411858,-6.6384476989604195,-7.661322799060709,1.0228751001002898,139.3835,4.801403605089252,148.9863072101785,129.7806927898215
2023-10-29,132.07,134.6,131.53,133.33,43147,139.2718869262194,154.5580838543648,35.58098324940198,135.96269634282612,142.35760750381348,-6.394911160987363,-7.408040471446041,1.0131293104586785,139.1165,4.988017510417064,149.09253502083413,129.14046497916587
2023-10-30,133.33,133.33,131.07,133.27,16457,138.70027864753183,153.72325703654658,35.516724193138515,135.54843536700673,141.6844513924199,-6.13601602541317,-7.153635582239467,1.017619556826297,138.4465,4.817043507994458,148.0805870159889,128.81241298401108
2023-10-31,133.0,133.33,131.2,132.33,20155,138.093585443005,152.88430578021143,34.4665167794942,135.05329146439033,140.99152906705547,-5.93823760266514,-6.910555986324602,0.972318383659462,137.7665,4.662476499166519,147.09145299833304,128.44154700166698
2023-11-01,130.73,133.33,130.47,131.33,55381,137.4494344484331,152.03903888686983,33.33716894684781,134.48047739294566,140.27586024727356,-5.795382854327897,-6.687521359925261,0.8921385055973641,137.123,4.615715830897305,146.3544316617946,127.89156833820537
2023-11-02,130.07,133.93,128.67,128.67,30072,136.61329783429662,151.12260598934552,30.47653531272057,133.58655779403094,139.41616689562366,-5.829609101592723,-6.515938908258754,0.6863298066660306,136.19,4.320406900916965,144.83081380183393,127.54918619816607
2023-11-05,126.8,128.73,126.67,127.33,31357,135.72917423103027,150.18956261721434,29.120890188550433,132.6240104411031,138.5208952737256,-5.896884832622504,-6.392128093131504,0.4952432605089996,135.353,4.334963242728468,144.02292648545694,126.68307351454307
2023-11-06,129.2,129.8,126.27,126.27,44688,134.82830049474165,149.25154055379414,28.057682827082346,131.6464703732411,137.61342154974594,-5.9669511765048355,-6.30709270980617,0.3401415333013347,134.603,4.549645561673973,143.70229112334795,125.50370887665207
2023-11-07,128.0,129.33,125.67,125.73,27038,133.96179568571864,148.3291271987434,27.50671699712953,130.73624416197325,136.73316810161663,-5.996923939643381,-6.2450589557736125,0.2481350161302318,133.726,4.481052977759962,142.68810595551992,124.76389404448008
2023-11-08,127.0,128.6,126.53,127.27,16356,133.3244818108883,147.5032790733025,31.630062182160742,130.20297582936198,136.03219268668207,-5.829216857320091,-6.161890536082908,0.3326736787628173,133.073,4.419191519297209,141.91138303859444,124.23461696140559
2023-11-09,129.13,129.33,126.4,127.27,30219,132.7478644955656,146.7098171488593,31.630062182160742,129.7517487786909,135.38314137655746,-5.631392597866551,-6.055790948439638,0.42439835057308706,132.3365,4.066491148788582,140.46948229757717,124.20351770242283
2023-11-20,128.0,129.8,127.07,127.4,68881,132.2385440674165,145.9525694175315,32.008676833809815,129.38994127427694,134.79179757088653,-5.401856296609594,-5.92500401807363,0.5231477214640359,131.673,3.7014067027233706,139.07581340544675,124.27018659455327
2023-11-21,126.0,129.07,125.33,127.13,110448,131.75201606099589,145.2144294403734,31.617062264012503,129.04225800131124,134.22425701008012,-5.181999008768884,-5.776403016212681,0.5944040074437975,131.193,3.6329299470287375,138.4588598940575,123.92714010594254
2023-11-22,128.93,130.87,126.07,130.67,63398,131.6489669123296,144.644059658398,41.69004336295252,129.29267984726334,133.96097871303715,-4.6682988657738065,-5.554782186124906,0.8864833203510996,130.91,3.426279246311147,137.7625584926223,124.0574415073777
2023-11-23,128.8,138.0,126.87,134.0,136589,131.87287482544107,144.2266455541471,49.261410559681984,130.01688294768437,133.9638691787381,-3.946986231053728,-5.233222995110671,1.2862367640569428,130.81,3.2966362441637505,137.4032724883275,124.2167275116725
2023-11-26,134.0,138.67,132.33,135.27,147692,132.19641055635145,143.8754045520237,51.83032408836912,130.82505480188678,134.06061960994268,-3.235564808055898,-4.833691357699717,1.598126549643819,130.8435,3.3402919428062248,137.52408388561247,124.16291611438756
2023-11-27,135.33,135.87,131.33,133.87,62726,132.35580002717512,143.48303574606197,48.89162852120432,131.29350790928882,134.04649963883583,-2.7529917295470057,-4.417551432069175,1.664559702522169,130.83350000000002,3.330408975994798,137.49431795198961,124.17268204801042
2023-11-28,133.33,133.73,131.0,131.2,33865,132.24572383411083,143.00134806974583,43.79205446831557,131.27912207709053,133.83564781373687,-2.5565257366463356,-4.045346292984608,1.488820556338272,130.787,3.3178228435332313,137.42264568706648,124.15135431293355
2023-11-29,131.73,131.73,130.0,130.0,29435,132.0318453737193,142.49149128269698,41.6875011604834,131.08233406523044,133.55152575346006,-2.469191688229614,-3.7301153720336093,1.2609236838039952,130.58350000000002,3.2295026095796087,137.04250521915924,124.12449478084079
2023-11-30,128.07,131.07,127.33,128.33,67109,131.6792886714603,141.93613868337553,38.88667996145699,130.65889805519498,133.1647460680186,-2.5058480128236056,-3.4852619001916088,0.9794138873680032,130.2335,3.063048490091199,136.3595969801824,124.1074030198176
2023-12-03,126.47,128.6,126.47,127.67,45499,131.29745165513077,141.37668226441963,37.80562423240014,130.19906758516498,132.75772784075795,-2.5586602555929687,-3.299941571271881,0.7412813156789122,129.917,2.9792671299494775,135.87553425989896,123.95846574010105
2023-12-04,127.2,129.07,126.33,127.33,30525,130.9195991165469,140.82583197954042,37.23140685826084,129.7576725720627,132.35567392662773,-2.598001354565042,-3.1595535279305134,0.5615521733654711,129.61700000000002,2.918981617658637,135.45496323531728,123.77903676468274
2023-12-05,126.0,131.33,126.0,130.0,114866,130.83201824830434,140.40128954897023,44.3763157354852,129.79495371482227,132.18117956169235,-2.386225846870076,-3.004887991718426,0.6186621448483502,129.45350000000002,2.792435788267563,135.03837157653516,123.8686284234649
2023-12-06,130.0,132.0,127.33,130.0,39108,130.7527784151325,139.99339584116748,44.37631573548521,129.82649929715728,132.01961070527068,-2.1931114081133956,-2.84253267499742,0.6494212668840245,129.33700000000002,2.7136033530922123,134.76420670618444,123.9097932938156
2023-12-07,130.67,132.0,128.67,131.33,31352,130.8077518994056,139.6536548277884,47.80844979088516,130.05780709759463,131.96852843080617,-1.9107213332115407,-2.656170406640244,0.7454490734287034,129.337,2.7136033530922123,134.7642067061844,123.90979329381557
2023-12-10,129.4,138.73,129.4,137.33,21129,131.42891838517647,139.56253110905158,59.845562577072606,131.176606005657,132.3656744729687,-1.1890684673116994,-2.3627500187745354,1.173681551462836,129.77,3.2412034801935037,136.25240696038702,123.287593039613
2023-12-11,139.33,142.67,132.0,136.33,264774,131.8956880627787,139.43576518320643,57.46668700504127,131.96943585094053,132.65932821571175,-0.6898923647712252,-2.0281784879738733,1.3382861232026482,130.22,3.4991171818974545,137.21823436379492,123.22176563620509
2023-12-12,138.0,139.33,135.27,138.6,173304,132.53419396156167,139.40299007798265,61.23375966658495,132.98952264310353,133.09937797751087,-0.1098553344073423,-1.6445138572605673,1.534658522853225,130.83650000000003,3.8364803977243964,138.50946079544883,123.16353920455124
2023-12-13,140.67,143.47,136.67,139.8,166086,133.226175489032,139.41855909453236,63.09458231117304,134.03728839031837,133.5957203495471,0.44156804077127276,-1.2272974776541994,1.6688655184254721,131.54000000000002,4.129628503747709,139.79925700749544,123.2807429925046
2023-12-14,139.73,141.87,138.13,141.0,117723,133.9665397281718,139.48057638494285,64.90858077494995,135.10847479180785,134.1441855088399,0.9642892829679397,-0.7889801255297717,1.7532694084977114,132.2265,4.506462348090229,141.23942469618044,123.21357530381952
2023-12-17,139.33,149.0,138.67,148.67,208697,135.3668692778697,139.84094593847453,73.77977374264209,137.19486328537587,135.22017176744436,1.974691517931518,-0.2362457968375138,2.2109373147690317,133.29649999999998,5.660480056823987,144.61746011364795,121.97553988635201
2023-12-18,150.93,154.67,148.73,150.67,480770,136.82431029902497,140.26561472520103,75.517779509696,139.26796124147188,136.3646034883744,2.903357753097481,0.3916749131494852,2.511682839947996,134.46,6.683738317345655,147.82747663469132,121.0925233653087
2023-12-19,151.33,152.93,147.6,151.33,167056,138.2058045562607,140.69951218695786,76.08122554218083,141.12365951201468,137.47315137812444,3.6505081338902414,1.0434415572976365,2.607066576592605,135.67000000000002,7.435196525206216,150.54039305041243,120.79960694958758
2023-12-20,153.33,163.13,151.33,163.13,361195,140.57953745566442,141.57913916001834,83.42568530481662,144.5092503563201,139.37365868344855,5.135591672871556,1.8618715804124204,3.2737200924591354,137.293,9.533127337978998,156.359254675958,118.22674532404201
2023-12-21,165.67,169.67,158.67,159.33,279365,142.36529579322018,142.27525134982156,75.39671871803348,146.789365686117,140.85190618837828,5.937459497738729,2.6769891638776824,3.2604703338610466,138.5595,10.685540882303783,159.93058176460758,117.18841823539245
2023-12-24,159.33,162.67,152.0,154.0,160514,143.47336286053255,142.73504541453443,65.82713363427547,147.898694042099,141.82583906331323,6.072854978785784,3.356162326859303,2.7166926519264813,139.496,11.19088557711216,161.87777115422432,117.11422884577568
2023-12-27,156.4,158.67,151.2,152.8,205892,144.36161401667232,143.12974951592525,63.861869138328125,148.6527411125453,142.63873987343817,6.014001239107131,3.887730109308869,2.126271129798262,140.44250000000002,11.486627866212912,163.41575573242585,117.4692442675742
2023-12-28,155.13,156.67,150.0,152.0,107953,145.0890793484178,143.47760247608505,62.52175844629292,149.16770401830757,143.3321665494798,5.835537468827766,4.277291581212649,1.5582458876151177,141.4825,11.54722517363124,164.57695034726248,118.38804965273751
2024-01-01,154.33,155.27,148.0,148.0,126239,145.36630988666374,143.65495139859152,56.174411129746225,148.98805724626024,143.67793199025908,5.310125256001157,4.483858316170351,0.8262669398308065,142.3825,11.304074195663668,164.99064839132734,119.77435160867266
2024-01-02,150.0,151.33,145.6,150.67,231329,145.871423230791,143.9300513437448,59.155216567011905,149.2468176699125,144.19586295394362,5.050954715968885,4.597277596130057,0.45367711983882764,143.49949999999998,10.940306680490007,165.38011336098,121.61888663901996
2024-01-03,153.0,160.0,152.67,156.0,180295,146.8360495897633,144.40338266359794,64.36566559551473,150.2857687976183,145.0702434758737,5.215525321744593,4.7209271412529645,0.4945981804916286,144.916,10.611998869205378,166.13999773841076,123.69200226158924
2024-01-04,158.4,160.8,154.0,155.13,129259,147.62594962883347,144.82403432384902,62.95397844387289,151.03103513644623,145.81541062580897,5.215624510637269,4.8198666151298255,0.3957578955074439,146.30599999999998,9.989711233380666,166.2854224667613,126.32657753323865
2024-01-07,155.33,158.6,152.27,153.33,163703,148.16919252132553,145.1576016052667,60.02089382856237,151.38472203853144,146.37204687574905,5.0126751627823865,4.858428324660338,0.15424683812204876,147.4725,9.325485100971264,166.12347020194252,128.82152979805747
2024-01-08,155.73,156.67,152.67,155.93,118218,148.90831704310406,145.5800486011386,62.72256772715386,152.08399557106506,147.08004340347134,5.003952167593724,4.887533093247015,0.11641907434670884,148.769,8.537692218689342,165.8443844373787,131.69361556262132
2024-01-09,156.87,161.0,156.0,156.0,253215,149.5837154199513,145.988674146192,62.79546396501717,152.68645779090122,147.7407809291401,4.945676861761115,4.899161846949835,0.04651501481127962,150.0025,7.618156203923904,165.2388124078478,134.7661875921522
2024-01-10,158.4,158.4,153.6,154.67,96988,150.06812347519403,146.32911829732174,60.37951888346907,152.99161813076256,148.25405641587045,4.737561714892109,4.866841820538291,-0.1292801056461812,150.8695,7.066784033700421,165.00306806740082,136.73593193259916
2024-01-11,157.07,157.13,153.67,155.07,82285,150.5444926680327,146.6718979719366,60.86715209082417,153.31136918756832,148.758941125806,4.552428061762328,4.803959068783098,-0.2515310070207706,151.8065,6.230388409790992,164.26727681958198,139.34572318041802
2024-01-14,157.47,165.33,156.2,162.93,256713,151.72406479488671,147.3094706004881,68.953219202816,154.79115854332701,149.8086491905611,4.982509352765902,4.839669125579659,0.14284022718624279,153.02299999999997,5.881551084357813,164.7861021687156,141.25989783128435
2024-01-16,165.4,175.87,162.67,175.33,525615,153.9722491001356,148.40831489066505,77.02040527346105,157.95098030589207,151.69911962088992,6.251860685002157,5.122107437464159,1.129753247537998,154.79950000000002,6.946773938880595,168.69304787776122,140.90595212223883
2024-01-17,178.13,185.33,174.73,176.0,490682,156.07013013821793,149.4903417576978,77.36267493614918,160.7277525665241,153.49918483415732,7.22856773236677,5.543399496444682,1.685168235922088,156.54950000000002,7.659465059651092,171.86843011930222,141.23056988069783
2024-01-18,173.33,190.0,166.67,186.67,376033,158.98440345838765,150.9483675711214,81.96870915822329,164.71886755628964,155.95628225384937,8.762585302440272,6.1872366576438,2.5753486447964713,158.4495,9.967417167953586,178.38433433590717,138.51466566409283
2024-01-21,189.33,199.33,185.33,190.67,621967,162.0020793194936,152.50607864676368,83.33745742006293,168.71134947070664,158.52766875356423,10.183680717142408,6.986525469543523,3.197155247598886,160.4495,12.107585041053053,184.6646700821061,136.2343299178939
2024-01-22,192.0,194.67,177.6,180.0,265696,163.71616700335133,153.58427164100826,68.41790921365423,170.4480649367518,160.1182118088558,10.329853127896001,7.655191001214019,2.674662126681982,161.88299999999998,12.65584329366084,187.19468658732166,136.5713134126783
2024-01-23,180.0,183.93,177.73,178.67,166284,165.14034157446073,154.56802569430204,66.81228591412568,171.71297802340536,161.49241834153315,10.220559681872203,8.168264737345657,2.0522949445265457,162.66,13.20169606328612,189.06339212657224,136.25660787342775
2024-01-24,177.47,183.87,173.2,173.33,182333,165.9203090435597,155.3037893925647,60.65724629097988,171.96175063518916,162.3692762421603,9.592474393028851,8.453106668482295,1.139367724546556,163.35999999999999,13.38571666091628,190.13143332183256,136.5885666781674
2024-01-25,173.33,178.8,170.53,174.0,134916,166.68980342036355,156.03697412226805,61.14095606436491,172.27532746054467,163.2308113353336,9.04451612521106,8.571388559828048,0.47312756538301315,164.35999999999999,13.3967215156708,191.1534430313416,137.56655696865838
2024-01-28,176.67,182.67,170.67,180.0,231959,167.95744118985272,156.97670062727715,65.26012404319715,173.4637386204609,164.47297345864226,8.990765161818643,8.655263880226167,0.3355012815924763,165.71999999999997,13.541271805309837,192.80254361061964,138.6374563893803
2024-01-29,182.93,182.93,177.33,177.33,149880,168.85006583843816,157.77486923012904,62.105192099892584,174.05854806346693,165.42534579503914,8.633202268427794,8.650851557866492,-0.01764928943869748,166.98649999999998,13.374028356247052,193.73455671249408,140.23844328750587
2024-01-30,180.2,185.93,177.33,182.6,254881,170.15958337763453,158.74840377012399,65.63641109851952,175.37261759216432,166.697542402814,8.67507518935031,8.655696284163255,0.019378905187053874,168.7165,13.021973847875483,194.76044769575097,142.67255230424902
2024-01-31,183.33,185.47,175.2,176.67,183725,170.77962305595503,159.45121146541325,58.97671677316086,175.5722148856775,167.43624296556854,8.135971920108972,8.551751411352399,-0.41577949124342695,170.0165,12.408923476358513,194.83434695271703,145.198653047283
2024-02-01,174.33,176.8,173.33,173.67,127564,171.05489705062598,160.0088110157892,55.887317912632085,175.2795664417271,167.8980027458968,7.381563695830295,8.317713868247978,-0.9361501724176833,170.9,11.980072489017815,194.86014497803563,146.93985502196438
2024-02-04,171.47,176.73,170.0,174.67,103014,171.39919256961397,160.58375960340533,56.701514954489284,175.18578698915368,168.39963217212667,6.786154817027011,8.011402058003785,-1.225247240976774,171.877,11.40948363608632,194.69596727217265,149.05803272782737
2024-02-05,177.47,177.47,172.0,174.67,69359,171.71069803917456,161.13616118758551,56.701514954489284,175.1064351446685,168.86410386308026,6.2423312815882355,7.657587902720676,-1.4152566211324409,172.94400000000002,10.549107919381296,194.04221583876262,151.84578416123742
2024-02-06,174.67,177.33,173.47,174.6,46493,171.98586965449127,161.66415486650374,56.61667940891664,175.02852204548873,169.28898505840766,5.739536987081067,7.2739777195927555,-1.5344407325116887,173.8775,9.760898295051135,193.39929659010227,154.35570340989773
2024-02-07,177.2,178.07,174.33,176.0,91084,172.36816778263494,162.2263448717389,57.97107688574095,175.17798019233663,169.7860972763034,5.391882916033239,6.8975587588808525,-1.5056758428476131,174.8775,8.811259468490816,192.50001893698163,157.25498106301836
2024-02-08,174.13,181.33,174.0,178.67,125313,172.96834227952684,162.871194092455,60.50357451624039,175.7152140089002,170.44416414472536,5.271049864174842,6.572256979939651,-1.301207115764809,176.07750000000001,7.442295822209678,190.96209164441936,161.19290835558067
2024-02-11,178.0,180.0,175.67,176.67,100900,173.3208811100481,163.41232373588815,57.698966093086945,175.8621041613771,170.90533717104202,4.956766990335069,6.249158982018735,-1.2923919916836661,177.1575,5.563393393662551,188.2842867873251,166.0307132126749
2024-02-12,173.8,179.33,173.8,177.33,67093,173.7027019567102,163.95811496193178,58.38452484842312,176.08793429039602,171.3812381213352,4.70669616906082,5.940666419427153,-1.2339702503663332,177.8775,4.444485495060824,186.76647099012163,168.98852900987836
2024-02-13,177.47,178.8,174.0,176.0,125910,173.92149224654733,164.4303457477384,56.40084448281291,176.07440593802738,171.72336863086593,4.351037307161448,5.622740596974012,-1.2717032898125638,177.911,4.426762985109139,186.76452597021827,169.05747402978173
2024-02-14,174.07,176.67,174.0,175.0,71511,174.02420727068568,164.84484199292513,54.89074312724776,175.9091127167924,171.9660820656166,3.9430306511758033,5.2867986078143705,-1.3437679566385672,177.861,4.455040787812073,186.77108157562412,168.95091842437586
2024-02-15,175.33,176.93,173.07,174.07,66192,174.02856848300132,165.20661289516335,53.45725282504815,175.62617229882434,172.12192783853388,3.504244460290465,4.930287778309589,-1.4260433180191239,177.231,4.012713873626617,185.25642774725324,169.20557225274675
2024-02-18,174.0,176.47,171.33,172.0,61931,173.83537148462025,165.47302023260792,50.30801874138227,175.06829963746674,172.11289614679063,2.9554034906761046,4.5353109207828926,-1.579907430106788,176.29749999999999,2.668172792876835,181.63384558575365,170.96115441424632
2024-02-20,172.0,173.27,166.67,166.73,87542,173.15866943846595,165.52231355681937,43.31226996660726,173.7854843086257,171.71416309888022,2.0713212097454914,4.042512978575413,-1.9711917688299216,175.634,3.2790216769505074,182.192043353901,169.07595664609897
2024-02-21,169.33,172.0,163.33,163.67,91886,172.25498663480255,165.4496738094931,39.84735937683264,172.22925595345254,171.11829916562985,1.110956787822687,3.456201740424868,-2.3452449526021812,174.884,4.148288676958849,183.18057735391767,166.5874226460823
2024-02-22,166.0,166.67,162.07,163.07,124979,171.38022600291657,165.35635326794437,39.18541717695036,170.8201396529214,170.52212885706467,0.29801079585672596,2.82456355151124,-2.526552755654514,174.371,4.914264843024335,184.1995296860487,164.54247031395133
2024-02-25,163.07,165.33,156.67,158.27,81059,170.13163305025785,165.07845706135834,34.27940652236771,168.88934893708733,169.61456375654137,-0.7252148194540382,2.1146078773181847,-2.839822696772223,173.5845,6.093926635767926,185.77235327153585,161.39664672846413
2024-02-26,158.27,161.33,156.0,158.6,46613,169.03338228356662,164.82439992169722,34.88301548387,167.30637217753545,168.7986701449457,-1.4922979674102521,1.3932267083724974,-2.8855246757827495,172.5145,6.751457912731512,186.01741582546302,159.01158417453698
2024-02-27,161.07,162.67,158.67,162.33,61163,168.39496492322695,164.72658031692478,41.430917858487,166.5407764579146,168.31950939346825,-1.7787329355536485,0.7588347795872683,-2.537567715140917,171.7645,7.016321179560791,185.79714235912158,157.73185764087842
2024-02-28,164.87,164.87,158.8,159.33,33766,167.53163493053867,164.51494971626107,38.111506065844594,165.43142623362004,167.6536198087669,-2.2221935751468607,0.16262910864044255,-2.384822683787303,170.60099999999997,7.054228220683689,184.70945644136734,156.4925435586326
2024-02-29,161.8,161.8,153.6,154.0,47682,166.24290779429688,164.10259874699594,33.04576461126712,163.6727452746016,166.64224056367308,-2.9694952890714887,-0.4637957709019437,-2.505699518169545,169.46750000000003,7.808715019974438,185.08493003994892,153.85006996005114
2024-03-03,154.67,158.67,152.0,152.67,66694,164.95024990912574,163.65426154123142,31.906118536909347,161.98001523235519,165.60725978117875,-3.627244548823569,-1.0964855264862687,-2.5307590223373,168.4175,8.586983953698132,185.59146790739626,151.24353209260372
2024-03-04,155.0,159.87,155.0,159.87,40,164.4664165844471,163.50585912784982,43.30504927611222,161.65539750430054,165.18227757516553,-3.5268800708649906,-1.5825644353620132,-1.9443156355029774,167.6775,8.657225686036142,184.9919513720723,150.36304862792772
2024-03-05,162.33,168.0,157.33,160.67,127803,164.10485310021403,163.39464896597337,44.41839308111264,161.5037978882543,164.84803479181994,-3.344236903565644,-1.9348989290027396,-1.4093379745629044,166.9775,8.628025251287731,184.23355050257544,149.72144949742454
2024-03-06,163.2,165.33,156.93,160.67,57263,163.77772423352698,163.28779998691562,44.41839308111264,161.3755212900613,164.5385507331666,-3.1630294431053017,-2.180525031823252,-0.9825044112820498,166.281,8.542135133068053,183.36527026613612,149.1967297338639
2024-03-07,163.2,166.67,161.4,164.67,59186,163.86270287795298,163.34200390899738,50.10063012703301,161.8823641685134,164.54828771589501,-2.665923547381624,-2.2776047349349264,-0.3883188124466974,165.7145,8.233792037439743,182.18208407487947,149.2469159251205
2024-03-10,167.27,170.0,163.33,164.0,49624,163.87577879433843,163.367807677272,49.193446929868934,162.2081542964344,164.50767381101392,-2.299519514579515,-2.2819876908638443,-0.017531823715670747,164.981,7.651781285564946,180.2845625711299,149.6774374288701
2024-03-12,166.6,168.67,164.13,165.8,44530,164.0590379567824,163.46318776835938,51.722616344265276,162.7607459431368,164.60340167686473,-1.8426557337279235,-2.1941212994366603,0.3514655657087369,164.4375,7.147231981684708,178.73196396336942,150.14303603663058
2024-03-13,168.4,169.33,163.47,164.67,64533,164.1172248180412,163.51051373822764,50.03857126644655,163.05447733650038,164.60833488598587,-1.5538575494854854,-2.0660685494464257,0.5122109999609403,163.8045,6.474237589742733,176.75297517948545,150.85602482051453
2024-03-14,162.67,166.6,162.0,162.0,29095,163.91558435918012,163.45127790535597,46.21008172531808,162.89225005396187,164.41512489443136,-1.522874840469484,-1.9574298076510375,0.4345549671815534,163.10449999999997,5.8089101025032335,174.72232020500644,151.4866797949935
2024-03-17,164.0,164.53,158.2,159.93,35922,163.53600489640107,163.3131885757342,43.43541811780614,162.43651927642927,164.08289342076978,-1.6463741443405127,-1.8952186749889326,0.24884453064841994,162.351,5.121392594332123,172.59378518866424,152.10821481133576
2024-03-18,159.93,162.0,158.07,160.0,27342,163.19924252531524,163.1832596119799,43.55883709206864,162.0616701569786,163.78045687108312,-1.7187867141045103,-1.8599322828120481,0.1411455687075378,161.64749999999998,4.332487889862618,170.31247577972522,152.98252422027474
2024-03-19,158.67,162.47,156.67,158.0,42743,162.7040765705233,162.97999452915715,40.81845835822947,161.43679782513576,163.3522748806325,-1.9154770554967513,-1.8710412373489889,-0.04443581814776243,160.9475,3.648854001783653,168.24520800356729,153.6497919964327
2024-03-20,159.93,161.33,158.07,158.67,26178,162.31987880190206,162.81097513585686,42.131877065439696,161.01113662126872,163.00543970428936,-1.9943030830206396,-1.8956936064833192,-0.09860947653732044,160.54450000000003,3.4141354380707427,167.37277087614152,153.71622912385854
2024-03-21,160.07,160.07,156.33,156.67,18585,161.7817951064828,162.57015258150955,39.3261933581773,160.34326944876582,162.536147874342,-2.1928784255761684,-1.9551305703018893,-0.2377478552742791,160.1945,3.4355961330590836,167.06569226611816,153.32330773388185
2024-03-25,156.67,158.67,154.0,154.2,26295,161.05971938205587,162.2419113038033,36.126519820904164,159.39815107203262,161.91865543920554,-2.5205043671729186,-2.068205329676095,-0.45229903749682343,159.751,3.6128045673855858,166.97660913477117,152.52539086522884
2024-03-26,153.33,158.67,153.33,158.27,46474,160.79403182186007,162.08615007620318,44.18505976079129,159.22458936864297,161.64838466593105,-2.4237952972880805,-2.139323323198492,-0.28447197408958846,159.751,3.6128045673855858,166.97660913477117,152.52539086522884
2024-03-27,160.6,160.6,154.8,156.67,24960,160.40126688644483,161.87375203399915,41.944673708424986,158.83157561962096,161.27961543141762,-2.4480398117966615,-2.2010666209181258,-0.24697319087853575,159.6545,3.6704817911228305,166.99546358224566,152.31353641775436
2024-03-28,157.33,157.33,155.33,156.0,17089,159.98209861154533,161.6434088169796,41.0070144034489,158.39594860121773,160.88853280686817,-2.492584205650445,-2.2593701378645896,-0.2332140677858554,159.33800000000002,3.7004261490033032,166.73885229800663,151.9371477019934
2024-03-31,156.67,157.33,154.2,155.33,21799,159.53904160092196,161.3958241574902,40.04300863732149,157.92426420103038,160.47678963598906,-2.5525254349586817,-2.318001197283408,-0.23452423767527364,159.138,3.8074298555955086,166.75285971119104,151.52314028880897
2024-04-01,157.73,157.73,154.0,154.2,24041,159.0305614484532,161.11363497484354,38.40325775884677,157.35130047779492,160.01184225554542,-2.6605417777504954,-2.3865093133768256,-0.2740324643736698,159.148,3.7934619655701582,166.73492393114032,151.56107606885968
2024-04-02,156.6,158.0,153.33,153.6,38938,158.51336512002908,160.8189826228889,37.524590145425464,156.77417732736492,159.53689097735685,-2.762713649991923,-2.461750180699845,-0.30096346929207796,159.1945,3.714759289505074,166.62401857901014,151.76498142098987
2024-04-03,152.33,154.67,152.33,154.2,17718,158.10256844193108,160.55941467689325,39.02696750569558,156.37815004623184,159.14156571977486,-2.7634156735430224,-2.5220832792684806,-0.24133239427454178,158.911,3.873462886986134,166.65792577397227,151.16407422602774
2024-04-04,153.2,155.33,152.0,153.27,38912,157.64232382841385,160.2735552777994,37.5208496329262,155.89997311604233,158.70663492571745,-2.80666180967512,-2.5789989853498083,-0.2276628243253116,158.541,4.046176752912096,166.63335350582418,150.44864649417582
2024-04-07,153.33,158.13,151.33,154.8,52557,157.37162632094586,160.05890605121903,41.519370440299355,155.73074648280507,158.4172545608495,-2.686508078044426,-2.600500803888732,-0.08600727415569409,158.2475,4.096204758196224,166.43990951639245,150.05509048360756
2024-04-09,157.2,158.4,153.33,156.67,56034,157.30480476657007,159.92600777470065,46.06283572602255,155.87524702391198,158.28782829708285,-2.412581273170872,-2.56291689774516,0.15033562457428795,157.8475,3.8171288121358637,165.48175762427172,150.21324237572827
2024-04-10,158.67,166.67,156.2,161.93,90679,157.74529955070625,160.00459570510455,56.3383609736766,156.80674748177168,158.55761879359522,-1.7508713118235448,-2.400507780560837,0.6496364687372922,157.744,3.6666224239777785,165.07724484795557,150.41075515204443
2024-04-14,161.33,163.87,159.33,161.33,36523,158.08669959349612,160.05657234412004,55.05004095016886,157.50263248457603,158.76298036444,-1.2603478798639856,-2.172475800421467,0.9121279205574813,157.5205,3.263832869498166,164.04816573899632,150.99283426100368
2024-04-15,162.67,162.67,156.2,156.67,25474,157.95177582268695,159.92376558552712,46.21135673849687,157.3745351792566,158.6079447818889,-1.2334096026322925,-1.9846625608636321,0.7512529582313396,157.12050000000002,2.7985663152888134,162.71763263057764,151.5233673694224
2024-04-16,155.6,157.67,154.47,157.67,32334,157.9249400300501,159.83538262138882,48.135762871295015,157.41999130552483,158.53846739063786,-1.1184760851130306,-1.811425265713512,0.6929491806004813,156.904,2.5583967018871525,162.0207934037743,151.7872065962257
2024-04-18,155.33,158.67,152.93,158.67,23317,157.99589812242627,159.78968134211866,50.0599179747385,157.61230033544408,158.5482105468869,-0.935910211442831,-1.6363222548593759,0.7004120434165448,156.84099999999998,2.494680445734945,161.83036089146987,151.8516391085301
2024-04-21,159.33,160.67,153.33,158.4,35497,158.03438401552853,159.7351840345846,49.52566025725566,157.7334848992219,158.53723198785823,-0.803747088636328,-1.4698072216147664,0.6660601329784384,156.761,2.4123408592214193,161.58568171844283,151.93631828155716
2024-04-22,160.0,160.0,154.73,155.27,27344,157.77110934738295,159.56007877832639,43.7028139302465,157.35448722241853,158.29521480357243,-0.940727581153908,-1.3639912935225948,0.4232637123686869,156.62449999999998,2.4157781246184222,161.45605624923684,151.79294375076313
2024-04-24,154.07,157.6,153.6,154.73,8416,157.48147988572742,159.37066392427437,42.76856241123947,156.95071995743106,158.03112481812263,-1.0804048606915728,-1.3072740069563904,0.22686914626481758,156.42749999999998,2.400795646626044,161.22909129325205,151.6259087067479
2024-04-25,153.47,156.67,152.73,154.0,39372,157.149910372801,159.1600496527342,41.47769162153497,156.4967630409032,157.73252297974318,-1.2357599388399763,-1.2929711933331076,0.05721125449313136,156.294,2.460103549385809,161.21420709877162,151.3737929012284
2024-04-28,154.33,156.67,154.07,156.67,24732,157.10420462301042,159.06240064674463,47.69592134030045,156.52341488076425,157.65381757383628,-1.1304026930720283,-1.2604574932808918,0.1300548002088635,156.4175,2.4109571696114105,161.2394143392228,151.59558566077718
2024-04-29,154.67,156.6,154.33,154.67,22111,156.87237561129515,158.89014964098993,43.930489633793606,156.23827412987745,157.43279404984838,-1.1945199199709293,-1.2472699786188994,0.05275005864797011,156.2375,2.3997321670762863,161.03696433415257,151.43803566584745
2024-04-30,154.67,165.07,153.8,157.33,56985,156.9159588864099,158.82896730212758,49.62651429553915,156.40623195605014,157.42517967578556,-1.0189477197354222,-1.2016055268422041,0.18265780710678192,156.2705,2.410506553013641,161.0915131060273,151.4494868939727
2024-05-02,159.33,159.33,154.4,154.8,32100,156.71443899246609,158.6709685843971,44.94925776494283,156.15911934742704,157.23072192202366,-1.071602574596625,-1.1756049363930883,0.10400236179646338,156.2105,2.4324288814216812,161.07535776284337,151.34564223715662
2024-05-05,154.8,155.27,152.47,153.33,33674,156.39211146937407,158.46151883598935,42.446053815351696,155.72387021705364,156.94177955742933,-1.2179093403756838,-1.1840658171896075,-0.03384352318607631,156.1105,2.510394129260773,161.13128825852155,151.08971174147845
2024-05-06,152.67,154.93,151.33,154.0,11643,156.16429132943367,158.28655731300938,43.97741970673983,155.45865941443003,156.72386996058273,-1.2652105461527015,-1.2002947629822263,-0.0649157831704752,156.1005,2.5187893395158185,161.13807867903165,151.06292132096837
2024-05-07,153.33,155.33,152.0,153.33,20585,155.89435882186856,158.09218251642076,42.75238362574199,155.13117335067156,156.47247218572477,-1.341298835053209,-1.2284955773964228,-0.11280325765678612,156.08700000000002,2.5335768350227297,161.15415367004547,151.01984632995456
2024-05-08,151.47,154.93,151.47,151.8,11289,155.50441988645252,157.84543026087488,40.011413267658746,154.61868514287593,156.12636313493033,-1.507677992054397,-1.2843320603280177,-0.2233459317263793,155.967,2.680247631924607,161.32749526384922,150.6065047361508
2024-05-09,151.33,153.27,151.0,152.0,23004,155.1706656115523,157.61619770162488,40.54799239930095,154.2158105055104,155.820706606417,-1.6048961009065863,-1.3484448684437316,-0.25645123246285473,155.9035,2.7613255302892012,161.4261510605784,150.3808489394216
2024-05-12,154.0,154.0,151.4,152.67,21854,154.93250698188064,157.4222291643063,42.40651562211491,153.97799350466263,155.58732093186757,-1.6093274272049314,-1.4006213801959717,-0.20870604700895967,155.797,2.8459058311926646,161.48881166238533,150.10518833761466
2024-05-13,151.33,153.93,151.33,152.0,25809,154.6532206026539,157.20959272649037,41.02537250362421,153.67368681163762,155.32159345543295,-1.6479066437953236,-1.4500784329158423,-0.19782821087948133,155.5635,2.9598102268496485,161.4831204536993,149.6438795463007
2024-05-14,150.67,157.73,150.67,157.33,64382,154.90815197382972,157.2143145803535,53.89095169589929,154.23619653292414,155.47036431058604,-1.2341677776618951,-1.4068963018650529,0.17272852420315776,155.33350000000002,2.595332399361261,160.52416479872252,150.1428352012775
2024-05-15,159.73,159.73,155.33,155.33,35482,154.9483279763221,157.14041989092786,49.52502620282426,154.40447398939736,155.45996695424634,-1.0554929648489804,-1.3366156344618385,0.28112266961285814,155.0335,2.1791023622766117,159.39170472455322,150.67529527544679
2024-05-16,155.33,156.67,153.0,154.87,45981,154.94086816905335,157.0513838167738,48.55077895334209,154.47609337564393,155.41626569837624,-0.9401723227323089,-1.2573269721159326,0.3171546493836237,154.9435,2.1448574360709807,159.23321487214196,150.65378512785804
2024-05-19,156.6,159.73,152.67,155.07,26706,154.9531664386673,156.97368249062583,49.020346636349146,154.56746362554486,155.39061638738542,-0.8231527618405607,-1.1704921300608584,0.34733936822029765,154.8135,2.047489541137873,158.90847908227576,150.71852091772425
2024-05-20,154.13,159.47,154.13,156.0,82114,155.05286487307993,156.93549886354248,51.24849968136994,154.7878538369995,155.43575591424576,-0.6479020772462718,-1.065974119497941,0.4180720422516693,154.68,1.8613916695270682,158.40278333905414,150.95721666094587
2024-05-21,158.4,160.67,156.0,160.0,46739,155.52402059945328,157.05567537869769,59.4564015859202,155.5897224774611,155.77384806874608,-0.18412559128498174,-0.8896044138553492,0.7054788225703674,154.76000000000002,2.0540947551596167,158.86818951031924,150.6518104896808
2024-05-22,157.47,162.0,157.47,159.33,58009,155.88649482807676,157.14486457953308,57.70393754374066,156.16514978862094,156.03726673032043,0.12788305830051172,-0.686106919424177,0.8139899777246887,154.96300000000002,2.2937835900344026,159.55056718006884,150.3754328199312
2024-05-26,157.67,158.67,156.0,157.67,30254,156.05635246349803,157.16545812543376,53.49671416603293,156.39666520575616,156.15820993548186,0.2384552702743008,-0.5011944814844814,0.7396497517587822,155.11,2.3709735952747493,159.8519471905495,150.36805280945052
2024-05-27,156.4,159.33,154.67,156.73,48153,156.12050937173632,157.14838133620108,51.21936932548592,156.44794748179368,156.20056475507582,0.2473827267178592,-0.3514790398440133,0.5988617665618725,155.24650000000003,2.3822640160405517,160.01102803208113,150.48197196791892
2024-05-29,158.0,159.07,155.33,156.0,46494,156.10903228871382,157.10334677399712,49.458518823826374,156.37903248459466,156.18570810655166,0.19332437804300184,-0.24251835626661028,0.4358427343096121,155.21300000000002,2.365847127689222,159.94469425537847,150.48130574462158
2024-05-30,153.6,158.0,153.6,154.13,32570,155.92055302312204,156.9867449397227,45.17419660443098,156.0330274869647,156.03343343199228,-0.0004059450275804011,-0.1940958740188043,0.1936899289912239,155.18599999999998,2.3754321490527226,159.93686429810543,150.43513570189452
2024-06-02,153.93,156.33,152.33,153.53,39471,155.69288130663423,156.85118631463556,43.86134014750897,155.64794633512398,155.84799391851135,-0.2000475833873736,-0.19528621589251816,-0.004761367494855451,154.996,2.3467164069723543,159.6894328139447,150.3025671860553
2024-06-03,155.33,156.67,152.93,154.0,28200,155.5316545155262,156.73937508661064,45.204727299332,155.3944161297203,155.7111054801031,-0.3166893503828021,-0.21956684279057498,-0.09712250759222713,154.956,2.357028459291727,159.67005691858344,150.24194308141654
2024-06-04,152.53,156.0,152.53,153.8,33450,155.36673503785707,156.624105475371,44.71438067435564,155.14912134053256,155.56954211120657,-0.4204207706740135,-0.2597376283672627,-0.1606831423067508,154.9795,2.3422604354308714,159.66402087086175,150.29497912913826
2024-06-05,152.73,153.33,152.53,152.8,23698,155.12228408187067,156.47414055476824,42.246818880545796,154.7877180573737,155.3643908437098,-0.5766727863361041,-0.323124659961031,-0.25354812637507307,154.9195,2.383675788183931,159.68685157636787,150.15214842363213
2024-06-06,153.33,153.33,150.8,151.0,32905,154.729685597883,156.25946837614987,38.16423966373544,154.20499220239313,155.04110263306464,-0.8361104306715106,-0.4257218141031269,-0.41038861656838366,154.803,2.5185712323950598,159.84014246479012,149.76585753520988
2024-06-09,151.33,153.13,150.8,151.87,32295,154.4573345885608,156.08733236139892,41.125647246695166,153.84576263279416,154.8062061417265,-0.9604435089323431,-0.5326661530689702,-0.42777735586337284,154.80649999999997,2.514223276526355,159.83494655305267,149.77805344694727
2024-06-10,154.0,154.0,152.0,152.13,35652,154.23568367536453,155.93214285703036,42.01932414396337,153.58179915082584,154.60796864974677,-1.0261694989209218,-0.6313668222393606,-0.3948026766815612,154.813,2.506742696685245,159.8264853933705,149.7995146066295
2024-06-11,154.0,157.33,153.33,157.0,69612,154.4989518967584,155.97401960773504,55.610928950832026,154.10767620454496,154.78515615717293,-0.6774799526279764,-0.6405894483170838,-0.03689050431089269,155.0295,2.49888917426915,160.02727834853832,150.0317216514617
2024-06-12,155.33,160.0,155.0,156.47,40147,154.68667076373382,155.9934698191964,54.123937603521924,154.47111063461497,154.90995940478976,-0.4388487701747863,-0.6002413126886242,0.16139254251383794,155.25300000000001,2.4120598316781763,160.07711966335637,150.42888033664366
2024-06-13,154.67,158.0,154.13,156.67,62513,154.87555926242584,156.02000041452206,54.61708808247795,154.80940130621266,155.04033278221274,-0.23093147600008024,-0.5263793453509155,0.2954478693508352,155.21999999999997,2.386527977939937,159.99305595587984,150.4469440441201
2024-06-16,158.47,164.2,157.4,161.67,248843,155.52264885648052,156.24156902571727,64.8034319862214,155.86487802833378,155.53141924278958,0.3334587855441953,-0.35441171917189335,0.6878705047160887,155.53699999999998,2.7890332224277796,161.11506644485553,149.95893355514443
2024-06-18,164.2,164.2,157.67,158.0,66493,155.75858706062522,156.31052710314012,55.0384219707022,156.19335833166704,155.71427707665703,0.47908125501001564,-0.18771312433551157,0.6667943793455272,155.6935,2.8370393667408766,161.36757873348176,150.01942126651824
2024-06-19,159.87,160.0,156.0,156.07,37616,155.78824543580376,156.30109466772288,50.71078384625368,156.17438012679517,155.74062692283056,0.4337532039646135,-0.06341985867548657,0.4971730626401,155.74349999999998,2.8342831173843774,161.41206623476873,150.07493376523124
2024-06-20,155.33,158.27,153.73,154.67,32242,155.68174587048912,156.23713017094943,47.77616526612939,155.94293703036516,155.6613212248431,0.28161580552205123,0.005587274164020994,0.27602853135803024,155.677,2.843535790084258,161.3640715801685,149.98992841983147
2024-06-23,156.27,156.47,153.33,154.33,42558,155.5530081685378,156.16234075248084,47.06384660190284,155.69479287184745,155.5627048378177,0.13208803402974922,0.03088742613716664,0.10120060789258259,155.3935,2.6670193790892234,160.72753875817844,150.05946124182154
2024-06-24,156.73,156.73,152.0,152.93,47300,155.30319786677228,156.03558229159924,44.145207477709086,155.26944012233247,155.36768966464604,-0.09824954231356742,0.00506003244701983,-0.10330957476058725,155.0735,2.5512809476223137,160.17606189524463,149.97093810475536
2024-06-25,153.33,154.67,152.67,152.67,55775,155.05241711755588,155.90359867232087,43.60438695855255,154.86952625735825,155.1678608005982,-0.298334543239946,-0.05561888269037334,-0.24271566054957266,154.8235,2.5283305809035723,159.88016116180714,149.76683883819285
2024-06-26,152.67,155.0,152.47,152.47,32146,154.8064726301696,155.76894774399454,43.166304564207486,154.50036837161085,154.96801925981313,-0.46765088820228584,-0.13802528379275586,-0.32962560440953,154.61049999999997,2.5386848543074603,159.6878697086149,149.53313029138505
2024-06-27,154.8,154.8,151.4,152.0,31641,154.5391895225344,155.62114587168105,42.095972087005585,154.11569631443996,154.74816598130846,-0.6324696668685021,-0.23691416040790514,-0.395555506460597,154.41049999999998,2.5806720361005087,159.571844072201,149.24915592779897
2024-06-30,152.0,154.33,150.07,150.67,24818,154.17069528229302,155.42698328847789,39.138526452635624,153.5855891891415,154.44607961232265,-0.8604904231811474,-0.36162941296255363,-0.4988610102185938,154.2375,2.7130442699194455,159.6635885398389,148.8114114601611
2024-07-01,152.0,153.0,151.33,151.33,8175,153.90015287445559,155.26631727716503,41.34088835921932,153.23857546773513,154.21525890029875,-0.9766834325636182,-0.4846402168827666,-0.49204321568085163,154.1275,2.786835358575367,159.70117071715075,148.55382928284925
2024-07-02,153.67,160.93,153.33,155.33,70447,154.0363287911741,155.26881463884484,52.54816253893818,153.56033308808358,154.29783231509145,-0.7374992270078735,-0.535212018907788,-0.2022872081000855,154.19400000000002,2.7994725067065565,159.79294501341312,148.59505498658692
2024-07-03,153.53,155.2,152.0,153.87,26104,154.02048795391943,155.2139591628117,48.87744820836428,153.60797415145535,154.2661410324921,-0.6581668810367489,-0.5598029913335802,-0.09836388970316867,154.1975,2.798997705949606,159.7954954118992,148.59950458810079
2024-07-04,154.67,156.2,152.73,154.07,45083,154.02520338687947,155.16909801917203,49.39890079618256,153.67905505123147,154.25161206712232,-0.5725570158908511,-0.5623537962450345,-0.010203219645816608,154.26100000000002,2.77996573246877,159.82093146493756,148.7010685350625
2024-07-07,154.27,156.0,152.73,155.4,68841,154.15613639765286,155.17815299881235,52.84358499778811,153.94381581258048,154.3366778399281,-0.3928620273476042,-0.5284554424655484,0.1355934151179442,154.481,2.680643873953375,159.84228774790674,149.11971225209325
2024-07-08,156.73,156.73,153.8,155.33,65061,154.2679329312097,155.18410778317266,52.64047078718081,154.15707491833734,154.4102572591927,-0.2531823408553464,-0.4734008221435081,0.22021848128816168,154.654,2.6140921741119256,159.88218434822386,149.42581565177613
2024-07-09,155.27,155.93,153.6,154.6,24930,154.2995583663326,155.16120159559728,50.46214300933313,154.22521723859313,154.42431227703025,-0.19909503843712173,-0.41853966540223086,0.21944462696510914,154.7775,2.5460327756635808,159.86956555132716,149.68543444867285
2024-07-10,154.67,158.27,154.0,158.27,68222,154.6776956647771,155.28311525851504,59.52931591958653,154.8474915095788,154.70917803428728,0.13831347529151117,-0.3071690372634825,0.44548251255499366,154.841,2.6191680077169424,160.07933601543388,149.60266398456614
2024-07-11,159.33,159.33,155.73,157.27,83643,154.9245817919412,155.36103230720073,56.49498329620862,155.22018512348976,154.898868550266,0.3213165732237542,-0.18147191516603517,0.5027884883897893,154.881,2.651267621349523,160.18353524269904,149.57846475730096
2024-07-14,159.73,164.33,157.33,164.0,155664,155.78890733556585,155.6998153539772,68.2312933935802,156.5709258737221,155.5730264354315,0.9978994382906023,0.05440235552529235,0.94349708276531,155.2475,3.331068858018165,161.90963771603634,148.58536228396366
2024-07-15,164.0,169.0,162.67,167.33,207449,156.88805901789294,156.15590102637023,72.22406747205684,158.22616804699564,156.4439133661403,1.7822546808553454,0.399972820591303,1.3822818602640425,155.53050000000002,4.065004013724378,163.66050802744877,147.40049197255127
2024-07-16,168.0,177.33,166.93,175.93,249349,158.70157720666504,156.9313558880812,79.41843351983364,160.949834501304,157.88732719087065,3.0625073104333467,0.9324797185597118,2.1300275918736347,156.427,6.104044474558221,168.63508894911644,144.21891105088355
2024-07-17,177.33,178.8,170.67,178.27,265362,160.565236520316,157.76816546109765,80.87032315681574,163.61447534725724,159.3971548063617,4.2173205408955425,1.5894478830268781,2.6278726578686644,157.53699999999998,7.814544536683231,173.16608907336644,141.90791092663352
2024-07-18,181.13,181.13,173.33,173.73,252672,161.81902351838113,158.39411975674088,70.48173677642501,165.17070990921766,160.4588470429275,4.711862866290176,2.2139308796795376,2.497931986610638,158.48999999999998,8.571999705283744,175.63399941056747,141.3460005894325
2024-07-21,174.67,183.33,171.33,178.67,278892,163.42387842139246,159.18925231530005,74.34376915653723,167.24752376933802,161.807821336044,5.4397024332940305,2.8590851904024364,2.580617242891594,159.707,9.61470753859147,178.93641507718294,140.47758492281704
2024-07-22,180.0,183.33,175.07,181.67,247042,165.16160428602174,160.07085026371968,76.36604546674874,169.46636626636294,163.27909382967036,6.187272436692581,3.5247226396604656,2.6625497970321153,161.144,10.641417792361826,182.42683558472365,139.86116441527636
2024-07-23,184.4,190.0,179.33,188.67,299895,167.40049911592445,161.19238554749538,80.27323875936074,172.42077145615326,165.15990169413922,7.260869762014039,4.271952064131181,2.988917697882858,162.94400000000002,12.080056814088032,187.1041136281761,138.78388637182394
2024-07-24,189.33,194.0,183.07,184.6,232801,169.03854681916974,162.11033121229949,72.74312546355203,174.2944989244374,166.59990897605482,7.694589948382571,4.95647964098146,2.7381103074011115,164.5505,12.732652791358083,190.01580558271615,139.08519441728384
2024-07-25,185.33,187.07,180.67,182.67,205761,170.33678045543928,162.91659273338578,69.41769042604516,175.583037551447,167.79028608893964,7.792751462507368,5.5237340052866415,2.269017457220727,166.084,12.985938305884025,192.05587661176804,140.11212338823196
2024-07-28,185.6,193.13,182.2,184.67,135834,171.70184898349268,163.76966752815497,70.9021708373157,176.9810317743013,169.0406352675367,7.940396506764614,6.007066505582236,1.9333300011823784,167.78400000000002,13.086966758855308,193.95793351771064,141.6100664822894
2024-07-29,185.33,191.33,183.0,183.33,244487,172.80929193744578,164.53673938979594,68.50293544638656,177.95779611671648,170.09910672920066,7.858689387515824,6.377391081968954,1.4812983055468703,169.38400000000001,12.924577321807616,195.23315464361525,143.53484535638478
2024-07-30,180.33,198.07,180.33,192.67,254286,174.70078794340333,165.64000451176474,74.88279827873858,180.2212120987601,171.77102474925988,8.450187349500226,6.791950335475208,1.6582370140250173,171.251,13.472893605505773,198.19678721101155,144.30521278898846
2024-07-31,194.67,203.33,189.33,192.67,435012,176.41214147260303,166.7000043348328,74.88279827873858,182.1364102374124,173.31909699005547,8.817313247356935,7.197022917851554,1.620290329505381,173.19099999999997,13.630964710811316,200.4529294216226,145.92907057837735
2024-08-01,193.33,194.67,187.0,187.33,260151,177.45193752283132,167.5090237726825,66.0162270294177,182.93542404704127,174.35694165745878,8.57848238958249,7.473314812197741,1.1051675773847487,174.854,13.197384270337903,201.24876854067583,148.4592314593242
2024-08-05,190.0,195.67,185.33,190.47,218249,178.69175299684736,168.40945421296945,68.38660628477636,184.0945895782657,175.55050153468406,8.544088043581638,7.687469458474522,0.8566185851071166,176.60750000000002,12.800399202245883,202.20829840449179,151.00670159550825
2024-08-06,193.33,193.33,181.0,182.0,274895,179.00682414000477,168.94241679285298,56.86463153859499,183.7723450277633,176.02824216174452,7.744102866018778,7.698796139983373,0.0453067260354052,177.94099999999997,11.818666725054465,201.57833345010891,154.30366654989103
2024-08-07,183.33,192.0,180.0,189.33,186835,179.9899837457186,169.74192985979994,62.718634354382964,184.62736886964586,177.01355755717086,7.613811312475008,7.681799174481701,-0.06798786200669316,179.67749999999998,10.707929120639823,201.09335824127962,158.26164175872034
2024-08-08,190.67,199.33,190.27,192.67,362025,181.19760434136447,170.641069865298,65.04639622119345,185.86469673585418,178.17329403441744,7.691402701436743,7.68371987987271,0.0076828215640336595,181.39749999999998,9.813768992702034,201.02503798540405,161.7699620145959
2024-08-11,195.8,208.6,192.07,207.33,497820,183.68640392790118,172.07985143920789,73.01158825849066,189.16705108418432,180.333050031868,8.834001052316324,7.913776114361433,0.9202249379548917,183.9005,9.719620132820538,203.33974026564107,164.46125973435892
2024-08-12,210.8,216.0,207.33,216.0,402350,186.76388926810108,173.8022102062978,76.43212684928808,193.29519707123288,182.9750463258037,10.320150745429174,8.39505104057498,1.925099704854194,186.5005,10.988264780881067,208.47702956176212,164.52397043823785
2024-08-13,218.6,219.6,207.33,210.67,279728,189.04066171875812,175.24800588448218,70.51524394164504,195.96824367565858,185.02652437574417,10.94171929991441,8.904384692442868,2.037334607471543,188.6675,11.27838215115017,211.22426430230033,166.11073569769965
2024-08-14,214.2,224.0,203.33,218.0,377798,191.79869393601925,176.92455467332604,73.54799695663775,199.3577446486342,187.46900405161497,11.888740597019222,9.50125587335814,2.387484723661082,190.77100000000002,12.620979985305734,216.0129599706115,165.52904002938854
2024-08-15,218.0,236.47,218.0,234.67,753460,195.88167546592217,179.18908194103875,78.87078502303041,204.79039931807512,190.9653741218657,13.825025196209424,10.366009737928398,3.4590154582810264,193.591,15.624361511165603,224.8397230223312,162.3422769776688
2024-08-18,238.67,254.8,237.4,254.67,1204434,201.48056351678673,182.14911794335097,83.23067294101634,212.46418403837126,195.6842352980238,16.779948740347464,11.648797538412213,5.131151201935252,197.638,20.061633349046954,237.76126669809392,157.5147333019061
2024-08-21,259.07,262.67,247.33,252.67,505356,206.3557479437594,184.91464272988622,81.42135466480856,218.64969418631412,199.90540305372573,18.744291132588387,13.067896257247448,5.6763948753409394,201.33800000000002,22.989527959257614,247.31705591851525,155.3589440814848
2024-08-22,257.0,257.0,244.13,246.67,352953,210.19520052054423,187.33642144636127,76.07820016955043,222.96051046534274,203.36944727196828,19.591063193374453,14.37252964447285,5.218533548901602,204.588,24.600769692708763,253.78953938541753,155.38646061458246
2024-08-25,245.33,249.33,233.4,233.47,417064,212.4118480900162,189.14558138964122,65.84136729042557,224.57735500913617,205.59911784441508,18.978237164721094,15.293671148522499,3.6845660161985947,206.82799999999997,25.109439114237354,257.04687822847467,156.60912177152528
2024-08-27,233.47,237.2,219.53,222.0,326470,213.32500541477657,190.43398996259648,58.47806624762237,224.18083885388447,206.81399800408803,17.366840849796432,15.708305088777287,1.6585357610191451,208.698,24.757096080029324,258.21219216005863,159.18380783994135
2024-08-28,223.73,240.87,220.67,240.87,317491,215.9483382324169,192.41187270916132,65.34460314043973,226.74840210713302,209.33666481860004,17.411737288532976,16.048991528728425,1.3627457598045503,211.608,24.956363095358707,261.5207261907174,161.69527380928258
2024-08-29,243.33,260.0,223.07,236.67,468463,217.92182982932957,194.14748554409618,62.85316884459264,228.27480178295872,211.36135631351854,16.913445469440177,16.221882316870776,0.691563152569401,214.208,24.70971375156386,263.6274275031277,164.7885724968723
2024-09-01,240.73,244.67,228.27,231.33,318617,219.19879841701245,195.60562336589632,59.734688800513574,228.74483227788815,212.84051510510977,15.904317172778377,16.1583692880523,-0.2540521152739217,216.608,23.869536983139977,264.34707396627994,168.86892603372004
2024-09-02,233.33,239.33,228.0,238.67,283408,221.0531985677732,197.29442244958665,62.48959626560277,230.27178115821306,214.75381028250905,15.517970875704009,16.03028960558264,-0.5123187298786327,218.908,23.6568062087851,266.2216124175702,171.5943875824298
2024-09-03,240.0,242.0,233.33,234.67,143109,222.35003679941386,198.76013137313225,60.077276864070605,230.94843021079566,216.22908359491578,14.719346615879886,15.768101007642091,-1.0487543917622055,221.00799999999998,23.061762748164867,267.1315254963297,174.88447450367025
2024-09-04,236.67,236.67,223.33,225.33,212286,222.6338428185173,199.80208700555846,54.761419086499956,230.08405633221173,216.90322555084794,13.180830781363795,15.250646962386433,-2.069816181022638,222.908,21.664092435471293,266.23618487094257,179.5798151290574
2024-09-05,222.67,229.13,220.87,225.33,173633,222.89061969294423,200.80318163279148,54.76141908649996,229.35266305033298,217.52743106559996,11.825231984733023,14.565563966855752,-2.740331982122729,224.65099999999998,20.274700828476448,265.20040165695286,184.1015983430471
2024-09-08,227.33,228.0,220.0,221.33,112870,222.74198924599716,201.6081549020938,52.45604636295042,228.1184071964356,217.8091028385185,10.309304357917114,13.714312045068025,-3.4050076871509116,226.61749999999998,17.658731514019443,261.93496302803885,191.3000369719611
2024-09-09,222.0,222.6,211.2,213.33,118333,221.84560931780698,202.06783510201168,48.0950887451699,225.8432676277532,217.47731744307268,8.365950184680514,12.644639672990525,-4.278689488310011,227.81749999999997,15.69811449455709,259.21372898911414,196.4212710108858
2024-09-10,215.6,220.0,208.67,208.67,139785,220.59078938277773,202.32674352938378,45.711181407824164,223.2012264542527,216.82492355840063,6.376302895852064,11.390972317562833,-5.014669421710769,228.61749999999998,14.143373332078143,256.9042466641563,200.3307533358437
2024-09-11,212.0,215.33,206.67,208.0,87975,219.39166658441792,202.5492241752903,45.3630330954921,220.8625762305215,216.17122551703764,4.691350713483871,10.051047996747041,-5.35969728326317,228.65099999999998,14.090994473889017,256.832988947778,200.46901105222196
2024-09-12,211.47,220.0,208.0,218.0,130173,219.25912690971145,203.15513695272992,51.32216481434135,220.42217988736436,216.30669029355337,4.115489593810992,8.863936316159831,-4.74844672234884,228.75099999999998,14.003312352515678,256.75762470503133,200.74437529496862
2024-09-15,221.67,225.33,211.33,213.33,147924,218.69444815640563,203.55415118987779,48.65339499700552,219.3310752893083,216.08619471625312,3.244880573055184,7.740125167538903,-4.495244594483719,228.88399999999996,13.834155443760134,256.5523108875202,201.21568911247968
2024-09-16,213.33,213.33,205.33,207.4,146751,217.61878642722414,203.70496879027473,45.42335531487975,217.49552524479932,215.44277288541957,2.0527523593797525,6.602650605907073,-4.54989824652732,228.35399999999998,14.461884713746583,257.2777694274931,199.43023057250682
2024-09-18,210.87,215.33,207.4,215.33,171246,217.4008067674885,204.1608523671267,50.18601119831614,217.1623675148302,215.43441933835146,1.7279481764787477,5.627710120021408,-3.8997619435426607,227.38700000000003,14.662531949083954,256.7120638981679,198.06193610183212
2024-09-22,218.93,218.93,212.0,213.93,93443,217.0702537420134,204.54395619586683,49.36694657344745,216.66508020485634,215.32298086884396,1.3420993360123816,4.7705879632196035,-3.428488627207222,225.35,13.452740671660942,252.2554813433219,198.4445186566781
2024-09-23,211.33,213.33,205.67,210.0,63962,216.39689624277403,204.75791869798968,47.04578481945641,215.63968325026303,214.92868598967033,0.7109972605927055,3.958669822694224,-3.2476725621015183,223.2165,12.218950025957856,247.6544000519157,198.7785999480843
2024-09-24,209.33,212.0,200.53,202.0,98461,215.02576326727174,204.6497650235587,42.64968919722543,213.54127044253028,213.97100554599103,-0.4297351034607573,3.0809888374632277,-3.510723940923985,220.983,11.781016889359853,244.5450337787197,197.4209662212803
2024-09-25,200.0,210.0,198.8,206.67,51625,214.22997628943634,204.72898992459562,45.83171069809185,212.48415191291025,213.43019032036204,-0.9460384074517947,2.2755833884802232,-3.221621795932018,219.64299999999997,11.810075136799764,243.2631502735995,196.02284972640044
2024-09-26,208.87,209.73,201.27,206.67,48160,213.50997854758523,204.80510796676833,45.83171069809185,211.58966700323174,212.9294354818167,-1.339768478584972,1.5525130150671844,-2.892281493652156,218.8765,12.141864191821846,243.1602283836437,194.5927716163563
2024-09-29,206.0,206.0,197.33,198.8,37399,212.10902820971998,204.56961353669897,41.34789309857232,209.6220259258115,211.88281063131177,-2.2607847055002708,0.7898534709536935,-3.0506381764539645,216.773,11.769563825035881,240.31212765007177,193.23387234992822
2024-09-30,196.8,206.6,196.8,204.67,37645,211.4005493326038,204.57355026075,45.62115855628141,208.86017578337896,211.3485283623257,-2.4883525789467456,0.13421226097360578,-2.622564839920351,215.173,11.077055517933593,237.32711103586718,193.01888896413283
2024-10-01,202.67,215.67,202.0,213.67,200166,211.61668749140344,204.9302737799363,51.46046128593854,209.60014873978218,211.52048922437567,-1.9203404845934813,-0.2766982881398116,-1.6436421964536696,214.29000000000002,10.404803040702127,235.09960608140426,193.48039391859578
2024-10-02,216.0,216.93,204.67,206.67,67648,211.14557439698405,204.99849833758586,47.21386649959082,209.14935662596955,211.16119372627378,-2.011837100304234,-0.6237260505726961,-1.3881110497315379,212.69,8.794192461655967,230.27838492331193,195.10161507668806
2024-10-06,206.67,210.67,206.67,209.33,66366,210.97266254965223,205.16836114787662,48.93823949003577,209.1771479142819,211.0255497465498,-1.8484018322679105,-0.8686612069117391,-0.9797406253561715,211.423,7.128453069068355,225.67990613813672,197.1660938618633
2024-10-07,212.0,214.33,210.0,212.0,103062,211.0705042115901,205.43626855384224,50.679846203817334,209.6114328505462,211.09773124680538,-1.4862983962591727,-0.9921886447812258,-0.4941097514779469,210.75650000000002,6.339209044968058,223.43491808993613,198.0780819100639
2024-10-08,213.33,213.33,207.33,208.2,24329,210.79712285810533,205.54465017918176,48.16207361158471,209.39428933507756,210.88308448778275,-1.488795152705194,-1.0915099463660196,-0.3972852063391743,209.9,5.345941894264987,220.59188378852997,199.20811621147004
2024-10-09,209.93,222.67,207.93,218.67,143627,211.54692068114292,206.05936977999815,54.8218202966196,210.82132174506563,211.4598930442433,-0.63857129917767,-1.0009222169283498,0.36235091775067985,209.767,5.072718673143377,219.91243734628674,199.62156265371326
2024-10-15,221.8,225.33,218.67,222.73,99203,212.61197585436742,206.71311998470412,57.12223565305512,212.65342609197862,212.29471578170677,0.35871031027184586,-0.7289957114883108,1.0877060217601566,210.237,5.803099988256237,221.84319997651247,198.63080002348752
2024-10-16,226.47,230.27,222.73,230.13,206446,214.28035910633244,207.6314290049118,61.01832082100578,215.34212977013573,213.61584794602481,1.726281824110913,-0.23794020436846602,1.964222028479379,211.31,7.291281022384449,225.8925620447689,196.7274379552311
2024-10-17,230.67,232.67,226.0,226.0,170395,215.3965153819198,208.35176512236626,57.858472142412616,216.98180211319178,214.53319254261555,2.448609570576224,0.299369750620472,2.149239819955752,212.20999999999998,7.9429969155234526,228.09599383104688,196.32400616895308
2024-10-20,223.33,226.0,218.07,220.6,103920,215.8920853455465,208.83208805874406,53.92627868238644,217.5384479419315,214.98258568760698,2.5558622543245235,0.7506682513612823,1.8051940029632412,212.34,8.063115500782711,228.46623100156543,196.21376899843457
2024-10-21,224.0,224.0,212.67,212.67,111831,215.58522007454206,208.98259440938156,48.69273128093869,216.78945595086515,214.81128304408054,1.9781729067846072,0.9961691824459473,0.9820037243386599,212.30700000000002,8.060200532964053,228.4274010659281,196.18659893407192
2024-10-22,215.33,222.0,214.0,221.87,168453,216.1837705436333,209.48798286391562,54.241160331662606,217.5710781122705,215.33415096674125,2.2369271455292505,1.244320775062608,0.9926063704666426,213.0305,8.243891183301747,229.51828236660347,196.5427176333965
2024-10-23,221.33,223.33,216.67,217.87,68592,216.34436382519203,209.81668941827186,51.62704206769604,217.6170660949981,215.52199163587153,2.095074459126579,1.4144715118754023,0.6806029472511765,213.15749999999997,8.300550314667744,229.75860062933546,196.55639937066448
2024-10-24,220.07,220.4,212.0,216.73,58180,216.38109107993563,210.08779963716316,50.87450823889511,217.48059438807533,215.61147373691807,1.8691206511572602,1.5054013397317738,0.3637193114254864,213.29749999999999,8.337794656673735,229.97308931334746,196.6219106866525
2024-10-27,216.8,219.0,215.33,215.33,71531,216.2809871675608,210.2933761219803,49.91231051197331,217.14973371298683,215.5906238304797,1.55910988250713,1.5161430482868452,0.04296683422028469,213.564,8.311990957900848,230.18798191580169,196.9400180841983
2024-10-28,216.67,221.67,216.67,217.4,145996,216.3875598182693,210.57206725445167,51.37663101116726,217.18823621868114,215.72465169488862,1.4635845237925196,1.5056313433879802,-0.04204681959546064,214.33399999999997,7.88678268070361,230.10756536140718,198.56043463859277
2024-10-29,218.67,222.0,217.33,219.33,109776,216.66779221652936,210.91551559741436,52.76324893562831,217.51773833888404,215.9917145323043,1.526023806579758,1.509709836026336,0.016313970553422097,214.967,7.746084987372246,230.4591699747445,199.47483002525553
2024-10-30,221.87,222.0,216.67,218.0,107393,216.79466914828848,211.19333851516282,51.669728365447035,217.5919324405942,216.14047641880026,1.4514560217939447,1.4980590731798578,-0.04660305138591303,215.5335,7.518311873091411,230.57012374618282,200.4968762538172
2024-11-05,221.67,221.67,215.0,217.33,361167,216.84565303892768,211.43399190672508,51.09523675850545,217.55163514204128,216.2285892766669,1.3230458653743824,1.4630564316187629,-0.14001056624438046,216.45999999999998,6.407333791508292,229.27466758301657,203.6453324169834
2024-11-06,221.6,239.0,221.6,232.1,212842,218.29844798760124,212.24442359665744,61.308293979467,219.78984512018877,217.40424933024713,2.3855957899416467,1.6475643032833398,0.7380314866583069,217.8315,6.6807258311947875,231.1929516623896,204.47004833761042
2024-11-10,236.7,239.7,232.0,238.9,153758,220.26050056021063,213.28974031835716,64.93862819907629,222.72986894785203,218.99652715763625,3.733341790215775,2.0647198006698266,1.6686219895459482,219.093,8.087501142927664,235.26800228585532,202.91799771414466
2024-11-11,242.0,253.0,236.5,241.0,133188,222.23569098304773,214.37641716861765,65.9996094303291,225.54065834049015,220.62641403484838,4.914244305641773,2.634624701664216,2.279619603977557,220.80949999999999,8.91304217366257,238.63558434732514,202.98341565267484
2024-11-12,245.0,245.8,236.0,238.0,83042,223.737053746567,215.30283218161304,63.063685568600995,227.4574801342609,221.9133463285633,5.544133805697584,3.2165265224708897,2.327607283226694,222.243,9.268054982460368,240.77910996492074,203.70689003507925
2024-11-13,242.7,242.7,233.0,234.0,48776,224.7144771992749,216.03605444900077,59.2773785002894,228.46402165206692,222.808654007929,5.655367644137925,3.704294746804297,1.9510728973336282,223.343,9.293880329494295,241.9307606589886,204.7552393410114
2024-11-14,233.0,236.0,230.0,232.0,95460,225.40833651362968,216.6620915294321,57.421019074445354,229.00801832097972,223.4894944517861,5.518523869193615,4.067140571282161,1.4513832979114536,224.533,8.761336175433565,242.05567235086713,207.01032764913285
2024-11-17,236.6,238.0,232.0,233.0,96745,226.1313520837602,217.30279382239556,58.1271101156526,229.62216934852128,224.1939763442464,5.428193004274874,4.339351057880704,1.0888419463941696,225.24949999999998,8.842204699472967,242.93390939894593,207.56509060105404
2024-11-19,233.0,235.0,227.0,230.0,90872,226.4997947424497,217.80072347641928,55.17124791536317,229.68029714105646,224.62405217059853,5.056244970457925,4.482729840396149,0.573515130061776,225.613,8.882519260945399,243.3780385218908,207.8479614781092
2024-11-20,234.6,234.6,227.0,228.9,41846,226.72838571935927,218.23598922244204,54.08522201555793,229.56025142704777,224.94078904685048,4.619462380197291,4.510076348356377,0.10938603184091367,225.55150000000003,8.853810523694703,243.25912104738944,207.84387895261062
2024-11-21,233.4,233.4,223.0,223.5,65506,226.42092041275362,218.44242101764038,48.98726333055284,228.6279050536558,224.83406393226895,3.793841121386862,4.366829302962475,-0.5729881815756128,225.42650000000003,8.864786205752376,243.1560724115048,207.69692758849527
2024-11-24,227.9,227.9,217.0,218.9,57916,225.70464227820565,218.46036529145843,45.08845567213668,227.1313042761703,224.39450364098977,2.7368006351805434,4.040823569406089,-1.3040229342255456,225.3415,8.92146983110865,243.1844396622173,207.4985603377827
2024-11-25,223.2,227.0,216.9,220.0,59486,225.16134301361464,218.52074312316594,46.19131606245995,226.03418054137487,224.06898485276832,1.965195688606542,3.6256979932461797,-1.6605023046396377,225.708,8.514810997068745,242.7376219941375,208.6783780058625
2024-11-26,223.0,224.5,220.0,222.0,43441,224.8602627266037,218.6571845693163,48.22732409666347,225.41353738116337,223.9157267155262,1.4978106656371608,3.200120527724376,-1.702309862087215,225.7145,8.511776037690536,242.73805207538106,208.6909479246189
2024-11-27,226.4,230.5,225.0,230.0,78999,225.3497615145462,219.1020008607157,55.4832845284194,226.11914701483053,224.36641362548724,1.752733389343291,2.910643100048159,-1.157909710704868,226.321,8.354100096423666,243.02920019284733,209.61279980715267
2024-11-28,234.6,234.6,225.4,226.7,50348,225.47835565601798,219.39996161127584,52.23140366097169,226.20850901254892,224.53927187545116,1.6692371370977526,2.6623619074580778,-0.9931247703603252,226.8195,8.043353238283318,242.90620647656664,210.73279352343337
2024-12-01,223.0,225.0,219.2,224.0,39739,225.33755987925437,219.58035527357876,49.666502972872735,225.86873839523372,224.49932581060293,1.369412584630794,2.403772042892621,-1.034359458261827,227.253,7.613691337944226,242.48038267588845,212.02561732411152
2024-12-02,224.3,227.0,220.0,221.0,68843,224.924458938373,219.63602761579136,46.91007194548563,225.11970171904392,224.240116491299,0.8795852277449114,2.0989346798630795,-1.219349452118168,227.433,7.408274250352392,242.24954850070478,212.6164514992952
2024-12-03,225.4,226.0,221.0,223.5,79583,224.78879618233745,219.78755594458386,49.428849523820276,224.870516839191,224.18529304749907,0.685223791691925,1.8161925022288485,-1.1309687105369235,227.6415,7.224623301053039,242.0907466021061,213.19225339789392
2024-12-04,226.0,228.3,223.0,223.5,69457,224.6660536887815,219.93314198597272,49.428849523820276,224.65966809470007,224.13453059953616,0.5251374951639036,1.5579815008158595,-1.0328440056519559,227.91649999999998,6.937273296439095,241.79104659287816,214.0419534071218
2024-12-05,223.0,223.0,217.3,217.8,59062,224.01214381365943,219.84948935907184,43.91906086829573,223.6043345416693,223.66530611068163,-0.06097156901233802,1.23419088685022,-1.295162455862558,227.94,6.900221201642177,241.74044240328436,214.13955759671563
2024-12-08,214.0,219.2,210.0,213.0,80086,222.96336821235852,219.5808819332259,39.88691739339548,221.97289845833555,222.87528343581633,-0.9023849774807786,0.8068757139840204,-1.709260691464799,226.98499999999999,7.582200416627615,242.1494008332552,211.82059916674476
2024-12-09,213.0,216.0,212.0,212.7,32797,221.9859045730863,219.31104342604058,39.64195316101147,220.54629869551468,222.12155873686697,-1.5752600413522941,0.3304485629167575,-1.9057086042690516,225.675,7.677984590270696,241.0309691805414,210.31903081945862
2024-12-10,212.0,215.0,209.5,211.5,37631,220.9872469946971,219.0047279975684,38.62023344836962,219.15456043466628,221.33477660821015,-2.1802161735438688,-0.17168438437536776,-2.008531789168501,224.2,7.407819481716423,239.01563896343282,209.38436103656716
2024-12-11,211.5,216.0,210.3,215.6,33619,220.47417585234498,218.87120925256573,43.93691909395813,218.60770498317916,220.90997834093534,-2.302273357756178,-0.5978021790515299,-1.7044711787046483,223.08,6.886569690729653,236.85313938145933,209.3068606185407
2024-12-12,217.9,217.9,212.1,213.9,51499,219.84806386640736,218.67625987011218,42.300803022849706,217.8834426780747,220.39072068605122,-2.507278007976538,-0.9796973448365316,-1.5275806631400064,222.075,6.672399946993937,235.41979989398786,208.73020010601212
2024-12-16,213.0,213.0,206.0,208.9,45897,218.8053911172257,218.29287713010777,37.83790136308499,216.5013745737555,219.53955619078818,-3.038181617032677,-1.3913941992757608,-1.6467874177569164,220.92000000000002,6.860612217580375,234.64122443516078,207.19877556483925
2024-12-17,208.9,210.8,205.1,207.9,32070,217.7667824393947,217.88531332108394,36.99718014441573,215.17808617779312,218.6773668433224,-3.499280665529284,-1.8129714925264655,-1.6863091730028184,219.66500000000002,6.830217304088193,233.3254346081764,206.00456539182363
2024-12-18,209.0,211.0,203.0,205.0,40494,216.55089839754757,217.38000691633556,34.59647149943288,213.61222676582494,217.66422855863186,-4.052001792806919,-2.2607775525825566,-1.7912242402243628,218.41500000000002,7.120709234339878,232.6564184686798,204.17358153132025
2024-12-19,203.5,207.0,200.4,200.4,44869,215.01271759778115,216.71412429216554,31.144288832426085,211.5795764941596,216.385396813548,-4.805820319388403,-2.769786105943726,-2.0360342134446765,216.98999999999995,7.737053702800135,232.46410740560023,201.51589259439967
2024-12-22,200.4,206.0,198.2,199.5,30263,213.53531592180198,216.03906059443355,30.502970786905422,209.72118011044273,215.1346266792111,-5.413446568768364,-3.2985181985086536,-2.114928370259711,215.78999999999996,8.497981184407253,232.78596236881447,198.79403763118546
2024-12-23,200.0,202.5,198.0,201.5,33500,212.38909535782085,215.46890135543617,33.766911192218004,208.4563831703746,214.12465433260286,-5.668271162228251,-3.772468791252573,-1.895802370975678,214.92,9.036452494437404,232.99290498887478,196.8470950111252
2024-12-24,203.5,205.6,202.0,203.6,33528,211.552038657076,215.0034542434583,37.106958079035245,207.7092472980093,213.3450503079656,-5.635803009956305,-4.14513563499332,-1.4906673749629853,214.1,9.29170541255467,232.68341082510932,195.51658917489067
2024-12-26,199.6,206.9,199.6,202.0,28754,210.64232068973544,214.49351486136192,35.63257566642696,206.830901559854,212.50467621107927,-5.673774651225273,-4.45086343823971,-1.2229112129855624,213.1,9.471230676439543,232.0424613528791,194.1575386471209
2024-12-29,206.0,206.0,199.0,199.1,36809,209.54305205261778,213.88984761189676,33.067945754572946,205.64153208910722,211.5117372324808,-5.870205143373596,-4.734731779266488,-1.1354733641071082,211.555,9.081587793008396,229.7181755860168,193.39182441398322
2024-12-31,199.5,200.0,195.0,196.0,36400,208.2532375714161,213.18828496044983,30.537702765668726,204.1582194600138,210.36271965970445,-6.204500199690642,-5.0286854633513185,-1.1758147363393237,210.02000000000004,8.980950600255218,227.98190120051046,192.0580987994896
2025-01-01,196.0,198.5,195.0,197.9,22108,207.26721494556693,212.58874437376554,33.877212821756714,203.1954164661655,209.4395552404671,-6.244138774301575,-5.27177612554137,-0.9723626487602051,208.715,8.735545956487714,226.18609191297543,191.24390808702458
2025-01-02,198.0,199.1,195.0,195.1,26852,206.10843256979865,211.90291126106885,31.475632104951316,201.94996777906312,208.37736596339545,-6.427398184332333,-5.502900537299563,-0.9244976470327693,207.42000000000002,8.73827635659486,224.89655271318975,189.94344728681028
2025-01-05,195.1,203.0,195.0,200.1,35854,205.5362008964845,211.4400519959289,39.69668360225469,201.66535735151496,207.76422774388467,-6.098870392369719,-5.6220945083135945,-0.47677588405612426,206.25,8.007989431614925,222.26597886322986,190.23402113677014
2025-01-06,200.0,211.5,200.0,211.0,57729,206.05656271586693,211.42279505491211,52.949013562795706,203.10145622051263,208.003914577671,-4.902458357158366,-5.478167278082549,0.5757089209241828,205.625,7.0173375517929655,219.65967510358593,191.59032489641407
2025-01-07,211.0,225.0,211.0,217.5,125837,207.14641388578437,211.6611168174646,58.76811321299404,205.3166168019722,208.70732831265835,-3.3907115106861454,-5.060676124603269,1.6699646139171236,205.60999999999999,6.990211200785936,219.59042240157186,191.6295775984281
2025-01-08,217.6,221.7,214.0,214.0,59870,207.79913637285253,211.75283772658366,54.835440801970464,206.6525219093611,209.09937806727623,-2.4468561579151356,-4.537912131265642,2.0910559733505067,205.66,7.049180616811805,219.75836123362362,191.56163876637638
2025-01-09,212.0,216.2,209.7,211.9,53127,208.18969481353327,211.7586087961294,52.56265126926697,207.45982623099783,209.3068315437743,-1.8470053127764743,-3.999730767567809,2.1527254547913346,205.62000000000003,7.009287072389895,219.63857414477982,191.60142585522024
2025-01-12,214.0,214.9,207.0,207.3,17576,208.10496197414915,211.58376139235963,47.88114480413772,207.4352375800751,209.1581773553466,-1.7229397752714988,-3.544372569108547,1.8214327938370483,205.41,6.885675443687693,219.18135088737537,191.63864911262462
2025-01-13,208.0,209.0,203.9,205.0,37980,207.80925130994447,211.32557467109064,45.68993678141994,207.06058564467892,208.85016421791352,-1.7895785732345928,-3.1934137699337564,1.4038351966991636,204.87999999999997,6.454504750866764,217.7890095017335,191.97099049826645
2025-01-15,205.1,209.1,205.1,209.1,33696,207.93217975661642,211.23829723300864,50.07594685412158,207.37434169934372,208.86867057214215,-1.4943288727984338,-2.853596790506692,1.3592679177082583,204.64000000000001,6.185075415445725,217.01015083089146,192.26984916910857
2025-01-16,213.0,213.0,204.0,205.0,56010,207.65292454170057,210.99365812583181,46.069261400575236,207.00905836098315,208.5821023816131,-1.5730440206299647,-2.597486236531347,1.0244422159013822,204.445,6.104655255580608,216.6543105111612,192.23568948883877
2025-01-19,205.0,209.0,204.0,207.0,35350,207.59074125201482,210.83704408168157,48.24467549379307,207.00766476698573,208.46490961260474,-1.457244845619016,-2.369437958348881,0.9121931127298653,204.4,6.081118318205481,216.56223663641097,192.23776336358904
2025-01-20,207.6,213.0,207.6,209.0,42623,207.72495637087056,210.7650031373019,50.3993307318824,207.31417787975715,208.50454593759696,-1.1903680578398053,-2.133623978247066,0.9432559204072608,204.6,6.167060205556747,216.9341204111135,192.2658795888865
2025-01-21,209.0,211.9,207.0,207.0,18902,207.65591290697813,210.61735595544695,48.236687343360096,207.26584282133297,208.39309809036757,-1.127255269034606,-1.9323502364045742,0.8050949673699681,204.92999999999998,6.106777942755044,217.14355588551007,192.7164441144899
2025-01-22,207.0,214.9,205.0,210.0,53317,207.87915929678974,210.59314591797846,51.59214616529631,207.68648238728173,208.51212786145143,-0.8256454741697041,-1.7110092839576,0.885363809787896,205.45499999999998,6.066601840796141,217.58820368159226,193.3217963184077
2025-01-23,214.0,218.0,207.3,209.1,37490,207.9954298399526,210.53459117609694,50.53382385362877,207.90394663539223,208.55567394578836,-0.6517273103961259,-1.4991528892453054,0.8474255788491796,205.83499999999998,6.043811536998083,217.92262307399614,193.74737692600382
2025-01-26,208.0,210.0,205.0,205.3,38737,207.7387222361476,210.32931309075983,46.22247355423769,207.50333946071652,208.314512912767,-0.8111734520504683,-1.361557001806338,0.5503835497558698,205.92,6.022641490768821,217.96528298153763,193.87471701846235
2025-01-27,209.4,213.5,206.0,207.0,48613,207.6683677374669,210.19875179308298,48.34565925182773,207.42590262060628,208.21714158589538,-0.7912389652890965,-1.2474933945028899,0.45625442921379333,206.17,5.9547504256344155,218.07950085126882,194.26049914873116
2025-01-28,211.0,211.0,207.0,210.0,48038,207.89042795294623,210.19095760511897,51.95086263003646,207.82191760205149,208.34920517212532,-0.5272875700738382,-1.1034522296170794,0.5761646595432413,206.715,5.76954572689663,218.25409145379325,195.17590854620676
2025-02-02,212.0,221.0,210.0,215.0,152957,208.56753005266563,210.37954750295745,57.30000550765289,208.92623797096667,208.84185664085678,0.0843813301098919,-0.8658855176716853,0.9502668477815772,207.66500000000002,5.4687894359493505,218.60257887189871,196.72742112810133
2025-02-03,219.0,220.9,214.0,214.0,77615,209.08490814288794,210.52152603225326,55.95823787202066,209.7068167446641,209.22394133412664,0.4828754105374742,-0.5961333320298534,1.0790087425673276,208.46999999999997,5.1302098038572845,218.73041960771454,198.2095803922854
2025-02-04,217.9,217.9,211.0,214.0,44789,209.55301212927955,210.6579367760865,55.95823787202066,210.36730647625424,209.57772345752466,0.7895830187295871,-0.3189900618779653,1.1085730806075524,209.41500000000002,4.1928855784171715,217.80077115683437,201.02922884316567
2025-02-05,212.0,218.0,211.0,214.6,60330,210.03367764077672,210.81252749074977,56.66437385323072,211.01849009529207,209.94974394215245,1.0687461531396139,-0.04144281887444945,1.1101889720140634,210.14000000000001,3.7249373007812343,217.58987460156249,202.69012539843754
2025-02-06,217.0,219.0,213.0,215.0,71452,210.5066607226075,210.97674209895567,57.15753800387403,211.63103008063177,210.32383698347448,1.3071930971572954,0.22828436433189953,1.078908732825396,210.34,3.877791015244285,218.09558203048857,202.58441796951143
2025-02-09,215.0,216.0,211.0,211.0,28060,210.5536454156925,210.97765417350644,50.91735992127114,211.53394852976533,210.37392313284673,1.1600253969185985,0.4146325708492393,0.7453928260693592,210.01500000000001,3.500116539415254,217.01523307883053,203.0147669211695
2025-02-10,214.0,218.0,207.0,207.3,36656,210.2437744237218,210.83343244121207,45.92299688154454,210.88257183287834,210.14622512300622,0.736346709872123,0.4789753986538161,0.2573713112183069,209.68,3.4183098316679317,216.51661966333586,202.84338033666415
2025-02-11,207.1,209.0,207.0,207.9,26948,210.02055781193877,210.71839587489004,46.8337166051804,210.42371462782012,209.97983807685762,0.4438765509625,0.47195562911555294,-0.02807907815305294,209.48000000000002,3.398544580136084,216.2770891602722,202.68291083972784
2025-02-12,212.0,212.0,206.0,208.0,34107,209.82812373461127,210.61179211509042,46.993941895816356,210.05083545430932,209.83318340449782,0.21765204981150532,0.42109491325474346,-0.20344286344323814,209.51500000000001,3.378457293532803,216.27191458706562,202.7580854129344
2025-02-13,206.0,208.0,206.0,207.0,20254,209.55877861702925,210.4701532086163,45.51670460837217,209.58147615364635,209.6233179671276,-0.041841813481255485,0.3285075679075437,-0.3703493813887992,209.615,3.265493434143687,216.1459868682874,203.08401313171262
2025-02-16,207.0,210.8,203.1,210.0,85457,209.6007997011217,210.45171582788623,50.539787045570854,209.64586443770077,209.65122033993296,-0.005355902232196286,0.2617348738795957,-0.267090776111792,209.66,3.264223934528899,216.1884478690578,203.1315521309422
2025-02-17,205.8,209.0,205.0,207.8,162781,209.42929496768156,210.3477269718907,47.109712922271484,209.3618852934391,209.51409290734534,-0.15220761390625626,0.17894637632242533,-0.3311539902286816,209.8,3.110254685799995,216.0205093716,203.5794906284
2025-02-18,209.0,210.0,205.0,205.0,271389,209.00745735171188,210.13801218867928,43.10038751345903,208.69082601752538,209.1797156549494,-0.48888963742402325,0.04537917357313562,-0.5342688109971588,209.7,3.234680493457017,216.16936098691403,203.23063901308595
2025-02-20,209.1,209.1,202.1,203.0,123991,208.43531855631076,209.8580901420644,40.45213756934765,207.81531432252146,208.72195893976797,-0.9066446172465135,-0.1450255845907942,-0.7616190326557193,209.4,3.564444298612222,216.52888859722444,202.27111140277557
2025-02-23,203.0,203.9,199.0,203.6,145420,207.9748120271383,209.6126748423756,41.61121689407106,207.1668044267489,208.34255457385925,-1.1757501471103353,-0.35117049709470244,-0.8245796500156328,209.23000000000002,3.760613051927865,216.75122610385574,201.7087738961443
2025-02-24,200.5,206.5,200.5,202.0,200729,207.405782310268,209.31413857404715,39.40834810803806,206.3719114380183,207.87273571653634,-1.5008242785180528,-0.5811012533793725,-0.9197230251386803,208.83,4.085803406148978,217.00160681229798,200.65839318770205
2025-02-25,206.0,206.0,202.6,204.9,170263,207.16713637595674,209.14103510055511,45.083100551822454,206.145463524477,207.65253307086698,-1.507069546389971,-0.7662949119814921,-0.7407746344084789,208.61999999999998,4.178088205465023,216.97617641093,200.26382358906994
2025-02-27,206.8,225.3,204.5,225.3,664456,208.89407576872276,209.77471999857258,67.87541741956673,209.0923152899421,208.95975284339536,0.13256244654672855,-0.586523440275848,0.7190858868225766,209.61999999999998,5.519687252773977,220.65937450554793,198.58062549445202
2025-03-02,229.8,243.0,229.8,237.9,553805,211.6565447431301,210.87767215549133,74.82522930055057,213.52426678379715,211.10347485499568,2.4207919288014637,0.014939633539614305,2.4058522952618495,211.16500000000002,8.347787289551263,227.86057457910255,194.4694254208975
2025-03-03,240.0,240.0,227.4,228.0,361772,213.21306429140344,211.5491359925309,63.24739045374445,215.75130266321298,212.3550693101812,3.396233353031789,0.6911983774380493,2.70503497559374,212.065,9.147578051623345,230.36015610324668,193.76984389675331
2025-03-04,232.5,239.9,225.0,230.0,627467,214.81182007317454,212.27269928694147,64.4443182123612,217.9434099457956,213.66210121313074,4.281308732664854,1.4092204484834103,2.872088284181444,212.815,9.978095747027941,232.77119149405587,192.85880850594413
2025-03-05,234.6,235.8,226.9,228.5,304912,216.11545625668174,212.90906402078693,62.79260662028243,219.5675007233655,214.76120482697291,4.806295896392584,2.088635538065245,2.717660358327339,213.54000000000002,10.577503436415586,234.6950068728312,192.38499312716885
2025-03-06,226.3,231.5,226.2,228.5,206883,217.29493661318824,213.52047327487372,62.79260662028243,220.94173138130927,215.77889335830827,5.162838023001001,2.703476035052396,2.459361987948605,214.26500000000001,11.094962109468494,236.454924218937,192.07507578106302
2025-03-09,229.0,230.0,219.0,222.0,247313,217.7430378881227,213.8530037346826,55.62738405623687,221.10454193803093,216.23971607250763,4.864825865523301,3.135746001146577,1.7290798643767236,214.635,11.229297911221462,237.09359582244292,192.17640417755706
2025-03-10,225.0,225.0,214.0,216.5,207088,217.6246533273491,213.9568075097931,50.3879773146461,220.39615087064158,216.258996363433,4.137154507208578,3.3360277023589777,0.8011268048496003,214.70999999999998,11.236870701307819,237.18374140261562,192.23625859738434
2025-03-11,216.6,219.5,211.0,211.7,154812,217.06040062950635,213.8683052545071,46.290222433583104,219.05828150592748,215.92129292910462,3.1369885768228585,3.296219877251754,-0.15923130042889566,214.74499999999998,11.225791497122037,237.19658299424404,192.2934170057559
2025-03-12,212.0,220.0,212.0,219.0,159009,217.24512437907717,214.06954818570293,52.60320169863575,219.0493151204002,216.14934530472652,2.8999698156736713,3.2169698649361376,-0.3170000492624663,215.32999999999998,11.121770968406947,237.57354193681388,193.0864580631861
2025-03-16,219.0,221.3,213.1,215.0,155901,217.03130300964125,214.10603649214596,49.19133957170908,218.42634356341557,216.06420861548753,2.362134947928041,3.0460028815345184,-0.6838679336064772,215.685,10.984595673272574,237.65419134654516,193.71580865345484
2025-03-17,214.0,219.2,213.0,214.6,105773,216.79975034205637,214.125407610101,48.85012337102665,217.8376753228901,215.95574871804402,1.881926604846086,2.8131876261968323,-0.9312610213507462,216.01500000000001,10.839755046757267,237.69451009351454,194.3354899064855
2025-03-18,215.0,219.3,215.0,216.0,86003,216.7235836428129,214.19892103715588,50.153378519317805,217.55495604244547,215.9590265907815,1.5959294516639773,2.5697359912902615,-0.9738065396262843,216.465,10.630605023135335,237.72621004627067,195.20378995372934
2025-03-19,216.1,218.0,213.0,214.8,129144,216.54038520064026,214.22249276118902,49.00091563457789,217.13111665130003,215.8731727692421,1.2579438820579298,2.3073775694437955,-1.0494336873858656,216.705,10.530680739730016,237.76636147946004,195.64363852053998
2025-03-20,216.0,217.8,213.0,213.38,102458,216.2393961339126,214.1894538293777,47.606835153776686,216.55402178186924,215.6884933048538,0.865528477015431,2.0190077509581226,-1.1534792739426916,216.984,10.354783486517093,237.6935669730342,196.27443302696582
2025-03-23,217.6,217.6,205.1,206.04,152842,215.26802507354,213.86986740469624,41.09808454587551,214.93647996927396,214.97379009708686,-0.03731012781290133,1.6077441752039179,-1.6450543030168192,217.036,10.293866543775868,237.62373308755173,196.44826691244828
2025-03-24,206.0,213.0,202.1,209.48,107413,214.71678459034572,213.69771574176698,44.90020088671891,214.0970215124626,214.56684268248782,-0.4698211700252273,1.1922311061580888,-1.662052276183316,217.35999999999999,9.924171448911187,237.20834289782235,197.51165710217762
2025-03-25,206.0,209.7,204.0,205.31,86398,213.82090034364614,213.3687857126781,41.41064413790809,212.7451720490068,213.88115063193317,-1.1359785829263558,0.7265891683411999,-1.8625677512675556,217.44549999999998,9.806048334950423,237.05759666990082,197.83340333009915
2025-03-26,208.0,210.0,205.3,208.34,71355,213.29890983472748,213.17157842982797,44.76950616568099,212.06745327223652,213.47069502956774,-1.403241757331216,0.3006229832067168,-1.7038647405379328,217.7625,9.373394529198885,236.50928905839777,199.0157109416022
2025-03-27,207.1,212.0,205.7,211.35,106788,213.11329937427726,213.10014398159942,47.961117187528394,211.9570758457386,213.31360650885904,-1.3565306631204521,-0.030807746058716945,-1.3257229170617353,218.08499999999998,9.011530917313655,236.10806183462728,200.06193816537268
2025-03-30,211.0,218.8,207.5,214.56,156202,213.25108038625086,213.15739323722298,51.19985199745464,212.35752571562494,213.40593195264728,-1.0484062370223342,-0.2343274442514404,-0.8140787927708938,217.548,8.87796835459998,235.30393670919997,199.79206329080003
2025-04-01,210.3,216.0,209.1,211.28,80514,213.06335844470317,213.08376997301815,47.91813712419471,212.19175252860572,213.24845551171046,-1.056702983104742,-0.39880255202210074,-0.6579004310826413,216.217,7.5644626900718395,231.34592538014368,201.08807461985634
2025-04-02,215.0,215.0,207.0,210.15,87191,212.78589573568382,212.9687201701547,46.805087607523575,211.87763675497405,213.0189402886208,-1.1413035336467487,-0.5473027483470304,-0.5940007852997183,215.3245,7.142309426745906,229.60911885349182,201.03988114650818
2025-04-03,213.9,213.9,206.0,207.54,154519,212.28628661799965,212.75582918308982,44.24850456275835,211.21030802343958,212.61309285983407,-1.4027848363944884,-0.7183991659565221,-0.6843856704379663,214.20149999999998,6.445090563245471,227.09168112649093,201.31131887350904
2025-04-07,204.0,211.1,204.0,207.57,119747,211.83711646390444,212.55246333277256,44.286174530822024,210.6502606352181,212.2395304257723,-1.589269790554198,-0.8925732908760573,-0.6966964996781406,213.15500000000003,5.651600146024207,224.45820029204845,201.8517997079516
2025-04-08,207.4,209.0,205.8,208.0,105237,211.47167680067543,212.37393535893835,44.861253524103,210.24252822979994,211.92549113497438,-1.6829629051744348,-1.050651213735733,-0.6323116914387019,212.13000000000002,4.454232759263766,221.03846551852754,203.2215344814725
2025-04-09,211.7,211.7,206.6,207.35,77694,211.07913615299205,212.1769182860388,44.11989450702027,209.7975238867538,211.58656586571703,-1.7890419789632404,-1.1983293667812345,-0.5907126121820059,211.39749999999998,3.9180014709453457,219.23350294189066,203.5614970581093
2025-04-10,209.0,210.9,206.0,207.36,105479,210.72493270984995,211.98801952972357,44.135190117719105,209.42252021186857,211.27348691270095,-1.8509667008323731,-1.3288568335914621,-0.522109867240911,210.94050000000001,3.8234243056541084,218.58734861130824,203.29365138869179
2025-04-13,209.0,211.0,206.7,207.16,56126,210.38541530891186,211.79868543051873,43.87651396189579,209.0744401792734,210.9687841784268,-1.8943439991533921,-1.4419542667038483,-0.45238973244954384,210.71349999999998,3.9097560497344284,218.53301209946883,202.89398790053113
2025-04-15,209.0,213.0,207.0,208.37,104691,210.1934709937774,211.66422717834155,45.940851250239696,208.9660647670775,210.77628164669147,-1.8102168796139608,-1.515606789285871,-0.29461009032808994,210.18200000000002,3.415242304729456,217.01248460945894,203.3515153905411
2025-04-16,212.5,216.0,208.1,215.24,131308,210.67409280389384,211.80445356350464,55.866528674741986,209.93128557214249,211.10692745064026,-1.1756418784977711,-1.447613807128251,0.2719719286304798,210.19400000000002,3.4334352906019086,217.06087058120383,203.3271294187962
2025-04-17,217.0,221.9,215.1,215.28,151475,211.11275063209445,211.94074950219073,55.91727998693129,210.7541647148898,211.41604393577802,-0.6618792208882098,-1.2904668898802427,0.6285876689920329,210.228,3.482380613439015,217.19276122687805,203.26323877312197
2025-04-20,215.28,216.9,210.5,210.92,109559,211.09439342903784,211.90072010994797,49.266911546369734,210.779677835676,211.37929994053522,-0.5996221048592076,-1.1522979328760357,0.552675828016828,209.974,3.2141552053726716,216.40231041074534,203.54568958925464
2025-04-21,206.9,219.5,206.9,215.59,184436,211.52254643579613,212.04539775269512,55.38722892061797,211.51972739941817,211.69120364864372,-0.17147624922554883,-0.9561335961459384,0.7846573469203896,210.01349999999996,3.2807497137429205,216.5749994274858,203.45200057251412
2025-04-22,217.0,221.0,214.0,215.42,177693,211.89373248952984,212.1777350957267,55.126517579003654,212.11976933796922,211.96741078578123,0.15235855218799088,-0.7344351664791525,0.8867937186671434,210.11550000000003,3.4196944692723132,216.95488893854466,203.2761110614554
2025-04-23,219.7,219.7,208.0,209.29,125049,211.64575796671747,212.0644905821688,46.60728742932537,211.68442020905087,211.76908406090854,-0.08466385185766967,-0.604480903554856,0.5198170516971863,210.27800000000002,3.2906208020936862,216.8592416041874,203.69675839581265
2025-04-24,212.0,213.0,208.0,210.75,76851,211.56044768417297,212.01294193188764,48.64300020516355,211.54066325381228,211.6935963526931,-0.15293309888082263,-0.5141713426200493,0.36123824373922664,210.3415,3.2866624808720037,216.91482496174402,203.76817503825598
2025-04-27,214.0,217.2,210.0,213.81,176894,211.77469076187077,212.08341479730382,52.71244041884488,211.889791983995,211.85036699323436,0.03942499076063655,-0.40345207594391214,0.4428770667045487,210.7665,3.1484570573725805,217.06341411474517,204.46958588525484
2025-04-28,216.0,232.0,215.4,223.95,609046,212.93424402264498,212.5487710797625,63.13642368142034,213.7452086018419,212.74663610484663,0.9985724969952798,-0.12304716135607377,1.1216196583513536,211.54700000000003,4.255498115443182,220.0579962308864,203.03600376911365
2025-04-29,227.9,227.9,217.0,218.16,161424,213.43193506810735,212.76881927271302,55.599670181133014,214.42440727848162,213.14762602300613,1.2767812554754983,0.15691852201024065,1.1198627334652576,211.8875,4.504092729485455,220.8956854589709,202.8793145410291
2025-04-30,221.0,227.9,217.0,223.48,275239,214.3888936330495,213.18886557574388,60.29017955897759,215.81757538948446,213.91298705833898,1.9045883311454759,0.5064524838372877,1.3981358473081882,212.33350000000002,5.174408967013444,222.6823179340269,201.98468206597312
2025-05-04,220.0,228.7,218.0,220.13,208170,214.93566566799714,213.4610669257147,56.259766166279974,216.48102532956378,214.37350653549905,2.107518794064731,0.8266657458827764,1.2808530481819547,212.776,5.4506159960922425,223.6772319921845,201.87476800781553
2025-05-05,224.5,224.5,215.0,216.19,151721,215.05512608056884,213.56808390902,51.868005522211845,216.43625220193857,214.50806160694356,1.9281905949950158,1.0469707157052244,0.8812198792897914,213.07799999999997,5.464770038982609,224.0075400779652,202.14845992203476
2025-05-06,218.0,223.3,217.0,220.27,188454,215.5517807395623,213.83090414788197,55.72254105430316,217.02605955548648,214.93487185828107,2.091187697205413,1.2558141120052622,0.8353735852001509,213.7145,5.526792612262755,224.7680852245255,202.66091477547448
2025-05-07,222.0,232.0,222.0,227.13,441644,216.6544682881754,214.35243731855326,61.32994249799216,218.58051193156547,215.8382146835936,2.7422972479718624,1.5531107391985821,1.1891865087732802,214.69249999999997,6.0847279703943435,226.86195594078865,202.5230440592113
2025-05-08,229.6,235.2,224.0,232.31,654539,218.14547130834916,215.05665546292374,64.94050557472748,220.69274086517078,217.05834692925333,3.634393935917444,1.9693673785423544,1.6650265573750898,215.908,7.031853540179984,229.97170708035995,201.84429291964003
2025-05-11,231.0,242.0,225.0,225.9,334137,218.88399785041113,215.48188466045616,57.75433297188417,221.4938576551445,217.7132841937531,3.780573461391384,2.3316085951121606,1.4489648662792236,216.8355,7.066927773644676,230.96935554728935,202.70164445271064
2025-05-13,230.0,230.0,218.1,219.29,221571,218.92266472180057,215.63122251690885,51.433735160138006,221.15480263127608,217.8300779571788,3.324724674097297,2.530231810909188,0.794492863188109,217.43199999999996,6.720005952379502,230.87201190475895,203.99198809524097
2025-05-14,223.0,223.0,215.0,215.63,206538,218.6090776054386,215.6311745750693,48.28286215082835,220.30483299569516,217.66710921960998,2.6377237760851813,2.5517302039443868,0.0859935721407945,217.85549999999998,6.291838050414809,230.4391761008296,205.27182389917036
2025-05-15,218.9,218.9,211.1,213.8,172701,218.15107021444445,215.55936380741954,46.741034452925454,219.3040894578959,217.38065668482406,1.923432773071852,2.4260707177698797,-0.5026379446980278,218.127,5.969904433689415,230.06680886737882,206.1871911326212
2025-05-18,215.0,216.0,209.8,210.74,142304,217.445254003545,215.37036914830506,44.19939368175555,217.98653723360422,216.8887561896519,1.097781043952324,2.1604127830063686,-1.0626317390540447,217.902,6.166018590887798,230.2340371817756,205.56996281822438
2025-05-19,212.0,215.7,210.1,212.23,117591,216.94856314606452,215.24721741699898,45.74640639925696,217.10091612074206,216.5436631385666,0.5572529821754699,1.839780822840189,-1.2825278406647191,217.74949999999998,6.271101200201917,230.2917024004038,205.20729759959616
2025-05-20,214.0,223.6,209.8,219.29,218599,217.17155713215362,215.40575791045,52.47033150253319,217.43769825601248,216.74709549867276,0.6906027573397182,1.6099452097400948,-0.9193424524003766,218.16800000000003,6.067322829370923,230.30264565874188,206.0333543412582
2025-05-21,223.6,231.9,215.5,215.88,208960,217.04855169099613,215.424355639452,49.29264642939985,217.19805237047208,216.68286620247477,0.5151861679973138,1.3909934013915386,-0.8758072333942248,218.18250000000003,6.061180947117511,230.30486189423505,206.06013810576502
2025-05-22,219.0,220.0,211.3,213.2,121085,216.68202295852032,215.3371260065323,46.88919725818911,216.58296739039946,216.42487611340258,0.15809127699688474,1.1444129765126079,-0.9863216995157231,218.07150000000001,6.134320427339873,230.34014085467976,205.80285914532027
2025-05-25,214.0,217.4,211.5,212.72,95896,216.30468743866123,215.23449361411926,46.452328067522146,215.98866471495342,216.15044084574313,-0.1617761307897183,0.8831751550521427,-1.044951285841861,218.24300000000002,5.920096994228114,230.08319398845626,206.4028060115438
2025-05-26,216.9,221.2,211.9,213.34,100956,216.0223362540268,215.1601997468989,47.1374406467713,215.58117783572982,215.94226004235475,-0.3610822066249284,0.6343236827167285,-0.9954058893416569,218.3725,5.7740908375272495,229.9206816750545,206.8243183249455
2025-05-27,212.1,215.2,210.8,211.35,103765,215.57735184888142,215.0107801489813,45.14107840186894,214.9302273994637,215.60209263180997,-0.6718652323462777,0.3730858997041273,-1.044951132050405,218.24949999999998,5.901199231379769,230.0518984627595,206.44710153724046
2025-05-28,207.2,215.0,207.2,213.96,119325,215.42331833946412,214.96957308431536,48.23750416473254,214.78096164570005,215.4804561405648,-0.6994944948647515,0.15856982079035156,-0.858064315655103,217.75,5.815464863530982,229.38092972706195,206.11907027293805
2025-06-02,217.0,219.5,213.5,214.52,108056,215.3372880214199,214.95194276728338,48.9039016480142,214.74081370020772,215.4093112412637,-0.6684975410559844,-0.006843651578915644,-0.6616538894770687,217.56800000000004,5.858755571119288,229.28551114223862,205.85048885776146
2025-06-03,216.7,216.7,211.0,212.01,80986,215.02040344795134,214.83657246268405,46.04269482529713,214.3206885155604,215.1575104085775,-0.8368218930171167,-0.17283929986655586,-0.6639825931505609,216.99449999999996,5.8107744524166565,228.61604890483326,205.37295109516666
2025-06-04,210.1,213.7,210.0,211.06,54496,214.64322216719407,214.6884715817945,44.97027254193612,213.8190441285511,214.85399111905326,-1.0349469905021635,-0.3452608379936774,-0.6896861525084861,216.54100000000003,5.906332818969568,228.35366563793917,204.72833436206088
2025-06-05,211.0,214.0,210.0,210.67,84693,214.2648200560327,214.5308844609398,44.51191220314344,213.3345758010817,214.54406585097524,-1.2094900498935317,-0.5181066803736483,-0.6913833695198834,216.26500000000001,6.050804644187516,228.36660928837506,204.16339071162497
2025-06-08,210.8,212.9,210.0,210.49,112718,213.90531338402957,214.37241840364806,44.287546888528674,212.89694875476147,214.24376467682893,-1.3468159220674636,-0.6838485287124114,-0.6629673933550522,215.776,6.105048299305914,227.98609659861185,203.56590340138817
2025-06-09,212.0,216.0,211.0,213.57,88195,213.87337877602675,214.3409510152697,49.02255199953416,213.00049510018277,214.193856182249,-1.1933610820662182,-0.7857510393831728,-0.40761004268304535,215.098,5.500813911070478,226.09962782214097,204.09637217785905
2025-06-10,216.8,217.0,213.4,215.02,89869,213.98258079735754,214.3675803872199,51.12839849609479,213.31118816169314,214.2550520206009,-0.9438638589077755,-0.8173736032880934,-0.12649025561968208,214.2335,3.7256299714580496,221.6847599429161,206.7822400570839
2025-06-11,215.2,217.0,213.0,214.39,117047,214.02138262618064,214.36845958772108,50.158885294250155,213.47715921374032,214.26504816722309,-0.7878889534827636,-0.8114766733270276,0.023587719844264,213.658,2.523774533264184,218.70554906652836,208.6104509334716
2025-06-12,214.0,222.0,214.0,218.4,243363,214.43839380463965,214.526559211732,55.89207919822983,214.23451933470335,214.57134089557692,-0.33682156087357384,-0.7165456508363368,0.37972408996276297,213.6135,2.4251625555967684,218.46382511119353,208.76317488880645
2025-06-15,219.0,219.9,214.2,214.54,96128,214.44807058515016,214.52708630146802,49.93735030398924,214.2815163601336,214.5690193477564,-0.28750298762281545,-0.6307371181936325,0.3432341305708171,213.55900000000003,2.38944587278377,218.33789174556756,208.7801082544325
2025-06-16,217.0,227.9,214.5,221.21,527259,215.0920638627549,214.7891613484693,58.22054247773555,215.34743692011307,215.0609438405152,0.28649307959787507,-0.4472910786353311,0.7337841582332061,213.92950000000002,2.939870163623448,219.80924032724693,208.0497596727531
2025-06-17,221.0,225.0,216.0,218.54,165593,215.42043873296873,214.93625306029404,54.34432433790455,215.8386004708649,215.31865170418072,0.5199487666841662,-0.25384310957143164,0.7737918762555979,214.31949999999998,3.010994721108335,220.34148944221664,208.2975105577833
2025-06-18,218.2,224.2,218.0,221.46,220206,215.99563504411455,215.19208627361584,57.664017035385136,216.7034311676549,215.77356639275993,0.9298647748949804,-0.017101532678149206,0.9469663075731296,214.781,3.3608957139453,221.5027914278906,208.0592085721094
2025-06-19,222.0,229.0,221.3,223.59,586744,216.71890789705603,215.52141622367014,59.951564425451465,217.76290329570799,216.35256147477773,1.410341820930256,0.26838713804353187,1.1419546828867242,214.996,3.776378660766098,222.5487573215322,207.4432426784678
2025-06-22,223.8,224.0,215.0,216.07,150646,216.65710714495546,215.54292931293799,49.734207310752325,217.50245663482983,216.33163099516457,1.170825639665253,0.4488748383678761,0.7219508012973769,215.00550000000004,3.778957632666652,222.56341526533333,207.44758473466675
2025-06-23,214.5,220.3,212.0,217.58,187182,216.74500170257875,215.62281443792082,51.520846558632414,217.51438638331754,216.42410277330055,1.0902836100169964,0.5771565926977003,0.5131270173192961,215.22449999999998,3.7956962817345814,222.81589256346913,207.63310743653082
2025-06-24,219.4,223.0,214.5,215.15,111879,216.59309677852363,215.60427269525727,48.531332761921306,217.1506346320379,216.3297247900931,0.8209098419447969,0.6259072425471196,0.19500259939767728,215.346,3.74992406940882,222.84584813881764,207.84615186118236
2025-06-25,214.2,216.3,214.0,214.87,99353,216.42899232342614,215.57547768760014,48.18438798019688,216.79976776557055,216.221597027864,0.5781707377065572,0.6163599415790071,-0.03818920387244984,215.42249999999999,3.7223519376039964,222.867203875208,207.97779612479198
2025-06-26,217.0,219.0,212.3,212.81,185064,216.08432638786175,215.46702758220405,45.60146864125892,216.18595734009816,215.9688861369111,0.21707120318706075,0.5365021939006178,-0.3194309907135571,215.49550000000005,3.6519316806336604,222.79936336126738,208.19163663873272
2025-06-29,212.2,215.0,212.2,213.26,86158,215.8153429223511,215.38047748094115,46.27892167993127,215.73581005700612,215.7682279045473,-0.03241784754118271,0.42271818561225777,-0.4551360331534405,215.4605,3.6707284161701423,222.8019568323403,208.1190431676597
2025-06-30,213.0,215.0,212.1,213.2,98595,215.56626264403195,215.2949685601199,46.19631355572714,215.34568543285133,215.57798880050677,-0.23230336765544735,0.29171387495871676,-0.524017242614164,215.39450000000002,3.7002766255077435,222.7950532510155,207.99394674898454
2025-07-01,213.5,217.0,213.0,214.73,57896,215.48661858269557,215.2728129303113,48.710474494227334,215.25096459702803,215.51517481528404,-0.2642102182560109,0.18052905631577124,-0.4447392745717821,215.5305,3.618415580859289,222.76733116171857,208.2936688382814
2025-07-02,215.0,216.8,213.0,213.64,136267,215.31075014624838,215.20878105069124,47.02459751946283,215.00312388979296,215.37627297711484,-0.37314908732187746,0.0697934275882415,-0.44294251491011893,215.65950000000004,3.4945182259640184,222.64853645192807,208.670463548072
2025-07-03,212.1,215.9,212.1,212.87,142873,215.0782977513676,215.11706414674256,45.818199951818876,214.67495098367095,215.1906231269582,-0.5156721432872473,-0.047299686586856265,-0.46837245670039107,215.76950000000002,3.361278696225581,222.4920573924512,209.04694260754886
2025-07-06,213.0,215.9,212.0,212.29,90190,214.81274558457068,215.006198886086,44.88412846691706,214.30803544772158,214.97576215459094,-0.6677267068693595,-0.17138509064335694,-0.4963416162260026,215.85950000000003,3.2341719431580107,222.32784388631606,209.391156113684
2025-07-07,208.1,214.9,208.1,211.84,84996,214.5296269574687,214.88203422388656,44.132386650315574,213.92833768653364,214.7434834764731,-0.8151457899394643,-0.30013723050257846,-0.5150085594368858,215.773,3.320608853495165,222.4142177069903,209.13178229300968
2025-07-08,213.0,213.0,209.0,211.12,48211,214.2049005805669,214.73450347000866,42.89449637406654,213.49628573475923,214.47507729303064,-0.9787915582714106,-0.4358680960563449,-0.5429234622150657,215.57800000000003,3.4779404068643816,222.53388081372879,208.62211918627128
2025-07-09,213.2,218.2,208.0,215.31,272148,214.31014814432243,214.75707196138086,51.43217163733311,213.77531869864242,214.5369234194728,-0.7616047208303769,-0.5010154210111513,-0.26058929981922563,215.62399999999997,3.4674689692407257,222.55893793848142,208.6890620615185
2025-07-10,219.6,219.6,213.0,213.74,91863,214.25584832105363,214.71718678642475,48.50582432824995,213.76988505269742,214.4778920550674,-0.7080070023699818,-0.5424137372829174,-0.1655932650870644,215.391,3.4274509478642865,222.24590189572857,208.53609810427142
2025-07-13,218.0,222.0,212.2,213.83,175086,214.21529133809614,214.68239514774143,48.68606544217577,213.7791335061286,214.42990005098832,-0.6507665448597209,-0.5640842987982781,-0.0866822460614427,215.35549999999998,3.4403816725252123,222.2362633450504,208.47473665494957
2025-07-14,209.6,215.0,209.6,212.29,125719,214.03193025827744,214.58857573018292,45.73609459133716,213.55003604364728,214.2713889361003,-0.7213528924530124,-0.5955380175292251,-0.1258148749237873,214.90949999999998,3.2120832312109204,221.33366646242183,208.48533353757813
2025-07-15,213.0,214.2,211.0,212.76,91983,213.9107940432034,214.5168668780189,46.79564601871574,213.4284920369323,214.15943420009285,-0.7309421631605346,-0.6226188466554871,-0.10832331650504756,214.6205,3.1271434333345636,220.87478686666913,208.36621313333086
2025-07-16,217.0,218.3,214.1,215.05,241938,214.0192898486126,214.53777405927306,51.74011425236396,213.6779548004812,214.22540203712302,-0.5474472366418297,-0.6075845246527556,0.06013728801092588,214.3,2.686739366047358,219.67347873209474,208.9265212679053
2025-07-17,219.3,222.0,215.0,220.76,315285,214.66126224398283,214.78178291969374,61.378190246680056,214.76750021579178,214.70944633066946,0.05805388512231957,-0.4744568426977406,0.5325107278200601,214.1585,2.202628274540531,218.56375654908106,209.75324345091894
2025-07-20,220.0,227.0,218.5,219.82,315319,215.15257060169876,214.97936006009792,59.27932883245466,215.54480787490075,215.08800586173098,0.45680201316977787,-0.2882050715242369,0.7450070846940148,214.346,2.511819219109843,219.36963843821968,209.32236156178033
2025-07-21,220.0,222.0,216.6,218.51,214684,215.47232578248935,215.11781652832937,56.3855481276383,216.00099127876217,215.34148690901014,0.6595043697520282,-0.0986631832689839,0.7581675530210121,214.3925,2.582454717596601,219.55740943519322,209.2275905648068
2025-07-22,214.2,231.5,214.2,227.75,500299,216.64162808891894,215.61319627231646,68.18337079966044,217.80853108202953,216.26063602686125,1.5478950551682829,0.23064846441846948,1.3172465907498134,215.02249999999998,3.9511715451196507,222.92484309023928,207.12015690976068
2025-07-23,230.0,246.5,230.0,243.87,1165485,219.23480636616475,216.7213062224217,78.9044752622226,221.81798783864036,218.3057740989456,3.512213739694772,0.88696151947373,2.625252220221042,216.4725,7.562818936294434,231.59813787258886,201.34686212741113
2025-07-24,248.7,248.7,240.0,244.9,431949,221.6791105217681,217.8263530372287,79.38252997451809,225.3690666326957,220.27571675828295,5.093349874412752,1.7282391904615346,3.365110683951217,218.077,9.813923567538591,237.7048471350772,198.4491528649228
2025-07-27,242.0,250.0,233.0,235.12,619815,222.9591952339807,218.50453527106288,64.44823814414777,226.8692102276656,221.37529329470647,5.493916932959138,2.4813747389610556,3.0125421939980823,219.17000000000002,10.44614308073432,240.06228616146865,198.27771383853138
2025-07-28,235.1,247.1,231.1,244.45,613913,225.00593854503015,219.52200447611924,70.20669205722473,229.57394711571703,223.08453082843192,6.48941628728511,3.2829830486258667,3.206433238659243,220.7325,11.760606802730736,244.25371360546146,197.21128639453852
2025-07-29,248.0,250.9,242.0,243.03,377719,226.72251582645586,220.44388665352633,68.39102886907443,231.64410909791442,224.56197298928882,7.082136108625605,4.042813660625814,3.0393224479997905,222.14749999999998,12.667882253537448,247.48326450707486,196.8117354929251
2025-07-30,244.9,245.9,234.6,236.15,284050,227.6203714620315,221.05981266711353,60.259584621450216,232.33732308285067,225.42034536045261,6.916977722398059,4.6176464729802635,2.2993312494177953,223.273,12.870584618465001,249.01416923693,197.53183076307
2025-07-31,240.7,240.7,228.0,228.63,270000,227.71652656088565,221.35668275859928,52.86145778429251,231.76696568548903,225.65809755597462,6.108868129514406,4.915890804287092,1.1929773252273135,224.061,12.681198640009692,249.4233972800194,198.6986027199806
2025-08-03,228.0,237.8,225.5,233.1,358960,228.22923831699177,221.81720500336007,56.29616375662501,231.9720478877215,226.2093495888654,5.762698298856094,5.0852523032008925,0.6774459956552015,225.1015,12.517224879510062,250.13594975902012,200.06705024097985
2025-08-04,234.0,244.0,229.1,241.77,495727,229.51883466775445,222.5996675522479,62.06916993295216,233.47942513576433,227.36199036006056,6.117434775703771,5.291688797701468,0.8257459780023026,226.598,12.63686903261182,251.87173806522367,201.32426193477636
2025-08-05,242.0,247.0,237.9,239.86,486463,230.50370755653972,223.2765433345127,60.18310767406424,234.46105203795446,228.2877688519079,6.173283186046547,5.468007675370484,0.7052755106760626,228.035,12.41631248759022,252.86762497518043,203.20237502481956
2025-08-06,242.0,243.6,235.1,240.42,361003,231.4481163606788,223.9488357527671,60.561497841625446,235.37781326288453,229.1864526406555,6.191360622229041,5.612678264742196,0.5786823574868452,229.2905,12.331108489465269,253.95271697893054,204.62828302106948
2025-08-07,243.5,260.0,239.0,254.17,1554470,233.6121052787094,225.13397944873702,68.48167602060478,238.26891891474844,231.03708577838472,7.2318331363637185,5.936509239066501,1.2953238972972176,231.31199999999998,12.946266927899947,257.20453385579987,205.4194661442001
2025-08-11,249.1,263.0,234.0,236.22,869235,233.8604762045466,225.5687253527081,53.40399031758442,237.95370062017173,231.4210053503562,6.53269526981552,6.055746445216305,0.47694882459921484,232.4315,12.307279093456252,257.0460581869125,207.8169418130875
2025-08-12,237.0,237.0,227.0,229.55,485314,233.44995466125644,225.72485377024896,49.07976015734828,236.66082360168377,231.28241236144095,5.378411240242826,5.92027940422161,-0.5418681639787835,233.29449999999997,11.391688787052926,256.0778775741058,210.51112242589411
2025-08-13,227.2,235.9,227.2,232.61,202661,233.36995897923202,225.994859504749,51.03847105775615,236.0376199706555,231.3807521865194,4.656867784136097,5.667597080204508,-1.010729296068411,234.28699999999998,10.323051925309986,254.93310385061994,213.64089614938
2025-08-14,230.0,237.0,230.0,234.67,219567,233.49377240978137,226.33506109279804,52.36684314687943,235.82721689824695,231.62440017270313,4.202816725543812,5.374641009272369,-1.171824283728557,235.26800000000003,9.2781007584648,253.82420151692963,216.71179848307042
2025-08-17,235.0,236.0,228.2,231.58,242511,233.31150837075455,226.54074497151186,50.16812974281967,235.17379891390127,231.62111127102145,3.5526876428798175,5.0102503359938595,-1.457562693114042,235.80900000000003,8.684061564911458,253.17712312982295,218.4408768701771
2025-08-18,232.0,244.5,231.1,242.09,627138,234.14755519258745,227.15051967851142,56.810450238810155,236.23782985022416,232.39658451020503,3.841245340019128,4.776449336798914,-0.9352039967797854,236.92250000000004,7.9201633921219825,252.762826784244,221.0821732157561
2025-08-19,246.9,248.5,239.4,241.05,346927,234.8049308885315,227.69559733817766,56.01478457604539,236.97816371942042,233.03757825018985,3.9405854692305695,4.609276563285245,-0.6686910940546751,238.0495,6.666745023663397,251.38299004732679,224.7160099526732
2025-08-20,242.0,245.0,236.3,238.54,189395,235.16065175629038,228.12086803079814,54.04734319823773,237.218446224125,233.44516504647208,3.7732811776529047,4.442077486158777,-0.6687963085058719,238.589,6.210364765964244,251.00972953192849,226.1682704680715
2025-08-21,239.9,254.5,234.2,242.48,284545,235.85773254140557,228.68397124527664,56.622875905400356,238.02791603579806,234.11441208006676,3.9135039557313007,4.336362780073282,-0.4228588243419811,238.51950000000002,6.15569182481706,250.83088364963413,226.2081163503659
2025-08-24,244.7,247.0,237.0,238.68,188840,236.12651991841457,229.07597237291287,53.5079561410092,238.1282366456753,234.45260377783958,3.675632867835702,4.204216797625766,-0.5285839297900639,238.20850000000002,5.970712974265885,250.14992594853177,226.26707405146826
2025-08-25,234.0,243.7,234.0,240.77,217599,236.5687561166608,229.53456169162217,54.97504232375507,238.53466177710985,234.92055905355517,3.61410272355468,4.086193982811549,-0.4720912592568691,238.49099999999999,5.950520454903491,250.39204090980698,226.589959090193
2025-08-26,244.7,244.7,237.1,239.39,129494,236.83744601031216,229.9210494684213,53.76855479989016,238.66625227293912,235.2516287532918,3.414623519647307,3.9518798901787013,-0.5372563705313942,238.238,5.789207381436384,249.81641476287277,226.65958523712723
2025-08-27,244.0,245.0,238.0,242.34,291324,237.36149877123484,230.40806713632637,55.991951644508916,239.23144423094848,235.776693290085,3.4547509408634767,3.852454100315657,-0.39770315945218027,238.20350000000002,5.7611350078749,249.72577001574982,226.68122998425022
2025-08-28,238.0,252.2,237.0,239.48,334435,237.563260793022,230.7638292094116,53.314899617085906,239.26968358003333,236.05101230563426,3.218671274399071,3.72569753513234,-0.507026260733269,238.36999999999998,5.746765680753655,249.86353136150728,226.87646863849267
2025-08-31,235.0,260.6,228.0,243.42,481841,238.12104547940086,231.2601496325719,56.4070615047645,239.90819379848972,236.59686324595765,3.3113305525320698,3.642824138612286,-0.3314935860802164,239.10949999999997,5.366458672553508,249.84241734510698,228.37658265489296
2025-09-01,239.0,243.7,235.0,239.73,124890,238.27427924326744,231.59230062737302,52.8748408412184,239.88077936795284,236.82894744996076,3.051831917992075,3.524625694488244,-0.47279377649616894,239.44099999999997,5.177134850781085,249.79526970156215,229.0867302984378
2025-09-02,238.0,241.9,232.5,235.18,92226,237.97958598200387,231.73299472041722,48.815618320441764,239.15758254211397,236.7068031944081,2.4507793477058613,3.309856425131768,-0.8590770774259067,239.11149999999998,5.230539143994272,249.57257828798853,228.65042171201142
2025-09-03,230.5,250.9,216.6,218.73,1211066,236.1462920789559,231.22307335883224,37.582135423755325,236.01487753563487,235.37518814297047,0.6396893926643941,2.775823018638293,-2.136133625973899,238.055,6.929470626094689,251.91394125218937,224.19605874781064
2025-09-04,214.4,222.0,213.0,220.0,332842,234.6085499761982,230.78295283495646,38.753942916424485,233.55105022246028,234.23628531756526,-0.6852350951049857,2.0836113958896374,-2.768846490994623,237.03400000000002,7.986418339578221,253.00683667915646,221.06116332084358
2025-09-07,221.9,222.6,215.0,215.79,291569,232.81630712132218,230.19499390025229,36.31975904311942,230.8185809574664,232.86989381256043,-2.0513128550940394,1.256626545692902,-3.3079394007869416,235.115,8.258611135944806,251.63222227188962,218.5977777281104
2025-09-08,217.0,218.0,208.0,210.85,247967,230.72427787167243,229.4363666884777,33.64897449440798,227.74649157939461,231.2387905671856,-3.4922989877909743,0.3068414389961268,-3.799140426787101,233.84649999999996,9.870945816678578,253.5883916333571,214.10460836664282
2025-09-18,206.7,206.7,194.0,194.0,26821,227.22672759817982,228.04670524971388,26.492793834434465,222.55472364410312,228.48036163628296,-5.925637992179844,-0.9396544472390673,-4.985983544940777,232.06900000000002,13.292992574246117,258.65498514849224,205.4830148515078
2025-09-21,194.0,212.0,191.0,208.39,328935,225.4327535412103,227.2758540634506,38.51824296248752,220.3755353911642,226.992186700262,-6.6166513090978185,-2.0750538196108175,-4.5415974894870015,230.858,14.305761298015726,259.4695225960315,202.24647740396856
2025-09-23,212.5,214.5,208.0,214.0,160803,224.34391987061883,226.75523233547216,42.469678833765286,219.39468379252355,226.0298025002426,-6.6351187077190446,-2.987066797232463,-3.6480519104865814,229.8245,14.755444481347233,259.3353889626945,200.31361103730552
2025-09-24,215.0,215.0,207.0,208.1,79829,222.79687988294083,226.0236545968262,39.58799699106455,217.6570401321353,224.7016689817061,-7.044628849570785,-3.7985792077001275,-3.2460496418706573,228.65049999999997,15.522557939979329,259.6956158799586,197.60538412004132
2025-09-25,207.0,211.0,206.5,208.0,75350,221.38765322742267,225.31684461263694,39.539027486734916,216.17134165026835,223.46450831639453,-7.293166666126183,-4.497496699385339,-2.795669966740844,226.94599999999997,15.837601625977758,258.6212032519555,195.27079674804446
2025-09-28,210.0,211.9,206.2,207.0,101495,220.0174005390967,224.59853698076884,39.01924017851301,214.7603660117655,222.24491510777273,-7.484549096007214,-5.094907178709715,-2.3896419172974994,225.24349999999998,16.070097852845063,257.3836957056901,193.10330429430985
2025-10-07,206.0,208.4,203.2,204.0,94255,218.49193382108749,223.79075121681714,37.42952281987349,213.10492508687852,220.8934399146044,-7.788514827725862,-5.633628708512944,-2.154886119212918,223.5165,16.4181408893691,256.3527817787382,190.6802182212618
2025-10-08,204.0,205.0,198.0,199.5,147307,216.68317821907917,222.83817273772627,35.11825646715738,211.01185968889723,219.30874066167073,-8.296880972773494,-6.166279161365054,-2.1306018114084395,221.36749999999998,16.616994431827443,254.60148886365488,188.13351113634508
2025-10-09,203.4,215.0,201.2,202.3,129229,215.31335172202398,222.0327541989919,37.696240144730965,209.67157358291303,218.0488339459914,-8.377260363078364,-6.608475401707716,-1.7687849613706472,219.54849999999996,16.613306738560198,252.77511347712036,186.32188652287957
2025-10-12,200.1,200.1,195.0,196.0,145484,213.47398489135503,221.01186187746282,34.385673131862205,207.5682545701572,216.41558698702906,-8.847332416871865,-7.056246804740546,-1.7910856121313188,217.31,16.61958166551909,250.5491633310382,184.07083666896182
2025-10-13,196.0,199.6,192.2,199.0,78820,212.09551013979743,220.1486516077584,37.213395290107584,206.2500615593638,215.1255435065084,-8.875481947144607,-7.420093833221359,-1.4553881139232479,215.29049999999998,16.245098847928375,247.78069769585673,182.80030230414323
2025-10-14,199.1,200.1,192.2,193.0,78382,210.27689012648338,219.0839986035326,34.0525557538771,204.21159055023088,213.48661435787815,-9.275023807647273,-7.791079828106542,-1.4839439795407303,212.82350000000002,15.656898017370255,244.13729603474053,181.50970396525952
2025-10-15,191.0,198.0,190.0,190.0,66739,208.34575773348496,217.94344963868818,32.56324437092741,202.02519200404151,211.74686514618347,-9.721673142141952,-8.177198490913625,-1.5444746512283274,210.34949999999998,15.123283364959455,240.5960667299189,180.10293327008105
2025-10-16,192.8,196.6,186.0,192.0,111734,206.7890189017245,216.92605945677886,34.61629081805329,200.4828547726505,210.28413439461434,-9.801279621963829,-8.502014717123666,-1.2992649048401628,207.77849999999998,13.487627185879694,234.75375437175936,180.8032456282406
2025-10-19,194.9,195.0,188.0,188.5,47083,205.04720757775075,215.81131202710128,32.73794213269109,198.6393386537812,208.67049480982809,-10.031156156046876,-8.807843004908309,-1.2233131511385675,205.217,11.867563533031737,228.9521270660635,181.48187293393653
2025-10-26,190.0,190.0,180.0,185.9,50327,203.22366399891735,214.6383193985875,31.375926084853404,196.67944039935333,206.98379149058155,-10.304351091228227,-9.107144622172292,-1.197206469055935,202.753,10.336143585039112,223.4252871700782,182.08071282992177
2025-10-28,187.4,199.9,185.0,198.6,96801,202.7833150466395,214.0093656966821,43.69767218111028,196.97491110714512,206.36276989868662,-9.387858791541504,-9.163287456046135,-0.22457133549536934,201.74650000000003,9.656204591105258,221.05890918221053,182.43409081778952
2025-10-29,201.5,205.0,197.0,199.0,106777,202.42299932791195,213.42076312034163,44.03849299850227,197.28646324450742,205.81737953582095,-8.530916291313531,-9.036813223099614,0.5058969317860829,200.69650000000001,8.656930460620513,218.01036092124104,183.38263907875898
2025-10-30,202.0,203.0,196.1,202.9,104740,202.46842796334892,213.0081841744459,47.382877162439115,198.15008428381395,205.60127734798235,-7.451193064168393,-8.719689191313371,1.268496127144978,200.052,7.922786989704442,215.8975739794089,184.2064260205911
2025-11-02,203.0,212.0,200.0,209.7,126770,203.15714910969663,212.87845146172253,52.69164346151991,199.9269943939964,205.904886433317,-5.977892039320579,-8.171329760914812,2.1934377215942327,199.9945,7.84407753457604,215.68265506915208,184.3063449308479
2025-11-03,207.0,212.0,202.0,204.0,100468,203.23742062305885,212.53027689459617,48.293161879690594,200.55361064107387,205.76378373455276,-5.210173093478886,-7.579098427427628,2.3689253339487415,200.49450000000002,7.760125795915966,216.01475159183195,184.97424840816808
2025-11-04,204.0,207.0,200.0,200.9,86236,203.01480913514848,212.074187604612,46.04209878923682,200.6069013116779,205.40350345791921,-4.796602146241327,-7.022599171190368,2.2259970249490415,200.12,7.5365495385745245,215.19309907714904,185.04690092285097
2025-11-05,198.1,202.0,196.5,200.2,67654,202.74673207465815,211.60853318874487,45.52605908970744,200.5443011098813,205.01805875733262,-4.473757647451322,-6.51283086644256,2.0390732189912377,199.43,6.794045380448863,213.01809076089773,185.84190923910228
2025-11-06,202.0,203.6,197.6,200.1,54202,202.49466235326213,211.15721816173527,45.44769330436742,200.4759470929765,204.6537581086413,-4.177811015664815,-6.045826896287012,1.8680158806221963,199.03,6.485213951753611,212.00042790350722,186.0595720964928
2025-11-09,199.0,202.1,196.6,197.9,51400,202.05707546247527,210.63732725343192,43.666850184313844,200.07964754021089,204.1534797302234,-4.073832190012524,-5.651427955032115,1.5775957650195904,198.525,6.133675381386784,210.79235076277357,186.25764923722645
2025-11-10,199.0,200.5,196.0,196.1,63507,201.48973494223952,210.06723598859145,42.20951747557668,199.46739407248614,203.55692567613278,-4.089531603646634,-5.339048684755019,1.2495170811083849,197.98,5.8170891617551606,209.61417832351032,186.34582167648966
2025-11-11,198.0,200.0,196.0,196.4,36108,201.00499828107385,209.53126594982314,42.55363188303032,198.99548729210366,203.0267830334563,-4.031295741352636,-5.077498096074542,1.0462023547219061,197.6,5.648940282549412,208.89788056509883,186.30211943490116
2025-11-12,200.3,200.3,193.5,193.5,41022,200.29023654001918,208.90258885375167,40.06978417061616,198.1500277087031,202.32109540134843,-4.171067692645323,-4.896212015388699,0.7251443227433763,197.3,5.701800269722667,208.70360053944535,185.89639946055468
2025-11-13,190.0,197.3,190.0,194.0,46391,199.6911663933507,208.31817360458493,40.71233775246568,197.51156190736415,201.7047179642115,-4.193156056847357,-4.755600823680431,0.5624447668330737,196.885,5.620196194367057,208.1253923887341,185.64460761126588
2025-11-16,192.2,195.9,192.1,192.4,33534,198.99676959398397,207.69393150244434,39.26167328503107,196.72516776776965,201.01547959649216,-4.290311828722508,-4.662543024688846,0.3722311959663376,196.70499999999998,5.707010923787564,208.1190218475751,185.29097815242486
2025-11-17,193.0,195.0,192.0,193.9,22686,198.5113629659855,207.1529930121524,41.37083838461714,196.29052657272814,200.48840703378903,-4.19788046106089,-4.569610511963255,0.37173005090236444,196.45,5.713004555630222,207.87600911126043,185.02399088873955
2025-11-18,194.9,198.0,194.9,196.0,62776,198.27218554065354,206.71562073716603,44.2876727788739,196.24583017692382,200.15593243869353,-3.9101022617697083,-4.437708861924546,0.5276066001548374,196.6,5.656761208363061,207.91352241672612,185.28647758327386
2025-11-19,199.0,199.0,192.0,193.0,47929,197.77007263201986,206.17775325727717,41.1389263695322,195.7464716881663,199.62586336916067,-3.8793916809943596,-4.326045425738508,0.44665374474414854,196.75,5.510420750008598,207.77084150001718,185.72915849998282
2025-11-20,193.1,195.0,190.3,193.0,60055,197.31578000039892,205.66097861973688,41.1389263695322,195.32393758229455,199.13505867514877,-3.811121092854222,-4.2230605591616515,0.4119394663074294,196.8,5.46943661103457,207.73887322206915,185.86112677793088
2025-11-23,193.0,201.0,193.0,197.0,126656,197.28570571464664,205.32133239935504,46.96922624444141,195.58179333886463,198.9769061806933,-3.395112841828677,-4.057471015695056,0.6623581738663793,197.225,5.108906052439364,207.44281210487873,187.00718789512126
2025-11-24,199.0,204.0,197.1,198.7,62807,197.42040040848983,205.06167230526268,49.269124805440164,196.06151744057775,198.95639461175307,-2.894877171175324,-3.82495224679111,0.9300750756157861,197.865,4.362794251879227,206.59058850375845,189.13941149624156
2025-11-25,200.0,201.9,196.0,197.0,66640,197.38036227434793,204.74552829329158,47.070678516386735,196.20589937279655,198.81147649236394,-2.6055771195673856,-3.5810772213463653,0.9755001017789797,197.785,4.363276774460477,206.51155354892094,189.05844645107905
2025-11-26,195.1,200.6,195.1,197.0,44739,197.3441372958386,204.4417820857115,47.070678516386735,196.32806870005862,198.67729304848513,-2.349224348426503,-3.334706646762393,0.98548229833589,197.685,4.356879013337648,206.3987580266753,188.9712419733247
2025-11-27,200.9,201.9,197.0,199.5,72822,197.54945755337778,204.24798670980124,50.81388662139171,196.81605813081882,198.73823430415288,-1.9221761733340657,-3.0522005520767275,1.1300243787426618,197.51500000000001,4.206420531072765,205.92784106214555,189.10215893785448
2025-11-30,203.4,203.4,194.1,197.0,65950,197.4971282625799,203.96375193686785,47.217738959040304,196.84435687992362,198.60947620754897,-1.7651193276253423,-2.7947843071864504,1.0296649795611081,196.88,3.077182580153315,203.03436516030663,190.72563483969336
2025-12-01,197.0,197.5,193.3,193.3,57466,197.09740176138183,203.54556558640246,42.43154448735724,196.29907120608922,198.21618167365645,-1.9171104675672268,-2.6192495392626056,0.7021390716953788,196.345,2.6784667648762177,201.70193352975244,190.98806647024756
2025-12-02,195.0,196.0,193.0,193.0,51847,196.7071730222026,203.13201399477884,42.05928034521881,195.79152178976778,197.8297978459782,-2.0382760562104068,-2.503054842652166,0.4647787864417592,195.95,2.55085125110881,201.0517025022176,190.84829749778237
2025-12-03,191.1,196.0,191.1,193.0,38250,196.35410892484998,202.73468011263066,42.05928034521881,195.36205689903426,197.4720350425724,-2.109978143538143,-2.4244395028293613,0.3144613592912182,195.59,2.424415284909848,200.4388305698197,190.74116943018032
2025-12-07,193.0,194.0,190.5,193.8,66550,196.11086045581666,202.38430050037064,43.589865852345625,195.121740453029,197.2000324468263,-2.0782919937973077,-2.3552100010229506,0.27691800722564297,195.275,2.2071355573324904,199.689271114665,190.86072888533502
2025-12-08,193.8,200.0,190.5,197.0,157003,196.19554041240556,202.1731514611404,49.353159455908155,195.41070346025532,197.18521522854286,-1.7745117682875389,-2.239070354475868,0.46455858618832924,195.23,2.1594589965811104,199.5489179931622,190.91108200683777
2025-12-09,197.0,200.0,195.2,196.0,39430,196.176917515986,201.9310670901153,47.71263861512088,195.5013644663699,197.09742150791004,-1.5960570415401492,-2.1104676918887244,0.5144106503485752,195.225,2.157453420859476,199.53990684171896,190.91009315828103
2025-12-10,197.8,197.8,193.4,195.4,27335,196.10292537160637,201.67494681207157,46.70939372650027,195.48576993308222,196.9716865813982,-1.485916648315964,-1.9855574831741722,0.4996408348582082,195.175,2.1403086349057108,199.45561726981143,190.8943827301886
2025-12-11,197.0,197.0,192.0,194.1,55844,195.91217057431055,201.3778900743433,44.52488821794437,195.27257455876187,196.75896905685016,-1.4863944980882877,-1.8857248861569955,0.3993303880687078,195.20499999999998,2.119700822986049,199.44440164597208,190.9655983540279
2025-12-14,194.1,195.0,192.1,193.7,36433,195.70148766247144,201.07679634593768,43.84541179843721,195.03064001126006,196.53237875634272,-1.5017387450826618,-1.808927657942129,0.30718891285946714,195.19,2.1297145842921497,199.4494291685843,190.9305708314157
2025-12-15,191.6,194.0,191.0,193.4,50097,195.48229836128365,200.7757455088421,43.311559253322045,194.77977231722005,196.30035070031735,-1.5205783830973019,-1.7512578029731636,0.2306794198758617,195.23999999999998,2.0717142660174837,199.38342853203494,191.09657146796502
2025-12-16,196.0,196.0,191.5,192.7,40722,195.21731756497093,200.4590496065346,42.02575701329386,194.45980734534004,196.0336580558494,-1.5738507105093618,-1.7157763844804035,0.14192567397104172,195.18,2.1291461100439077,199.43829222008782,190.9217077799122
2025-12-17,195.0,198.9,191.2,194.9,77504,195.18709684449752,200.24104766118032,47.319131384365534,194.5275292922108,195.94968338504574,-1.422154092834944,-1.6570519261513117,0.2348978333163676,195.125,2.1210412041009614,199.36708240820192,190.88291759179808
2025-12-18,193.0,199.8,192.3,195.0,86853,195.16927809740253,200.03551638034972,47.55354114786094,194.60021709340913,195.87933646763497,-1.2791193742258429,-1.581465415766218,0.30234604154037514,195.225,2.0619038213363443,199.34880764267268,191.1011923573273
2025-12-21,193.2,197.0,193.1,194.0,66019,195.0579182786023,199.79882946347325,45.37902511263984,194.5078760021154,195.7401263589213,-1.2322503568058778,-1.5116224039741502,0.27937204716827235,195.275,2.0167391606565355,199.3084783213131,191.24152167868692
2025-12-22,197.8,199.0,191.2,195.0,125454,195.05240225206876,199.61064007274882,47.9426050631143,194.58358738640536,195.68530218418636,-1.1017147977809998,-1.4296408827355203,0.32792608495452047,195.175,1.9758742235751732,199.12674844715036,191.22325155284966
2025-12-23,197.0,197.4,193.6,195.4,50321,195.0855067994908,199.44551693264103,48.97422960270049,194.70918932695838,195.66416868906146,-0.9549793621030744,-1.3347085786090311,0.3797292165059567,195.01,1.7955793669950335,198.60115873399005,191.41884126600993
2025-12-24,199.0,199.0,193.1,194.5,73296,195.02974424715833,199.25157509214532,46.730320826448626,194.67700635358017,195.57793397135322,-0.9009276177730499,-1.247952386441835,0.34702476866878507,194.885,1.7357767865287235,198.35655357305743,191.41344642694256
2025-12-28,195.5,200.0,194.8,199.6,100531,195.46500669980992,199.26523881402196,58.37032119987761,195.4343899914909,195.87586478829002,-0.4414747967991275,-1.0866568685132936,0.6451820717141661,195.01500000000001,1.9823630237459344,198.97972604749188,191.05027395250815
2025-12-29,201.0,201.0,196.4,196.4,46563,195.5540536807804,199.15287650758972,50.8606743727901,195.58294537741537,195.91468961878707,-0.33174424137169467,-0.9356743430849739,0.6039301017132792,194.85999999999999,1.71660619890692,198.29321239781382,191.42678760218615
2025-12-31,197.0,200.0,196.0,196.1,68376,195.60604856832512,199.03315586023328,50.2085045848222,195.66249224242839,195.9284163136917,-0.26592407126332773,-0.8017242887206447,0.535800217457317,194.815,1.6686821147301856,198.15236422946037,191.47763577053962
2026-01-01,194.2,199.0,194.2,195.5,42478,195.59594870467512,198.8946007284594,48.85911051523423,195.63749343590092,195.89668177193676,-0.2591883360358338,-0.6932170981836826,0.4340287621478488,194.925,1.6357438353107872,198.1964876706216,191.65351232937843
2026-01-04,195.0,196.8,193.0,194.0,52075,195.44395358994416,198.70265560185314,45.56231518233677,195.38557136883924,195.7561868258674,-0.37061545702815124,-0.6286967699525763,0.25808131292442504,194.975,1.5884037005150404,198.15180740103008,191.7981925989699
2026-01-05,197.8,197.8,192.2,196.1,72499,195.50643420042567,198.60059067629027,50.58901195335992,195.4954834659409,195.78165446839571,-0.2861710024548074,-0.5601916164530225,0.2740206139982151,195.13,1.5359207764723224,198.20184155294464,192.05815844705535
2026-01-06,196.1,203.6,195.0,200.2,238406,195.9534404670518,198.6633126105534,58.62238199320051,196.21925524041154,196.10893932258864,0.11031591782290207,-0.4260901095978376,0.5364060274207396,195.45,1.8737803050516155,199.1975606101032,191.70243938989677
2026-01-07,200.4,206.0,200.0,202.0,125070,196.52930327971353,198.79416309641402,61.575973552495164,197.10860058804053,196.54531418758208,0.5632864004584519,-0.2282148075865797,0.7915012080450317,195.7,2.3615338458898973,200.42306769177978,190.9769323082202
2026-01-08,205.9,205.9,199.0,202.0,197024,197.05032201497892,198.9198821906723,61.575973552495164,197.86112357449582,196.9493649885019,0.9117585859939084,-0.00022012887048208918,0.9119787148643904,196.0,2.7506936924154313,201.50138738483085,190.49861261516915
2026-01-12,206.0,206.0,196.6,198.8,69141,197.21695801355236,198.915180928293,53.67621724702536,198.00556610149647,197.0864490634277,0.9191170380687765,0.18364730451736966,0.7354697335514069,196.17000000000002,2.8159508069902026,201.80190161398042,190.5380983860196
2026-01-13,197.0,202.0,196.0,200.0,101628,197.48200963130927,198.9577228526737,55.95805543601403,198.31240208588164,197.30226765132193,1.010134434559717,0.34894473052583913,0.6611897040338779,196.465,2.895600110516013,202.25620022103203,190.67379977896798
2026-01-14,202.0,202.0,196.8,197.9,62589,197.52181823785125,198.91624352511786,51.20456883951028,198.2489556111306,197.34654412159438,0.9024114895362345,0.4596380823279182,0.4427734072083163,196.675,2.8362085514624553,202.3474171029249,191.00258289707511
2026-01-18,200.0,201.8,198.0,200.0,110180,197.75783554853209,198.95874377903482,55.294321412197455,198.51834705557206,197.54309640888368,0.9752506466883801,0.5627605952000106,0.4124900514883695,197.00500000000002,2.819009717878607,202.64301943575722,191.36698056424282
2026-01-20,204.0,210.0,202.0,207.0,248430,198.63804168676714,199.27408716024914,65.63405948183177,199.8232167393302,198.24360778600342,1.5796089533267832,0.7661302668253651,0.8134786865014181,197.72,3.4192335244550356,204.55846704891007,190.88153295108992
2026-01-21,209.9,210.0,205.4,206.9,211279,199.42489485945597,199.57314256572957,65.40134673070102,200.9119526255871,198.88482202407724,2.0271306015098673,1.0183303337622656,1.0088002677476018,198.32,3.915233407039654,206.1504668140793,190.4895331859207
2026-01-22,210.0,220.3,206.8,219.9,798119,201.37490487284114,200.37027422981862,76.87851366587901,203.83319068318912,200.4415018741456,3.3916888090435293,1.4930020288185184,1.898686780225011,199.565,6.134138724772799,211.8332774495456,187.2967225504544
2026-01-25,224.2,227.6,220.0,226.5,438489,203.76777107542767,201.39496935806102,80.42821080126586,207.32039211654464,202.37176099457923,4.9486311219654056,2.184127847447896,2.7645032745175095,201.19,8.449970414150599,218.0899408283012,184.2900591716988
2026-01-26,231.0,231.0,217.0,222.0,365931,205.50417383014886,202.203009775392,72.28025795809035,209.57879332938393,203.8257046246104,5.753088704773518,2.8979200189130205,2.855168685860497,202.54,9.50049306199805,221.5409861239961,183.53901387600388
2026-01-27,221.0,223.0,210.0,212.2,356404,206.14187156061087,202.59504860772955,58.403778689041914,209.9820558940941,204.4460228005652,5.536033093528886,3.4255426338361934,2.1104904596926923,203.38000000000002,9.578352786637355,222.53670557327473,184.22329442672532
2026-01-28,216.0,218.0,210.0,217.8,244817,207.25216950721935,203.191321211348,62.798819874773805,211.1848165257719,205.43520629681962,5.749610228952292,3.8903561528594137,1.8592540760928786,204.54500000000002,9.854439288170127,224.25387857634027,184.83612142365976
2026-01-29,220.0,233.0,218.3,222.0,653857,208.65672479224608,203.9289164579618,65.72395367930508,212.84869090642238,206.66222805261077,6.186462853811605,4.349577493049852,1.8368853607617535,205.66500000000002,10.51371410161731,226.69242820323464,184.6375717967654
2026-02-01,224.0,226.0,215.6,215.9,222941,209.3465605263179,204.39837071451234,58.526087915708324,213.31812307466507,207.3465074561211,5.971615618543979,4.673985118148678,1.297630500395301,206.64000000000001,10.513470056627321,227.66694011325467,185.61305988674536
2026-02-02,219.7,219.7,211.7,212.6,209565,209.65641190476381,204.72000323551185,55.0158490526823,213.20764260163966,207.73565505196396,5.471987549675703,4.833585604454083,0.6384019452216201,207.465,10.287819829396586,228.04063965879317,186.88936034120684
2026-02-03,216.8,216.8,207.0,208.6,228750,209.55580124716727,204.87215997137415,51.021285746220464,212.4987745090797,207.7996806036703,4.6990939054093985,4.806687264645146,-0.10759335923574742,208.11999999999998,9.895485414014194,227.91097082802835,188.3290291719716
2026-02-04,211.0,214.0,207.0,210.0,141667,209.5981058902942,205.0732517372026,52.32600117381823,212.114347661529,207.96266722562063,4.151680435908361,4.67568589889779,-0.5240054629894288,208.92,9.324139582148518,227.56827916429702,190.27172083570295
2026-02-05,214.2,222.0,210.0,218.0,420305,210.39828628169474,205.58018304162604,59.04044814845302,213.0198326366784,208.70617335705614,4.313659279622243,4.603280575042681,-0.2896212954204378,210.01500000000001,9.020343965901642,228.0556879318033,191.97431206819672
2026-02-08,222.3,226.0,220.1,220.6,430592,211.3698780643905,206.1691954713662,60.96466756928674,214.18601223103553,209.58719755282976,4.59881467820577,4.602387395675299,-0.003572717469529252,211.035,9.005453026391649,229.0459060527833,193.0240939472167
2026-02-09,220.6,238.2,220.6,237.9,1586484,213.89655634397235,207.41354074699893,70.79577634914492,217.83431804164545,211.68444217854608,6.149875863099368,4.911885089160113,1.2379907739392548,212.83,10.55442536270271,233.93885072540544,191.72114927459458
2026-02-10,242.6,259.0,227.0,229.0,815589,215.33497954930831,208.26006856084211,62.12707373456979,219.5521152660077,212.96707609124635,6.585039174761334,5.246515906280357,1.3385232684809774,214.18,10.819699382924751,235.8193987658495,192.5406012341505
2026-02-11,233.5,241.1,225.5,237.0,694700,217.39831483032657,209.38712469571104,66.14047250151626,222.23640522508344,214.74729267707994,7.489112548003504,5.695035234624987,1.7940773133785175,216.09,11.321841955405402,238.7336839108108,193.4463160891892
2026-02-12,241.7,241.7,230.0,230.5,520628,218.6460943702955,210.2150805899969,60.528075673508106,223.50772749814752,215.91415988618513,7.593567611962385,6.074741710092466,1.5188259018699188,217.615,11.092305298815273,239.79961059763056,195.43038940236946
2026-02-16,233.0,235.0,221.6,223.0,315274,219.06075204931497,210.71644997862447,54.754636824756616,223.42961557535557,216.43903693165288,6.99057864370269,6.257909096814511,0.7326695468881796,218.87000000000003,10.121789939480442,239.1135798789609,198.62642012103916
2026-02-17,227.4,227.4,214.1,215.0,357770,218.67401375890404,210.88443233240392,49.34762447577501,222.13275164068546,216.3324416033823,5.800310037303149,6.166389284912238,-0.3660792476090897,219.62000000000003,9.160016088242543,237.94003217648512,201.29996782351495
2026-02-22,215.0,216.0,210.0,214.0,231771,218.22886959138935,211.0066114566234,48.70024003570697,220.88155908058002,216.1596681512799,4.721890929300116,5.877489613789814,-1.1555986844896982,219.97000000000003,8.778208665123037,237.5264173302461,202.41358266975396
2026-02-23,218.2,219.3,210.3,213.0,192169,217.73088201125702,211.08478355636365,48.021788207477684,219.66901152972156,215.9256186585925,3.7433928711290605,5.4506702652576635,-1.707277394128603,220.275,8.397924242273652,237.0708484845473,203.4791515154527
2026-02-24,216.0,216.9,212.0,216.0,117265,217.566036105423,211.2775371423886,50.26048560479985,219.1045482174567,215.93112838758566,3.173419829871051,4.995220178180341,-1.8218003483092904,220.08,8.452193735793598,236.9843874715872,203.1756125284128
2026-02-25,216.0,221.6,212.1,219.0,139204,217.70260409538272,211.58037882307926,52.46528770067139,219.0884638763095,216.15845221072746,2.930011665582043,4.582178475660682,-1.652166810078639,219.705,8.317671422625263,236.34034284525055,203.06965715474948
2026-02-26,214.7,223.2,214.7,217.9,87111,217.72140370534626,211.8282071045271,51.562760405586324,218.9056232799542,216.2874557506736,2.618167529280612,4.189376286384668,-1.5712087571040563,219.5,8.308651166738587,236.11730233347717,202.88269766652283
2026-03-01,215.0,218.0,212.0,217.8,176836,217.72888906674186,212.06239506121233,51.47606708402456,218.73552739073048,216.3994960654385,2.3360313252919696,3.8187072941661286,-1.482675968874159,219.78000000000003,8.142390700267924,236.06478140053588,203.49521859946418
2026-03-03,216.0,224.9,215.0,221.6,286497,218.09756629848073,212.43641878430205,54.599811007614136,219.17621548446425,216.78471857910972,2.391496905354529,3.5332652164038088,-1.1417683110492796,219.96999999999997,8.138091073206883,236.24618214641373,203.6938178535862
2026-03-09,226.0,243.7,226.0,243.0,7171,220.46922665100638,213.63499059668237,67.34790680057532,222.841413102239,218.72659127695346,4.1148218252855315,3.6495765381801535,0.46524528710537805,221.01999999999998,9.631505320398368,240.2830106407967,201.75698935920326
2026-03-10,247.0,247.0,229.0,237.0,669648,222.04358601757718,214.55126547524384,62.08420874822969,225.01965724035608,220.08017710829023,4.939480132065853,3.9075572569572934,1.0319228751085596,222.075,10.181090573370698,242.43718114674138,201.7128188532586
2026-03-11,239.0,244.8,232.9,236.7,727073,223.43943496828413,215.4198432997441,61.824025797038225,226.81663304953207,221.31127510026872,5.505357949263356,4.227117395418507,1.2782405538448494,223.28000000000003,10.423940057186107,244.12788011437223,202.43211988562783
2026-03-12,241.0,254.0,238.0,251.5,1542945,226.11186973320946,216.8347514056365,68.77604209798537,230.61407411883482,223.54747694469324,7.066597174141577,4.795013351163121,2.2715838229784566,225.425,11.59255092040249,248.610101840805,202.23989815919504
2026-03-15,255.0,255.0,245.2,251.0,785608,228.48216785385617,218.1745650760037,68.32337085015939,233.75037040824483,225.58099717101226,8.169373237232577,5.469885328377012,2.6994879088555646,227.475,12.323399864101843,252.12179972820368,202.8282002717963
2026-03-16,256.0,256.0,242.4,244.5,532320,230.00767567729844,219.20693507302317,62.55885840031381,235.40415957620715,226.9824047879743,8.421754788232846,6.060259220348179,2.361495567884667,228.8,12.670770341721548,254.1415406834431,203.4584593165569
2026-03-17,249.3,265.9,240.0,262.9,1470969,233.1402779937462,220.92038859957128,70.21878851002504,239.63428887217526,229.64296739627252,9.991321475902737,6.846471671459091,3.1448498044436457,230.91500000000002,14.611685122027561,260.1383702440551,201.6916297559449
2026-03-19,267.0,275.0,262.9,265.3,1173131,236.20310866100846,222.66076551723515,71.05072750512073,243.58285981491753,232.28422907062273,11.298630744294798,7.7369034860262325,3.561727258268565,232.285,16.4677124286161,265.2204248572322,199.3495751427678
2026-03-22,265.4,269.0,255.0,261.0,1182568,238.56471735996004,224.16426490871612,67.41693581703434,246.26241984339177,234.41132321353956,11.851096629852208,8.559742114791428,3.29135451506078,233.885,17.64427072660421,269.17354145320843,198.59645854679158
2026-03-23,261.0,271.0,256.1,268.0,666595,241.3680776113924,225.88331334366842,70.09799315714365,249.6066629444084,236.89937334586995,12.707289598538466,9.389251611540836,3.3180379869976306,235.435,19.22329384668005,273.8815876933601,196.9884123066399
2026-03-24,271.0,276.0,267.0,268.8,488724,243.98064164840264,227.56632066352455,70.39778172364996,252.55948402988403,239.26238272765738,13.29710130222665,10.170821549678,3.126279752548651,237.35,20.566567146963145,278.4831342939263,196.2168657060737
2026-03-25,267.0,268.3,257.0,257.6,432207,245.27772339617383,228.744112010053,61.15395127736124,253.33494802528648,240.6207247478309,12.714223277455574,10.679501895233514,2.0347213822220596,239.07999999999998,20.750360808531198,280.5807216170624,197.5792783829376
2026-03-26,262.0,262.7,252.8,260.5,417015,246.72746402510964,229.98944095083525,62.526055388427274,254.43726371370394,242.093263655399,12.344000058304943,11.0124015278478,1.3315985304571427,241.35499999999996,20.463612764329707,282.28222552865935,200.42777447134054
2026-03-29,260.0,263.0,248.3,250.0,526029,247.03913411795634,230.77416875668484,54.95703778135496,253.7546077577495,242.67894782907314,11.075659928676373,11.025053208013514,0.05060672066285932,243.15499999999997,19.490982395376033,282.136964790752,204.1730352092479
2026-03-30,250.0,254.9,241.0,241.2,507775,246.48302610672238,231.18302488387368,49.543926406022806,251.82312964117267,242.5693961380307,9.253733503141973,10.670789267039206,-1.417055763897233,244.56499999999997,18.169965819856486,280.9049316397129,208.225068360287
2026-03-31,242.0,248.1,235.0,244.1,377170,246.2560712394155,231.68957292764335,51.24810519585991,250.63495585022304,242.68277420188028,7.9521816483427585,10.127067743299918,-2.1748860949571593,245.96999999999997,16.885967391205575,279.74193478241114,212.1980652175888
2026-04-01,239.3,244.9,227.0,230.0,458268,244.70787397851876,231.623315165775,43.54680881794694,247.46034725788104,241.74330944618544,5.717037811695604,9.245061756979055,-3.5280239452834508,246.51999999999998,16.123196757598237,278.76639351519646,214.2736064848035
2026-04-02,227.0,237.0,226.0,234.9,344665,243.77379074246934,231.75181261025443,46.552701255198755,245.52798614128395,241.2363976353569,4.291588505927052,8.254367106768655,-3.9627786008416024,247.36999999999998,14.939636436075709,277.2492728721514,217.49072712784857
2026-04-05,230.4,231.0,215.1,216.0,324054,241.12866781461514,231.13409446867584,38.12124768302104,240.98521904262486,239.36703484755267,1.618184195072189,6.927130524429362,-5.308946329357173,247.28000000000003,15.131340776158146,277.5426815523163,217.01731844768375
2026-04-06,219.0,236.0,216.0,235.0,406826,240.54498516560417,231.28569860715916,48.26538790589583,240.06441611299027,239.043550784771,1.0208653282192586,5.745877485187342,-4.725012156968083,247.95,14.20257574860111,276.3551514972022,219.54484850279778
2026-04-07,237.7,240.0,228.7,232.0,275062,239.73117705459427,231.31371042648627,46.9564434203373,238.8237367109918,238.5218062821954,0.3019304287963962,4.6570880739091525,-4.355157645112756,247.4,14.611459093537542,276.6229181870751,218.1770818129249
2026-04-08,234.6,237.0,230.0,233.5,306321,239.1377316208234,231.39944727250642,47.719886454288535,238.00470029391613,238.1498206316624,-0.14512033774627753,3.6966463915780663,-3.841766729324344,247.225,14.762750956020675,276.75050191204133,217.69949808795866
2026-04-09,235.8,242.3,231.0,242.0,325019,239.4103286093164,231.81515522260423,51.94103615115293,238.6193617871598,238.4350191033911,0.18434268376867635,2.9941856500161887,-2.8098429662475124,247.48999999999995,14.610663013163576,276.71132602632713,218.2686739736728
2026-04-10,238.1,246.1,237.1,244.0,354767,239.8474401703339,232.29299227269817,52.90457386078449,239.4471522814429,238.84723991054733,0.5999123708955665,2.5153309941920643,-1.9154186232964978,247.11499999999995,14.598567882177417,276.31213576435476,217.9178642356451
2026-04-13,248.0,254.3,239.2,250.0,425157,240.81435063030207,232.98738473259237,55.76955371508666,241.07066731506706,239.67337028754383,1.3972970275232228,2.291724200858296,-0.8944271733350733,247.06499999999997,14.586268777248037,276.23753755449604,217.8924624455039
2026-04-15,250.0,258.4,250.0,250.4,406610,241.72726961789235,233.67023239013778,55.96189163796168,242.5059492665952,240.4679354514295,2.038013815165698,2.2409821237197765,-0.20296830855407855,247.35999999999999,14.59132402635624,276.5426480527125,218.1773519472875
2026-04-16,253.0,253.0,240.0,241.0,291629,241.65800584475974,233.9576742571912,50.41377750924612,242.27426476404207,240.5073476402125,1.766917123829586,2.1461691237417386,-0.37925199991215264,246.26500000000001,14.179684318363265,274.62436863672656,217.90563136327347
2026-04-17,241.0,245.5,235.2,245.0,255939,241.9762910024017,234.39070663926213,52.56871516556121,242.69360864649713,240.84013670390047,1.8534719425966557,2.087629687512722,-0.23415774491606633,245.25,13.453369759831668,272.15673951966335,218.34326048033665
2026-04-20,240.1,244.0,237.0,239.0,126508,241.69283471645866,234.571463241644,49.12036609023124,242.12536116242066,240.70383028138932,1.4215308810313445,1.9544099262164465,-0.532879045185102,244.15,12.989206045183336,270.1284120903667,218.17158790963333
2026-04-21,245.0,245.0,232.2,232.5,116606,240.8173266482245,234.49022938903053,45.628430828822964,240.6445363682021,240.09613914943455,0.5483972187675477,1.6732073847266669,-1.1248101659591192,242.375,11.94187127186111,266.25874254372224,218.49125745627776
2026-04-22,244.0,244.0,226.0,235.0,217584,240.26329553886978,234.5102203933823,47.18362463361487,239.77614615770946,239.71864736058757,0.05749879712189454,1.3500656672057125,-1.292566870083818,240.685,10.28167890242881,261.2483578048576,220.12164219514239
2026-04-23,237.0,240.0,230.1,231.0,90395,239.3810769161203,234.37256469168105,44.967393598263165,238.42596982575418,239.07282163017368,-0.646851804419498,0.9506821728806705,-1.5975339773001684,239.35500000000002,9.68136979216527,258.71773958433056,219.99226041566948
2026-04-24,226.0,235.0,226.0,232.0,144741,238.67811720982314,234.2795229390661,45.65463753012667,237.43735908333048,238.5489089168275,-1.1115498334970084,0.5382357716051347,-1.6497856051021431,237.93,8.420595053358806,254.77119010671763,221.0888098932824
2026-04-27,232.0,237.0,230.0,230.2,68183,237.87067747555426,234.11954164733805,44.57557897295906,236.32391922435656,237.9304712192847,-1.6065519949281395,0.10927821829847989,-1.7158302132266194,236.94,8.084058386727522,253.10811677345504,220.77188322654496
2026-04-28,233.0,234.8,225.0,225.5,124466,236.69251771597766,233.78152040626597,41.79764473450998,234.65870088214785,237.00969557341176,-2.3509946912639066,-0.3827763636139975,-1.9682183276499092,236.15500000000003,8.404539813321373,252.96407962664279,219.34592037335727
2026-04-29,236.7,236.7,222.0,223.8,108043,235.46465888588455,233.39008823347123,40.80705022361381,232.98813151566358,236.0311996050109,-3.043068089347315,-0.9148347087606611,-2.128233380586654,235.14000000000001,8.617631864229793,252.3752637284596,217.90473627154043
2026-04-30,220.2,225.0,219.0,222.0,160616,234.1823104205622,232.94341810666845,39.73329098930133,231.29764974402303,234.99185148612122,-3.694201742098187,-1.4707081154281663,-2.2234936266700207,234.74,9.043892967081177,252.82778593416236,216.65221406583765
2026-05-04,223.0,225.0,216.6,218.0,128418,232.64113799955626,232.35740171032853,37.37945171086377,229.2518574757118,233.73319582048262,-4.481338344770819,-2.0728341612966967,-2.4085041834741223,233.89499999999998,9.7871276900362,253.46925538007238,214.32074461992758
2026-05-05,218.0,224.5,216.3,220.0,96915,231.43722009483662,231.87279772168822,39.3152345400929,227.82849478714076,232.71592205600243,-4.887427268861671,-2.635752782809692,-2.2516744860519795,234.09499999999997,9.436796679963386,252.96859335992673,215.2214066400732
2026-05-06,218.0,223.0,218.0,219.0,68021,230.25272294294743,231.36798212475927,38.67153111138352,226.4702648198883,231.6999278296319,-5.229663009743575,-3.1545348281964687,-2.0751281815471065,233.295,10.016432551195685,253.32786510239134,213.26213489760863
2026-05-07,216.0,222.0,216.0,221.8,62139,229.44770171028577,230.99276713947458,41.556897250606305,225.75176253990549,230.96659984225175,-5.214837302346268,-3.566595323026429,-1.648241979319839,232.785,10.340277660937558,253.46555532187512,212.10444467812488
2026-05-08,211.0,230.0,211.0,227.4,84443,229.25268249978234,230.85187431047558,46.934241765193434,226.00533753376618,230.7024072613442,-4.697069727578025,-3.7926902039367483,-0.904379523641277,232.48000000000002,10.407820945910172,253.29564189182037,211.66435810817967
2026-05-11,230.0,233.2,227.0,232.0,139420,229.51433178551736,230.89689884731968,50.92834929156417,226.92759329780216,230.79852524198537,-3.870931944183212,-3.808338551986041,-0.0625933921971713,231.98000000000002,10.163743612003785,252.3074872240076,211.65251277599245
2026-05-12,235.0,235.9,223.0,224.1,125315,228.9986811392776,230.6303537944836,44.70511014214799,226.49257894429414,230.30233818702348,-3.809759242729342,-3.8086226901347016,-0.0011365525946405164,230.98500000000004,9.89562768946179,250.77625537892362,211.19374462107646
2026-05-13,224.0,226.0,220.6,223.0,56870,228.42737817363212,230.33112423391563,43.900698043869426,225.9552591067104,229.76142424724395,-3.806165140533551,-3.8081311802144717,0.0019660396809206837,229.63500000000005,8.962745996038048,247.56049199207615,211.70950800792394
2026-05-14,222.0,224.7,221.1,223.8,62508,227.98667549042906,230.07500171493857,44.6803182430904,225.62368078260113,229.31983726596664,-3.696156483365513,-3.78573624084468,0.08957975747916702,228.305,7.587279867613728,243.47955973522747,213.13044026477255
2026-05-15,223.0,227.0,222.0,223.0,56192,227.5117540151501,229.79755066729393,44.021485757731895,225.22003758527785,228.85170117219133,-3.6316635869134757,-3.7549217100584396,0.12325812314496387,227.40500000000003,7.0507539723756265,241.5065079447513,213.30349205524877
2026-05-18,225.0,226.0,222.3,225.5,45930,227.32015839465961,229.62901926857654,46.668041146558615,225.26310872600436,228.60342701128826,-3.3403182852838995,-3.6720010251035315,0.33168273981963203,226.43,5.710479747568688,237.85095949513737,215.00904050486264
2026-05-19,228.5,228.5,222.1,223.0,57506,226.90871473802537,229.36905772863238,44.40706305169773,224.9149381527729,228.1883583437854,-3.2734201910125194,-3.5922848582853293,0.31886466727280993,225.63000000000002,4.923317238570252,235.47663447714052,215.78336552285953
2026-05-20,225.0,230.0,222.0,229.6,118071,227.1650276201182,229.37811428829386,51.137470255063086,225.63571689850016,228.2929243923939,-2.6572074938937362,-3.405269385407011,0.7480618915132746,225.48499999999999,4.7499889196572065,234.9849778393144,215.98502216068556
2026-05-21,241.0,241.0,226.0,227.0,77702,227.14931070391646,229.28485490443921,48.63929397420437,225.84560660642322,228.19715221517953,-2.351545608756311,-3.194524630076871,0.8429790213205601,225.08499999999998,4.21304677851066,233.5110935570213,216.65890644297866
2026-05-22,238.3,238.3,225.5,233.0,94653,227.70651920830534,229.430546868971,54.1997941229096,226.94628251312733,228.55291871775884,-1.6066362046315135,-2.8769469449878,1.2703107403562863,225.185,4.381212881818657,233.9474257636373,216.4225742363627
2026-05-25,222.0,237.9,222.0,236.0,131055,228.49637452180008,229.68817248195253,56.722681714886605,228.33916212649234,229.10455436829523,-0.7653922418028856,-2.454636004350817,1.6892437625479313,225.385,4.78168380385238,234.94836760770474,215.82163239229524
2026-05-26,238.0,238.0,231.5,233.4,47866,228.96338647210484,229.8337343454054,53.94903630768685,229.11775256857044,229.4227355261993,-0.30498295762885164,-2.024705395006424,1.7197224373775724,225.54500000000002,4.999839471109669,235.54467894221935,215.54532105778068
2026-05-27,242.2,242.2,230.0,233.5,124707,229.39544490333296,229.97750946911498,54.04211826822294,229.79194448109808,229.7247551168512,0.06718936424687172,-1.6063264431557651,1.6735158074026368,225.94500000000002,5.306646775509364,236.55829355101875,215.3317064489813
2026-06-01,233.0,234.0,223.5,224.1,125776,228.89111681730122,229.7470189016987,44.86253183259315,228.9162607147753,229.30810658967704,-0.3918458749017475,-1.3634303295049617,0.9715844546032142,225.95999999999998,5.300685159290133,236.56137031858026,215.3586296814197
2026-06-02,224.4,229.8,224.0,227.7,62439,228.7776771204154,229.6667436506517,48.472389556869416,228.72914368173295,229.1889875830343,-0.45984390130135466,-1.1827130438642404,0.7228691425628857,226.24499999999998,5.2293176570101885,236.70363531402035,215.7863646859796
2026-06-03,225.0,230.0,225.0,226.9,72406,228.5988507279949,229.5582438996458,47.72463672549773,228.44773696146635,229.019432947254,-0.5716959857876418,-1.0605096322489207,0.4888136464612789,226.69,4.856130146528568,236.40226029305714,216.97773970694286
2026-06-04,229.4,229.8,223.0,225.9,101877,228.3418173253287,229.41478335456162,46.75373637807783,228.05577742893306,228.78836384005,-0.7325864111169551,-0.9949249880225276,0.2623385769055725,226.98499999999999,4.600832304568411,236.1866646091368,217.78333539086316
2026-06-05,223.6,225.9,222.1,223.1,55344,227.84259662767835,229.16714479163764,44.05142903427711,227.2933501321741,228.36700355560185,-1.0736534234277428,-1.0106706751035706,-0.06298274832417228,227.19,4.308363958630158,235.8067279172603,218.5732720827397
2026-06-08,234.2,234.2,220.1,222.0,67230,227.28615885361373,228.8860802900048,42.99993797549952,226.4789885733781,227.8953736625943,-1.4163850892161918,-1.0918135579260948,-0.32457153129009697,227.2,4.29540758436412,235.79081516872822,218.60918483127176
2026-06-09,227.5,227.5,219.0,224.0,98707,226.97319134374575,228.6944692982399,45.545039011011426,226.09760571593534,227.6068274653651,-1.5092217494297415,-1.1752951962268243,-0.3339265532029172,227.03000000000003,4.353957667277492,235.73791533455503,218.32208466544503
2026-06-10,219.2,225.0,219.2,222.9,65712,226.5852683586271,228.46723520811287,44.37154303693081,225.60566637502222,227.25817357904177,-1.6525072040195425,-1.2707375977853679,-0.38176960623417466,226.575,4.282138545906639,235.13927709181326,218.01072290818672
2026-06-11,222.0,224.0,220.8,220.8,52843,226.03429041971026,228.16655931759865,42.13931142903002,224.86633308655726,226.7797903509646,-1.9134572644073273,-1.39928153110976,-0.5141757332975674,226.41,4.443078591297341,235.29615718259467,217.52384281740532
2026-06-12,209.8,226.5,209.8,223.0,93449,225.74531037973784,227.96394914828107,45.24695409234686,224.5792049193946,226.49980588052279,-1.920600961128173,-1.5035454171134426,-0.41705554401473033,226.41,4.443078591297341,235.29615718259467,217.52384281740532
2026-06-15,223.0,224.1,220.1,223.0,39364,225.48385224833424,227.76928447579948,45.24695409234686,224.33625031641083,226.24056100048404,-1.9043106840732094,-1.583698470505396,-0.32061221356781333,226.36999999999998,4.471323835524442,235.31264767104886,217.4273523289511
2026-06-16,220.2,223.9,219.1,220.0,31657,224.96158060563576,227.4646066532191,41.704544312307966,223.66913488311684,225.7782972226704,-2.1091623395535635,-1.6887912443150297,-0.4203710952385338,226.21999999999997,4.637558341244331,235.49511668248863,216.9448833175113
2026-06-17,223.0,223.0,218.0,219.8,50521,224.47000150033713,227.16403384328896,41.47143910263227,223.07388336263733,225.3354603913615,-2.2615770287241617,-1.8033484011968564,-0.4582286275273053,225.935,4.854219542670584,235.64343908534116,216.22656091465885
