Date,Open,High,Low,Close,Volume,EMA20,EMA50,RSI,EMA12,EMA26,MACD,MACD_Signal,MACD_Hist,BB_Middle,BB_Std,BB_Upper,BB_Lower
2013-07-14,128.26,90.14,85.96,90.14,40,90.14,90.14,,90.14,90.14,0.0,0.0,0.0,,,,
2013-07-15,90.14,97.89,94.02,97.89,40,90.87809523809524,90.44392156862746,100.0,91.3323076923077,90.71407407407408,0.6182336182336172,0.12364672364672345,0.49458689458689375,,,,
2013-07-17,97.89,106.41,99.59,106.41,150,92.35732426303855,91.07004229142639,100.0,93.6519526627219,91.8767352537723,1.775217408949601,0.45396086070729896,1.321256548242302,,,,
2013-07-18,106.41,115.71,108.27,115.71,1706,94.58138861893964,92.03631514274299,100.0,97.04549840691854,93.64216227201138,3.403336134907164,1.043835915547272,2.3595002193598917,,,,
2013-07-21,115.71,125.94,117.72,125.94,12269,97.56792303618349,93.36587141165504,100.0,101.49080634431569,96.03459469630683,5.4562116480088605,1.9263110620395898,3.529900585969271,,,,
2013-07-22,125.94,137.25,126.09,127.95,50250,100.46145417559458,94.72211174845287,100.0,105.56145152211327,98.39869879287669,7.162752729236587,2.973599395478989,4.189153333757598,,,,
2013-07-23,127.95,128.26,126.09,126.25,23541,102.91750615887129,95.95849952302335,98.31802826673783,108.74430513409584,100.46175814155248,8.28254699254336,4.035388914891863,4.2471580776514966,,,,
2013-07-24,126.25,126.56,120.05,122.06,25879,104.74060081040736,96.98208777702243,94.1162503507313,110.79287357500418,102.0616279088449,8.731245666159282,4.974560265145347,3.756685401013935,,,,
2013-07-25,122.06,121.29,118.96,120.05,12985,106.1986388284638,97.88671178576665,92.08320494562652,112.21704687115738,103.39409991559712,8.822946955560255,5.744237603228329,3.078709352331926,,,,
2013-07-28,120.05,121.29,118.96,120.51,12444,107.56162560670533,98.77389955887384,92.12512987305504,113.49288581405625,104.66194436629362,8.830941447762626,6.361578372135189,2.469363075627437,,,,
2013-07-29,120.51,122.68,120.51,122.53,12604,108.9871850727334,99.70551134087879,92.31752855523109,114.88321107343221,105.98550404286446,8.897707030567744,6.8688041038217005,2.028902926746044,,,,
2013-07-30,122.53,126.56,122.06,125.63,11888,110.5722150658064,100.72215795496197,92.61569800927788,116.53656321598109,107.44065189154117,9.095911324439925,7.3142255479453455,1.7816857764945793,,,,
2013-07-31,125.63,127.18,123.61,125.47,16045,111.9910517262058,101.69266156457131,92.41633072685282,117.91093810583016,108.77615915883442,9.134778946995738,7.678336227755424,1.4564427192403135,,,,
2013-08-01,125.47,127.64,123.92,124.54,16832,113.18618965704334,102.58863562086265,91.18761116422463,118.9307937818563,109.94385107299483,8.986942708861463,7.940057523976632,1.0468851848848306,,,,
2013-08-04,124.54,125.16,122.06,122.06,13593,114.03131445161065,103.35221853769156,87.83394479892172,119.41221012310918,110.84134358610633,8.570866537002843,8.066219326581875,0.504647210420968,,,,
2013-08-05,122.06,122.06,118.96,120.82,10674,114.67785593240963,104.03722957542914,86.12831546141757,119.62879318109238,111.58050332046882,8.048289860623555,8.06263343339021,-0.014343572766655655,,,,
2013-08-06,120.82,121.6,114.62,120.51,10700,115.23329822456108,104.68322057247113,85.68036676391257,119.76436346092433,112.24194751895261,7.522415941971715,7.954589935106513,-0.4321739931347972,,,,
2013-08-07,120.51,121.6,118.34,118.96,9805,115.58822220317431,105.24309427551148,83.34624738971559,119.64061523616675,112.73958103606724,6.901034200099517,7.743878788105114,-0.8428445880055975,,,,
2013-08-08,118.96,118.96,115.86,115.86,21368,115.614105802872,105.65944351960907,78.72691052374115,119.05898212291032,112.97072318154375,6.0882589413665755,7.412754818757406,-1.3244958773908309,,,,
2013-08-11,115.86,115.86,114.31,114.78,6558,115.53466715497943,106.01711240119303,77.12320220453881,118.40067718092412,113.10474368661457,5.295933494309551,6.989390553867835,-1.693457059558284,118.2035,9.734221929817888,137.67194385963577,98.73505614036424
2013-08-12,114.78,114.93,113.54,113.85,5132,115.374222664029,106.32428446389135,75.69330919786151,117.70057299924349,113.15994785797646,4.540625141267029,6.4996374713476746,-1.959012330080646,119.38900000000001,7.267922239829666,133.92484447965933,104.85315552034068
2013-08-13,113.85,115.09,112.76,114.0,4580,115.24334431507387,106.62529291628776,75.77133548811466,117.13125407628294,113.22217394257079,3.909080133712152,5.98152600382057,-2.0724458701084183,120.19449999999999,5.416781404992621,131.02806280998524,109.36093719001475
2013-08-14,114.0,113.54,109.36,109.36,10225,114.68302580887637,106.7325363313353,68.45137550487526,115.93567652608557,112.93608698386186,2.999589542223717,5.3851387115012,-2.385549169277483,120.34200000000001,5.049375782160983,130.44075156432197,110.24324843567805
2013-08-15,109.36,109.36,105.64,107.19,10293,113.9694043032691,106.75047608304764,65.27538187361868,114.59018782976472,112.5104509109832,2.0797369187815207,4.724058352957264,-2.644321434175743,119.91599999999998,5.76887236997429,131.45374473994858,108.3782552600514
2013-08-18,107.19,111.53,107.19,110.91,8933,113.67803246486253,106.91359466802616,68.01512583968852,114.02400508672399,112.3918989916511,1.632106095072885,4.105667901380388,-2.4735618063075027,119.1645,5.919825277471425,131.00415055494284,107.32484944505715
2013-08-19,110.91,112.61,109.98,111.22,4023,113.44393413487562,107.08247330849572,68.24000867755706,113.59261968876646,112.3050916589362,1.2875280298302556,3.5420399270703613,-2.2545118972401057,118.328,5.793724917620166,129.91544983524034,106.74055016475967
2013-08-20,111.22,113.07,110.44,112.3,11568,113.33498802679223,107.28708219835865,69.05627339923333,113.39375512126392,112.304714499015,1.0890406222489162,3.0514400661060725,-1.9623994438571564,117.63050000000001,5.627125539927596,128.8847510798552,106.37624892014482
2013-08-25,112.3,112.3,110.91,111.84,6208,113.19260821471678,107.46562799450145,68.25166847879869,113.1547158718387,112.27029120279167,0.8844246690470356,2.618036986694265,-1.7336123176472293,117.11949999999999,5.667605523360041,128.45471104672006,105.78428895327991
2013-08-26,111.84,111.99,109.36,109.82,6237,112.87140743236282,107.55795630844257,64.68734513776396,112.6416826607866,112.08878815073302,0.5528945100535765,2.205008491366127,-1.6521139813125507,116.60799999999999,5.847966448172183,128.30393289634435,104.91206710365563
2013-08-27,109.82,112.76,109.05,111.22,11433,112.71413053404254,107.70156586497424,66.01214104843709,112.42296225143483,112.02443347290095,0.3985287785338727,1.8437125487996764,-1.4451837702658037,116.14349999999999,5.890515369285586,127.92453073857116,104.36246926142881
2013-08-29,111.22,111.99,109.82,110.91,23136,112.54230857841944,107.82738681144583,65.42682184178113,112.19019882813716,111.94188284527866,0.2483159828585002,1.5246332356114412,-1.276317252752941,115.5625,5.799801153578705,127.16210230715741,103.96289769284259
2013-09-01,110.91,110.91,109.67,110.44,7678,112.34208871380807,107.92984223060482,64.4931306475913,111.92093746996221,111.83063226414691,0.090305205815298,1.2377676296522124,-1.1474624238369144,114.803,5.392318220345863,125.58763644069172,104.01836355930827
2013-09-02,110.44,111.37,109.05,110.44,10758,112.16093740773111,108.02827979018895,64.4931306475913,111.69310093612187,111.7276224668027,-0.03452153068083419,0.9833097975856031,-1.0178313282664373,114.0515,4.8472491113381775,123.74599822267636,104.35700177732365
2013-09-03,110.44,110.91,109.51,109.67,20263,111.92370527366148,108.09266097488742,62.79056424902957,111.38185463825695,111.57520598778027,-0.19335134952331146,0.7479775681638202,-0.9413289176871317,113.30799999999999,4.2584511639550175,121.82490232791002,104.79109767208996
2013-09-04,109.67,111.53,108.43,108.89,3978,111.63478096188419,108.12392917195066,61.03287149237208,110.99849238621742,111.37630184053728,-0.37780945431985913,0.5228201636670844,-0.9006296179869435,112.64950000000002,3.8306416598679918,120.310783319736,104.98821668026403
2013-09-05,108.89,108.89,108.27,108.89,4271,111.37337325122854,108.1539711652075,61.03287149237208,110.67410894218398,111.19213133383082,-0.5180223916468378,0.31465165260429995,-0.8326740442511378,112.053,3.395531273833213,118.84406254766643,105.26193745233357
2013-09-08,108.89,110.29,108.12,108.27,21774,111.07781389396868,108.15852131559151,59.497499049377176,110.30424602800183,110.97567716095446,-0.6714311329526339,0.11743509549291317,-0.7888662284455471,111.441,2.850322050132961,117.14164410026592,105.74035589973408
2013-09-09,108.27,110.29,108.12,110.13,8818,110.9875459040669,108.23583420517616,62.54189852364249,110.27743894677079,110.91303440829117,-0.6355954615203814,-0.033171015909745735,-0.6024244456106357,110.99950000000001,2.243672916869845,115.48684583373971,106.51215416626032
2013-09-10,110.13,110.91,108.12,108.12,5479,110.71444629415578,108.23129168732612,57.511075037027794,109.9455252626522,110.70614297063997,-0.7606177079877767,-0.17866035432535196,-0.5819573536624247,110.6125,2.017280282172662,114.64706056434532,106.57793943565467
2013-09-11,108.12,108.89,107.5,108.89,8212,110.54068950423618,108.25712338586234,58.87579907957246,109.7831367607057,110.57161386170368,-0.7884771009979801,-0.3006237036598776,-0.48785339733810246,110.31799999999998,1.7944845323497842,113.90696906469955,106.72903093530041
2013-09-12,108.89,108.43,107.96,108.43,1797,110.3396714562137,108.26390286092656,57.68380314091883,109.57496187444329,110.41297579787378,-0.8380139234304949,-0.4081017476140011,-0.42991217581649377,110.047,1.635205121528859,113.31741024305771,106.77658975694229
2013-09-15,108.43,108.58,107.81,107.81,4941,110.09875036514572,108.24610274873338,56.0370379687994,109.30342927837509,110.22016277580906,-0.9167334974339667,-0.5098280975779943,-0.4069053998559724,109.7375,1.4191579230398736,112.57581584607975,106.89918415392025
2013-09-16,107.81,107.65,105.79,107.34,3632,109.83601223513183,108.21056930760658,54.760780580435195,109.00136323554815,110.00681738500839,-1.0054541494602347,-0.6089533079544425,-0.39650084150579223,109.63649999999998,1.5160137306698385,112.66852746133966,106.6044725386603
2013-09-17,107.34,107.19,106.26,106.72,6735,109.53924916511927,108.15211560926907,53.04452417497747,108.65038427623305,109.76334943056332,-1.1129651543302685,-0.7097556772296078,-0.4032094771006608,109.61300000000001,1.5589676071043088,112.73093521420863,106.4950647857914
2013-09-19,106.72,106.57,105.02,106.57,5987,109.25646353034601,108.09007185988597,52.61488348343577,108.33032515681258,109.52680502829936,-1.1964798714867868,-0.8071005160810436,-0.3893793554057432,109.396,1.6672239769971606,112.73044795399433,106.06155204600567
2013-09-22,106.57,104.71,103.0,104.09,2361,108.76441938459877,107.93320629675318,45.98339544252876,107.67796744037987,109.12407872990681,-1.4461112895269395,-0.9349026707702228,-0.5112086187567166,109.0395,1.9880947637057529,113.01568952741151,105.0633104725885
2013-09-23,104.09,104.4,102.54,104.4,6184,108.34876039558935,107.79464918707659,46.884588065796414,107.17366475724451,108.77414697213594,-1.6004822148914286,-1.0680185795944641,-0.5324636352969645,108.6445,2.0884581948364427,112.82141638967288,104.46758361032711
2013-09-24,104.4,105.64,104.55,105.48,5223,108.07554511981894,107.70387863072065,50.01347614146802,106.91310094843766,108.53013608531106,-1.6170351368733975,-1.1778218910502507,-0.4392132458231468,108.32650000000001,2.06029960774756,112.44709921549513,104.20590078450489
2013-09-25,105.48,104.71,103.47,104.71,3376,107.7550170131695,107.58647162559436,47.849280400207626,106.57416234098571,108.24716304195468,-1.67300070096897,-1.2768576530339946,-0.39614304793497546,108.071,2.1787826151801073,112.4285652303602,103.71343476963979
2013-09-26,104.71,105.79,103.93,104.09,2222,107.40596777382002,107.44935509125732,46.11877519522524,106.1919835192956,107.93922503884693,-1.7472415195513236,-1.3709344263374603,-0.37630709321386324,107.7145,2.2193538059061275,112.15320761181226,103.27579238818774
2013-09-29,104.09,104.09,103.16,103.93,5097,107.0749232239324,107.31134116610998,45.65984680420684,105.84398605478859,107.64224540633975,-1.7982593515511667,-1.4563994113802017,-0.341859940170965,107.3655,2.2391292362975928,111.84375847259518,102.88724152740481
2013-09-30,103.93,103.47,102.07,102.54,2382,106.64302577403407,107.12422974783115,41.77099427400907,105.33568050789805,107.26430130216643,-1.928620794268383,-1.550843687957838,-0.37777710631054506,106.97050000000002,2.3616753085804216,111.69385061716086,102.24714938283917
2013-10-01,102.54,103.31,102.07,102.54,3171,106.25226141460226,106.94445603222992,41.77099427400907,104.90557581437528,106.9143530575615,-2.0087772431862163,-1.6424303990035136,-0.3663468441827027,106.5755,2.4109846754518562,111.39746935090372,101.75353064909629
2013-10-02,102.54,104.4,101.76,104.24,1017,106.06061747035443,106.8383989329268,48.047229661520014,104.80317953524062,106.71625283107545,-1.9130732958348347,-1.696558978369778,-0.21651431746505656,106.304,2.3491149509192,111.0022299018384,101.6057700981616
2013-10-03,104.24,104.24,102.54,104.24,2064,105.88722533032067,106.73650093555712,48.047229661520014,104.71653652981898,106.53282669544022,-1.8162901656212398,-1.7205052158200704,-0.09578494980116936,106.07150000000001,2.309477669358094,110.6904553387162,101.45254466128382
2013-10-06,104.24,106.1,103.0,106.1,2617,105.90748958457584,106.71154011455488,54.297935449202356,104.92937706369298,106.50076545874094,-1.5713883950479612,-1.6906818516656488,0.11929345661768753,105.93199999999999,2.212497041330287,110.35699408266056,101.50700591733941
2013-10-07,106.1,112.15,104.86,108.43,431,106.1477286717591,106.77893069829783,60.680004091960136,105.46793443850945,106.64367172105644,-1.17573728254699,-1.5876929378419171,0.41195565529492706,105.94000000000001,2.2216660415104106,110.38333208302083,101.49666791697919
2013-10-08,108.43,107.65,105.79,107.34,1616,106.26127832206775,106.80093341601163,56.69159594239295,105.75594452489261,106.69525159357076,-0.9393070686781471,-1.458015764009163,0.518708695331016,105.80049999999999,2.0234792210189068,109.8474584420378,101.75354155796217
2013-10-09,107.34,107.34,104.24,107.34,944,106.36401371996605,106.82207328205038,56.69159594239295,105.99964536721683,106.74301073478773,-0.7433653675709024,-1.315085684721511,0.5717203171506087,105.7615,1.9835435462829003,109.7285870925658,101.7944129074342
2013-10-10,107.34,108.12,105.48,108.12,2612,106.53125050854072,106.8729723690288,58.931846732803635,106.32585377226039,106.84500993961827,-0.5191561673578775,-1.1558997812487843,0.6367436138909068,105.723,1.9262701892792218,109.57554037855844,101.87045962144155
2013-10-17,108.12,112.3,108.12,110.44,2059,106.90351236487018,107.01285580553747,64.76930438531149,106.95879934575879,107.11130549964655,-0.15250615388775657,-0.9552210557765788,0.8027149018888222,105.82350000000001,2.1178446715073607,110.05918934301474,101.58781065698528
2013-10-20,110.44,114.78,110.44,114.31,7738,107.60889213964445,107.29901832296737,71.93543273633496,108.08975329256513,107.64454212930237,0.4452111632627691,-0.6751346119687093,1.1203457752314785,106.14849999999998,2.8208066688730065,111.79011333774599,100.50688666225398
2013-10-21,114.31,119.43,113.07,115.24,9821,108.33566431682118,107.61042936912551,73.33888713048638,109.1897912475551,108.20716863824293,0.9826226093121733,-0.34358316771253283,1.3262057770247062,106.5435,3.4739425123262873,113.49138502465257,99.59561497534742
2013-10-22,115.24,115.09,111.99,111.99,9367,108.68369628664773,107.78217723700294,61.72255668989571,109.62059259408508,108.48737836874345,1.1332142253416322,-0.04822368910169983,1.181437914443332,106.80699999999999,3.681688828727849,114.17037765745569,99.44362234254429
2013-10-23,111.99,111.84,110.44,111.22,3207,108.92524902125271,107.916993815944,59.325023603275355,109.86665527191815,108.68979478587356,1.176860486044589,0.19679314592755798,0.980067340117031,107.0395,3.8105055266226198,114.66051105324524,99.41848894675476
2013-10-24,111.22,111.37,109.67,110.91,4392,109.11427292399054,108.0343666074756,58.34245906886149,110.0271698454692,108.85425443136441,1.1729154141047928,0.39201759956300497,0.7808978145417879,107.38050000000001,3.837726129116786,115.05595225823359,99.70504774176644
2013-10-27,110.91,111.68,106.57,109.2,20010,109.12243740742002,108.08007772090794,53.116437433658376,109.89991294616624,108.8798652142263,1.0200477319399397,0.517623626038392,0.5024241059015477,107.62049999999999,3.7913328790809744,115.20316575816194,100.03783424183804
2013-10-28,109.2,108.27,107.03,108.12,4234,109.02696717814193,108.08164330048017,50.066135222154514,109.62608018521759,108.82357890206139,0.8025012831562037,0.5745991574619543,0.2279021256942494,107.75250000000001,3.758703408861877,115.26990681772376,100.23509318227626
2013-10-29,108.12,111.22,107.81,109.67,7580,109.08820839927127,108.14393179850055,54.13684795901806,109.63283707979949,108.88627676116795,0.7465603186315377,0.6089913896958711,0.13756892893566663,108.00049999999999,3.7107177274257843,115.42193545485156,100.57906454514841
2013-10-30,109.67,111.37,107.5,111.37,4278,109.30552188505496,108.27044427699073,58.16509391826448,109.90009291367649,109.07025626034068,0.8298366533358035,0.6531604424238576,0.17667621091194585,108.36449999999999,3.6636959696316374,115.69189193926327,101.03710806073671
2013-10-31,111.37,111.99,108.43,109.67,13446,109.34023408647829,108.32532881514796,53.138793378927694,109.86469400388012,109.11468172253768,0.7500122813424355,0.6725308102075732,0.07748147113486226,108.65150000000001,3.5200392865631076,115.69157857312622,101.6114214268738
2013-11-06,109.67,109.2,107.34,109.2,1100,109.32687845919465,108.35962964592647,51.80588967274552,109.76243338789855,109.1210015949423,0.6414317929562543,0.6663110067573095,-0.024879213801055178,108.9845,3.2130940572994353,115.41068811459887,102.55831188540112
2013-11-07,109.2,113.54,109.36,110.44,3833,109.43289003450944,108.44121279706661,55.01209524434268,109.86667440514493,109.21870518050214,0.647969224642793,0.6626426503344063,-0.014673425691613229,109.37950000000001,2.8434772541269133,115.06645450825383,103.69254549174619
2013-11-10,110.44,111.53,109.67,109.67,5508,109.45547193598473,108.48940053051498,52.66891605863535,109.8364168043534,109.25213442639088,0.5842823779625235,0.6469705958600297,-0.06268821789750623,109.651,2.573320402658229,114.79764080531645,104.50435919468354
2013-11-11,109.67,113.38,109.2,113.38,5107,109.82923651351,108.6811887450046,61.23617359920799,110.3815834498375,109.55790224665822,0.8236812031792908,0.6823127173238819,0.14136848585540895,110.10799999999999,2.364953766099815,114.83790753219962,105.37809246780036
2013-11-12,113.38,118.19,112.76,113.54,6554,110.18264255984238,108.87173036284756,61.55933318364765,110.86749368832403,109.85287245060947,1.0146212377145645,0.7487744214020184,0.26584681631254603,110.48000000000002,2.285123513879372,115.05024702775876,105.90975297224128
2013-11-13,113.54,115.4,110.6,111.99,17494,110.35477183985739,108.99401544665746,56.6337034491541,111.04018696704341,110.01117819500877,1.0290087720346435,0.8048212915285435,0.22418748050609993,110.65799999999999,2.2554952776205504,115.1689905552411,106.14700944475888
2013-11-14,111.99,112.3,111.06,112.3,6439,110.54003166463288,109.12366189972973,57.368410254165994,111.23400435672903,110.18072055093404,1.0532838057949903,0.8545137943818328,0.19877001141315742,110.90600000000002,2.1412598357534023,115.18851967150682,106.62348032849322
2013-11-21,112.3,121.75,114.16,119.74,7277,111.41621912514404,109.53998888405405,70.3511324078064,112.5426190710784,110.88881532493893,1.6538037461394737,1.014371784733361,0.6394319614061126,111.526,2.7601495001463228,117.04629900029263,106.00570099970736
2013-11-24,119.74,130.43,118.5,120.2,18544,112.25276968465413,109.95802853565978,70.94037458587034,113.72067767552788,111.57853270827678,2.142144967251099,1.2399264212369085,0.9022185460141903,112.13,3.2532671836818303,118.63653436736365,105.62346563263634
2013-11-25,120.2,120.2,114.93,115.55,9430,112.56679161944898,110.17732153426135,58.32213106417327,114.00211187929281,111.87271547062666,2.129396408666153,1.4178204187227577,0.7115759899433955,112.38550000000001,3.3136551213362453,119.0128102426725,105.75818975732751
2013-11-26,115.55,118.19,114.31,116.02,7622,112.89566860807288,110.4064461799766,59.113743064543506,114.31255620555545,112.17992173206171,2.132634473493738,1.5607832296769537,0.5718512438167842,112.471,3.387170687042198,119.2453413740844,105.6966586259156
2013-11-27,116.02,116.64,112.92,114.0,2173,113.00084302635166,110.5473698591932,54.33691067961291,114.26447063546999,112.31474234450158,1.9497282909684088,1.6385722419352449,0.31115604903316396,112.40899999999999,3.3449032713573152,119.09880654271463,105.71919345728536
2013-11-28,114.0,114.31,111.22,112.92,7138,112.99314369050865,110.64041417844052,51.92115527669979,114.05762899924383,112.35957624490888,1.6980527543349524,1.6504683444151864,0.04758440991976598,112.4555,3.3452361650562166,119.14597233011243,105.76502766988757
2013-12-01,112.92,114.62,111.99,112.76,107794,112.97093952950783,110.7235351910507,51.55546481416111,113.85799376859094,112.38923726380452,1.4687565047864268,1.6141259764894347,-0.14536947170300785,112.53249999999998,3.333002242328744,119.19850448465748,105.86649551534249
2013-12-02,112.76,119.43,112.76,115.86,31973,113.24608814574518,110.92496518355853,57.762620606479324,114.16599472726926,112.646330799819,1.5196639274502672,1.5952335666816013,-0.07556963923133408,112.78,3.3894868420797217,119.55897368415944,106.00102631584056
2013-12-03,115.86,119.74,117.72,119.27,21886,113.81979403662659,111.25222145086995,63.32872370467445,114.95122630768938,113.13697296279537,1.8142533448940128,1.6390375223240836,0.17521582256992918,113.2835,3.5726833126701143,120.42886662534023,106.13813337465977
2013-12-04,119.27,125.47,119.12,122.84,31863,114.67886127123359,111.70664413907113,68.07243832901642,116.16488379881409,113.855715706292,2.3091680925220857,1.7730636363636842,0.5361044561584014,114.0195,3.949339018647343,121.91817803729468,106.1208219627053
2013-12-05,122.84,127.18,121.44,124.23,60375,115.5884935311161,112.19775613361736,69.71510651939288,117.40567090668884,114.62418120952962,2.7814896971592162,1.9747488485227906,0.8067408486364256,114.74750000000002,4.41936393970656,123.58622787941314,105.90877212058689
2013-12-08,124.23,124.54,120.51,122.06,15956,116.20482748053362,112.58451079504412,64.16487541262228,118.12172153642902,115.17498260141632,2.9467389350127036,2.1691468658207733,0.7775920691919302,115.282,4.630767357122267,124.54353471424453,106.02046528575546
2013-12-09,122.06,123.46,121.29,121.91,5129,116.74817724429232,112.950216254062,63.78684087941239,118.70453360774763,115.67387277908918,3.030660828658455,2.34144965838831,0.6892111702701449,115.89399999999998,4.658783893723838,125.21156778744765,106.5764322125523
2013-12-10,121.91,121.91,119.12,120.51,7355,117.10644607816924,113.24667836174584,60.22067765507679,118.98229766809416,116.03210442508257,2.950193243011597,2.4631983753129676,0.48699486769862954,116.4595,4.486723661038847,125.4329473220777,107.48605267792232
2013-12-11,120.51,123.61,120.98,122.22,16483,117.5934512135817,113.59857332795188,62.94564989315107,119.48040571915661,116.49046706026162,2.9899386588949852,2.5685464320293714,0.42139222686561384,117.04849999999999,4.427745386822254,125.9039907736445,108.19300922635549
2013-12-12,122.22,124.23,120.05,124.23,30679,118.22550347895488,114.01549202097338,65.90239074378077,120.21111253159405,117.06376579653853,3.147346735055521,2.6843064926346014,0.4630402424209197,117.77649999999998,4.34696297491277,126.47042594982553,109.08257405017444
2013-12-15,124.23,127.49,121.91,127.02,59921,119.06307457619727,114.52547272603326,69.53611656623063,121.25863368057959,117.80126462642457,3.4573690541550235,2.838919004938686,0.6184500492163374,118.4585,4.678260219804978,127.81502043960995,109.10197956039005
2013-12-16,127.02,138.49,129.19,138.49,36619,120.91325794989277,115.46525810932609,79.30183148156964,123.90961311433658,119.33376354298571,4.575849571350872,3.1863051182211235,1.3895444531297487,119.70599999999999,6.331959370817471,132.36991874163493,107.04208125836504
2013-12-18,138.49,151.04,139.73,151.04,41249,123.7824714784744,116.86034602660742,84.97663649687895,128.08351878905404,121.6823736509127,6.401145138141345,3.8292731222051684,2.5718720159361768,121.6585,9.199022416596843,140.0565448331937,103.26045516680631
2013-12-19,151.04,151.5,137.25,148.25,60364,126.11271229004828,118.0913128490934,79.74239833408093,131.1860543599688,123.6503459730673,7.535708386901504,4.570560175144436,2.965148211757068,123.45599999999999,10.669002025050167,144.7940040501003,102.11799594989965
2013-12-22,148.25,147.63,137.56,141.59,52786,127.58673969099607,119.0128299922662,68.84157178530575,132.78666138151206,124.97920923432159,7.8074521471904745,5.2179385695536435,2.589513577636831,124.54850000000002,11.364503034032081,147.27750606806418,101.81949393193585
2013-12-23,141.59,139.88,132.13,133.37,29079,128.1375263870917,119.5758562670793,58.25643834879405,132.87640578435636,125.60074929103851,7.275656493317854,5.629482154306486,1.6461743390113677,125.20700000000002,11.480243028786365,148.16748605757275,102.2465139424273
2013-12-24,133.37,140.97,130.43,136.47,24385,128.93109530260676,120.238371707586,60.7100275073186,133.42926643291693,126.4058789731838,7.023387459733129,5.908263215391815,1.115124244341314,126.253,11.507066067146825,149.26713213429366,103.23886786570635
2013-12-26,136.47,145.31,138.33,138.33,22385,129.82622908331086,120.94784732689635,62.14763808738412,134.1832254432374,127.28914719739241,6.8940782458449945,6.1054262214824515,0.788652024362543,127.3685,11.54417523438131,150.4568504687626,104.28014953123738
2013-12-29,138.33,138.8,135.08,138.33,28367,130.63611202775743,121.62950037290042,62.14763808738412,134.82119075966241,128.1069881457337,6.714202613928705,6.227181499971703,0.4870211139570024,128.585,11.341428249424292,151.2678564988486,105.90214350115143
2013-12-31,138.33,138.49,135.85,136.94,21248,131.23648231082814,122.22991212298277,60.23735959795403,135.14716141202203,128.7612853201238,6.38587609189824,6.258920418357011,0.12695567354122872,129.786,10.856716766470672,151.49943353294134,108.07256646705866
2014-01-01,136.94,137.09,132.13,133.84,15632,131.48443637646355,122.68520968678737,56.096065833816766,134.94605965632633,129.13748640752203,5.808573248804294,6.168850984446468,-0.3602777356421747,130.84,10.11468343808289,151.0693668761658,110.61063312383422
2014-01-02,133.84,137.56,130.58,136.63,7593,131.9744900548956,123.23206420887415,58.83880956329372,135.2051274015069,129.69248741437224,5.512639987134662,6.037608784984108,-0.5249687978494455,131.8785,9.545965405673345,150.9704308113467,112.78656918865332
2014-01-05,136.63,136.78,134.61,135.23,16534,132.284538621096,123.70257149480065,56.917334033715406,135.20895395512122,130.10267353182616,5.106280423295061,5.8513431126462985,-0.7450626893512373,132.6765,9.092813399950098,150.8621267999002,114.49087320009981
2014-01-06,135.23,135.39,134.46,134.77,6700,132.52124922861066,124.13658829892611,56.26714396511549,135.14142257741025,130.44840141835755,4.693021159052705,5.61967872192758,-0.9266575628748752,133.273,8.800166326179136,150.87333265235827,115.67266734764172
2014-01-07,134.77,136.63,134.46,135.85,6021,132.83827311160013,124.5959377773996,57.494832282165596,135.2504344885779,130.84851983181255,4.401914656765342,5.3761259088951325,-0.9742112521297903,133.85399999999998,8.551791071250033,150.95758214250006,116.75041785749991
2014-01-08,135.85,136.78,135.23,135.39,10346,133.08129472001917,125.01923433514864,56.763909761793464,135.27190610571975,131.18492577019683,4.086980335522924,5.118296794220691,-1.0313164586977672,134.5205,8.09127501175095,150.7030500235019,118.3379499764981
2014-01-09,135.39,136.01,134.77,135.85,6608,133.34498093716022,125.44397024357419,57.34784965541752,135.36084362791672,131.53048682425631,3.8303568036604076,4.860708796108635,-1.0303519924482272,135.21750000000003,7.528656044879525,150.27481208975908,120.16018791024098
2014-01-12,135.85,139.88,136.01,138.64,18527,133.84926846695447,125.96146160657128,60.80547689788786,135.86532922362184,132.05711742986696,3.8082117937548787,4.650209395637884,-0.8419976018830049,136.124,6.711736303708743,149.5474726074175,122.70052739258252
2014-01-13,138.64,141.43,137.71,138.64,12308,134.3055286129588,126.45865919062732,60.805476897887864,136.29220165075694,132.54473836098794,3.7474632897690014,4.469660174464107,-0.7221968846951059,136.945,5.8733515044421,148.6917030088842,125.1982969911158
2014-01-14,138.64,138.18,136.01,138.18,3326,134.6745258879151,126.9183196145243,59.87731749061986,136.5826321660251,132.9621651490629,3.6204670169621807,4.299821542963722,-0.679354526001541,137.64249999999998,5.055235821454985,147.75297164290996,127.53202835709001
2014-01-16,138.18,141.9,138.33,139.11,9127,135.09695199382796,127.3964247276802,61.16788497069863,136.9714579866366,133.4175603232064,3.553897663430206,4.150636767057019,-0.5967391036268133,138.247,4.39832755296296,147.04365510592592,129.4503448940741
2014-01-19,139.11,139.88,136.78,138.8,3190,135.44962323251102,127.84362375796725,60.469665824784556,137.25277214253867,133.81625955852445,3.436512584014224,4.00781193044846,-0.5712993464342357,138.2625,4.399774964340489,147.06204992868098,129.462950071319
2014-01-20,138.8,139.73,136.01,136.01,6879,135.50299244846235,128.16387380667442,54.44599262376412,137.06157642830195,133.9787588504856,3.0828175778163427,3.8228130599220367,-0.739995482105694,137.511,3.2307452293298344,143.97249045865968,131.0495095413403
2014-01-21,136.01,136.94,133.68,135.39,14635,135.4922312628945,128.4472513044519,53.17825298685293,136.8044108239478,134.08329523193112,2.721115592016673,3.602473566340964,-0.881357974324291,136.868,2.0419304591477876,140.95186091829558,132.7841390817044
2014-01-22,135.39,136.01,130.74,134.46,20517,135.3939235235712,128.68304537094397,51.25055640943578,136.44373223564813,134.1111992888251,2.3325329468230223,3.3484854424373762,-1.015952495614354,136.51149999999998,1.7797021483488917,140.07090429669776,132.9520957033022
2014-01-23,134.46,134.46,132.75,133.99,4680,135.26021652132633,128.8911612387501,50.25899861114295,136.06623496862534,134.10222156372697,1.9640134048983668,3.0715910349295745,-1.1075776300312077,136.5425,1.7267123461397207,139.99592469227943,133.08907530772055
2014-01-26,133.99,136.01,133.22,134.61,8519,135.19829113834288,129.11542942546578,51.58956619606471,135.84219881960604,134.13983478122867,1.7023640383773682,2.7977456356191337,-1.0953815972417655,136.4495,1.7800871504377145,140.00967430087542,132.88932569912458
2014-01-27,134.61,136.01,132.91,134.77,6808,135.15750150611976,129.3371772911338,51.946804210717175,135.67724515505125,134.18651368632285,1.4907314687283986,2.536342802240987,-1.0456113335125883,136.2715,1.760027736024222,139.79155547204846,132.75144452795155
2014-01-28,134.77,136.01,132.44,134.77,13553,135.120596600775,129.55022916206974,51.946804210717175,135.53766897735105,134.2297348947434,1.3079340826076589,2.290661058314321,-0.9827269757066621,136.0935,1.7204597763681937,139.53441955273638,132.65258044726363
2014-01-29,134.77,134.61,132.75,133.06,10585,134.9243493054631,129.68786723414544,47.59356599364724,135.15648913468166,134.14308786550313,1.0134012691785301,2.035209100487163,-1.021807831308633,135.89950000000002,1.8349314485964598,139.56936289719295,132.2296371028071
2014-02-02,133.06,134.3,131.36,132.91,11892,134.73250651446662,129.81422538182602,47.21975065307341,134.81087542165372,134.051748023614,0.7591273980397091,1.7799927599976724,-1.0208653619579633,135.853,1.9004822102757575,139.65396442055152,132.0520355794485
2014-02-03,132.91,132.75,130.58,132.13,16812,134.4846487511841,129.9050400727348,45.230329845978915,134.3984330490916,133.90939631816113,0.4890367309304793,1.5218015541842338,-1.0327648232537545,135.628,2.0630753742885233,139.75415074857705,131.50184925142293
2014-02-04,132.13,132.75,128.26,132.75,18976,134.31944410821419,130.016607128706,47.13683463727704,134.14482796461598,133.82351510940845,0.3213128552075375,1.2817038143888946,-0.9603909591813571,135.504,2.1604858128125195,139.82497162562504,131.18302837437494
2014-02-05,132.75,132.91,129.81,132.91,3407,134.1852113360033,130.13007351581558,47.6433384267233,133.95485443159814,133.75584732352632,0.199007108071811,1.065164473125478,-0.8661573650536669,135.411,2.23257439317224,139.8761487863445,130.94585121365552
2014-02-06,132.91,133.68,131.36,131.98,2658,133.9751912087649,130.20261965245027,44.94756520561254,133.65103067289073,133.6243030773392,0.026727595551534478,0.8574770976106892,-0.8307495020591548,135.2175,2.3567771817052026,139.9310543634104,130.5039456365896
2014-02-09,131.98,135.23,131.51,135.23,7846,134.09469680793015,130.39977182294243,54.61256602889306,133.89394903090752,133.74324359012888,0.150705440778637,0.7161227662442788,-0.5654173254656418,135.2095,2.3564323501956133,139.92236470039123,130.49663529960876
2014-02-10,135.23,146.39,136.01,136.16,12247,134.29139235003203,130.6256631240035,56.94206657723133,134.24257225692173,133.92226258345266,0.3203096734690689,0.6369601476892369,-0.316650474220168,135.225,2.361880383796819,139.94876076759363,130.50123923240636
2014-02-11,136.16,136.32,133.84,134.61,5256,134.32173593574328,130.78191162894453,52.13895229707378,134.2990996020107,133.9732060957895,0.32589350622120605,0.5747468193956308,-0.24885331317442472,135.02349999999998,2.2230260907141477,139.46955218142827,130.5774478185717
2014-02-12,134.61,136.94,134.46,136.01,4331,134.482522989482,130.98693470231925,55.76811287487981,134.5623150478552,134.1240797183236,0.43823532953160793,0.5474445214228263,-0.10920919189121836,134.892,2.0703841494543083,139.03276829890862,130.75123170109137
2014-02-13,136.01,137.4,135.85,137.25,5315,134.74609222857896,131.23254510614987,58.751505541870316,134.97580504049287,134.35562936881814,0.6201756716747298,0.561990751473207,0.05818492020152277,134.84550000000002,2.0019634441155025,138.84942688823102,130.841573111769
2014-02-16,137.25,135.23,132.29,132.91,3199,134.57122630204762,131.29832765100673,46.842669545761254,134.65798888041707,134.24854571186864,0.409443168548421,0.5314812348882498,-0.12203806633982883,134.5355,1.7738969144665078,138.08329382893302,130.987706171067
2014-02-17,132.91,135.23,132.91,133.68,3027,134.48634760661452,131.39172656665352,48.82463878587111,134.5075290526606,134.2064312146932,0.3010978379674043,0.48540455550408074,-0.18430671753667643,134.27949999999998,1.469383956126598,137.21826791225317,131.3407320877468
2014-02-18,133.68,135.85,133.22,135.23,1816,134.5571716440798,131.54224709345144,52.6516868368001,134.61867842917434,134.2822511247159,0.33642730445842517,0.45560910529494963,-0.11918180083652447,134.2405,1.4308829625890171,137.10226592517805,131.37873407482195
2014-02-20,135.23,137.71,136.01,136.63,4581,134.75458386845315,131.74176681527686,55.86233952787321,134.92811251699368,134.45615844881104,0.4719540681826402,0.4588780978724878,0.013075970310152396,134.3025,1.5080935158760924,137.3186870317522,131.2863129682478
2014-02-23,136.63,139.11,136.01,137.56,6943,135.0217663571719,131.96993282252092,57.90438438875912,135.33301828361004,134.686072637788,0.6469456458220577,0.49649160746240184,0.15045403835965587,134.4575,1.6751838076669674,137.80786761533395,131.10713238466607
2014-02-24,137.56,139.88,132.91,133.84,11483,134.90921718029838,132.0432687902652,48.281940997211166,135.10332316305465,134.62340059054443,0.47992257251021897,0.4931778004719653,-0.01325522796174633,134.45,1.6777208851346428,137.80544177026928,131.0945582297307
2014-02-25,133.84,136.01,132.91,136.01,5271,135.01405363931758,132.19882687692146,53.170643234219355,135.2428119072001,134.7261116579115,0.5167002492885899,0.49788229023529024,0.018817959053299693,134.51999999999998,1.7135712170159074,137.9471424340318,131.09285756596816
2014-02-26,136.01,136.01,132.91,132.91,4496,134.8136675784302,132.22671601900296,46.420027255090446,134.88391776763086,134.59158486843657,0.2923328991942924,0.45677241202709074,-0.16443951283279834,134.427,1.749388163720201,137.9257763274404,130.9282236725596
2014-03-03,132.91,132.13,130.12,131.36,2089,134.48474685667495,132.19272715551264,43.44964456970565,134.34177657261074,134.35220821151535,-0.010431638904606189,0.3633316018407514,-0.3737632407453576,134.25650000000002,1.8758051604566848,138.00811032091337,130.50488967908666
2014-03-04,131.36,131.67,128.26,131.36,4838,134.187151917944,132.1600711886298,43.44964456970565,133.88304171528603,134.1305631588105,-0.24752144352447658,0.2411609927677058,-0.4886824362921824,134.17149999999998,1.9690747894155065,138.10964957883098,130.23335042116898
2014-03-05,131.36,133.68,130.12,132.75,3715,134.05028030671124,132.18320565182077,46.97832954679959,133.70872760524202,134.02829922112085,-0.31957161587882865,0.12901447103839891,-0.44858608691722757,134.1635,1.9747865307676162,138.11307306153523,130.21392693846477
2014-03-06,132.75,134.46,129.81,132.13,3687,133.86739646797685,132.18111915567093,45.6111970931014,133.46584643520478,133.88768446400078,-0.4218380287960031,0.018843971071518514,-0.4406819998675216,134.1635,1.9747865307676162,138.11307306153523,130.21392693846477
2014-03-09,132.13,131.2,128.42,128.42,3723,133.34859680436,132.0336242868211,38.40833070614032,132.6895623682502,133.48267080000073,-0.7931084317505395,-0.14354650949289308,-0.6495619222576464,133.947,2.3412571971387193,138.62951439427744,129.26448560572257
2014-03-10,128.42,129.81,126.71,128.26,7162,132.8639685372781,131.88563902067125,38.128679683877394,132.00809123467323,133.09580629629698,-1.0877150616237543,-0.33238021991906536,-0.755334841704689,133.7145,2.6589837294876744,139.03246745897533,128.39653254102464
2014-03-11,128.26,127.49,126.09,126.4,2745,132.2483524861088,131.6705159218214,34.943492678322286,131.14530796780042,132.59982064471941,-1.4545126769189949,-0.5568067113190514,-0.8977059655999435,133.4355,3.1057696308638176,139.64703926172763,127.22396073827235
2014-03-12,126.4,126.87,125.16,125.63,4187,131.61803320171748,131.43363294449506,33.6888172389351,130.29679904967728,132.08353763399947,-1.786738584322194,-0.8027930859196799,-0.983945498402514,132.9555,3.5270973230564246,140.00969464611285,125.90130535388715
2014-03-13,125.63,128.26,125.94,128.26,4580,131.29822051583963,131.30917675059328,41.425005791309765,129.98344534972694,131.8003126240736,-1.816867274346663,-1.0056079236050766,-0.8112593507415864,132.5605,3.591116927847062,139.74273385569413,125.37826614430587
2014-03-17,128.26,127.49,125.16,125.16,4751,130.71362808575967,131.06803256429552,36.081615738418456,129.24137683438434,131.30843761488296,-2.067060780498622,-1.2178984949837857,-0.8491622855148362,132.08800000000002,3.9144006733566488,139.91680134671333,124.25919865328673
2014-03-18,125.16,126.71,120.51,120.51,16038,129.74185398235397,130.65399207157805,29.859800099312125,127.89808809063291,130.50855334711386,-2.61046525648095,-1.4964118472832184,-1.1140534091977314,131.313,4.575585208472903,140.4641704169458,122.16182958305419
2014-03-19,120.51,125.01,120.67,123.15,4123,129.11405836498693,130.35971787269264,36.54943355348541,127.1676129997663,129.96347532140172,-2.7958623216354113,-1.756301942153657,-1.0395603794817543,130.608,4.697310092516691,140.00262018503338,121.21337981496663
2014-03-20,123.15,123.77,122.06,122.84,5069,128.51652899689293,130.06482697572432,36.113869731242985,126.50182638441765,129.43581048277937,-2.9339840983617194,-1.9918383733952696,-0.9421457249664498,130.1045,4.969391019557544,140.0432820391151,120.16571796088492
2014-03-23,122.84,123.15,122.06,122.99,4683,127.99019290195075,129.78738278059788,36.508148498532385,125.96154540219955,128.95834303961053,-2.996797637410978,-2.1928302261984114,-0.8039674112125668,129.57,5.136659778903653,139.8433195578073,119.29668044219268
2014-03-24,122.99,125.01,120.51,123.77,8026,127.58826976843163,129.55140698528032,38.62917830897278,125.62438457109192,128.5740213329727,-2.9496367618807824,-2.3441915333348855,-0.6054452285458969,128.997,5.111174651270048,139.2193493025401,118.77465069745992
2014-03-25,123.77,123.61,121.6,123.61,9221,127.20938693334291,129.3184106329164,38.346194806069064,125.31447925246239,128.2063160490488,-2.891836796586418,-2.453720585985192,-0.43811621060122574,128.346,4.913135347959026,138.17227069591806,118.51972930408195
2014-03-26,123.61,125.32,123.61,125.16,1444,127.0142072254055,129.15533570613536,42.72360946981221,125.29071321362203,127.98066300837853,-2.689949794756501,-2.5009664277394537,-0.18898336701704732,127.726,4.449742038649247,136.6254840772985,118.8265159227015
2014-03-27,125.16,125.47,122.84,122.84,6735,126.61666368012878,128.90767548236536,38.33620302368831,124.91368041152634,127.59987315590604,-2.686192744379696,-2.5380116910675024,-0.14818105331219344,127.176,4.332532260638083,135.84106452127617,118.51093547872384
2014-03-31,122.84,125.78,120.82,125.78,1398,126.53698142487842,128.78502154188044,45.91592640263441,125.0469603482146,127.46506773695003,-2.418107388735436,-2.5140308306010892,0.09592344186565338,126.6645,3.806659642202732,134.27781928440547,119.05118071559454
2014-04-01,125.78,129.66,124.39,127.49,4735,126.62774509869952,128.73423638337533,49.78237901018174,125.42281260233543,127.46691457125003,-2.044101968914603,-2.420045058263792,0.37594308934918885,126.39349999999999,3.5208316526513856,133.43516330530275,119.35183669469721
2014-04-02,127.49,129.35,125.16,129.35,10955,126.88700747025196,128.75838397618415,53.66276500650667,126.0269952788992,127.60640238078706,-1.5794071018878668,-2.251917466988607,0.6725103651007402,126.293,3.3981544526708345,133.08930890534168,119.49669109465833
2014-04-03,129.35,129.81,126.71,126.71,2134,126.87014961594225,128.67805519280438,47.994082264199704,126.13207292829931,127.54000220443245,-1.407929276133146,-2.083119828817515,0.6751905526843691,126.0605,3.185657785499234,132.43181557099848,119.68918442900154
2014-04-06,126.71,125.78,124.08,124.7,4714,126.66346870013822,128.5220530283807,44.168491694763354,125.91175401625325,127.3296316707708,-1.4178776545175396,-1.95007139395752,0.5321937394399805,125.65799999999999,2.7785012999241725,131.21500259984833,120.10099740015164
2014-04-07,124.7,126.56,123.61,124.39,2640,126.44694787155363,128.3600117331501,43.591377561557536,125.67763801375276,127.11188117663963,-1.4342431628868724,-1.8469057477433906,0.4126625848565182,125.271,2.33291076374024,129.93682152748048,120.60517847251953
2014-04-09,124.39,124.85,122.99,123.77,5757,126.1920004552152,128.18001127302657,42.39818353423903,125.38415524240618,126.86433442281447,-1.4801791804082853,-1.7735604342763696,0.2933812538680842,125.0385,2.2320943080425915,129.50268861608518,120.57431138391482
2014-04-10,123.77,126.71,122.84,122.84,5565,125.87276231662327,127.9705990662412,40.60285872819386,124.99274674357446,126.56623557668006,-1.5734888331055998,-1.7335461140422157,0.16005728093661586,124.7675,2.147816210405433,129.06313242081086,120.47186757918914
2014-04-13,122.84,128.11,123.3,125.94,6589,125.87916590551629,127.89096773031018,48.440226247409434,125.13847801379377,126.51984775618523,-1.3813697423914562,-1.663110839712064,0.2817410973206078,124.74449999999999,2.1318177936351175,129.00813558727023,120.48086441272976
2014-04-15,125.94,127.49,126.09,126.09,2297,125.89924534308616,127.82034154480782,48.79231653694775,125.28486601167165,126.48800718165299,-1.2031411699813361,-1.5711169057659187,0.36797573578458254,124.7675,2.1443189938450304,129.05613798769005,120.47886201230993
2014-04-16,126.09,126.09,123.61,124.23,4591,125.74026959612559,127.6795438371683,44.714757196323596,125.12257893295293,126.32074739041943,-1.198168457466494,-1.496527216106034,0.29835875863954,124.566,1.9820680321842332,128.53013606436846,120.60186393563154
2014-04-17,124.23,125.94,123.15,124.39,4537,125.61167249173268,127.55054211806366,45.13947506492554,125.00987448172941,126.17772906520318,-1.167854583473769,-1.4307926895795808,0.2629381061058118,124.52749999999999,1.97739561571497,128.48229123142994,120.57270876857005
2014-04-20,124.39,124.54,122.84,124.08,5125,125.46579892109146,127.4144424271592,44.42733088627096,124.86681686915566,126.02234172703999,-1.1555248578843305,-1.3757391232405307,0.22021426535620026,124.70599999999999,1.7428724022493631,128.1917448044987,121.22025519550127
2014-04-21,124.08,124.54,122.84,124.08,4316,125.3338180714637,127.28367997903531,44.42733088627096,124.74576812005478,125.87846456207406,-1.1326964420192809,-1.3271305869962808,0.19443414497699996,124.75250000000001,1.7112933705230524,128.17508674104613,121.32991325895391
2014-04-22,124.08,124.39,122.99,124.39,5733,125.2439306360862,127.17020233279864,45.42587571436784,124.69103456312328,125.76820792784635,-1.0771733647230661,-1.277139142541638,0.19996577781857194,124.83,1.6542703909312821,128.13854078186256,121.52145921813744
2014-04-23,124.39,125.94,123.3,125.16,10248,125.23593724217324,127.09137086876733,47.92863448465156,124.76318309187354,125.72315548874661,-0.95997239687307,-1.2137057934079245,0.2537333965348545,124.9385,1.5974231716955365,128.13334634339108,121.74365365660893
2014-04-27,125.16,126.09,123.61,124.08,4846,125.12584798101388,126.97327789352155,44.82366528517985,124.65807800081608,125.60144026735797,-0.9433622665418966,-1.159637088034719,0.2162748214928225,124.954,1.586958030153862,128.1279160603077,121.78008393969228
2014-04-28,124.08,124.39,122.06,123.3,7193,124.9519576971078,126.82922778005012,42.67348025210977,124.44914292376745,125.43096321051664,-0.9818202867491834,-1.124073727777612,0.14225344102842863,124.9385,1.602216474629783,128.14293294925957,121.73406705074044
2014-04-29,123.3,124.85,121.29,121.6,10800,124.63272363071658,126.62416002396972,38.355013233953386,124.01081324318785,125.14718815788578,-1.1363749146979245,-1.1265339651616746,-0.009840949536249921,124.76050000000001,1.7657217847239632,128.29194356944794,121.22905643055208
2014-04-30,121.6,123.46,121.6,122.53,6400,124.432464237315,126.46360472891209,41.823483435274284,123.78299582115895,124.95332236841276,-1.1703265472538078,-1.1352924815801013,-0.03503406567370648,124.745,1.7847261326089219,128.31445226521785,121.17554773478216
2014-05-04,122.53,122.84,121.6,121.75,10809,124.1769914528088,126.27875748464103,39.800798115391956,123.47022723328834,124.71603923001182,-1.245811996723475,-1.157396384608776,-0.08841561211469906,124.5435,1.886328304850553,128.3161566097011,120.7708433902989
2014-05-05,121.75,128.26,121.29,128.26,14100,124.56584940968416,126.35645326955708,58.04025874076906,124.20711535124397,124.97855484260353,-0.7714394913595584,-1.0802050059589325,0.3087655145993742,124.582,1.9561955558245518,128.4943911116491,120.6696088883509
2014-05-06,128.26,133.37,127.8,131.05,18763,125.18338756114281,126.54051392565289,63.18801933593484,125.25986683566796,125.42829152092919,-0.168424685261229,-0.8978489418193919,0.7294242565581629,124.667,2.1964567159995023,129.059913431999,120.274086568001
2014-05-07,131.05,133.22,128.73,129.04,12773,125.55068398389112,126.638532987392,57.696280294739964,125.84142578402674,125.69582548234183,0.14560030168490812,-0.6891590931185319,0.83475939480344,124.7835,2.3657852262701833,129.51507045254036,120.05192954745964
2014-05-08,129.04,129.5,125.94,128.57,1781,125.8382378901872,126.714276791808,56.460597211428734,126.261206432638,125.90872729846465,0.3524791341733504,-0.48083144766015545,0.8333105818335058,124.977,2.5123235209025854,130.00164704180517,119.95235295819484
2014-05-11,128.57,127.49,124.7,127.49,11597,125.99554856731223,126.74469730977633,53.61883807014137,126.45025159684754,126.0258586096895,0.4243929871580434,-0.2997865606965157,0.7241795478545592,125.13199999999999,2.5691870514346187,130.27037410286923,119.99362589713076
2014-05-12,127.49,127.64,125.32,126.71,7125,126.06359156090154,126.74333663096158,51.59890126438878,126.49021288964022,126.07653574971249,0.4136771399277279,-0.157093820571667,0.5707709604993949,125.279,2.5712640757737373,130.42152815154748,120.13647184845252
2014-05-13,126.71,133.68,128.26,129.96,17364,126.43467807891092,126.8694802924925,58.59762816674274,127.02402629123404,126.3641997682523,0.6598265229817315,0.006290248139012716,0.6535362748427188,125.63500000000002,2.705208426642041,131.0454168532841,120.22458314671594
2014-05-15,129.96,130.89,127.95,129.66,11616,126.74185159520512,126.97891243788494,57.76726474815721,127.42956070796725,126.60833311875213,0.8212275892151268,0.16927771635423555,0.6519498728608912,125.821,2.851228544070516,131.52345708814104,120.11854291185897
2014-05-18,129.66,130.58,128.26,129.96,5565,127.0483419194713,127.09581783247769,58.40207584912182,127.81885906058767,126.85660473958531,0.9622543210023622,0.32787303728386086,0.6343812837185013,126.0145,2.9979878778583537,132.0104757557167,120.01852424428328
2014-05-19,129.96,129.19,126.71,126.87,7628,127.03135697475975,127.08696223120405,50.05614781927915,127.67288074357418,126.8575969810975,0.8152837624766818,0.42535518232242503,0.38992858015425674,126.14649999999999,2.9732992042327155,132.0930984084654,120.19990159153456
2014-05-20,126.87,128.11,125.16,125.94,7385,126.92741821525881,127.04198332017644,47.84025383182682,127.40628370610123,126.78962683434953,0.6166568717517009,0.46361552020828023,0.1530413515434207,126.224,2.945173393161367,132.11434678632273,120.33365321367727
2014-05-21,125.94,128.88,126.56,128.88,3031,127.11337838523416,127.11406240565971,54.67166447107155,127.63300928977796,126.94446929106438,0.6885399987135798,0.5086004159093402,0.1799395828042396,126.46400000000001,2.956816210936914,132.37763242187384,120.55036757812618
2014-05-22,128.88,129.5,128.26,129.04,2592,127.29686615806901,127.18958937014365,55.01695219306194,127.84946939904289,127.09969378802256,0.7497756110203255,0.5568354549315373,0.19294015608878823,126.71199999999999,2.9543431009093912,132.62068620181878,120.80331379818121
2014-05-25,129.04,129.66,128.26,128.57,5524,127.41811700015766,127.24372312033411,53.722371580577864,127.9603202607286,127.20860535928016,0.7517149014484374,0.5958113442349173,0.15590355721352012,126.921,2.9291778979589016,132.7793557959178,121.0626442040822
2014-05-26,128.57,129.19,127.02,127.49,2733,127.42496300014264,127.25338103718376,50.766276088435376,127.88796329753959,127.22944940674088,0.6585138907987016,0.6083518535476742,0.050162037251027414,127.0375,2.9016581012997213,132.84081620259943,121.23418379740055
2014-05-27,127.49,127.95,125.78,126.71,7178,127.35687128584334,127.23207197690205,48.682773125514764,127.70673817484118,127.19097167290823,0.5157665019329443,0.5898347832247283,-0.074068281291784,127.16900000000001,2.8189899273538606,132.80697985470772,121.53102014529229
2014-05-28,126.71,128.26,125.32,127.18,9179,127.3400264014773,127.23002993859217,50.01400914263832,127.62570153255793,127.19015895639652,0.43554257616141,0.5589763418120647,-0.12343376565065467,127.36299999999999,2.668190989770215,132.69938197954042,122.02661802045955
2014-06-01,127.18,131.98,126.09,131.05,13720,127.69335722038423,127.37983268609837,59.36206504547195,128.15251668139516,127.47607310777455,0.6764435736206025,0.5824697881737723,0.09397378544683022,127.8355,2.419028676315841,132.6735573526317,122.99744264736832
2014-06-02,131.05,136.01,131.05,133.22,15161,128.2197041517762,127.60885885527098,63.48560798590636,128.93212949964206,127.90154917386533,1.0305803257767252,0.6720918956943629,0.3584884300823623,128.36999999999998,2.365464236176036,133.10092847235205,123.6390715276479
2014-06-03,133.22,138.64,133.99,134.46,15492,128.81401804208323,127.87753105702507,65.63167784879892,129.78257111508174,128.38736034617162,1.3952107689101183,0.816715670337514,0.5784950985726043,129.00549999999998,2.1944846535651994,133.39446930713038,124.61653069286959
2014-06-04,134.46,136.32,133.37,134.46,13781,129.35173060950387,128.13566709400448,65.63167784879892,130.50217555891533,128.83718550571447,1.664990053200853,0.9863705469101819,0.6786195062906711,129.3155,2.5002451985011245,134.31599039700222,124.31500960299773
2014-06-05,134.46,136.47,131.36,135.54,12192,129.94108959907493,128.42603309031804,67.55770660369747,131.27722547292836,129.33369028306896,1.9435351898594035,1.1778034755000262,0.7657317143593774,129.54,2.8423600275672567,135.2247200551345,123.85527994486547
2014-06-08,135.54,138.95,133.22,138.33,10745,130.74003344678206,128.81442394952126,71.93350886121166,132.36226770786246,130.00008359543423,2.362184112428224,1.4146796028856659,0.9475045095425583,130.0045,3.450401158980085,136.90530231796018,123.10369768203984
2014-06-09,138.33,140.66,134.46,139.11,12221,131.5371731185171,129.2181720299322,73.02878041415804,133.4003803681913,130.67489221799465,2.7254881501966395,1.6768413123478605,1.048646837848779,130.5315,3.98350450707554,138.49850901415107,122.56449098584892
2014-06-10,139.11,140.97,133.53,139.57,16308,132.3022042500869,129.62412606797406,73.6810837534106,134.34955261923878,131.3337890907358,3.015763528502987,1.944625755578886,1.071137772924101,131.1355,4.392848823880706,139.92119764776143,122.3498023522386
2014-06-11,139.57,144.07,139.11,142.83,20869,133.30485146436433,130.14200347707313,77.78213975110626,135.65423683166358,132.1853602691998,3.4688765624637767,2.249475916955864,1.2194006455079127,131.9415,4.977998197330733,141.89749639466146,121.98550360533852
2014-06-12,142.83,143.76,141.28,142.67,18238,134.19677037252012,130.63329745836438,77.14676132854049,136.73358501140765,132.9620002492591,3.7715847621485636,2.553897685994404,1.2176870761541596,132.577,5.496056097928349,143.5691121958567,121.5848878041433
2014-06-15,142.67,150.73,142.98,149.95,20485,135.69707795608963,131.3908152050952,83.67935852751498,138.76687962503723,134.22037060116583,4.546509023871408,2.952419953569805,1.5940890703016035,133.5915,6.675383115360386,146.94226623072078,120.24073376927922
2014-06-16,149.95,153.98,148.71,151.5,25640,137.20211815074776,132.17941068724835,84.68325647773972,140.72582122118536,135.5003431492276,5.2254780719577525,3.4070315772473947,1.8184464947103578,134.6685,7.715268713128916,150.09903742625784,119.23796257374217
2014-06-17,151.5,153.36,147.01,151.19,28669,138.53429737448607,132.92492399363078,83.575999058701,142.33569487946454,136.6625399529885,5.67315492647603,3.8602562470931217,1.8128986793829087,135.8845,8.314705726349306,152.5139114526986,119.2550885473014
2014-06-18,151.19,152.12,148.4,149.49,13840,139.577697624535,133.57453481740998,77.58498114254151,143.43635720570077,137.61272217869308,5.823635027007697,4.252932003076037,1.5707030239316602,137.062,8.497797609411675,154.05759521882337,120.06640478117666
2014-06-19,149.49,149.95,145.31,147.01,14307,140.28553594600785,134.10141580496253,69.73193415876948,143.98614840482372,138.30881683212323,5.677331572700496,4.537811917000929,1.1395196556995666,137.9685,8.545917631120204,155.06033526224041,120.8766647377596
2014-06-23,147.01,148.4,144.22,146.86,7306,140.9116753797214,134.60175244006203,69.27520094718452,144.42827941946624,138.9422378075215,5.486041611944728,4.727457855989689,0.7585837559550388,138.8595,8.494842072816992,155.84918414563398,121.86981585436601
2014-06-24,146.86,148.4,145.15,146.86,10860,141.4781824864146,135.08246803064782,69.27520094718452,144.8023902780099,139.52873871066805,5.273651567341858,4.836696598260123,0.4369549690817349,139.774,8.311350767411023,156.39670153482206,123.15129846517796
2014-06-25,146.86,148.71,146.24,147.94,9500,142.09359367818462,135.58668497062243,70.86849406505895,145.28509946600838,140.15179510247043,5.133304363537945,4.896018151315688,0.23728621222225765,140.7965,7.971558835206218,156.73961767041246,124.85338232958757
2014-06-26,147.94,149.18,146.55,147.16,6923,142.57610856597657,136.04054046197058,68.12096101190248,145.5735457020071,140.6709213911763,4.902624310830788,4.897339383218708,0.005284927612080104,141.81900000000002,7.3575016497661885,156.5340032995324,127.10399670046763
2014-06-29,147.16,150.73,148.4,149.95,12909,143.27838394064548,136.58600946346192,72.26324322223222,146.24684636323676,141.35826054738547,4.888585815851286,4.895588669745224,-0.007002853893937733,142.9575,6.705900681292921,156.36930136258584,129.54569863741418
2014-06-30,149.95,149.95,146.86,149.33,7923,143.85472832725068,137.0857737982281,70.08390359395207,146.72117769196956,141.94875976609765,4.772417925871906,4.87095452097056,-0.09853659509865409,143.8715,6.226113322552013,156.32372664510402,131.41927335489598
2014-07-01,149.33,150.42,148.4,149.02,9541,144.3466589627506,137.55378266888582,68.96398995311516,147.07484266243577,142.4725553389793,4.602287323456466,4.817221081467742,-0.21493375801127623,144.6615,5.790626977234007,156.24275395446801,133.08024604553196
2014-07-02,149.02,150.73,149.18,149.8,7558,144.86602477582198,138.03402648579225,70.25206357879594,147.49409763744566,143.01532901757344,4.478768619872227,4.749530589148639,-0.2707619692764123,145.4285,5.3688362700620225,156.16617254012405,134.69082745987598
2014-07-03,149.8,150.42,148.4,149.18,16605,145.27687955907703,138.47112348634943,67.84185681898222,147.7534672316848,143.47197131256797,4.281495919116821,4.655923655142276,-0.37442773602545465,146.1645,4.760558873648178,155.68561774729636,136.64338225270365
2014-07-06,149.18,149.95,146.86,149.95,18115,145.72193864868873,138.92127550649258,69.25272228720479,148.09139534988714,143.95182528941478,4.1395700604723515,4.5526529362082915,-0.41308287573593994,146.88500000000002,4.1145639917374055,155.11412798347482,138.65587201652522
2014-07-07,149.95,155.84,149.18,153.83,7383,146.49413496786124,139.50593136898306,75.16532616438947,148.97425760375066,144.68354193464333,4.290715669107328,4.500265482788099,-0.20954981368077075,147.66,3.8709144846360637,155.40182896927212,139.91817103072788
2014-07-08,153.83,158.48,153.05,156.15,18850,147.41374116139826,140.15863994274844,77.90168033242378,150.0782179724044,145.53290919874382,4.545308773660565,4.509274140962592,0.036034632697973024,148.512,3.763782531890673,156.03956506378134,140.98443493621866
2014-07-09,156.15,160.03,153.36,160.03,5121,148.6152896222175,140.93790896460146,81.56085436734354,151.60926136126525,146.60676777661465,5.002493584650608,4.607918029700196,0.3945755549504124,149.535,3.9797480745443043,157.4944961490886,141.5755038509114
2014-07-10,160.03,165.14,154.6,165.14,24045,150.18907156295867,141.88701057383278,85.06775054286155,153.69091345953214,147.97959979316173,5.711313666370415,4.82859715703424,0.8827165093361753,150.65050000000002,4.99790321824507,160.64630643649016,140.65469356350988
2014-07-13,165.14,171.49,163.28,165.6,28002,151.6567790331531,142.81693172780012,85.33808073477402,155.52308061960412,149.2848146232979,6.238265996306211,5.110530924888634,1.1277350714175771,151.797,5.657373483944579,163.11174696788916,140.48225303211083
2014-07-14,165.6,167.0,161.58,163.9,3750,152.82280007761472,143.6437187188668,79.60256899510256,156.8118374473573,150.36742094749806,6.444416499859244,5.377308039882756,1.0671084599764882,152.49450000000002,6.246905318045788,164.9883106360916,140.00068936390844
2014-07-15,163.9,165.14,161.27,163.75,7551,153.86348578450855,144.4322003377348,79.09742098550046,157.8792470708408,151.35872309953524,6.5205239713055505,5.605951226167315,0.9145727451382353,153.10700000000003,6.726408363583156,166.55981672716635,139.6541832728337
2014-07-16,163.75,165.45,162.04,162.35,7162,154.67172523360296,145.13485914801973,74.35476290663041,158.56705521378836,152.1728917588289,6.394163454959454,5.763593671925743,0.6305697830337111,153.66500000000002,7.015688059439763,167.69637611887956,139.63362388112049
2014-07-17,162.35,165.29,160.8,162.82,13097,155.44775140183125,145.8283940833915,74.89889806139168,159.22135441166708,152.96156644336008,6.259787968306995,5.8628325312019935,0.39695543710500125,154.33149999999998,7.228149122482146,168.78779824496428,139.87520175503568
2014-07-20,162.82,168.55,162.82,164.67,14869,156.32606079213303,146.56728058992516,76.97022352083295,160.05960757910293,153.828857817926,6.230749761176924,5.9364159771969796,0.29433378397994403,155.2145,7.3640774424869235,169.94265488497382,140.48634511502615
2014-07-21,164.67,167.77,162.35,164.21,21108,157.07691214526324,147.25915193933986,75.3062089400751,160.6981294900102,154.59783131289444,6.1002981771157465,5.969192417180733,0.1311057599350134,156.082,7.350020837779097,170.7820416755582,141.3819583244418
2014-07-22,164.21,164.21,161.58,162.35,21987,157.5791109885715,147.850949902503,68.82684959353983,160.95226341462399,155.1720660304578,5.780197384166172,5.9313934105778205,-0.15119602641164853,156.85649999999998,7.140244927982265,171.13698985596452,142.57601014403545
2014-07-23,162.35,164.67,160.8,163.9,18748,158.18110041823135,148.48032441613034,71.06136217157096,161.40576135083566,155.81857965783132,5.587181693004339,5.862551067063125,-0.27536937405878525,157.65449999999998,6.981365026381051,171.6172300527621,143.69176994723787
2014-07-24,163.9,163.9,159.41,161.73,13607,158.51909085459025,148.9999195370664,64.13061246433274,161.45564421993788,156.2564626461401,5.199181573797773,5.729877168410055,-0.5306955946122818,158.38299999999998,6.577115909287907,171.5372318185758,145.22876818142416
2014-07-27,161.73,164.67,159.25,160.8,10803,158.73632029701022,149.4626677905148,61.36814250840318,161.35477587840896,156.59302096864826,4.761754909760697,5.536252716680183,-0.7744978069194861,158.9255,6.285952990597177,171.49740598119436,146.35359401880564
2014-07-28,160.8,162.66,157.86,162.35,4356,159.08048026872353,149.96805336735736,64.14062211120466,161.50788728173066,157.01946385985948,4.488423421871175,5.326686857718382,-0.8382634358472068,159.5765,5.9024011839962,171.38130236799242,147.7716976320076
2014-07-30,162.35,162.2,159.25,159.25,18498,159.09662500503558,150.3320512745198,55.553478843294876,161.16052000761826,157.18468875912916,3.9758312484891007,5.056515735872527,-1.0806844873834258,160.08800000000002,5.357546178301148,170.80309235660232,149.37290764339772
2014-07-31,159.25,160.65,157.86,159.25,6282,159.11123214741312,150.6817747539504,55.55347884329487,160.86659385260006,157.33767477697145,3.5289190756286075,4.750996403823743,-1.2220773281951356,160.5605,4.789005473065396,170.1385109461308,150.9824890538692
2014-08-03,159.25,158.48,155.53,156.31,9122,158.84444813337376,150.90248946948176,48.42294932778338,160.1655794137385,157.261550719418,2.9040286943204876,4.381602861923092,-1.4775741676026044,160.917,4.11522219135349,169.147444382707,152.686555617293
2014-08-04,156.31,157.7,153.05,154.6,10581,158.44021497781438,151.04748988244327,44.81955703809965,159.3093364270095,157.06439881427593,2.2449376127335654,3.954269812085187,-1.7093321993516217,161.1495,3.5564196587961,168.2623393175922,154.03666068240778
2014-08-05,154.6,159.72,153.05,154.14,10004,158.03067069421303,151.16876478901412,43.87373096963355,158.51405389977728,156.84777667988513,1.6662772198921516,3.49667129364658,-1.8303940737544284,161.16500000000002,3.523361881409022,168.21172376281805,154.118276237182
2014-08-06,154.14,155.38,151.81,153.83,14679,157.63060681857368,151.27312695415083,43.21191719749563,157.79343022288847,156.6242376665603,1.16919255632817,3.031175546182898,-1.8619829898547282,161.049,3.729331674286935,168.50766334857389,153.59033665142613
2014-08-07,153.83,153.83,147.78,151.81,6474,157.07626331204287,151.29418079908606,39.07562229621227,156.87290249629027,156.26762746903734,0.6052750272529295,2.5459954423969045,-1.940720415143975,160.638,4.262398138927722,169.16279627785545,152.11320372214456
2014-08-12,151.81,154.6,146.39,146.39,9882,156.05852394899117,151.10185998343565,30.609312818398678,155.26014826609176,155.53595136021977,-0.2758030941280083,1.9816357350919218,-2.25743882921993,159.70049999999998,5.182724821842755,170.06594964368549,149.33505035631447
2014-08-13,146.39,150.88,143.76,146.86,15066,155.18247404908726,150.93551253310483,31.98548600084581,153.9678177636161,154.89328829649978,-0.9254705328836792,1.4002144814968016,-2.325685014380481,158.7635,5.725598359904839,170.21469671980967,147.31230328019032
2014-08-14,146.86,151.04,145.31,149.18,8530,154.61080985393608,150.8666689043556,38.472110132634214,153.23123041536746,154.4700817560183,-1.2388513406508253,0.8724013170672764,-2.1112526577181017,158.02749999999997,5.971392216225426,169.97028443245082,146.08471556754913
2014-08-18,149.18,151.04,143.76,144.53,13653,153.65073272498978,150.61817208457694,31.904357480516552,151.89257958223402,153.73377940372063,-1.8411998214866117,0.3296810893564988,-2.1708809108431106,157.0665,6.52306859900814,170.11263719801627,144.0203628019837
2014-08-19,144.53,147.63,143.76,144.53,16533,152.782091513086,150.37942023812295,31.904357480516552,150.75987503112108,153.052017966408,-2.292142935286904,-0.19468371557218178,-2.097459219714722,156.1755,6.965436832184719,170.10637366436944,142.24462633563056
2014-08-20,144.53,145.46,142.83,144.53,17040,151.99617803564922,150.15003120917694,31.904357480516538,149.8014327186409,152.4207573763037,-2.619324657662787,-0.6796119039903028,-1.9397127536724843,155.26100000000002,7.242313457074605,169.74562691414923,140.77637308585082
2014-08-21,144.53,147.32,139.73,145.62,14341,151.38892298463503,149.97238292646412,35.145786907691985,149.15813537731154,151.91699757065157,-2.758862193340036,-1.0954619618602495,-1.6634002314797867,154.3085,7.192267247390933,168.69303449478187,139.92396550521815
2014-08-24,145.62,149.18,143.91,144.07,6618,150.69188270038407,149.7409169293479,32.75785167066631,148.3753453192636,151.33573849134405,-2.960393172080444,-1.4684482039042885,-1.4919449681761554,153.3015,7.142724141242776,167.58694828248557,139.01605171751444
2014-08-25,144.07,141.43,136.78,140.04,7886,149.67741768129986,149.36048881447152,27.522000407246693,147.09298450091535,150.49901712161486,-3.4060326206995057,-1.8559650872633322,-1.5500675334361735,152.186,7.392944289195985,166.97188857839197,137.40011142160805
2014-08-26,140.04,143.76,135.85,136.63,6882,148.434806473557,148.86125395900206,24.023076278095417,145.4832945776976,149.47168252001376,-3.988387942316166,-2.282449658273899,-1.7059382840422668,150.82250000000002,7.629739510625355,166.08197902125073,135.5630209787493
2014-08-27,136.63,143.76,139.11,141.43,5452,147.76768204750397,148.56983223511963,36.299429886687626,144.85971079651335,148.87600233334607,-4.016291536832711,-2.6292180339856617,-1.387073502847049,149.8075,7.45049124131018,164.70848248262035,134.90651751737965
2014-08-28,141.43,141.12,136.16,137.25,11683,146.7659980429798,148.1259172455071,31.522698689152065,143.68898605858823,148.01481697532043,-4.325830916732201,-2.9685406105349696,-1.3572903061972315,148.63,7.482654327808495,163.59530865561698,133.66469134438302
2014-08-31,137.25,138.33,136.01,136.16,15221,145.75590299126745,147.65666558882057,30.399311053970578,142.53068051111313,147.13668238455594,-4.606001873442807,-3.296032863116537,-1.3099690103262698,147.32049999999998,7.243068901043301,161.80663780208658,132.83436219791338
2014-09-01,136.16,136.01,131.51,136.01,11838,144.82772175400387,147.19993360494527,30.239601185400943,141.5274988940188,146.31248368940362,-4.7849847953848155,-3.5938232495701934,-1.191161545814622,146.1585,7.091093208718545,160.3406864174371,131.9763135825629
2014-09-03,136.01,136.63,133.53,134.3,10122,143.8250815869559,146.69405385573174,28.407337093181965,140.41557598724668,145.4226700827811,-5.007094095534427,-3.8764774187630406,-1.1306166767713863,144.911,6.857573531274707,158.62614706254942,131.19585293745058
2014-09-04,134.3,134.46,130.12,130.12,11354,142.51983572153154,146.04409095942853,24.49951834223336,138.83164121997797,144.28913896553806,-5.45749774556009,-4.192681484122451,-1.2648162614376393,143.60150000000002,7.0637721211081415,157.7290442422163,129.47395575778373
2014-09-07,130.12,132.44,120.2,124.54,11533,140.807470414719,145.20079327474505,20.45438443856193,136.63292718613522,142.82623978290562,-6.193312596770397,-4.5928077066520405,-1.6005048901183567,142.0985,7.763728943314561,157.62595788662912,126.57104211337088
2014-09-09,124.54,130.12,125.94,126.71,15532,139.46485418474578,144.47566412671583,25.599126534096058,135.10632300365288,141.63244424343114,-6.526121239778263,-4.979470413277285,-1.5466508265009775,140.727,7.945280691275471,156.61756138255095,124.83643861744906
2014-09-10,126.71,133.68,127.49,130.58,29699,138.61867759572237,143.93073612174658,33.819866567478755,134.40996561847552,140.81374466984366,-6.403779051368133,-5.264332140895455,-1.139446910472678,139.5645,7.621531463039568,154.80756292607916,124.32143707392088
2014-09-11,130.58,133.68,125.16,131.36,7548,137.92737496755834,143.43776607775652,35.369882446578245,133.94074013871005,140.11346728689227,-6.172727148182219,-5.446011142352807,-0.7267160058294113,138.542,7.255192405588011,153.052384811176,124.03161518882398
2014-09-14,131.36,134.3,129.04,130.58,5274,137.22762497064804,142.9335399570602,34.49970353269936,133.42370319429313,139.40728452490026,-5.983581330607137,-5.553525180003674,-0.43005615060346347,137.75150000000002,7.216293898641849,152.18408779728372,123.31891220271632
2014-09-15,130.58,130.58,128.26,129.19,8391,136.46213687820537,142.39457760580294,32.944241780990936,132.77236424132494,138.6504486341669,-5.87808439284197,-5.618437022571333,-0.25964737027063656,136.868,7.123519680016018,151.11503936003203,122.62096063996796
2014-09-16,129.19,136.78,127.49,136.01,10742,136.41907622313818,142.14420201341852,45.84551712514113,133.27046205035188,138.45485984645083,-5.184397796098949,-5.531629177276857,0.34723138117790775,136.2095,6.507584623466333,149.22466924693265,123.19433075306732
2014-09-17,136.01,138.49,132.29,132.91,8051,136.0848784876012,141.78207644426487,41.899429881192354,133.21500635029776,138.04412948745448,-4.829123137156728,-5.391127969252831,0.5620048320961031,135.62849999999997,6.2387973495231845,148.10609469904634,123.15090530095361
2014-09-18,132.91,135.23,132.91,132.91,5214,135.78250910782967,141.43415187782313,41.899429881192354,133.16808229640577,137.6638235994949,-4.495741303089119,-5.212050636020089,0.7163093329309698,135.0475,5.8979549310263,146.84340986205262,123.25159013794742
2014-09-21,132.13,132.13,124.39,127.02,4959,134.9479844308935,140.86889101986927,35.219447545819165,132.2222234815741,136.87539222175454,-4.653168740180433,-5.100274256852158,0.4471055166717246,134.172,5.712979313070832,145.59795862614166,122.74604137385833
2014-09-22,127.02,128.26,126.4,127.64,7252,134.25198591366558,140.3501109798744,36.36943748535954,131.5172660228704,136.19128909421715,-4.674023071346767,-5.01502401975108,0.3410009484043135,133.273,5.209156008009909,143.69131201601982,122.85468798398017
2014-09-23,127.64,129.81,126.71,129.5,4551,133.7994158266498,139.92461643164404,39.8208839089896,131.20691740396725,135.69563805020107,-4.488720646233816,-4.909763345047628,0.42104269881381207,132.5445,4.603299131572167,141.75109826314434,123.33790173685567
2014-09-24,129.5,131.36,128.57,131.36,2210,133.56709050982602,139.58874912059918,43.14219927064593,131.23046857258768,135.37447967611212,-4.144011103524434,-4.75661289674299,0.6126017932185555,132.1105,4.255462712177495,140.62142542435498,123.59957457564501
2014-09-28,131.36,133.68,131.36,133.68,2375,133.5778437946045,139.35703346881098,47.0664357583414,131.60731956142035,135.24896266306678,-3.641643101646423,-4.533618937723677,0.8919758360772541,131.963,4.1401285258458485,140.2432570516917,123.6827429483083
2014-09-29,133.68,135.08,132.75,135.08,2230,133.72090629035642,139.18930666611254,49.338736777192736,132.1415780904326,135.23644691024703,-3.0948688198144225,-4.245868914141827,1.1510000943274044,131.6455,3.5817380006442865,138.80897600128858,124.48202399871143
2014-09-30,135.08,136.01,134.46,136.01,7302,133.93891521508436,139.06462797332384,50.84817036716599,132.73671992267373,135.2937471391176,-2.5570272164438848,-3.908100574602239,1.351073358158354,131.58350000000002,3.4891535317920908,138.56180706358418,124.60519293641583
2014-10-08,136.01,134.46,132.91,132.91,171,133.84092328983823,138.82327001358567,45.93517045242188,132.76337839610852,135.11717327696076,-2.3537948808522344,-3.597239435852238,1.2434445550000035,131.421,3.3371653587401244,138.09533071748024,124.74666928251975
2014-10-09,132.91,132.91,128.11,129.81,4037,133.45702583366315,138.46980844442547,41.60593329060064,132.3090124890149,134.72404933051922,-2.4150368415043317,-3.360798916982657,0.9457620754783251,131.111,3.172340825917923,137.45568165183585,124.76631834816415
2014-10-12,129.81,134.46,128.73,128.88,2651,133.02111861140952,138.09373752503623,40.37651185526211,131.78147210608952,134.2911567875178,-2.5096846814282685,-3.190576069871779,0.6808913884435106,130.84,3.1165939573086754,137.07318791461736,124.60681208538266
2014-10-13,128.88,129.96,128.26,129.04,3074,132.64196445794195,137.73868899464267,40.70116037353148,131.35970716669115,133.90218221066462,-2.542475043973468,-3.0609558646921173,0.5184808207186493,130.786,3.139001517411531,137.06400303482306,124.50799696517694
2014-10-14,129.04,135.23,127.49,131.51,3114,132.53415831909035,137.49442668112727,45.62347270782429,131.38282914104636,133.72498352839315,-2.3421543873467954,-2.917195569223053,0.5750411818762577,131.1345,2.7748484548466013,136.6841969096932,125.5848030903068
2014-10-15,131.51,135.23,130.58,134.46,2149,132.7175718125103,137.37542955637718,50.86899095529232,131.85624004242385,133.77942919295663,-1.923189150532778,-2.7183942854849983,0.7952051349522202,131.522,2.6633528532751405,136.84870570655028,126.1952942934497
2014-10-16,134.46,137.4,132.91,134.61,5604,132.8978030684617,137.26698133848004,51.12715661116919,132.2798954205125,133.84095295644133,-1.5610575359288248,-2.4869269355737638,0.925869399644939,131.7235,2.739687410136308,137.20287482027263,126.24412517972739
2014-10-19,134.61,134.3,131.36,134.3,1990,133.0313456333701,137.1506291291279,50.53613962190033,132.59068074043367,133.87495644114938,-1.2842757007157104,-2.2463966886021534,0.962120987886443,131.8705,2.7974226389748273,137.46534527794964,126.27565472205033
2014-10-20,134.3,134.92,131.67,133.68,2700,133.09312223971583,137.01452602602487,49.308461667308315,132.7582683188285,133.86051522328646,-1.1022469044579566,-2.0175667317733144,0.9153198273153578,132.0255,2.808017609405811,137.6415352188116,126.40946478118838
2014-10-21,133.68,134.46,131.67,131.82,3051,132.97187250260004,136.8108191230435,45.720105404489644,132.61391934670104,133.70936594748747,-1.0954466007864312,-1.833142705575938,0.7376961047895068,132.15699999999998,2.728703374362898,137.61440674872577,126.69959325127418
2014-10-22,131.82,136.01,130.74,133.68,757,133.03931321663813,136.688041902532,49.66494485845042,132.7779317549009,133.70719069211805,-0.9292589372171562,-1.6523659519041818,0.7231070146870255,132.0405,2.602358191696722,137.24521638339345,126.83578361660656
2014-10-26,133.68,136.32,129.04,134.15,1188,133.14509291029165,136.58851084753076,50.64111446111815,132.98901917722384,133.73999138159078,-0.7509722043669456,-1.4720872023967346,0.7211149980297891,132.10250000000002,2.6386816385214025,137.37986327704283,126.82513672295721
2014-10-27,134.15,136.78,134.46,136.01,5518,133.41794120454958,136.5658241476276,54.409287839853114,133.45378545765095,133.9081401681396,-0.4543547104886443,-1.2685407040151166,0.8141859935264724,132.2575,2.776083714420375,137.80966742884075,126.70533257115925
2014-10-28,136.01,141.43,133.99,139.42,31016,133.98956585173534,136.67775261242653,60.38095570572641,134.37166461801235,134.31642608161076,0.055238536401589045,-1.0037848559317755,1.0590233923333645,132.8775,2.9254615020533916,138.7284230041068,127.02657699589321
2014-10-30,139.42,140.66,135.54,136.16,16470,134.19627386585577,136.6574485884098,53.20587539907631,134.64679313831812,134.45298711260256,0.19380602571555983,-0.7642666796023084,0.9580727053178683,133.3035,2.7369023500448093,138.77730470008964,127.8296952999104
2014-11-02,136.16,137.87,135.23,136.01,12098,134.36900968815522,136.63205844768785,52.89442062635429,134.85651727088455,134.56832140055792,0.2881958703266321,-0.5537741696165204,0.8419700399431524,133.629,2.64636374155713,138.92172748311424,128.33627251688574
2014-11-03,136.01,135.23,132.44,132.6,3461,134.20053257499757,136.47393850856284,46.264196298439266,134.50936076767155,134.4225198153314,0.08684095234013967,-0.4256511452251884,0.512492097565328,133.69099999999997,2.604603010460895,138.90020602092176,128.4817939790782
2014-11-04,132.6,134.92,128.57,134.92,4259,134.26905328214065,136.41299974352114,50.78422293341931,134.57253603418363,134.45937019938094,0.11316583480268605,-0.31788774921961355,0.4310535840222996,133.753,2.619045828661325,138.99109165732264,128.51490834267733
2014-11-05,134.92,135.85,132.13,134.61,3897,134.30152439812724,136.3422938712262,50.1768726655446,134.5782997212323,134.47052796238975,0.10777175884254575,-0.23275584760718168,0.34052760644972746,133.7295,2.6086000984591164,138.94670019691824,128.51229980308176
2014-11-06,134.61,134.46,132.6,133.68,574,134.2423315983056,136.23789019000165,48.310253708356754,134.44009976411962,134.41197033554607,0.02812942857354983,-0.1805787923710354,0.20870822094458524,133.613,2.5528252666608275,138.71865053332166,128.50734946667833
2014-11-09,133.68,131.36,128.42,129.81,5471,133.82020477941936,135.98581606490356,41.40720825917086,133.72777672348582,134.07108364402413,-0.3433069205383106,-0.21312441800449045,-0.13018250253382013,133.458,2.6882739522046237,138.83454790440925,128.08145209559075
2014-11-10,129.81,129.5,127.64,128.26,2099,133.2906614670937,135.68284288588774,39.00335060038962,132.886580304488,133.64063300372604,-0.7540526992380308,-0.3213100742511985,-0.43274262498683225,133.3805,2.8181805907538715,139.01686118150775,127.74413881849227
2014-11-11,128.26,131.36,127.49,129.81,5841,132.95916989879908,135.4525353217353,42.59245783361505,132.41326025764369,133.35688241085745,-0.9436221532137665,-0.4457724900437121,-0.4978496631700544,133.427,2.7467820406694012,138.9205640813388,127.93343591866119
2014-11-12,129.81,131.36,128.26,128.73,5258,132.55639181319916,135.18890648558883,40.79140735694711,131.8466048333908,133.01415038042356,-1.167545547032745,-0.5901271014415187,-0.5774184455912262,133.4115,2.7735845607779948,138.95866912155597,127.864330878444
2014-11-13,128.73,129.66,126.4,128.11,3078,132.1329259262278,134.9113023096834,39.752188909353144,131.2717425513307,132.65087998187366,-1.3791374305429542,-0.7479291672618058,-0.6312082632811484,133.2415,2.991873686820895,139.2252473736418,127.25775262635821
2014-11-16,128.11,129.81,123.3,123.61,5541,131.3212186951585,134.46811398381348,33.15077008530011,130.09301292804906,131.98118516840154,-1.8881722403524748,-0.9759777818799397,-0.9121944584725351,132.699,3.6668484962884893,140.032696992577,125.36530300742304
2014-11-17,123.61,125.16,121.91,124.39,8484,130.66110262895293,134.0728938275855,35.160701865110326,129.21562632373383,131.41887515592734,-2.203248832193509,-1.2214319919426537,-0.9818168402508554,132.18800000000002,4.075826813116871,140.33965362623377,124.03634637376628
2014-11-18,124.39,122.84,117.88,122.06,9909,129.84194999762408,133.6017999519939,32.05977593371202,128.1147607354671,130.72562514437715,-2.6108644089100608,-1.499318475336135,-1.1115459335739257,131.576,4.624078172713376,140.82415634542676,122.32784365457324
2014-11-19,122.06,124.23,120.51,122.84,8967,129.17509761689797,133.1797685813275,34.15336203996465,127.30325908385677,130.14150476331218,-2.8382456794554116,-1.7671039161599906,-1.071141763295421,131.03400000000002,4.9856397995164,141.00527959903283,121.06272040096722
2014-11-20,122.84,126.09,122.06,123.92,2463,128.67461212957434,132.8166404016676,37.0460441774943,126.78275768634035,129.6806525586224,-2.897894872282052,-1.993262107384403,-0.9046327648976489,130.63899999999998,5.227186925860808,141.0933738517216,120.18462614827837
2014-11-23,123.92,128.57,123.61,123.61,6959,128.19226811723394,132.45559568003358,36.54971058190916,126.29464111921106,129.23097459131705,-2.9363334721059857,-2.1818763803287196,-0.7544570917772662,130.1355,5.4009506716771565,140.9374013433543,119.33359865664569
2014-11-24,123.61,125.32,123.46,124.54,7170,127.84443305844975,132.14518016316953,39.18221070376819,126.02469633164014,128.88349499196025,-2.8587986603201045,-2.3172608363269966,-0.5415378239931079,129.655,5.452237107250489,140.55947421450097,118.75052578549902
2014-11-25,124.54,126.25,123.15,126.25,6944,127.69258229097834,131.91399662735896,43.79935981587977,126.05935843446473,128.68842128885208,-2.6290628543873567,-2.379621239939069,-0.24944161444828783,129.16699999999997,5.2878013538605515,139.74260270772106,118.59139729227887
2014-11-30,126.25,125.94,124.7,125.16,2124,127.45138397755183,131.64913401452137,41.629842553496076,125.92099559839323,128.4270567489371,-2.5060611505438715,-2.4049092220600294,-0.10115192848384202,128.454,4.768430614605836,137.99086122921167,118.91713877078834
2014-12-01,125.16,124.7,123.3,123.77,3984,127.10077597968974,131.3401483668931,38.97834215608895,125.59007319864043,128.08208958234917,-2.4920163837087443,-2.4223306543897727,-0.06968572931897166,127.8345,4.512570133584673,136.85964026716934,118.80935973283066
2014-12-02,123.77,123.61,121.91,123.46,6416,126.75403541019548,131.03112294074043,38.391057598518294,125.26236962961882,127.73971257624923,-2.477342946630415,-2.433333112837901,-0.04400983379251411,127.20700000000002,4.175900911306013,135.55880182261205,118.85519817738799
2014-12-03,123.46,127.49,123.61,124.23,13213,126.51365108541496,130.76441223718197,40.77789467196424,125.10354353275439,127.47973386689743,-2.376190334143047,-2.42190455709893,0.045714222955883344,126.78850000000003,4.023614864638626,134.8357297292773,118.74127027072278
2014-12-04,124.23,128.11,124.39,125.94,13692,126.45901764870877,130.57521960042973,45.79981542693423,125.23222914309987,127.36567950638651,-2.1334503632866415,-2.3642137183364724,0.23076335504983092,126.3395,3.5404927920445797,133.42048558408916,119.25851441591084
2014-12-07,125.94,126.87,125.32,126.4,4572,126.45339692026032,130.4114854984521,47.0993663198522,125.41188619800758,127.29414769109863,-1.8822614930910504,-2.267823273287388,0.3855617801963378,125.929,2.959364974555294,131.8477299491106,120.01027005088942
2014-12-08,126.4,127.49,124.54,127.49,7065,126.55212102309267,130.29691743968925,50.14947697451676,125.73159601369872,127.30865526953576,-1.5770592558370424,-2.129670469797319,0.5526112139602768,125.61950000000002,2.3713408931597866,130.36218178631958,120.87681821368044
2014-12-09,127.49,127.49,125.32,127.02,4383,126.59668092565526,130.16841087342692,48.841794285906744,125.92981201159122,127.28727339771831,-1.3574613861270848,-1.9752286530632723,0.6177672669361876,125.47999999999999,2.1867279088540608,129.85345581770812,121.10654418229187
2014-12-10,127.02,130.43,127.18,128.88,5813,126.81413988511666,130.11788495682194,53.958444449678595,126.38368708673104,127.40525314603548,-1.0215660593044333,-1.7844961343115044,0.7629300750070711,125.511,2.2321358664536173,129.97527173290723,121.04672826709276
2014-12-11,128.88,129.66,127.49,129.66,16410,127.08517418177222,130.0999286840054,55.94820305205474,126.88773522723396,127.57227143151432,-0.6845362042803629,-1.5645041483052762,0.8799679440249133,125.5035,2.2171325127155144,129.93776502543102,121.06923497456897
2014-12-14,129.66,136.01,129.96,136.01,35238,127.935157593032,130.33169618659343,68.05273281596942,128.29116057689026,128.19728836251326,0.09387221437700077,-1.2328288757688208,1.3267010901458216,125.86749999999999,3.168298356164906,132.2040967123298,119.53090328767018
2014-12-15,136.07,140.88,132.33,137.85,3850,128.87942829845753,130.62653163025644,70.57574073483511,129.76175125736867,128.91230403936413,0.849447218004542,-0.8163736570141483,1.6658208750186905,126.35449999999999,4.13287395225846,134.6202479045169,118.08875209548307
2014-12-16,137.85,139.28,135.0,135.71,1348,129.52995893669967,130.8258833310307,64.22306668081924,130.67686644854274,129.4158370734853,1.2610293750574328,-0.4008930505998321,1.661922425657265,126.95949999999998,4.572255547261913,136.1040110945238,117.81498890547616
2014-12-17,135.71,135.89,134.11,134.11,380,129.96615332368066,130.95467222000988,59.88300775377685,131.20504084107463,129.76355284581973,1.441487995254903,-0.032416841428885124,1.4739048366837881,127.4455,4.795877039597794,137.03725407919558,117.85374592080441
2014-12-18,134.11,134.11,132.33,132.33,1066,130.1912815785682,131.00860664275461,55.39780722778793,131.3781114809093,129.95366004242567,1.4244514384836293,0.25895681455361774,1.1654946239300115,127.95899999999999,4.738361808850522,137.43572361770103,118.48227638229895
2014-12-21,132.33,130.19,128.23,128.23,1436,130.0044928567998,130.89964167637208,46.71798383633458,130.89378663769247,129.82598152076451,1.067805116927957,0.4207264750284856,0.6470786418994714,128.2285,4.582610466121349,137.3937209322427,119.06327906775729
2014-12-22,128.23,129.3,126.09,128.41,1817,129.85263639424744,130.80200866945555,47.10978612534306,130.51166561650902,129.7210940007079,0.7905716158011273,0.4946955031830139,0.2958761126181134,128.45300000000003,4.469003303457084,137.3910066069142,119.51499339308586
2014-12-23,128.41,129.66,125.38,127.69,3698,129.64667102336674,130.67996911379063,45.663351603847126,130.07756321396917,129.57064259324807,0.5069206207211039,0.4971405266906319,0.009780094030471975,128.65699999999998,4.327166448575659,137.3113328971513,120.00266710284866
2014-12-24,127.69,128.76,127.87,128.76,1488,129.56222616399847,130.60467620736748,48.20832678985047,129.87486118105085,129.5105949937482,0.3642661873026327,0.47056565881303214,-0.10629947151039942,128.868,4.217342141306171,137.30268428261235,120.43331571738766
2014-12-28,128.76,134.11,131.08,132.33,3101,129.8258236721891,130.67233596394132,55.66884322258761,130.25257484550457,129.7194398090261,0.5331350364784555,0.48307953434611683,0.05005550213233867,129.172,4.237779458258432,137.64755891651686,120.69644108348314
2014-12-29,132.33,135.89,130.01,135.89,1235,130.40336427483777,130.8769502398652,61.60789769897952,131.11987102311926,130.17651834169084,0.9433526814284221,0.575134163762578,0.3682185176658441,129.7085,4.379951063172378,138.46840212634476,120.94859787365523
2015-01-01,135.89,133.58,129.3,129.3,42,130.29828196294847,130.81510905398815,48.62225517558211,130.8398908657163,130.11159105712113,0.7282998085951817,0.6057672927290988,0.12253251586608294,129.98499999999999,4.154056356204363,138.2931127124087,121.67688728759126
2015-01-04,129.3,132.33,128.94,131.44,9163,130.40701701409623,130.83961458128275,52.14943170619982,130.9322153479138,130.2099917195566,0.7222236283571988,0.6290585598547188,0.09316506850247996,130.384,3.867713046558927,138.11942609311785,122.64857390688213
2015-01-05,131.44,134.11,130.72,130.9,7320,130.45396777465848,130.84198263691871,51.19435359414742,130.92725914054245,130.2611034440339,0.6661556965085538,0.6364779871854858,0.029677709323068013,130.7175,3.586487616185045,137.89047523237008,123.54452476762991
2015-01-06,130.9,131.44,129.83,129.83,4534,130.39454227231005,130.80229704331407,49.26888368603273,130.75845004199746,130.22916985558695,0.5292801864105172,0.615038427030492,-0.08575824061997483,130.912,3.415148297619451,137.7422965952389,124.0817034047611
2015-01-07,129.83,131.08,127.87,129.3,7487,130.29030015113767,130.74338343377235,48.299853598727054,130.5340731124594,130.1603424588768,0.3737306535825837,0.5667768723409103,-0.19304621875832662,131.05700000000002,3.2720621214017442,137.6011242428035,124.51287575719653
2015-01-08,129.3,133.22,129.66,131.44,4341,130.39979537483885,130.77070173048716,52.373089273000055,130.67344647977333,130.2551319063674,0.4183145734059224,0.5370844125539127,-0.11876983914799033,131.25449999999998,3.1628143280440364,137.58012865608805,124.92887134391191
2015-01-11,131.44,133.58,129.83,129.83,3460,130.34552914866373,130.73381146654648,49.230560027537656,130.54368548288514,130.22364065404392,0.320044828841219,0.49367649581137396,-0.17363166697015497,131.395,3.0241823601371927,137.4433647202744,125.34663527972563
2015-01-12,129.83,130.55,128.76,129.3,1816,130.24595494402908,130.6775835658976,48.20514608917836,130.35234925474896,130.15522282781845,0.19712642693050952,0.4343664820352011,-0.2372400551046916,131.416,3.0072095825999163,137.43041916519982,125.40158083480017
2015-01-13,129.3,130.72,127.87,130.55,4640,130.27491161602632,130.67258028880357,50.807589935487115,130.38275706171066,130.1844655813134,0.1982914803972733,0.38715148170761554,-0.18886000131034225,131.4605,2.986369869925121,137.43323973985025,125.48776026014976
2015-01-14,130.55,130.72,129.3,130.72,3124,130.31730098592857,130.67443988532108,51.16695195848351,130.43464059067824,130.2241347975124,0.21050579316585072,0.3518223439992626,-0.14131655083341188,131.196,2.790028107761935,136.77605621552388,125.61594378447613
2015-01-18,130.72,133.04,129.66,130.55,5442,130.3394627967925,130.6695598898183,50.767554765317904,130.45238819211235,130.24827296065962,0.20411523145273236,0.3222809214899566,-0.11816569003722421,130.83100000000002,2.309909772673131,135.4508195453463,126.21118045465376
2015-01-19,130.55,142.13,132.68,138.56,9674,131.12237110185987,130.97898891374697,64.73524536622327,131.69971308563353,130.8639564450552,0.8357566405783246,0.42497606530763016,0.4107805752706944,130.9735,2.684307761396026,136.34211552279206,125.60488447720795
2015-01-20,138.56,136.78,133.75,134.11,3397,131.40690718739702,131.1017736622275,55.34154584413305,132.07052645707452,131.10440411579185,0.96612234128267,0.5332053205026381,0.4329170207800319,130.9735,2.684307761396026,136.34211552279206,125.60488447720795
2015-01-22,134.11,133.58,130.9,132.33,1028,131.4948207885973,131.14993940096366,52.085733785366855,132.11044546367845,131.19518899610355,0.915256467574892,0.609615549917089,0.305640917657803,130.9735,2.684307761396026,136.34211552279206,125.60488447720795
2015-01-25,132.33,135.0,131.44,135.0,2568,131.82864738015948,131.30092216955333,56.24408138586199,132.5549923154202,131.47702684824404,1.0779654671761705,0.7032855333689053,0.37467993380726516,131.312,2.7462790136927264,136.80455802738547,125.81944197261456
2015-01-26,135.0,137.32,133.58,134.29,6468,132.06306191538238,131.41814090800221,54.88011786812945,132.82191657458634,131.6853952298556,1.1365213447307383,0.7899326956412719,0.3465886490894664,131.606,2.7339683900680742,137.07393678013614,126.13806321986385
2015-01-27,134.29,135.54,133.22,135.36,1684,132.3770560186793,131.57272361749233,56.588711241437146,133.2123909477269,131.9575881757922,1.254802771934692,0.882906710899956,0.37189606103473594,131.98950000000002,2.6933944050305,137.37628881006103,126.60271118993901
2015-01-28,135.36,137.67,135.36,136.96,3692,132.81352687404316,131.78398935798282,59.08380510517706,133.78894618653814,132.3281371998076,1.460808986730541,0.998487166066073,0.4623218206644679,132.39950000000002,2.7980001786985778,137.99550035739716,126.80349964260286
2015-01-29,136.96,139.28,135.0,136.78,9166,133.1912862193724,131.97991134394428,58.67522596912953,134.24910831168611,132.65790481463668,1.5912034970494346,1.1170304322627453,0.4741730647866893,132.622,2.9641819675653425,138.5503639351307,126.69363606486932
2015-02-01,136.78,137.67,135.0,137.67,14939,133.61783038895598,132.20305207555433,60.1428543694086,134.7753993406575,133.0291711246636,1.746228215993881,1.2428699890089725,0.5033582269849084,132.711,3.0914583511410294,138.89391670228207,126.52808329771796
2015-02-02,137.67,138.74,134.47,136.6,2237,133.90184654238874,132.37548140592475,57.49896021065523,135.05610713440248,133.29367696728113,1.7624301671213516,1.3467820246314484,0.4156481424899032,133.076,3.098472289098868,139.27294457819772,126.87905542180226
2015-02-03,136.6,135.36,134.11,134.29,1810,133.93881353835172,132.45056056647672,52.167201859952414,134.93824449834057,133.36747867340844,1.5707658249321241,1.3915787846915837,0.17918704024054044,133.2185,3.0847780351775222,139.38805607035505,127.04894392964496
2015-02-04,134.29,135.0,133.22,134.11,2030,133.95511701088967,132.51563662269334,51.76440424038877,134.81082226782664,133.42248025315595,1.388342014670684,1.3909314306874037,-0.0025894160167196922,133.379,3.040995162598161,139.46099032519632,127.29700967480368
2015-02-05,134.11,133.22,132.33,132.68,2485,133.83367729556684,132.5220822453328,48.55675255961472,134.4830034573918,133.36748171588513,1.1155217415066545,1.3358494928512539,-0.22032775134459937,133.5215,2.930712640117679,139.38292528023536,127.66007471976465
2015-02-08,132.68,134.82,132.33,134.11,4717,133.8599937436081,132.58435352982954,51.774954632825064,134.42561831010076,133.422483070264,1.0031352398367517,1.2693066422483537,-0.266171402411602,133.762,2.7583454231989473,139.2786908463979,128.2453091536021
2015-02-09,134.11,133.93,132.33,133.4,1163,133.8161848156454,132.61633966591467,50.09915410944176,134.26783087777756,133.42081765765187,0.8470132201256888,1.1848479578238207,-0.3378347376981319,133.86,2.705824127788937,139.2716482555779,128.44835174442213
2015-02-10,133.4,135.89,132.51,135.89,1162,134.01369102367917,132.74471850254548,55.534770668461086,134.51739535811947,133.60372005338135,0.9136753047381205,1.1306134272066808,-0.21693812246856026,134.16299999999998,2.566505098582765,139.29601019716551,129.02998980283445
2015-02-11,135.89,135.36,133.4,134.64,4268,134.07333949761448,132.81904326715153,52.44624876754144,134.5362576107165,133.68048153090865,0.8557760798078391,1.0756459577269126,-0.21986987791907353,134.43,2.297653265032544,139.0253065300651,129.8346934699349
2015-02-12,134.64,135.36,133.22,134.47,3730,134.11111668831788,132.8837866684397,52.022507679650175,134.5260641321447,133.73896438047097,0.7870997516737361,1.0179367165162774,-0.23083696484254124,134.626,2.1086773105430536,138.84335462108612,130.4086453789139
2015-02-15,133.22,134.11,133.04,133.22,6123,134.0262484322876,132.8969715049715,48.894336714970464,134.32513118873783,133.70052257451016,0.6246086142276681,0.9392710960585555,-0.3146624818308874,134.751,1.9316120892034936,138.614224178407,130.887775821593
2015-02-16,133.22,133.04,132.33,132.33,2400,133.8647009625459,132.87473732830597,46.739340769954296,134.018187928932,133.5990023838057,0.4191855451263109,0.8352539858721066,-0.41606844074579574,134.84,1.7613660966179219,138.36273219323584,131.31726780676416
2015-02-19,132.33,132.33,130.72,130.72,2060,133.56520563277962,132.79023782523515,43.043478236507184,133.510774401404,133.38574294796825,0.12503145343575284,0.6932094793848359,-0.5681780259490831,134.448,1.7623029191788504,137.9726058383577,130.9233941616423
2015-02-22,130.72,130.9,129.66,130.19,1876,133.2437574772768,132.68826771444162,41.869748110116255,132.99988603195723,133.14902124811874,-0.14913521616151115,0.5247405402755665,-0.6738757564370776,134.252,2.003372419853667,138.25874483970733,130.2452551602927
2015-02-23,130.19,130.9,129.3,130.01,2591,132.935780574679,132.58323760799294,41.456288933986706,132.53990356550227,132.9165011556655,-0.3765975901632146,0.3444729141878103,-0.7210705043510248,134.136,2.1799068063128724,138.49581361262574,129.77618638737425
2015-02-24,130.01,130.19,129.48,129.66,2680,132.6238014723286,132.46860083905204,40.61641501073184,132.09684147850191,132.67527884783843,-0.5784373693365126,0.1598908574829457,-0.7383282268194583,133.869,2.385815319097546,138.6406306381951,129.0973693618049
2015-02-25,129.66,130.37,128.05,129.66,3560,132.34153466544018,132.35845962967747,40.61641501073184,131.7219427895016,132.45192485910965,-0.7299820696080417,-0.01808372793525176,-0.71189834167279,133.6375,2.5610110565120876,138.75952211302416,128.51547788697582
2015-02-26,129.66,131.44,129.66,131.44,266,132.25567422111254,132.32244160498422,46.95496265391202,131.67856697573214,132.37696746213857,-0.6984004864064275,-0.1541470796294869,-0.5442534067769406,133.4415,2.572224666867211,138.58594933373442,128.29705066626556
2015-03-01,130.72,130.72,129.66,130.01,5324,132.04180048576848,132.23175762047504,42.98538011470219,131.42186436408105,132.2016365390172,-0.7797721749361415,-0.2792720986908178,-0.5005000762453237,133.094,2.541142304264763,138.17628460852953,128.01171539147046
2015-03-02,130.01,137.67,130.19,137.67,2457,132.57781948712386,132.44502202751522,61.67564935936086,132.38311600037628,132.60670049908998,-0.22358449871370567,-0.2681345786953954,0.04455007998168975,133.1385,2.615784626173199,138.37006925234638,127.90693074765359
2015-03-03,137.67,135.18,131.08,131.08,522,132.4351700121597,132.3914917519264,47.30750464594505,132.18263661570302,132.49361157323145,-0.31097495752842974,-0.2767026544620023,-0.03427230306642742,132.809,2.4228710676640985,137.6547421353282,127.9632578646718
2015-03-04,131.08,134.11,131.44,132.33,3760,132.42515382052542,132.3890803106744,49.7011210381336,132.20530790559485,132.48149219743652,-0.27618429184167326,-0.27659898193793653,0.00041469009626327047,132.59550000000002,2.2534405857890896,137.1023811715782,128.08861882842183
2015-03-09,132.33,136.78,133.22,135.18,3709,132.68752012333252,132.49852814162833,54.74842034273175,132.66295284319563,132.68138166429307,-0.01842882109744437,-0.2249649497698381,0.20653612867239374,132.64000000000001,2.2970301191796243,137.23406023835926,128.04593976164077
2015-03-11,135.18,133.58,132.33,132.68,1096,132.68680392111037,132.5056446850939,50.00796791504947,132.66557548270399,132.68127931878988,-0.015703836085890543,-0.1831127270330486,0.16740889094715805,132.5685,2.270973069899282,137.11044613979857,128.02655386020143
2015-03-12,132.68,133.22,128.41,132.68,3697,132.68615592862366,132.51248214842354,50.00796791504947,132.66779463921108,132.68118455443508,-0.01338991522399624,-0.1491681646712381,0.13577824944724187,132.56850000000003,2.270973069899282,137.1104461397986,128.02655386020146
2015-03-15,132.68,131.44,130.37,131.44,1883,132.56747441161187,132.47042402495595,47.63534584685604,132.47890315625554,132.58924495781025,-0.11034180155471063,-0.1414028920479326,0.031061090493221977,132.435,2.2540011208135415,136.94300224162708,127.92699775837292
2015-03-16,131.44,130.01,128.41,128.76,2818,132.20485780098215,132.32491720044789,42.898107032552176,131.9067642091393,132.30559718315766,-0.3988329740183474,-0.19288890844201556,-0.20594406557633183,132.203,2.384465293695637,136.97193058739128,127.43406941260872
2015-03-17,128.76,129.66,126.09,128.76,3646,131.87677610565052,132.18511652592053,42.89810703255217,131.4226466385025,132.04296035477563,-0.6203137162731309,-0.27837387000823866,-0.34193984626489227,131.84650000000002,2.33673473259652,136.51996946519307,127.17303053480698
2015-03-18,128.76,130.01,128.23,128.76,2426,131.57994028606475,132.0507982307864,42.89810703255217,131.0130086941175,131.79977810627372,-0.7867694121562181,-0.3800529784378346,-0.4067164337183835,131.55249999999998,2.3366685123993247,136.22583702479864,126.87916297520133
2015-03-19,128.76,130.37,126.98,129.66,2366,131.39708883024906,131.95704143742222,45.18455168134555,130.8048535104071,131.6412760243275,-0.8364225139204109,-0.47132688553434987,-0.365095628386061,131.31199999999998,2.267079271011225,135.84615854202244,126.77784145797753
2015-03-22,129.66,129.66,127.87,127.87,6245,131.06117560832058,131.79676530262134,41.61544193310289,130.3533375857291,131.3619222447477,-1.0085846590185952,-0.578778440231199,-0.4298062187873962,131.04450000000003,2.3444121134925626,135.73332422698516,126.35567577301491
2015-03-23,127.87,128.41,127.87,128.23,2298,130.79153983609956,131.65689215349894,42.59749492635935,130.0266702648477,131.129928004396,-1.1032577395482974,-0.6836743000946187,-0.4195834394536787,130.8395,2.4045734384810094,135.648646876962,126.03035312303797
2015-03-24,128.23,129.12,126.27,127.69,6193,130.49615508980435,131.5013277553225,41.47067637712902,129.6671825317942,130.87511852258888,-1.207935990794681,-0.7885266382346312,-0.41940935256004974,130.688,2.505819752411288,135.69963950482256,125.6763604951774
2015-03-25,127.69,128.59,125.73,126.98,4791,130.16128317648963,131.32402078452554,39.97343882464068,129.2537698345951,130.58659122461933,-1.332821390024236,-0.8973855885925521,-0.4354358014316839,130.52749999999997,2.6386756546650054,135.80485130933,125.25014869066996
2015-03-26,126.98,127.52,126.09,126.09,2082,129.77354192158586,131.11876506748533,38.11576046148115,128.76703601388814,130.25351039316604,-1.4864743792778938,-1.0152033467296206,-0.4712710325482732,130.3315,2.8185929207011933,135.9686858414024,124.69431415859762
2015-03-29,126.09,127.34,124.49,127.34,2539,129.54177602429198,130.97057820209375,42.18002179014061,128.5474920117515,130.03769480848706,-1.4902027967355593,-1.1102032367308083,-0.379999560004751,130.2155,2.8944038109855774,136.00430762197115,124.42669237802883
2015-03-30,127.34,126.09,125.2,125.56,1311,129.1625592600737,130.75839866475675,38.320549177114124,128.08787785609744,129.7060137115621,-1.6181358554646579,-1.2117897604775782,-0.40634609498707963,130.0105,3.0753561625136707,136.16121232502735,123.85978767497267
2015-03-31,125.56,128.41,124.84,128.41,1972,129.09088694959047,130.66630459947217,46.72574924513998,128.13743510900554,129.61001269589082,-1.4725775868852793,-1.2639473257591185,-0.2086302611261608,129.85899999999998,3.075861710667888,136.01072342133577,123.7072765786642
2015-04-01,128.41,127.69,126.27,126.63,2771,128.85651676391518,130.50801814459092,42.80257762909301,127.90552201531237,129.38927101471373,-1.4837489994013566,-1.3079076604875661,-0.1758413389137905,129.69,3.1588638863721754,136.00772777274435,123.37227222725565
2015-04-02,126.63,128.76,127.16,128.59,800,128.8311342149709,130.43280174676383,47.98171916738734,128.01082632064893,129.33006575436457,-1.3192394337156372,-1.3101740151331804,-0.009065418582456797,129.23600000000002,2.5443154389002074,134.32463087780044,124.1473691221996
2015-04-05,128.59,126.98,125.38,126.27,1285,128.58721667068795,130.26955461943976,43.016555682297984,127.74300688670294,129.10339421700422,-1.360387330301279,-1.3202166781668003,-0.04017065213447868,128.99550000000002,2.5877982411378735,134.17109648227577,123.81990351772427
2015-04-06,126.27,128.23,126.09,126.27,1382,128.36652936871766,130.11270934024603,43.016555682297984,127.5163904425948,128.8935131638928,-1.377122721298008,-1.331597886793042,-0.045524834504965916,128.6925,2.530972093255081,133.75444418651017,123.63055581348983
2015-04-07,126.27,126.63,126.09,126.63,2352,128.20114561931598,129.97613250337363,44.058338032994904,127.3800226821956,128.72584552212297,-1.345822839927365,-1.3344428774199066,-0.01137996250745843,128.26500000000001,2.0547979795677325,132.3745959591355,124.15540404086455
2015-04-08,126.63,128.76,126.98,127.16,2645,128.10198889366683,129.86569593461388,45.63417870301196,127.34617303878089,128.60985696492867,-1.2636839261477775,-1.3202910871654807,0.056607161017703245,127.989,1.783358452026496,131.55571690405299,124.42228309594701
2015-04-09,127.16,128.76,127.69,128.76,945,128.1646566180795,129.82233530972707,50.195342748459105,127.56368487896844,128.62097867123026,-1.0572937922618166,-1.267691628184748,0.21039783592293126,127.79299999999998,1.4188138114538014,130.63062762290758,124.95537237709237
2015-04-12,128.76,133.04,128.94,131.08,1884,128.4423083687386,129.87165549365935,55.964417545269676,128.10465643605022,128.8031283992873,-0.6984719632370684,-1.1538476951952121,0.45537573195814374,127.775,1.371608736596882,130.51821747319377,125.03178252680624
2015-04-13,131.08,129.83,128.76,129.83,96,128.57446947647776,129.87002194488838,52.43986119099542,128.3700939074271,128.87919296230305,-0.5090990548759464,-1.024897967131359,0.5157989122554125,127.8285,1.4316066609135703,130.69171332182714,124.96528667817286
2015-04-15,129.83,128.76,127.69,128.76,1948,128.59213905014653,129.82649167253982,49.56243899789701,128.43007946013063,128.87036385398432,-0.44028439385368756,-0.9079752524758248,0.4676908586221372,127.82849999999999,1.4316066609135703,130.69171332182714,124.96528667817284
2015-04-16,128.76,129.66,127.34,127.87,419,128.52336390251352,129.7497665089108,47.24051708334904,128.3439133893413,128.79626282776326,-0.4523494384219475,-0.8168500896650495,0.36450065124310194,127.78399999999999,1.4148624630920144,130.61372492618403,124.95427507381596
2015-04-19,127.87,129.66,127.16,129.66,2728,128.631614959417,129.7462462536594,52.10089507864643,128.54638825251956,128.86024335904006,-0.3138551065204922,-0.716251093036138,0.4023959865156458,127.78400000000002,1.4148624630920144,130.61372492618406,124.95427507381599
2015-04-20,129.66,129.66,127.52,127.52,1085,128.52574686804394,129.6589424790061,46.57653341167018,128.38848236751656,128.76096607318524,-0.37248370566868516,-0.6474976155626475,0.27501390989396235,127.7665,1.4159069066906043,130.5983138133812,124.93468618661879
2015-04-21,127.52,129.3,127.52,129.3,5121,128.59948526156356,129.6448663033588,51.210512670854,128.5287158494371,128.80089451220857,-0.2721786627714664,-0.5724338250044113,0.3002551622329449,127.81999999999998,1.4540433642970585,130.7280867285941,124.91191327140587
2015-04-22,129.3,129.66,127.69,128.59,510,128.5985819033194,129.60349899734473,49.37094205387812,128.53814418029293,128.78527269648941,-0.2471285161964829,-0.5073727632428257,0.26024424704634275,127.86500000000001,1.4637029465648632,130.79240589312974,124.93759410687028
2015-04-23,126.98,127.87,127.16,127.87,565,128.52919315062232,129.53551864450768,47.50724211447083,128.43535276794017,128.7174747189717,-0.28212195103151316,-0.4623226008005632,0.18020064976905004,127.90950000000001,1.4488342864064585,130.8071685728129,125.01183142718709
2015-05-25,127.87,125.56,123.42,123.42,30,128.04260332675352,129.29569438393875,37.96763795088517,127.66376003441093,128.32506918423306,-0.6613091498221308,-0.5021199106048767,-0.15918923921725414,127.776,1.722481074678237,131.22096214935647,124.33103785064353
2015-05-26,123.42,121.28,112.37,112.37,2135,126.54997443849128,128.631941663,24.7027658442355,125.31087387527079,127.1432122076232,-1.832338332352407,-0.7681635949543828,-1.0641747373980242,127.02749999999999,3.8547412705848836,134.73698254116977,119.31801745883023
2015-05-27,112.37,110.41,106.31,106.31,8645,124.62235782530163,127.75657140170588,20.477440217097666,122.38766250984452,125.6000113033548,-3.2123487935102872,-1.2570006346655638,-1.9553481588447235,126.06500000000001,6.02998952604415,138.12497905208832,114.00502094791172
2015-05-28,106.31,108.27,102.75,107.38,12604,122.98022850860623,126.95749017026645,22.982398113789188,120.07879135448381,124.25038083643963,-4.17158948195582,-1.839918404123615,-2.331671077832205,125.0135,7.29950198373266,139.6125039674653,110.41449603253467
2015-05-31,107.38,115.58,106.49,110.94,3325,121.83354007921515,126.32935330084423,30.79342834669133,118.672823453794,123.26442670040706,-4.591603246613062,-2.390255372621504,-2.2013478739915575,124.229,7.932323546231287,140.09364709246256,108.36435290753742
2015-06-01,110.94,116.82,112.01,113.62,7287,121.05129816690895,125.83094728904642,36.05140679158508,117.89546599936415,122.55002472259913,-4.6545587232349845,-2.8431160427442004,-1.8114426804907842,123.48049999999998,8.200901410659549,139.8823028213191,107.07869717868088
2015-06-02,113.62,117.54,114.15,117.18,2513,120.6826031033938,125.49169445418185,42.320345233144096,117.78539430715428,122.15224511351772,-4.366850806363445,-3.1478629954680493,-1.2189878108953955,123.026,8.289576460515086,139.60515292103017,106.44684707896982
2015-06-03,117.18,123.42,117.0,121.64,6023,120.77378376021345,125.3406476128414,49.057997145560314,118.37841056759208,122.11430103103493,-3.7358904634428427,-3.265468489063008,-0.4704219743798346,122.7945,8.258807404028191,139.31211480805638,106.27688519194362
2015-06-04,121.64,123.77,119.14,122.88,7821,120.97437578305026,125.24415162802408,50.77948353787936,119.07096278796253,122.1710194731805,-3.1000566852179645,-3.2323861282939994,0.1323294430760349,122.60700000000001,8.209568294309754,139.02613658861952,106.1878634113805
2015-06-07,122.88,124.67,120.75,124.67,9235,121.32633999418833,125.2216358779055,53.23619121776721,119.93235312827599,122.35612914183379,-2.4237760135577986,-3.0706641053467596,0.646888091788961,122.4825,8.155590188072104,138.7936803761442,106.1713196238558
2015-06-08,124.67,128.94,125.73,127.69,14110,121.93240285188467,125.3184344709288,57.12445373500203,121.12583726238736,122.75123068688313,-1.625393424495769,-2.7816099691765617,1.1562165446807926,122.42900000000002,8.115654722752554,138.66030944550513,106.19769055449491
2015-06-09,127.69,136.96,128.94,130.55,14496,122.75312638980043,125.52359390344141,60.476036623772174,122.57570845278931,123.32891730266957,-0.7532088498802523,-2.3759297453172996,1.6227208954370473,122.40249999999999,8.086733694273214,138.57596738854642,106.22903261145356
2015-06-10,130.55,130.37,127.16,129.12,8968,123.35949530505754,125.66462943663979,58.0333236997233,123.58252253697557,123.75788639136071,-0.17536385438513946,-1.9358165671308678,1.7604527127457283,122.36699999999999,8.053903336107084,138.47480667221416,106.25919332778582
2015-06-11,129.12,129.66,123.42,124.49,6693,123.46716241886158,125.61856553716372,50.86904705284288,123.72213445436395,123.8121170290377,-0.0899825746737406,-1.5666497686394425,1.476667193965702,122.15350000000001,7.931173852854237,138.0158477057085,106.29115229429154
2015-06-14,124.49,124.84,122.17,124.84,3536,123.59790885516047,125.58803355531415,51.35790080077251,123.8941137690772,123.88825650836823,0.005857260708964418,-1.2521483627697612,1.2580056234787256,122.00200000000002,7.844698914083296,137.69139782816663,106.31260217183343
2015-06-15,124.84,126.09,122.35,123.42,4053,123.580965154669,125.50301263157635,49.21819328470784,123.82117318921917,123.85357084108169,-0.03239765186252441,-1.008198220588314,0.9758005687257896,121.68999999999998,7.645657866430731,136.98131573286145,106.39868426713852
2015-06-16,123.42,126.45,122.88,122.88,4247,123.51420656851005,125.40014939112238,48.39250644334614,123.67637731395467,123.78145448248306,-0.105077168528382,-0.8275740101763276,0.7224968416479456,121.458,7.528948762853403,136.5158975257068,106.40010247429319
2015-06-17,122.88,122.88,121.1,122.88,5058,123.45380594293766,125.30132000323523,48.39250644334614,123.55385772719241,123.7146800763732,-0.16082234918079052,-0.6942236779772202,0.5334013287964297,121.13700000000001,7.310700952784208,135.75840190556843,106.5155980944316
2015-06-18,122.88,122.88,121.28,122.88,2415,123.39915775789598,125.20636627761816,48.39250644334614,123.45018730762435,123.65285192256778,-0.2026646149434299,-0.5959118653704621,0.39324725042703224,120.85150000000002,7.113150368007256,135.07780073601452,106.62519926398551
2015-06-21,122.88,121.64,120.39,121.64,4384,123.23161892381064,125.06650877653509,46.171032331766064,123.17169695260523,123.50375178015534,-0.3320548275501096,-0.5431404578063916,0.21108563025628202,120.54,6.923503068305007,134.38700613661,106.69299386338999
2015-06-22,120.92,122.88,120.21,121.81,5352,123.09622664535249,124.93880255000431,46.53340678418305,122.9622051137429,123.37828868532903,-0.4160835715861282,-0.517729080562339,0.10164550897621083,120.4595,6.897565913153891,134.2546318263078,106.66436817369222
2015-06-23,119.85,123.24,119.85,121.64,1897,122.95753839341415,124.8094377441218,46.19847692840419,122.75878894239784,123.24952656048984,-0.49073761809199823,-0.5123307880682709,0.021593169976272697,120.923,6.631697488496777,134.18639497699357,107.65960502300645
2015-06-24,123.24,123.24,121.64,121.64,1549,122.83205854642233,124.68514606788172,46.19847692840418,122.58666756664434,123.13030237082393,-0.5436348041795895,-0.5185915912905347,-0.025043212889054867,121.6895,5.670016685205969,133.02953337041194,110.34946662958805
2015-06-25,122.35,123.95,121.46,122.71,3413,122.82043392295354,124.60768935933734,48.8841246117074,122.6056417871606,123.099168861874,-0.4935270747134126,-0.5135786879751103,0.020051613261697687,122.45599999999999,4.5616356715533986,131.5792713431068,113.3327286568932
2015-06-28,122.53,123.95,121.81,122.17,4619,122.7584878350532,124.51209369818687,47.59293037125708,122.53861997375128,123.03034153877223,-0.49172156502095277,-0.5092072633842788,0.01748569836332603,123.0175,3.674376244951326,130.36625248990265,115.66874751009735
2015-06-29,124.31,124.31,122.53,122.53,6289,122.73672708885766,124.4343645335521,48.56825330381022,122.53729382394339,122.99327920256688,-0.4559853786234953,-0.4985628864321221,0.04257750780862679,123.46300000000001,2.9422066548747603,129.34741330974953,117.57858669025049
2015-06-30,121.64,123.77,121.1,121.99,4126,122.66561022325217,124.33850710086378,47.15075308281596,122.45309477410595,122.91896222459897,-0.4658674504930218,-0.49202379924430206,0.026156348751280256,123.70349999999999,2.575306369099878,128.85411273819975,118.55288726180024
2015-07-01,121.99,122.88,121.1,121.64,4903,122.56793305913293,124.23268329298676,46.20938428327685,122.32800327039735,122.82422428203608,-0.4962210116387382,-0.49286324172318935,-0.0033577699155488694,123.7035,2.575306369099878,128.85411273819977,118.55288726180025
2015-07-02,121.64,121.64,119.32,120.39,5485,122.36051086302503,124.08198983051669,42.914065187102686,122.02984892110544,122.64391137225563,-0.6140624511501898,-0.5171030836085895,-0.09695936754160028,123.579,2.675453527710173,128.92990705542033,118.22809294457964
2015-07-05,120.39,121.1,119.68,119.85,12264,122.12141459035597,123.91602944500625,41.53602876902266,121.69448754862768,122.43695497431077,-0.7424674256830883,-0.5621759520234892,-0.18029147365959908,123.338,2.786778181263836,128.91155636252768,117.76444363747233
2015-07-06,119.5,120.75,119.5,120.75,3617,121.99080367698873,123.79187142755502,44.72203428698842,121.54918177191573,122.31199534658404,-0.7628135746683142,-0.6023034765524542,-0.16051009811586003,122.99099999999999,2.6448179720449705,128.28063594408994,117.70136405591005
2015-07-07,121.46,121.46,120.21,120.75,2686,121.87263189822791,123.67258235196464,44.72203428698842,121.42623073008254,122.19629198757781,-0.7700612574952714,-0.6358550327410177,-0.1342062247542537,122.501,1.999839204059598,126.5006784081192,118.50132159188081
2015-07-08,120.75,121.46,120.57,121.1,4922,121.79904790792048,123.57169676953465,46.048084536072516,121.37604138699291,122.11508517368316,-0.739043786690246,-0.6564927835308634,-0.08255100315938257,122.1,1.2757536472254971,124.651507294451,119.548492705549
2015-07-09,121.46,121.81,120.75,120.75,2634,121.69913858335663,123.46104199425879,44.888434171225164,121.27972732745555,122.01396775341033,-0.7342404259547806,-0.6720423120156469,-0.06219811393913366,121.91299999999998,1.177294400416098,124.26758880083217,119.5584111991678
2015-07-12,118.78,121.1,118.78,120.39,3871,121.57445871827504,123.34060897487609,43.670229901139066,121.14284620015468,121.8936738457503,-0.7508276455956207,-0.6877993787316418,-0.06302826686397889,121.6905,1.00253612613126,123.69557225226252,119.68542774773748
2015-07-13,120.39,121.1,120.21,120.75,3950,121.49593884034408,123.23901646605742,45.26977889575033,121.0824083232078,121.80895726458361,-0.7265489413758104,-0.6955492912604755,-0.030999650115334898,121.55700000000002,0.9356511945604349,123.42830238912089,119.68569761087915
2015-07-14,120.75,121.64,118.61,120.75,3804,121.42489704602559,123.14140797719243,45.26977889575033,121.03126858117584,121.73051598572556,-0.6992474045497232,-0.696288913918325,-0.002958490631398192,121.4505,0.8975843311725574,123.24566866234512,119.65533133765489
2015-07-15,120.75,121.1,120.39,121.1,1785,121.39395447021363,123.06135276240057,46.96776605113863,121.04184264561033,121.68381109789404,-0.6419684522837059,-0.6854248215914013,0.043456369307695364,121.3615,0.8344066596520383,123.03031331930408,119.69268668069593
2015-07-16,121.1,122.53,119.85,121.99,2862,121.45072071114566,123.01933892858095,51.12055719975988,121.18771300782413,121.7064917573093,-0.5187787494851648,-0.652095607170154,0.13331685768498924,121.31699999999998,0.7704414318995461,122.85788286379908,119.77611713620088
2015-07-22,120.75,122.88,120.75,121.81,1978,121.48493778627464,122.97191387255818,50.263286011790555,121.28344946815889,121.71415903454564,-0.43070956638675284,-0.6078183990134738,0.17710883262672095,121.32549999999999,0.7751161203248391,122.87573224064967,119.77526775935031
2015-07-23,121.81,130.37,122.53,129.66,4388,122.26351513996278,123.23419175990884,72.17678690656899,122.5721495499806,122.30273984680152,0.269409703179079,-0.43237277857496326,0.7017824817540422,121.718,2.0204652929431317,125.75893058588626,117.67706941411375
2015-07-26,129.66,141.42,131.97,141.42,9309,124.08794226949013,123.94736071050066,83.73687316083941,125.47181884998358,123.71883319148289,1.752985658500691,0.004698908840167604,1.7482867496605234,122.70700000000002,4.845853463473935,132.39870692694788,113.01529307305215
2015-07-27,141.42,151.75,138.74,142.13,75451,125.80623348191963,124.66040538852025,84.16464990655298,128.0346159499861,125.08262332544712,2.951992624538974,0.594157651979929,2.3578349725590453,123.73149999999998,6.494070392530981,136.71964078506196,110.74335921493802
2015-07-28,142.13,142.13,137.14,138.92,15309,127.05516362649871,125.21960517720574,74.60947825662919,129.709290419219,126.10761419022882,3.6016762289901862,1.1956613673819805,2.406014861608206,124.542,7.319026826306955,139.1800536526139,109.9039463473861
2015-07-29,138.92,138.92,135.54,138.03,7221,128.10038613826075,125.72197360162903,72.16326342775008,130.989399585493,126.99075387984149,3.998645705651512,1.7562582350358868,2.2423874706156255,125.33500000000001,7.88575564579922,141.10651129159845,109.56348870840156
2015-07-30,138.21,141.24,135.89,137.14,13154,128.96130174414068,126.16973934274162,69.70215098886217,131.93564580310948,127.74254988874212,4.193095914367362,2.243625770902182,1.94947014346518,126.0655,8.279127512510776,142.62375502502155,109.50724497497845
2015-08-02,137.14,139.63,135.89,136.78,7123,129.70593967327014,126.58582799596743,68.68178947398789,132.68093106416956,128.4119906377242,4.2689404264453685,2.648688702010819,1.6202517244345493,126.80499999999999,8.55197330260178,143.90894660520354,109.70105339479643
2015-08-03,136.78,138.56,136.78,137.67,15134,130.46442160914916,127.0205014078903,69.85661168051757,133.44848013122038,129.09776910900388,4.350711022216501,2.9890931660519557,1.3616178561645453,127.60649999999998,8.790280682303468,145.1870613646069,110.02593863539305
2015-08-04,137.67,140.35,137.32,140.35,12309,131.40590526542067,127.54322684287499,73.12580191196719,134.51025241872495,129.9312676935221,4.578984725202844,3.3070714778821335,1.2719132473207102,128.60449999999997,9.056868562471749,146.71823712494347,110.49076287505648
2015-08-05,140.35,141.06,137.32,138.21,12179,132.05391428776156,127.96153167256617,66.88762663579377,135.07944435430574,130.54450712363158,4.53493723067416,3.552644628440539,0.9822926022336209,129.52249999999998,9.053293599568903,147.62908719913779,111.41591280086217
2015-08-06,139.46,143.2,138.74,142.13,24147,133.01354149845093,128.51715788148513,71.65726700029496,136.16414522287408,131.40269178114033,4.7614534417337495,3.7944063910991814,0.9670470506345681,130.5915,9.223589479954818,149.03867895990965,112.14432104009036
2015-08-09,142.13,149.79,142.66,149.79,47260,134.61129945097943,129.351386984172,78.250192021694,138.26043057320115,132.76471461216698,5.495715961034165,4.134668305086178,1.3610476559479867,132.0435,9.856813446331795,151.7571268926636,112.3298731073364
2015-08-10,149.79,159.24,150.15,156.74,55069,136.71879474136236,130.42545023969467,82.27815948164603,141.10344125424714,134.54066167793238,6.562779576314767,4.620290559331896,1.9424890169828712,133.8255,10.936720125579825,155.69894025115966,111.95205974884036
2015-08-11,156.74,163.87,156.38,161.91,97092,139.11795714694688,131.660138465589,84.56771502025462,144.30445029205526,136.5680200721596,7.736430219895652,5.2435184914446475,2.4929117284510047,135.8835,12.151864173645892,160.18722834729178,111.57977165270822
2015-08-12,161.55,163.69,160.48,163.51,88461,141.44100884723764,132.90915264340904,85.20477181113039,147.25915024712367,138.56372228903666,8.69542795808701,5.9339003847731195,2.7615275733138898,138.0395,13.050300450262023,164.14010090052406,111.93889909947596
2015-08-13,163.33,171.35,161.91,171.35,53663,144.28948419511977,134.41663685347143,87.85120974229125,150.96543482448925,140.99233545281174,9.973099371677506,6.741740182153997,3.231359189523509,140.5695,14.361023814478076,169.29154762895615,111.84745237104386
2015-08-16,170.64,171.35,159.95,170.82,93166,146.81619998606072,135.84421972196273,86.72189937170192,154.01998331302937,143.2017920859368,10.81819122709257,7.557030391141712,3.2611608359508573,143.07299999999998,15.070834538412909,173.2146690768258,112.93133092317416
2015-08-17,173.85,180.44,169.57,176.52,42568,149.6451333207216,137.43934836031715,88.4426140243469,157.48152434179408,145.66980748697853,11.811716854815558,8.407967683876482,3.4037491709390757,145.844,15.890730962618662,177.62546192523732,114.06253807476267
2015-08-18,175.99,175.99,170.64,173.14,24505,151.88273967112906,138.83937391481453,81.68286759351442,159.8905205969027,147.70463656201716,12.185884034885532,9.163550954078293,3.0223330808072397,148.4015,15.96547830888862,180.33245661777724,116.47054338222276
2015-08-19,172.42,179.19,172.42,177.77,27267,154.34819303578342,140.3660651338414,83.5388658476555,162.64120973584073,149.93170052038624,12.709509215454489,9.872742606353533,2.8367666091009553,151.1995,15.963541183123498,183.126582366247,119.27241763375301
2015-08-20,179.91,182.05,175.63,175.99,22516,156.40931750856595,141.76308218741625,80.17541571042419,164.69486977648063,151.86194492628354,12.832924850197088,10.464779055122245,2.3681457950748435,153.516,16.034754490760577,185.58550898152114,121.44649101847884
2015-08-23,176.88,176.88,170.46,172.96,11094,157.9855729839406,142.9864907290862,74.66456947220452,165.9664282724067,153.4247638206329,12.541664451773784,10.880156134452552,1.661508317321232,155.093,16.33074436695915,187.7544887339183,122.43151126608169
2015-08-24,174.2,175.63,168.32,169.75,10704,159.1059946045177,144.0360401122593,69.23518011994915,166.54851623049797,154.6340405746601,11.914475655837862,11.087020038729614,0.8274556171082477,156.474,16.344669306439457,189.1633386128789,123.78466138712108
2015-08-25,167.08,170.11,166.9,169.22,6433,160.06923321361123,145.02364638236676,68.35140978691764,166.95951373349828,155.71448201357416,11.245031719924128,11.118622374968517,0.1264093449556114,157.989,16.033237155491523,190.05547431098304,125.92252568901696
2015-08-26,172.24,172.42,167.97,169.22,12927,160.9407348123149,145.97252299482295,68.35140978691766,167.30728085142164,156.7148907533094,10.592390098112247,11.013375919597262,-0.42098582148501507,159.5485,15.49764337772627,190.54378675545252,128.55321324454746
2015-08-27,172.24,172.24,168.15,169.75,5244,161.77971244923728,146.90497307345734,68.81310366485063,167.68308379735677,157.68045440121242,10.002629396144357,10.811226614906683,-0.8085972187623263,161.179,14.711472751779219,190.60194550355845,131.75605449644155
2015-08-31,168.86,169.39,166.54,169.22,6783,162.48831126359562,147.78007216861587,67.74875058668243,167.91953244391726,158.53523555667815,9.384296887239117,10.52584066937317,-1.141543782134054,162.801,13.628240763789647,190.05748152757928,135.5445184724207
2015-09-01,169.22,171.53,169.39,169.93,21634,163.19704352420555,148.64869678945448,68.4527039340424,168.22883514485306,159.3792921821094,8.84954296274367,10.190581128047272,-1.341038165303603,164.41400000000002,12.346041513483646,189.1060830269673,139.72191697303273
2015-09-02,169.39,169.39,164.4,165.29,10672,163.39637271237643,149.30129691535822,59.33741803893986,167.77670666102952,159.81712239084206,7.959584270187463,9.744381756475311,-1.7847974862878484,165.661,10.97044157821753,187.60188315643506,143.72011684356494
2015-09-03,165.83,167.97,165.83,167.79,13803,163.8148134064358,150.02634409514812,62.253894949627394,167.7787517901019,160.40770591744635,7.371045872655543,9.269714579711358,-1.8986687070558155,167.14000000000001,8.86711131981141,184.87422263962284,149.4057773603772
2015-09-06,164.76,171.53,161.91,169.93,13535,164.39721212963238,150.8068796208286,64.59482675733302,168.10971305316315,161.11306103467254,6.996652018490607,8.815102067467208,-1.818450048976601,168.53,6.639315120040043,181.80863024008008,155.25136975991992
2015-09-07,170.64,173.85,170.64,173.31,13819,165.24604906966738,151.6893549298157,67.97327140750336,168.90975719883033,162.01653799506715,6.893219203763181,8.430725494726403,-1.537506290963222,169.706,5.034255707286975,179.77451141457394,159.63748858542604
2015-09-08,173.31,177.77,172.96,177.77,22643,166.4388063011276,152.7121253247249,71.79747433255068,170.27287147593336,163.1834611065437,7.089410369389668,8.162462469659056,-1.073052100269388,170.7575,4.3306057373846025,179.4187114747692,162.0962885252308
2015-09-09,180.98,180.98,175.99,180.09,29001,167.73891998673452,153.78576746885332,73.56568581691386,171.7831989411744,164.4357973208738,7.347401620300587,7.999450299787362,-0.652048679486775,171.66649999999998,4.283508491883477,180.23351698376695,163.09948301623302
2015-09-10,176.88,180.09,175.99,177.77,18656,168.69426094037885,154.72632560732967,68.91271581371399,172.7042452579168,165.42351603784613,7.280729220070668,7.855706083844024,-0.5749768637733554,172.37949999999998,4.033917352966589,180.44733470593314,164.3116652940668
2015-09-13,177.77,181.33,177.77,180.26,13538,169.795759898438,155.72764617174812,71.03054684532422,173.86666906439115,166.52251484985754,7.344154214533603,7.75339570998194,-0.4092414954483372,172.825,4.390481930151462,181.60596386030292,164.04403613969706
2015-09-14,183.47,184.72,180.8,181.87,41773,170.94568752715819,156.75283651795408,72.34254132772784,175.0979507467925,167.65936560171994,7.438585145072551,7.690433597000062,-0.25184845192751126,173.3775,4.80097125590643,182.97944251181286,163.77555748818713
2015-09-15,185.25,188.28,184.9,184.9,31112,172.27466966742884,157.85664685058333,74.66777441396869,176.60595832420904,168.93644963122216,7.669508692986881,7.686248616197426,-0.016739923210545626,173.7965,5.415954282443115,184.62840856488623,162.9645914351138
2015-09-16,187.03,187.03,182.22,184.54,34305,173.44279636576894,158.90305285644283,73.8731074743163,177.82658012048455,170.09226817705758,7.734311943426974,7.695861281643336,0.03845066178363776,174.3665,5.919692626269928,186.20588525253987,162.52711474746013
2015-09-17,185.25,185.79,181.15,181.69,28849,174.2282443309338,159.7966586267784,67.7277697360441,178.4209524096408,170.95135942320144,7.469592986439352,7.65060762260254,-0.18101463616318814,174.5625,6.100448538301273,186.76339707660256,162.36160292339744
2015-09-22,178.48,181.33,174.74,175.99,23240,174.39603058513057,160.4316916218067,57.436639197695456,178.04695973123452,171.32459205851984,6.722367672714682,7.46495963262497,-0.7425919599102873,174.5625,6.100448538301273,186.76339707660256,162.36160292339744
2015-09-23,179.02,182.76,178.84,179.55,19431,174.88688481511812,161.18142920526526,61.383312318489814,178.27819669565997,171.93388153566653,6.344315159993442,7.240830738098665,-0.8965155781052223,174.892,6.186699315555436,187.26539863111086,162.51860136888914
2015-09-24,181.33,182.58,176.88,181.15,19391,175.48337197558305,161.96451041290192,63.041977174103344,178.72001258863537,172.616556977469,6.103455611166368,7.0133557127122055,-0.9099001015458379,175.46200000000002,6.213119057373259,187.88823811474654,163.0357618852535
2015-09-28,177.95,179.19,174.2,179.19,17729,175.83638416838465,162.6400198084744,59.66134857644815,178.79231834422993,173.10347868284168,5.6888396613882435,6.748452502447414,-1.0596128410591703,175.9605,6.084577116304241,188.1296542326085,163.7913457673915
2015-09-29,179.55,183.11,179.19,183.11,12392,176.52910948568135,163.4427641297107,63.83805625614623,179.45657706050224,173.84470248411267,5.611874576389567,6.521136917235845,-0.9092623408462774,176.655,6.067401680945334,188.78980336189068,164.52019663810933
2015-09-30,183.29,187.75,182.22,187.57,30770,177.58062286799742,164.38893024227104,67.90928558464478,180.70479597427112,174.86139118899322,5.843404785277897,6.3855904908442565,-0.542185705566359,177.546,6.303860471342134,190.15372094268426,164.93827905731573
2015-10-01,190.24,192.02,184.9,189.0,29266,178.6681825948548,165.35407023277023,69.1101007236643,181.98098120899863,175.9086955453641,6.072285663634517,6.3229295254023095,-0.2506438617677924,178.53500000000003,6.478075981423683,191.4911519628474,165.57884803715265
2015-10-04,190.24,192.38,186.68,187.57,29292,179.51597472867817,166.22528316481845,66.43299641091039,182.84083025376805,176.77249587533714,6.0683343784309045,6.272010496008029,-0.20367611757712467,179.417,6.44560486729601,192.30820973459203,166.52579026540798
2015-10-05,186.32,186.5,184.9,184.9,22203,180.02873904023264,166.95762500149223,61.63242503575682,183.15762559934217,177.37453321790474,5.783092381437427,6.174226873093909,-0.39113449165648184,180.39749999999998,5.622483881706378,191.64246776341272,169.15253223658723
2015-10-06,182.4,184.9,180.62,180.62,11879,180.08504960782952,167.49340441319842,54.79675456787707,182.76722166098185,177.61493816472662,5.152283496255222,5.9698381977261725,-0.8175547014709501,181.03900000000002,4.776610668008539,190.5922213360171,171.48577866398293
2015-10-07,180.44,184.01,176.88,181.51,9423,180.22075916898862,168.0430748283671,55.89226751599317,182.5738029439077,177.90346126363576,4.670341680271946,5.709938894235328,-1.0395972139633818,181.618,3.9974420768716867,189.61288415374338,173.6231158462566
2015-10-08,179.55,182.22,178.3,181.33,9440,180.32640115289448,168.56413071745078,55.59878624526748,182.382448644845,178.1572789478109,4.22516969703409,5.41298505479508,-1.1878153577609902,182.019,3.4902524414880265,188.99950488297605,175.03849511702396
2015-10-11,179.73,179.73,175.1,175.99,13136,179.91341056690453,168.85534127755076,47.611583275181054,181.39899500717655,177.99673976649157,3.4022552406849798,5.010839091973061,-1.6085838512880812,181.93,3.62441864667503,189.17883729335006,174.68116270664996
2015-10-14,174.38,175.63,173.85,174.03,7491,179.35308575100885,169.05826907058798,45.05326163189999,180.26530346761095,177.70290719119592,2.562396276415029,4.5211505288614555,-1.9587542524464263,181.627,4.018247981664991,189.66349596332998,173.59050403667004
2015-10-15,174.03,177.23,172.42,174.92,9840,178.93088710805563,169.2881408717414,46.46008261273602,179.4429490879785,177.49676591777398,1.946183170204506,4.006157057130066,-2.05997388692556,181.4845,4.208270647445887,189.90104129489177,173.06795870510823
2015-10-18,172.78,173.49,171.71,171.71,10125,178.2431835739551,169.38311573951626,42.25763933737046,178.25326461290487,177.06811659053145,1.1851480223734256,3.4419552501787383,-2.2568072278053126,181.057,4.7399068389741705,190.53681367794832,171.57718632205166
2015-10-19,171.0,174.56,170.64,174.38,13288,177.8752613288165,169.57907198502542,46.58548794303888,177.65737774938103,176.86899684308466,0.7883809062963678,2.9112403814022647,-2.122859475105897,180.6825,4.96293617996083,190.60837235992167,170.75662764007834
2015-10-25,171.53,172.42,169.04,171.89,6765,177.30523644035776,169.66969661306365,43.32425795478042,176.77008886486087,176.50018226211543,0.26990660274543643,2.382973625670899,-2.1130670229254624,180.03199999999998,5.226661005193042,190.48532201038606,169.5786779896139
2015-10-27,171.0,171.0,165.47,166.36,10718,176.2628329698475,169.53990458902194,37.11069952299561,175.16853673180535,175.7490576501069,-0.580520918301545,1.7902747168764102,-2.370795635177955,179.123,5.934367434036404,190.9917348680728,167.25426513192718
2015-10-28,166.19,168.86,161.73,167.79,13802,175.45589649652868,169.47128087964856,39.52601268386402,174.03337723460453,175.15949782417303,-1.126120589568501,1.206995655587428,-2.333116245155929,178.428,6.412588441991385,191.25317688398277,165.60282311601722
2015-10-29,167.79,170.82,167.08,168.86,11730,174.82771587781164,169.44730908044667,41.34136555272285,173.23747304466536,174.69286835571575,-1.4553953110503812,0.6745174622598662,-2.1299127733102474,178.07150000000001,6.744843859145725,191.56118771829148,164.58181228170855
2015-11-01,166.19,167.43,163.51,166.36,4126,174.02126674659146,169.32623813611545,38.43804706288251,172.179400268563,174.07561884788495,-1.8962185793219533,0.16037025394350235,-2.0565888332654554,177.41199999999998,7.220730098676947,191.85346019735388,162.97053980264607
2015-11-02,167.08,169.75,166.9,168.5,8389,173.49543181834466,169.2938366405815,42.18119848022309,171.6133386887841,173.6626100443379,-2.049271355553799,-0.2815580679559579,-1.767713287597841,176.77949999999998,7.427154640417506,191.633809280835,161.92519071916496
2015-11-03,166.36,166.54,165.29,166.19,2397,172.79967640707372,169.17211755663715,39.396575698055436,170.77897889050962,173.10908337438696,-2.330104483877335,-0.6912673511402334,-1.6388371327371016,176.12949999999998,7.766211889029693,191.66192377805936,160.5970762219406
2015-11-04,167.08,171.18,166.36,168.32,6344,172.37304055878099,169.13870118186705,43.12496651145629,170.40067444581584,172.7543364577657,-2.353662011949865,-1.0237462833021598,-1.3299157286477052,175.39000000000001,7.770695965582224,190.93139193116446,159.84860806883557
2015-11-05,166.54,168.15,166.54,167.43,7385,171.90227479127802,169.07169329238207,41.96328043741489,169.94364760799803,172.3599411645979,-2.416293556599868,-1.3022557379617015,-1.1140378186381665,174.38299999999998,7.405612452020071,189.1942249040401,159.57177509595985
2015-11-08,165.29,166.19,164.76,165.29,5009,171.27253433496583,168.92339159464157,39.22704150814649,169.22770182215217,171.83624181907214,-2.6085399969199727,-1.5635125897533557,-1.045027407166617,173.1975,6.8169161688164595,186.83133233763292,159.56366766236707
2015-11-09,168.32,171.35,167.08,171.35,7945,171.27991201735003,169.0185527085772,49.30733629164288,169.55420923412876,171.8002239065483,-2.246014672419534,-1.7000130062865915,-0.5460016661329425,172.3865,5.923311018433137,184.2331220368663,160.53987796313373
2015-11-10,169.22,170.82,167.97,170.46,8335,171.20182515855478,169.0750800533389,48.04687343709304,169.69356165964743,171.7009480616188,-2.0073864019713596,-1.761487685423545,-0.2458987165478146,171.6645,5.146918827909621,181.95833765581924,161.37066234418077
2015-11-15,167.43,167.79,165.29,167.79,3025,170.8768894291686,169.02468475712953,44.3814360999589,169.40070601970166,171.41124820520258,-2.010542185500924,-1.811298585439021,-0.19924360006190311,171.023,4.756740480627165,180.5364809612543,161.50951903874568
2015-11-16,164.76,166.19,163.69,165.29,6603,170.34480472162875,168.87822653135973,41.21121524003412,168.76828970897833,170.95782241222463,-2.1895327032463,-1.886945409000477,-0.3025872942458232,170.21200000000002,4.227981476834696,178.66796295366942,161.75603704633062
2015-11-18,168.32,168.86,167.08,167.97,5915,170.11863284337838,168.84260980463975,45.68987851152147,168.64547590759707,170.73650223354133,-2.091026325944256,-1.9277615923892328,-0.16326473355502302,169.544,3.3413901928820104,176.22678038576404,162.86121961423598
2015-11-19,164.94,167.79,164.76,167.25,3183,169.84542971543758,168.7801545181833,44.70453447853874,168.4307873064283,170.47824280883455,-2.047455502406251,-1.9517003743926367,-0.09575512801361441,169.107,3.0089779695251266,175.12495593905027,163.08904406094973
2015-11-22,164.4,164.4,161.55,161.55,9270,169.0553887901578,168.49661904688202,37.76156960214486,167.37220464390086,169.81689148966163,-2.4446868457607707,-2.0502976686662633,-0.3943891770945074,168.483,3.2209006586148776,174.92480131722976,162.04119868277024
2015-11-23,159.06,161.73,157.63,161.55,13496,168.3405898577618,168.22420261367097,37.76156960214486,166.4764808525315,169.2045291570941,-2.7280483045626056,-2.1858477958455316,-0.542200508717074,167.8145,3.202001799866635,174.21850359973328,161.41049640026674
2015-11-24,159.95,160.84,158.88,160.84,13585,167.6262479665464,167.93462604058584,36.93294058292899,165.60932995214205,168.58493440471676,-2.9756044525747143,-2.3437991271913683,-0.631805325383346,167.27100000000002,3.421021546422263,174.11304309284455,160.42895690715548
2015-11-25,158.52,160.84,158.52,160.66,6702,166.96279577925625,167.64934658801386,36.71298819815872,164.84789457488944,167.9979022265896,-3.1500076517001503,-2.505040832093125,-0.6449668196070255,166.58499999999998,3.2936933356804228,173.1723866713608,159.99761332863915
2015-11-26,158.17,158.88,154.78,157.28,15623,166.04062475266042,167.24270554534664,32.766800785199294,163.6836031018295,167.20398354313852,-3.5203804413090154,-2.708108753936303,-0.8122716873727125,165.8545,3.6554738694945454,173.1654477389891,158.54355226101092
2015-11-29,157.1,157.1,152.29,152.29,10979,164.73104144288322,166.6563249357252,27.984432616578815,161.93074108616344,166.09924402142457,-4.168502935261131,-3.0001875902012687,-1.1683153450598622,165.151,4.744687777429982,174.64037555486,155.66162444514003
2015-11-30,153.71,156.03,152.29,154.6,11386,163.76618035308485,166.18352787942226,32.86902196875904,160.8029347652152,165.2474481679857,-4.444513402770497,-3.289052752715114,-1.1554606500553826,164.4915,5.248506830270678,174.98851366054134,153.99448633945866
2015-12-01,154.6,161.73,156.38,161.37,6761,163.53797270041008,165.99476208022924,44.70600472577013,160.89017557056673,164.96022978517198,-4.07005421460525,-3.4452530450931413,-0.6248011695121085,164.117,5.187254724705204,174.4915094494104,153.7424905505896
2015-12-02,161.73,161.73,154.96,158.17,7157,163.02673720513292,165.68790866531828,41.02386232949103,160.47168702124878,164.45724980108517,-3.9855627798363855,-3.5533149920417904,-0.43224778779459516,163.7075,5.322378648096434,174.35225729619287,153.06274270380715
2015-12-03,157.28,163.51,157.28,161.37,16673,162.86895270940596,165.51857891373714,45.82880102701299,160.60988901797975,164.22856463063442,-3.6186756126546697,-3.5663871161643663,-0.05228849649030343,163.351,5.222323439360238,173.79564687872048,152.90635312127952
2015-12-04,164.23,169.57,163.69,169.57,23660,163.50714768946253,165.67745817202197,55.77258419732033,161.98836763059825,164.62422650984666,-2.635858879248417,-3.3802814687811766,0.7444225895327596,163.52,5.371589003365857,174.26317800673172,152.7768219932683
2015-12-07,170.46,171.53,167.97,171.0,24009,164.22075267141847,165.88618530253092,57.2464641254694,163.37477261050623,165.0965060276358,-1.7217334171295704,-3.048571858450855,1.3268384413212848,163.654,5.528760592053073,174.71152118410615,152.59647881589385
2015-12-08,170.64,173.31,167.97,172.96,21148,165.05306194080717,166.16358980047087,59.250904890012514,164.84942297812066,165.67898706262574,-0.8295640845050798,-2.6047703036617,1.7752062191566202,163.9305,5.856130818033661,175.64276163606732,152.21823836393267
2015-12-09,175.1,176.52,173.31,175.99,33780,166.09467508930172,166.54893922006025,62.201231392274416,166.56335790456365,166.44276579872752,0.12059210583612412,-2.0596978217621356,2.1802899275982597,164.46550000000002,6.445928519128466,177.35735703825696,151.57364296174308
2015-12-10,177.41,179.55,175.99,179.37,54716,167.35899174746345,167.05172591731278,65.22582930525553,168.53361053463078,167.4003387025255,1.1332718321052937,-1.4211038909886498,2.5543757230939432,164.8665,7.111819868510116,179.09013973702022,150.64286026297978
2015-12-13,182.58,183.11,174.2,175.99,19927,168.1809925334193,167.40224646957503,60.05101212527993,169.68074737545683,168.0366099097458,1.644137465711026,-0.8080556196487145,2.4521930853597405,165.14299999999997,7.440633886411106,180.02426777282218,150.26173222717776
2015-12-14,174.2,175.27,172.78,173.67,12553,168.70375514928412,167.64804072567014,56.724406407833946,170.29447854846345,168.45389806457945,1.840580483883997,-0.27832839894217226,2.1189088828261693,165.43699999999998,7.66355702763541,180.7641140552708,150.10988594472917
2015-12-15,174.2,176.16,174.2,174.92,13654,169.2957784683999,167.93321559917325,58.07209896860095,171.00609723331522,168.9328685783143,2.073228655000918,0.19198301184644578,1.881245643154472,165.9185,7.950970993336176,181.82044198667234,150.01655801332765
2015-12-16,175.1,175.63,172.42,173.67,9714,169.71237099521895,168.1581875364606,56.187696314296566,171.41592842818977,169.28376720214288,2.1321612260468896,0.5800186546865346,1.552142571360355,166.20350000000002,8.128550900183475,182.46060180036696,149.94639819963308
2015-12-17,173.49,175.1,172.6,175.1,17448,170.2254785194838,168.43041547620723,57.87187818884891,171.98270867000673,169.71459926124342,2.2681094087633085,0.9176368055018894,1.350472603261419,166.596,8.36774785773079,183.33149571546159,149.86050428453842
2015-12-20,175.1,182.58,172.6,182.58,30396,171.4020996128663,168.98530114380694,65.3706123204059,173.61306118231337,170.66759190855873,2.9454692737546395,1.3232032991524396,1.6222659746022,167.64749999999998,8.997888568116618,185.64327713623322,149.65172286376674
2015-12-21,182.58,199.51,185.97,199.51,93168,174.07904250687903,170.1823481577753,75.84894207408304,177.59720561580363,172.80406658199882,4.793139033804806,2.017190446082913,2.775948587721893,169.5455,11.342211088163387,192.22992217632677,146.86107782367324
2015-12-22,203.25,218.22,193.98,195.41,119750,176.11056226812866,171.17166783786254,70.30113715614227,180.3376355210646,174.47858016851742,5.859055352547188,2.7855634273757683,3.0734919251714192,171.274,12.518831457155619,196.31166291431123,146.23633708568877
2015-12-23,195.41,196.66,191.31,191.67,54700,177.59241348068784,171.9755240010836,65.58842125569218,182.08107621013158,175.75201867455317,6.329057535578414,3.494262249016298,2.8347952865621164,172.8245,13.044378694531797,198.9132573890636,146.7357426109364
2015-12-24,191.13,193.63,190.6,192.38,34569,179.00075505395566,172.77569953045287,66.05365727504872,183.66552602395748,176.98372099495666,6.681805029000827,4.131770805013204,2.5500342239876232,174.5795,13.203161692725416,200.98582338545083,148.17317661454916
2015-12-25,192.38,194.52,192.38,193.63,22998,180.39401647738845,173.59351523514098,66.90206760102663,185.1985220202717,178.21677869903394,6.981743321237758,4.701765308258115,2.279978012979643,176.6465,12.758477171547,202.163454343094,151.129545656906
2015-12-28,193.63,193.27,190.24,190.24,30514,181.33172919382764,174.24631855925313,62.35082948294718,185.97413401715298,179.1073876842907,6.866746332862277,5.1347615131789475,1.7319848196833298,178.4285,11.982488659445087,202.39347731889018,154.46352268110985
2015-12-29,190.24,191.67,189.89,191.31,22015,182.2820406991774,174.91548253732162,63.201744161963816,186.7950364760525,180.01128489286177,6.783751583190735,5.464559527181306,1.3191920560094292,179.9255,11.60340488822344,203.13230977644687,156.71869022355312
2015-12-31,190.6,192.92,190.06,190.06,34876,183.02279872782717,175.50938518291684,61.454337202168716,187.2973385566598,180.75563416005718,6.541704396602626,5.67998850106557,0.8617158955370554,181.52,10.604613693058168,202.72922738611635,160.31077261388367
2016-01-03,192.02,193.98,190.24,192.74,50335,183.9482464680341,176.1850955679005,63.76733260352842,188.13467108640444,181.64336496301593,6.491306123388512,5.842252025530159,0.649054097858353,183.0885,9.75316643590004,202.5948328718001,163.58216712819993
2016-01-04,192.74,196.3,192.02,192.38,41061,184.75127061393562,176.82018985935537,63.21855521592563,188.78779861157298,182.4386712620518,6.349127349521183,5.943627090328364,0.4055002591928192,184.22899999999998,9.417028752550795,203.06305750510157,165.3949424948984
2016-01-05,192.38,192.38,190.06,190.06,42311,185.2568638887989,177.33939810016494,59.65553048589923,188.98352190210022,183.00321413152943,5.980307770570789,5.9509632263768495,0.029344544193939726,185.182,8.96119740589516,203.1043948117903,167.25960518820966
2016-01-06,190.24,191.49,189.35,190.06,54491,185.714305423199,177.83824523349182,59.65553048589923,189.14913391716172,183.5259390106754,5.623194906486333,5.885409562398746,-0.26221465591241344,186.03699999999998,8.539552619863828,203.11610523972763,168.95789476027232
2016-01-07,190.24,192.02,188.64,189.71,101756,186.0948477638467,178.30380424394312,59.073007883012835,189.23542100682914,183.9840176024772,5.251403404351947,5.758608330789387,-0.5072049264374394,186.723,8.235647867018674,203.19429573403735,170.25170426596267
2016-01-10,189.64,191.62,185.43,185.43,7483,186.03152892919462,178.5832629010434,52.342100367022276,188.64997162116313,184.0911274097011,4.558844211462031,5.518655506923915,-0.9598112954618845,187.026,8.060498482695076,203.14699696539017,170.90500303460985
2016-01-11,184.19,186.67,184.19,185.43,6752,185.9742404597475,178.85176239512015,52.342100367022276,188.15459137175344,184.19030315713064,3.9642882146227976,5.207782048463692,-1.243493833840894,187.498,7.645980436946053,202.78996087389208,172.2060391261079
2016-01-12,185.43,190.14,185.18,190.14,12534,186.37097946358108,179.29443837962526,58.39272628332199,188.46003885302213,184.63102144178762,3.829017411234503,4.9320291210178535,-1.1030117097833507,188.3215,6.931859532550039,202.18521906510006,174.45778093489992
2016-01-13,190.14,189.15,186.92,186.92,1880,186.4232671337162,179.59348001179683,53.4011715475116,188.22310979871102,184.8005754090626,3.4225343896484333,4.63013017474397,-1.2075957850955366,188.92149999999998,6.190514199377122,201.30252839875422,176.54047160124574
2016-01-14,186.67,187.41,185.43,186.67,4225,186.4467655019337,179.8709905995695,53.022202561003475,187.98416982967854,184.93905130468758,3.0451185249909543,4.3131278447933665,-1.2680093198024123,189.5715,5.089400000833107,199.7503000016662,179.39269999833377
2016-01-17,186.67,190.39,186.67,189.15,5870,186.70421640651142,180.234873321155,56.33278732625655,188.1635283174203,185.2509734302663,2.9125548871539877,4.033013253265491,-1.120458366111503,190.274,3.7907163605808902,197.85543272116178,182.69256727883823
2016-01-18,196.08,201.53,189.15,191.38,9066,187.1495291297008,180.67193711248225,59.122348342904324,188.65837011474022,185.70497539839474,2.9533947163454854,3.81708954588149,-0.8636948295360045,190.714,3.3338351552177348,197.38167031043548,184.04632968956452
2016-01-19,189.89,192.37,189.89,192.37,4087,187.64671683163405,181.13068467669862,60.333826845927156,189.2293900970879,186.19868092443957,3.0307091726483293,3.659813471234858,-0.6291042985865287,190.357,2.6556634615689934,195.66832692313798,185.04567307686202
2016-01-20,189.15,190.39,189.15,189.15,4750,187.7898866571927,181.44516763055358,54.65966049332186,189.21717623599744,186.41729715225887,2.799879083738574,3.4878265937356017,-0.6879475099970276,190.044,2.3837506934410437,194.8115013868821,185.27649861311792
2016-01-21,189.15,189.64,188.16,188.9,8086,187.89561173746006,181.73751399798286,54.233203471012565,189.16837989199786,186.60120106690636,2.567178825091503,3.303697040006782,-0.7365182149152791,189.9055,2.3646997695393477,194.63489953907867,185.1761004609213
2016-01-24,188.9,191.38,189.15,190.39,9158,188.1331725243686,182.07682717453255,56.41577560157535,189.35632144707512,186.88185283972808,2.4744686073470348,3.137851353474833,-0.6633827461277981,189.806,2.295967632280643,194.39793526456128,185.21406473543874
2016-01-25,191.13,192.86,189.15,190.39,14597,188.34810847442873,182.40283395200188,56.41577560157535,189.51534891675587,187.1417155923408,2.373633324415067,2.98500774766288,-0.6113744232478129,189.644,2.1194721289326495,193.8829442578653,185.40505574213472
2016-01-26,190.39,191.38,189.15,190.39,11030,188.54257433400693,182.7160561499626,56.41577560157535,189.64991062187033,187.3823292521674,2.267581369702924,2.841522472070889,-0.5739411023679648,189.6515,2.1219560861709876,193.89541217234196,185.40758782765803
2016-01-27,190.39,190.39,187.91,188.4,4489,188.52899582600628,182.9389559087876,52.25861463242519,189.4576166800441,187.45771227052538,1.9999044095187344,2.6731988595604586,-0.6732944500417242,189.506,2.101922428348823,193.70984485669766,185.30215514330234
2016-01-28,187.91,188.16,187.16,187.91,8349,188.4700438425771,183.13389881432533,51.25705318412578,189.21952180619115,187.49121506530128,1.7283067408898773,2.4842204358263427,-0.7559136949364653,189.39849999999998,2.1269282892065884,193.65235657841316,185.1446434215868
2016-01-31,187.91,187.91,185.43,187.66,3143,188.3928968099507,183.31139297846943,50.72291634182258,188.97959537446945,187.50371765305673,1.4758777214127292,2.28255189294362,-0.8066741715308909,189.14450000000002,2.006818574144716,193.15813714828946,185.1308628517106
2016-02-01,187.66,191.87,187.91,190.63,10652,188.60595425662208,183.5983971753922,56.5197643478721,189.23350377839722,187.73529412320067,1.498209655196547,2.1256834453942055,-0.6274737901976586,189.057,1.8932597897904542,192.84351957958089,185.2704804204191
2016-02-02,193.85,195.34,190.39,191.13,29888,188.84633956551522,183.89375414890623,57.4277352046272,189.52527242787457,187.98675381777838,1.5385186100961903,2.0082504783346025,-0.4697318682384122,189.1105,1.937691179037998,192.985882358076,185.235117641924
2016-02-03,191.13,197.82,191.62,191.62,27172,189.11049770213282,184.19674418228243,58.34575086371539,189.84753820820157,188.25588316460963,1.5916550435919419,1.9249313913860704,-0.3332763477941285,189.1885,2.008045069229922,193.20459013845985,185.17240986154016
2016-02-04,192.86,194.1,191.38,191.87,14681,189.37330744478683,184.4976561751341,58.833499314175285,190.15868617617056,188.52359552278668,1.6350906533838838,1.8669632437856332,-0.23187259040174935,189.2965,2.0938236868556253,193.48414737371127,185.10885262628875
2016-02-07,191.87,195.34,190.88,191.87,12458,189.6110876881405,184.78676769767787,58.833499314175285,190.42196522599048,188.77147733591357,1.6504878900769029,1.823668173043887,-0.17318028296698418,189.61849999999998,1.9587489965889167,193.53599799317783,185.70100200682214
2016-02-08,191.87,193.36,190.88,190.88,17546,189.73193647974617,185.02571798404347,55.831041787657604,190.49243211429965,188.92766419991997,1.5647679143796722,1.7718881213110442,-0.207120206931372,189.89100000000002,1.7084924102403711,193.30798482048075,186.47401517951928
2016-02-11,190.88,191.87,190.39,191.13,8473,189.86508538643702,185.26510159251237,56.435648470876295,190.5905194813305,189.09080018511108,1.4997192962194106,1.7174543562927176,-0.217735060073307,189.9405,1.7302889171758693,193.40107783435172,186.47992216564825
2016-02-14,192.86,194.6,190.88,190.88,13211,189.96174392106207,185.48529368692365,55.61579057057435,190.6350549457412,189.2233335047325,1.4117214410086945,1.656307773235913,-0.2445863322272186,190.1385,1.5871068514610154,193.31271370292203,186.96428629707796
2016-02-15,191.62,191.62,188.9,189.89,5195,189.9549111666752,185.6580272678286,52.37121717212183,190.52043110793485,189.27271620808563,1.2477148998492282,1.5745891985585763,-0.32687429870934803,190.2995,1.3644373238028409,193.0283746476057,187.5706253523943
2016-02-16,189.89,190.39,188.16,188.16,8228,189.78396724603945,185.7561438455608,47.19028743313977,190.15728786056025,189.19029278526446,0.9669950752957845,1.453070373906018,-0.48607529861023346,190.25,1.424950599349395,193.0999011986988,187.4000988013012
2016-02-17,188.16,191.62,187.91,191.13,8159,189.91216084165475,185.96688330259767,55.355667410594926,190.30693588201254,189.3339748011708,0.9729610808417419,1.3570485152931628,-0.3840874344514209,190.23749999999998,1.4155819893177934,193.06866397863558,187.40633602136438
2016-02-18,191.13,194.84,187.66,193.61,21176,190.2643359995924,186.26661336916246,60.80532899472197,190.81509959247217,189.6507174084915,1.1643821839806776,1.318515249030666,-0.15413306504998836,190.2995,1.5359361109440874,193.37137222188818,187.2276277781118
2016-02-21,197.07,200.05,195.34,197.57,38252,190.96011352344075,186.7098834331169,67.60527786017403,191.85431503978413,190.2373309337884,1.6169841059957264,1.378209020423678,0.2387750855720483,190.7205,2.2102261732461983,195.14095234649238,186.3000476535076
2016-02-22,197.57,200.29,194.6,199.05,29107,191.7305789021607,187.19380957299467,69.71969231975635,192.96134349520196,190.89012123498927,2.071222260212693,1.5168116683814812,0.5544105918312117,191.228,2.8444971806256643,196.91699436125134,185.53900563874868
2016-02-23,199.05,202.52,197.07,199.05,11757,192.42766662576443,187.65875821719098,69.71969231975633,193.8980598805555,191.49455669906413,2.4035031814913737,1.6941499710034598,0.7093532104879139,191.661,3.328218900957859,198.31743780191573,185.00456219808427
2016-02-24,200.29,200.29,195.34,196.58,8323,192.82312694712022,188.0086108361247,61.899657105480436,194.31066605277775,191.87125620283717,2.4394098499405743,1.843201946790883,0.5962079031496914,191.9705,3.487791451705256,198.9460829034105,184.99491709658946
2016-02-25,194.84,197.32,191.62,196.33,10460,193.1571148569183,188.3349398229433,61.15201839173113,194.62133281388887,192.20153352114554,2.4197992927433347,1.9585214159813735,0.4612778767619612,192.26749999999998,3.597310215916328,199.46212043183263,185.07287956816734
2016-02-28,196.33,197.82,194.1,195.59,14002,193.38881820387846,188.61945198674945,58.88485136827753,194.77035853482906,192.45253103809773,2.3178274967313257,2.030382632131364,0.28744486459996166,192.627,3.5494167052392056,199.72583341047843,185.5281665895216
2016-02-29,195.59,196.58,194.1,195.34,18226,193.57464504160433,188.88300288922986,58.10115032792377,194.8579956833169,192.66641762786827,2.191578055448616,2.0626217167948147,0.12895633865380152,192.9985,3.416052315336488,199.83060463067298,186.16639536932703
2016-03-01,195.09,195.83,194.1,194.1,3637,193.62467884716582,189.08759101122087,54.244842843512956,194.7413809628066,192.77260891469282,1.9687720481137774,2.0438517830586074,-0.07507973494483,193.32049999999998,3.181847320108962,199.6841946402179,186.95680535978207
2016-03-02,192.86,195.83,192.86,195.59,7179,193.8118522902929,189.3425874421534,57.86386228166348,194.87193773775945,192.9813045506415,1.8906331871179418,2.0132080638704744,-0.12257487675253254,193.56850000000003,3.1542840959492793,199.8770681918986,187.25993180810147
2016-03-03,195.34,196.08,194.84,195.34,11804,193.95739016740788,189.57778009148072,57.048531650245096,194.9439473165657,193.15602273207546,1.7879245844902414,1.9681513679944278,-0.18022678350418642,193.779,3.1233111647165455,200.02562232943308,187.53237767056692
2016-03-06,195.34,197.57,195.34,197.07,5534,194.2538291990833,189.87159263691285,61.130129494965544,195.27103234478636,193.44594697414394,1.8250853706424266,1.9395381685240276,-0.11445279788160101,194.0515,3.162532754157185,200.37656550831437,187.72643449168564
2016-03-10,196.58,197.82,195.34,195.83,15243,194.4039407039325,190.10525567075942,56.95254181594706,195.3570273686654,193.62254349457774,1.7344838740876583,1.8985273096367536,-0.1640434355490954,194.24949999999998,3.1426664424475104,200.534832884895,187.96416711510497
2016-03-13,199.3,199.3,195.59,195.59,9949,194.51689873212942,190.3203436836708,56.15267996071984,195.39286931194766,193.76828101349793,1.624588298449737,1.8437395073993506,-0.21915120894961349,194.4355,3.104272904115028,200.64404580823003,188.22695419176995
2016-03-14,196.08,196.33,195.09,196.08,14969,194.6657655195457,190.54621255882097,57.46610869462888,195.49858172549418,193.93951945694252,1.5590622685516564,1.7868040596298118,-0.2277417910781554,194.69549999999998,3.0070486930161966,200.70959738603239,188.68140261396758
2016-03-15,195.34,195.83,194.84,195.34,6928,194.72997832720802,190.73420422318094,54.79656451260346,195.4741845369566,194.04325875642826,1.430925780528355,1.7156284038095204,-0.28470262328116536,194.906,2.889371448686797,200.6847428973736,189.1272571026264
2016-03-16,195.34,196.83,194.6,195.09,13251,194.76426610556916,190.9050197438405,53.885827778258445,195.41507922357866,194.120795144841,1.294284078737661,1.6313595387951485,-0.33707546005748745,195.1165,2.7295638267452453,200.5756276534905,189.6573723465095
2016-03-17,196.58,198.56,195.59,195.83,5356,194.86576457170543,191.09815622447422,56.20605230198299,195.47891318918195,194.24740291188982,1.2315102772921307,1.551389686494545,-0.3198794092024142,195.41350000000003,2.4385981197277324,200.29069623945549,190.53630376054457
2016-03-20,196.58,197.57,195.09,197.07,8174,195.07569175535252,191.33234617645562,59.85141302020354,195.72369577546166,194.45648417767575,1.2672115977859164,1.4945540687528194,-0.22734247096690297,195.85899999999998,1.7644110393714738,199.38782207874291,192.33017792125705
2016-03-21,200.54,200.54,196.83,197.82,16186,195.33705444531896,191.58676397345735,61.91627079848886,196.04620411769832,194.7056334978479,1.3405706198504106,1.4637573789723377,-0.12318675912192711,196.19350000000003,1.4215272550707287,199.03655451014149,193.35044548985857
2016-03-23,196.83,200.54,196.58,199.05,6157,195.69066830766954,191.87943989606688,65.08751156208604,196.50832656112934,195.02743842393326,1.4808881371960751,1.4671835306170853,0.013704606578989864,196.46550000000002,1.4216279586089633,199.30875591721795,193.6222440827821
2016-03-24,199.05,200.79,197.82,200.29,35795,196.1286998974153,192.20926578249563,67.98208181469342,197.09012247480175,195.4172577999382,1.672864674863547,1.5083197594663775,0.16454491539716942,196.60150000000002,1.6453515861883454,199.8922031723767,193.31079682762334
2016-03-27,200.29,210.2,202.77,206.49,24001,197.11549038337574,192.76929457533893,77.86424964994845,198.53625747867838,196.2374609258687,2.2987965528096765,1.6664151181350375,0.632381434674639,196.9735,2.718901239000057,202.41130247800012,191.53569752199988
2016-03-28,206.49,210.2,205.25,207.72,15039,198.12544368019712,193.35559674885508,79.23361147180886,199.9491409434971,197.08801937580435,2.8611215676927486,1.90535640804658,0.9557651596461687,197.407,3.611917554585196,204.6308351091704,190.18316489082963
2016-03-29,205.0,208.22,202.27,205.74,11369,198.85063952017836,193.84125962144898,71.55937354754532,200.84004233680523,197.72890682944848,3.1111355073567495,2.146512227908614,0.9646232794481353,197.865,4.055098804697369,205.97519760939474,189.75480239060528
2016-03-30,205.25,205.74,203.76,203.76,7723,199.31819766111374,194.23022983237257,64.80029526952015,201.28926659268134,198.17565447171157,3.1136121209697762,2.3399322065208468,0.7736799144489295,198.23650000000004,4.243057828607933,206.7226156572159,189.75038434278417
2016-03-31,203.76,204.01,200.79,201.53,7924,199.52884550291242,194.5164953291423,58.13963059056918,201.3263025014996,198.42412451084405,2.9021779906555594,2.4523813633477896,0.4497966273077698,198.5335,4.255932423047029,207.04536484609406,190.02163515390595
2016-04-03,201.53,202.77,198.31,202.03,9855,199.76705069311123,194.8111425711367,59.153416264291735,201.43456365511506,198.69122639892967,2.7433372561853844,2.510572541915309,0.2327647142700755,198.868,4.254629181697723,207.37725836339544,190.35874163660455
2016-04-04,202.03,203.51,200.54,202.77,5189,200.05304586519586,195.12325462717055,60.67150386075191,201.64001540048199,198.99335777678675,2.6466576236952335,2.537789558271294,0.10886806542393934,199.3015,4.184362210102425,207.67022442020485,190.93277557979516
2016-04-05,204.01,206.49,204.01,204.01,5184,200.4298986399391,195.4717544457129,63.14340422059159,202.00462841579247,199.36496090443217,2.639667511360301,2.558165148889096,0.08150236247120501,199.7225,4.214753379819763,208.15200675963953,191.29299324036046
2016-04-06,204.01,205.0,203.27,204.01,9094,200.7708606742306,195.80658760470453,63.14340422059159,202.31314712105518,199.7090378744742,2.6041092465809754,2.567353968427472,0.03675527815350321,200.156,4.186046244126519,208.52809248825304,191.78390751174697
2016-04-10,204.01,207.72,204.26,204.26,10945,201.1031596576372,196.13809397314748,63.67721876933188,202.61266294858515,200.04614618006872,2.5665167685164363,2.567186528445265,-0.0006697599288285616,200.5155,4.215705566227795,208.9469111324556,192.0840888675444
2016-04-11,204.26,205.49,204.26,204.26,7145,201.40381111881464,196.45660009184758,63.67721876933188,202.86609941803357,200.35828350006364,2.5078159179699355,2.555312406350199,-0.047496488380263546,200.937,4.143386740853714,209.22377348170744,192.65022651829258
2016-04-12,204.26,207.72,204.75,205.74,12984,201.81678148845134,196.8206549902065,66.96250607908192,203.30823796910533,200.7569291667256,2.5513088023797366,2.5545116855561067,-0.003202883176370186,201.4445,4.075037584595,209.59457516919,193.29442483081002
2016-04-14,205.74,219.12,206.49,211.93,18822,202.77994515621788,197.4131783239239,76.5256619212332,204.63466289693528,201.58456404326444,3.050098853670846,2.6536291191790546,0.39646973449179157,202.23700000000002,4.496310885494976,211.22962177098998,193.24437822901007
2016-04-17,215.9,217.63,213.42,217.63,18250,204.19423609372092,198.2059948602406,81.76118094249088,206.633945528176,202.77311485487448,3.8608306733015354,2.895069430003551,0.9657612432979845,203.3515,5.373683706641268,214.09886741328253,192.60413258671744
2016-04-18,217.63,229.27,218.37,228.03,30191,206.46430884669988,199.37556368925075,87.31863211153626,209.92564621614892,204.64399523599488,5.2816509801540406,3.372385740033649,1.9092652401203916,204.9985,7.381259538080026,219.76101907616007,190.23598092383995
2016-04-19,228.03,231.01,220.85,223.58,36006,208.0943746708237,200.32475727006448,76.56792189138885,212.0263160290491,206.0466622555508,5.979653773498285,3.893839346726576,2.0858144267717087,206.38600000000002,8.136611476276064,222.65922295255214,190.1127770474479
2016-04-20,223.58,226.55,223.08,224.81,19102,209.68633898788812,201.28496286731686,77.39632012461878,213.99303663996463,207.43653912551,6.556497514454634,4.426370980272188,2.1301265341824456,207.773,8.80210806090614,225.37721612181227,190.16878387818772
2016-04-21,224.81,226.8,221.84,222.83,20159,210.93811622713687,202.12986628428484,72.92680601187911,215.35256946458546,208.57679548658334,6.775773978002121,4.896251579818175,1.879522398183946,209.0235,9.085677146509614,227.19485429301923,190.8521457069808
2016-04-24,222.83,227.79,220.85,222.59,29317,212.04781944360002,202.93222446921484,72.38117834408439,216.46602031618767,209.61481063572532,6.851209680462347,5.28724319994701,1.5639664805153366,210.2005,9.248936482251008,228.69837296450203,191.70262703549798
2016-04-25,222.59,230.02,224.07,228.78,44819,213.64136044897145,203.94586272532408,77.13320239376384,218.36047872908188,211.03445429233824,7.326024436743637,5.694999447306336,1.631024989437301,211.625,9.818643651644475,231.26228730328896,191.98771269671104
2016-04-26,228.78,232.0,225.81,225.81,33328,214.80027850145035,204.8032798733506,70.83559590787306,219.50655892460776,212.12893915957244,7.37761976503532,6.031523510852133,1.3460962541831867,212.59099999999998,10.228680987152096,233.04836197430416,192.1336380256958
2016-04-27,225.81,230.02,222.83,229.03,23594,216.1554900727408,205.7533473292976,73.37380486991049,220.97170370543733,213.38086959219672,7.590834113240618,6.343385631329831,1.2474484819107872,213.6565,10.789128678056665,235.23475735611333,192.07824264388665
2016-04-28,229.03,229.52,225.06,226.3,17778,217.12163387533693,206.5590984144232,67.97249680762798,221.7914415969085,214.33784221499698,7.453599381911516,6.565428381446168,0.8881710004653485,214.68449999999999,10.973058142563858,236.6306162851277,192.73838371487227
2016-05-02,226.3,227.79,224.07,225.31,19569,217.90147826816198,207.2944278883674,66.07299746404644,222.3327582743072,215.15059464351572,7.182163630791479,6.68877543131523,0.49338819947624835,215.762,10.901686301238652,237.5653726024773,193.9586273975227
2016-05-03,225.31,226.3,224.57,226.05,25556,218.67752795690848,208.02994052019616,66.81939707883981,222.90464161672148,215.9579580032553,6.946683613466178,6.740357067745419,0.20632654572075815,216.988,10.591257864766783,238.17051572953358,195.80548427046642
2016-05-04,226.05,229.77,223.82,229.52,56355,219.71014434196482,208.8726879507767,70.13711951663944,223.9223890603028,216.96255370671787,6.9598353535849355,6.784252724913323,0.1755826286716129,218.3625,10.32840838352808,239.01931676705618,197.70568323294384
2016-05-05,229.52,235.71,226.05,234.97,58825,221.16346392844434,209.89611195270703,74.4570651664516,225.62202151256392,218.29643861733138,7.325582895232543,6.892518758977167,0.43306413625537576,219.9725,10.279477190785641,240.53145438157128,199.4135456184287
2016-05-08,234.97,247.36,238.44,247.36,128264,223.65837212573535,211.36528403299303,81.13750676008213,228.9663258952464,220.44929501604759,8.517030879198813,7.2174211830214965,1.299609696177317,222.13999999999996,11.260078526420134,244.66015705284022,199.6198429471597
2016-05-09,247.11,252.06,243.39,249.58,77126,226.12709858995103,212.86390034542467,82.04369356822326,232.1376603729008,222.60712501485887,9.53053535804193,7.680044018025584,1.8504913400163465,224.41850000000005,11.985569075047263,248.38963815009458,200.44736184990552
2016-05-10,251.07,251.07,241.41,243.64,62743,227.79499396233666,214.07080621423157,72.06727033365723,233.9072510847622,224.16511575449894,9.742135330263267,8.092462280473121,1.6496730497901453,226.3875,11.731615348463755,249.85073069692749,202.9242693030725
2016-05-11,243.64,243.64,237.69,239.92,81424,228.94975644211414,215.08450008818326,66.60494789906164,234.83228937941416,225.33214421712864,9.50014516228552,8.373998856835602,1.1261463054499181,228.1705,10.869817446300154,249.9101348926003,206.4308651073997
2016-05-12,242.4,245.87,238.19,238.44,67464,229.8535891619128,216.00040204550942,64.51001619395123,235.3873217825812,226.30309649734133,9.084225285239881,8.516044142516458,0.5681811427234233,229.80550000000002,9.716444267870308,249.23838853574063,210.37261146425942
2016-05-15,240.54,249.83,240.54,247.36,42382,231.52086638458778,217.2301902005875,70.52696203590183,237.2292722775687,227.86286712716787,9.366405150400823,8.686116344093332,0.680288806307491,231.577,9.513533905364842,250.60406781072967,212.54993218927032
2016-05-16,247.36,247.36,243.02,244.88,15287,232.79316482415084,218.31449646723112,67.11980241278047,238.4063073117889,229.1233954881184,9.282911823670503,8.805475440008767,0.47743638366173613,232.9395,9.361067457692805,251.6616349153856,214.2173650846144
2016-05-17,244.57,244.57,241.16,242.09,6985,233.6785776980412,219.2468691547907,63.40853515835143,238.9730292638214,230.08388471122075,8.88914455260064,8.822209262527142,0.06693529007349852,233.6425,9.4998791543617,252.6422583087234,214.64274169127663
2016-05-18,242.09,244.57,242.09,244.26,17096,234.68633220298966,220.22777624675967,65.02821641523178,239.78640937707962,231.1339673252044,8.652442051875227,8.78825582039676,-0.13581376852153326,234.67649999999998,9.472399393145674,253.62129878629133,215.73170121370862
2016-05-19,244.26,248.9,239.61,243.64,25776,235.5390624693716,221.1459026684554,64.15445429098384,240.3792694729135,232.06034011593,8.318929356983517,8.694390527714111,-0.3754611707305937,235.618,9.375412187435824,254.36882437487165,216.86717562512834
2016-05-22,243.64,248.59,242.71,245.81,17858,236.5172469960981,222.1131221716532,65.88237152394677,241.21476647708064,233.07883344067594,8.135933036404708,8.58269902945223,-0.4467659930475225,236.767,9.130655767082287,255.02831153416457,218.50568846583542
2016-05-23,245.81,248.59,245.81,246.43,31204,237.46131871075542,223.06672522374524,66.38101368148881,242.0171100959913,234.0678087413666,7.949301354624708,8.456019494486727,-0.5067181398620182,237.95899999999997,8.729796464746569,255.41859292949312,220.49940707050683
2016-05-24,246.43,253.24,247.97,250.45,31735,238.69833597639774,224.14057913653954,69.49424234357107,243.3144777735311,235.28130439015428,8.033173383376834,8.371450272264749,-0.33827688888791485,239.04249999999996,8.874176537044981,256.7908530740899,221.29414692591
2016-05-25,250.45,252.31,243.64,244.57,28732,239.25754207388366,224.94173289589094,60.6476442364859,243.5076350391417,235.96935591680952,7.53827912233217,8.204816042278233,-0.6665369199460631,239.98050000000003,8.379569436879365,256.73963887375874,223.2213611262413
2016-05-26,244.57,247.36,239.61,244.88,37018,239.7930142573233,225.72362572350306,60.93002793722208,243.71876811004296,236.6294036266755,7.089364483367461,7.981725730496079,-0.8923612471286173,240.773,8.0317036929061,256.8364073858122,224.70959261418778
2016-05-29,244.88,245.81,239.3,239.92,18969,239.80510813757823,226.2803462833657,54.22537749929482,243.13434224695942,236.873151506181,6.2611907407784315,7.637618732552549,-1.3764279917741176,241.45400000000004,7.28242903375617,256.0188580675124,226.8891419324877
2016-05-30,239.92,241.16,236.52,236.52,16065,239.49224069590412,226.68190133107686,50.15147702803291,242.1167511320426,236.8469921353528,5.269758996689802,7.16404678538,-1.8942877886901979,242.0145,6.345632957530351,254.7057659150607,229.3232340849393
2016-05-31,236.52,240.23,236.83,237.76,31109,239.3272653915323,227.1163365729954,51.58023273976539,241.44648172711297,236.91462234754886,4.531859379564111,6.637609304216823,-2.105749924652712,242.6,5.23878953476762,253.07757906953523,232.12242093046476
2016-06-01,237.76,239.61,234.97,237.14,20448,239.11895440186257,227.5094214132701,50.79627573538937,240.7839460767879,236.93131698847117,3.852629088316746,6.080613261036808,-2.2279841727200616,242.981,4.456074387561982,251.89314877512396,234.06885122487603
2016-06-02,237.14,238.07,232.49,234.97,29789,238.72381588739947,227.80199312255365,48.043946701058,239.88949283420516,236.78603424858443,3.1034585856207286,5.485182325953592,-2.3817237403328635,242.981,4.456074387561982,251.89314877512396,234.06885122487603
2016-06-05,234.97,234.97,228.16,228.16,21699,237.7177381838376,227.8160326079437,40.607770282258734,238.08495547509668,236.14706874868926,1.937886726407413,4.775723206044357,-2.8378364796369437,242.02100000000002,5.425717415586687,252.8724348311734,231.16956516882664
2016-06-06,228.16,238.07,225.68,232.49,14794,237.21985835680545,227.99932544684788,46.29915087689473,237.22419309431257,235.87617476730486,1.3480183270077077,4.090182230237027,-2.7421639032293195,241.16649999999998,5.517569330412173,252.20163866082433,230.13136133917564
2016-06-07,234.04,237.76,233.42,235.28,20109,237.0351099418716,228.2848420959911,49.64735030835901,236.9250864644183,235.83201367343042,1.0930727909878897,3.4907603423872,-2.39768755139931,240.7485,5.635722785579912,252.01994557115984,229.47705442884018
2016-06-08,235.28,241.16,236.52,238.07,9532,237.13367089978863,228.66857377850127,52.815558193539054,237.10122700835396,235.9977904383615,1.1034365699924535,3.013295587908251,-1.9098590179157973,240.656,5.6651421685239916,251.98628433704798,229.32571566295204
2016-06-09,237.45,238.07,235.9,235.9,14948,237.0161784331421,228.95215912052083,50.17139802913672,236.9164228532226,235.99054670218658,0.9258761510360216,2.5958117005338055,-1.6699355494977839,240.529,5.745337606324036,252.01967521264805,229.03832478735194
2016-06-12,235.9,241.16,231.87,239.3,26571,237.23368524903333,229.35795680206903,54.05280147795154,237.2831270296499,236.2356913909135,1.0474356387364026,2.286136488174325,-1.2387008494379224,240.12599999999998,5.519195593572893,251.16439118714575,229.0876088128542
2016-06-13,239.3,247.36,234.35,241.16,15077,237.60761998722063,229.8207820255173,56.06885171831993,237.8795690250884,236.60045499158656,1.279114033501827,2.0847319972398255,-0.8056179637379985,239.94,5.412196752181572,250.76439350436314,229.11560649563685
2016-06-14,241.16,242.09,237.45,239.92,26580,237.8278466551044,230.21682978922252,54.356521982572815,238.19348148276708,236.846347214432,1.3471342683350827,1.937212451458877,-0.5900781831237945,239.83149999999995,5.388526089866016,250.608552179732,229.0544478202679
2016-06-15,239.61,239.61,233.42,236.52,19930,237.70328983080873,230.4640129347432,49.86015950061204,237.9360227931106,236.8221733466963,1.1138494464142923,1.7725398504499603,-0.658690404035668,239.4445,5.33137236702738,250.10724473405477,228.78175526594524
2016-06-16,236.52,238.38,233.73,236.52,19188,237.5905955612079,230.70150262357683,49.86015950061204,237.71817313263205,236.7997901358299,0.9183829968021371,1.6017084797203958,-0.6833254829182587,239.0885,5.273882296164513,249.63626459232904,228.54073540767098
2016-06-19,236.52,237.76,231.87,233.73,12918,237.2229197934738,230.8202672265738,46.22144620488176,237.10460803530404,236.57239827391658,0.5322097613874632,1.3878087360538094,-0.8555989746663462,238.48449999999997,5.153953490191772,248.7924069803835,228.17659301961643
2016-06-20,233.73,237.76,233.42,234.66,9017,236.97883219409536,230.97084498239442,47.59433647450256,236.72851449141112,236.43073914251536,0.29777534889575463,1.1698020586221984,-0.8720267097264438,237.89600000000002,4.86269732383888,247.6213946476778,228.17060535232224
2016-06-21,234.66,237.76,234.66,236.52,12279,236.9351338898958,231.1884589046535,50.325662069088786,236.69643533888632,236.4373510578846,0.2590842810017193,0.9876585030981027,-0.7285742220963833,237.19950000000003,3.865222094811167,244.92994418962238,229.46905581037768
2016-06-22,240.85,244.26,238.38,240.85,30361,237.3079782813343,231.56734286917688,56.066212433479215,237.33544528674997,236.76421394248572,0.5712313442642483,0.9043730713313318,-0.33314172706708356,237.01349999999996,3.570116134054645,244.15373226810925,229.87326773189068
2016-06-23,240.85,244.26,239.92,240.23,14530,237.58626606406435,231.90705491352287,55.084599844460264,237.78076139648073,237.02093883563492,0.7598225608458051,0.8754629692342266,-0.11564040838842149,236.781,3.1585454680588216,243.09809093611764,230.46390906388237
2016-06-26,240.23,245.81,241.16,245.5,13930,238.33995501034394,232.4401115835808,61.28871805193683,238.96833656625293,237.6490174404027,1.3193191258502281,0.9642342005574269,0.3550849252928012,237.06,3.6574552557043565,244.37491051140873,229.74508948859128
2016-06-27,245.5,253.55,247.36,253.55,34968,239.78853072364453,233.267950345009,68.45622880371997,241.21166940221403,238.82686800037288,2.3848014018411448,1.2483476408141705,1.1364537610269743,237.91150000000002,5.187485218759539,248.28647043751909,227.53652956248095
2016-06-28,253.55,262.53,253.55,256.64,42740,241.3934325594879,234.1845013118714,70.69888273838662,243.58525872495034,240.1463592596045,3.438899465345827,1.6864580057205019,1.752441459625325,238.85549999999998,6.665706007547898,252.18691201509577,225.52408798490418
2016-06-29,256.64,259.43,255.1,257.26,37075,242.90453422048907,235.08942282905292,71.14221520017978,245.68906507495797,241.41403635148566,4.275028723472303,2.204172149270862,2.070856574201441,239.86150000000004,7.812752918018623,255.48700583603727,224.2359941639628
2016-06-30,257.26,256.95,251.69,256.02,24263,244.1536261994901,235.9102297769332,68.89698813913009,247.27843967881057,242.49595958470894,4.782480094101629,2.7198337382370155,2.0626463558646138,240.914,8.50621531278648,257.92643062557295,223.90156937442703
2016-07-03,256.02,254.17,248.59,252.62,19671,244.95994751382437,236.56551488372014,63.023732313408566,248.1002181897628,243.24588850436012,4.854329685402689,3.1467329276701506,1.7075967577325386,242.137,8.332591749466301,258.8021834989326,225.4718165010674
2016-07-04,252.62,253.55,250.45,252.0,14872,245.63042870298395,237.17078880984877,61.986036640775716,248.700184622107,243.89434120774084,4.805843414366166,3.4785550250093538,1.327288389356812,243.1125,8.285662235713419,259.6838244714269,226.54117552857318
2016-07-05,253.86,253.86,245.81,251.69,9935,246.2075307312712,237.74016964083512,61.441306984346085,249.16015621870594,244.47179741457484,4.688358804131099,3.720515780833703,0.9678430232973958,243.933,8.281726301106161,260.49645260221234,227.36954739778767
2016-07-06,253.24,255.1,251.38,253.24,16892,246.87728970924536,238.34800612550828,63.18345430576251,249.78782449275118,245.1212939023841,4.666530590367074,3.9097187427403775,0.7568118476266967,244.6915,8.410181345445316,261.5118626908906,227.87113730910937
2016-07-10,253.24,255.1,250.45,253.55,35767,247.5127859274125,238.94416274803737,63.5382794679231,250.36662072463562,245.74564250220752,4.620978222428107,4.051970638677924,0.5690075837501833,245.57399999999998,8.365022037288957,262.3040440745779,228.84395592542208
2016-07-11,253.55,257.88,250.45,250.45,27117,247.79252060099225,239.3953720520359,57.56373223152359,250.37944830546093,246.09411342796994,4.285334877490982,4.098643486440536,0.18669139105044597,246.13150000000002,8.296145125748968,262.723790251498,229.5392097485021
2016-07-12,250.45,253.24,246.12,248.28,26481,247.83894721042157,239.74378883430902,53.75343795814767,250.05645625846694,246.25603095182402,3.8004253066429214,4.038999850481013,-0.23857454383809173,246.48749999999995,8.22403401783067,262.9355680356613,230.0394319643386
2016-07-13,248.28,247.36,242.71,246.74,21074,247.7342855713338,240.018150056493,51.16505410589859,249.5462322187028,246.29188051094818,3.254351707754637,3.882070221935738,-0.627718514181101,246.82850000000002,8.077473728971567,262.98344745794316,230.67355254205688
2016-07-14,250.45,254.79,247.36,252.93,38266,248.22911551692107,240.52449711310112,59.588375252702185,250.06681187736393,246.78359306569274,3.2832188116711905,3.762299939882829,-0.4790811282116385,247.64899999999997,7.804063651316892,263.25712730263376,232.04087269736618
2016-07-17,252.93,261.29,252.0,260.98,32592,249.4434854676905,241.32667369690108,67.4511846680429,251.74576389623104,247.83517876453033,3.9105851317007136,3.7919569782464064,0.11862815345430722,248.87199999999999,7.884398718863552,264.6407974377271,233.10320256227288
2016-07-18,260.98,286.37,265.93,278.32,56056,252.19362970886283,242.77739237545399,77.57335501479774,255.8341079121955,250.09331367086142,5.740794241334072,4.18172443086394,1.559069810470132,251.1015,9.513431654362677,270.12836330872534,232.07463669127463
2016-07-19,283.58,287.61,273.05,283.89,80145,255.21233164135208,244.3896514979852,79.75165991017363,260.15039900262695,252.59677191746425,7.553627085162702,4.856104961723693,2.6975221234390094,253.56300000000002,11.246485813711832,276.0559716274237,231.07002837257636
2016-07-20,287.61,294.73,277.7,285.75,84210,258.1206810088423,246.01162594904463,80.43506042653675,264.08879915606894,255.05256659024468,9.036232565824264,5.692130482543807,3.3441020832804567,256.0245,12.623171873900153,281.2708437478003,230.7781562521997
2016-07-21,285.75,290.39,278.32,281.41,43448,260.33871138895256,247.39979748045465,74.14667670005537,266.7535992859045,257.00496906504134,9.748630220863163,6.503430430207679,3.2451997906554837,258.0525,13.297105690223464,284.64671138044696,231.4582886195531
2016-07-25,281.41,284.82,279.87,284.2,55981,262.6112150661952,248.8429426772996,75.47412411472133,269.43766093422687,259.0194158009642,10.418245133262644,7.286393370818672,3.131851762443972,260.251,13.819950453111218,287.89090090622244,232.61109909377754
2016-07-26,284.2,292.25,282.96,284.82,47795,264.7263374408433,250.25380767034665,75.77183427335781,271.8041746366535,260.930570186078,10.873604450575499,8.003835586770037,2.8697688638054615,262.217,14.395851412642186,291.00870282528433,233.4252971747156
2016-07-27,284.82,295.04,284.82,288.84,43251,267.02287673219155,251.76699168327423,77.66494172470024,274.4250708463991,262.99793535747966,11.427135488919419,8.688495567199915,2.7386399217195034,263.9815,15.405003040712048,294.7915060814241,233.1714939185759
2016-07-28,288.84,291.32,284.51,287.61,42814,268.9835551386495,253.1725998525576,75.71553059581046,276.4535214854146,264.8210512569256,11.632470228489012,9.277290499457735,2.3551797290312777,265.53000000000003,16.16594796738963,297.8618959347793,233.19810406522078
2016-07-31,287.61,287.61,282.96,283.27,22432,270.3441689349686,254.35289005441808,69.12274851982005,277.50221048765854,266.1876400527089,11.314570434949644,9.684746486556117,1.6298239483935273,266.8305,16.508224895810756,299.84694979162146,233.81405020837846
2016-08-01,283.27,283.27,274.6,278.01,31294,271.0742480840192,255.28061985620562,62.06871961488049,277.5803319510957,267.0633704191749,10.5169615319208,9.851189495629054,0.6657720362917452,267.93,16.48259784072548,300.89519568145096,234.96480431854906
2016-08-02,278.01,279.87,274.6,276.15,18631,271.5576530283983,256.09902692066817,59.74682270013616,277.3602808816963,267.7364540918286,9.623826789867735,9.805716954476791,-0.18189016460905627,269.1065,16.1690637931672,301.4446275863344,236.7683724136656
2016-08-03,276.15,276.77,269.03,274.91,23967,271.87692416855083,256.8367121394655,58.184149154719556,276.9833145922046,268.26782786280427,8.715486729400311,9.587670909461496,-0.8721841800611845,270.25199999999995,15.698036618773505,301.64807323754695,238.85592676245295
2016-08-04,274.91,272.12,265.0,267.48,37522,271.4581694858317,257.2540959771335,49.78221169439317,275.52126619340385,268.20947024333725,7.311795950066596,9.132495917582517,-1.820699967515921,271.0415,15.101078133352532,301.24365626670505,240.83934373329492
2016-08-07,267.48,275.84,267.48,268.72,30297,271.19739143956207,257.70373927214786,51.05255852167022,274.4749175482648,268.2472872623493,6.227630285915495,8.551522791249113,-2.3238925053336175,271.81550000000004,14.526424370785307,300.8683487415707,242.76265125842943
2016-08-08,268.72,264.38,250.45,250.76,19988,269.2509732072228,257.4314357712793,36.60786200093921,270.82646869468556,266.95193265032344,3.8745360443621166,7.616125441871714,-3.741589397509597,271.67600000000004,14.723128028632827,301.1222560572657,242.2297439427344
2016-08-09,255.41,270.27,255.41,270.27,2400,269.34802337796344,257.934908878288,52.372508552683755,270.74085812627237,267.19771541696616,3.54314270930621,6.801528895358613,-3.2583861860524035,272.66700000000003,13.861023771718537,300.38904754343713,244.94495245656296
2016-08-10,275.53,278.63,256.64,269.96,42516,269.40630686577646,258.40648107913944,52.15058818782634,270.62072610684584,267.4023290897835,3.2183970170623297,6.084902519699357,-2.866505502637027,273.75100000000003,12.648138161307234,299.0472763226145,248.45472367738557
2016-08-11,269.34,269.65,267.48,267.79,18495,269.25237287855964,258.77446221329086,50.53630404192494,270.18522978271574,267.43104545350326,2.754184329212478,5.418758881601982,-2.664574552389504,274.8035,11.058021272987023,296.919542545974,252.68745745402595
2016-08-14,265.93,269.03,258.81,262.22,23569,268.5826230806016,258.9095813421814,46.55295664372933,268.95980981614406,267.0450420865771,1.914767729566961,4.7179606511949785,-2.8031929216280176,275.26800000000003,10.256951737603059,295.78190347520615,254.7540965247939
2016-08-15,257.88,259.74,253.55,258.19,19258,267.59284945387765,258.88136246601744,43.85930758743234,267.30291599827575,266.38911304312694,0.9138029551488103,3.9571291119857452,-3.043326156836935,275.1285,10.478092572005567,296.08468514401113,254.17231485598884
2016-08-16,253.55,259.74,253.24,257.88,17079,266.66781617255594,258.842093349703,43.6500794382269,265.8532366139256,265.75880837326565,0.09442824065996547,3.1845889377205894,-3.090160697060624,274.1065,11.127144275913315,296.3607885518266,251.85221144817336
2016-08-17,259.43,267.17,259.43,265.31,13932,266.53850034659825,259.0957367477539,49.82786371273743,265.7696617502448,265.7255633085793,0.044098441665482824,2.556490838509568,-2.5123923968440853,273.1775,11.042630729187659,295.26276145837534,251.09223854162468
2016-08-21,264.38,265.93,257.26,259.74,10624,265.89102412311274,259.12100197333217,45.77622706960728,264.84202148097637,265.2821882486845,-0.4401667677081491,1.9571593172660247,-2.397326084974174,271.877,11.015603335371615,293.90820667074325,249.84579332925676
2016-08-22,255.41,257.57,254.79,255.1,13402,264.8633075399592,258.96331562143683,42.664026809514624,263.34324894544153,264.5279520821153,-1.184703136673761,1.3287868264780676,-2.5134899631518284,270.56149999999997,11.382132015166107,293.32576403033215,247.79723596966775
2016-08-23,253.24,259.12,253.24,256.64,14078,264.0801353932964,258.8722052049099,44.024264401823494,262.31197987691206,263.94365933529195,-1.6316794583798924,0.7366935695064756,-2.368373027886368,269.1835,11.312144045002157,291.8077880900043,246.55921190999567
2016-08-24,259.74,261.6,254.79,259.74,20315,263.6667891653634,258.9062363733448,46.76226063795471,261.91629066507943,263.6322771623074,-1.7159864972279593,0.24615755615958868,-1.962144053387548,267.9295,10.868972485698725,289.66744497139746,246.19155502860258
2016-08-28,264.69,281.41,264.69,281.41,125529,265.35661876866214,259.7887369077235,61.08996374333672,264.9153228704518,264.94914552065495,-0.033822650203148896,0.1901615148870412,-0.2239841650901901,267.55800000000005,10.224509562302353,288.00701912460477,247.10898087539533
2016-08-29,282.34,282.34,277.7,279.56,50459,266.7093217430753,260.564080558401,59.61490497221436,267.16835012115155,266.0314310376435,1.1369190835080758,0.37951302861124814,0.7574060548968277,267.15549999999996,9.52834136724038,286.21218273448073,248.0988172655192
2016-08-30,284.51,285.44,279.87,282.03,40767,268.1684339580205,261.4058813208166,60.96993415680752,269.4547577948205,267.2165102200402,2.238247574780303,0.7512599378450591,1.4869876369352437,267.0935,9.421401323310388,285.9363026466208,248.25069735337922
2016-08-31,282.34,282.96,278.32,281.41,23912,269.42953548582807,262.1903565631375,60.421907865660074,271.2940258263866,268.26787983337056,3.02614599301603,1.2062371488792532,1.8199088441367768,267.2635,9.656488015298928,286.57647603059786,247.95052396940216
2016-09-01,284.51,284.51,279.87,281.1,27977,270.5410082967016,262.93191120772036,60.130877771903975,272.80263723771174,269.21840725312086,3.584229984590877,1.681835716021578,1.902394268569299,267.511,9.95506001991643,287.4211200398329,247.60087996016716
2016-09-04,285.75,285.75,279.87,279.87,16990,271.4294836970157,263.5961499838882,58.91826670398282,273.8899238165253,270.00741412326005,3.8825096932652627,2.121970511470315,1.7605391817949476,267.75899999999996,10.207661673578535,288.17432334715704,247.34367665284287
2016-09-05,281.72,284.51,280.79,282.96,54714,272.5276281068237,264.35551665118675,61.04366406916835,275.2853201524445,270.96686492894446,4.318455223500052,2.5612674538762628,1.7571877696237896,268.533,10.757474317159694,290.0479486343194,247.01805136568063
2016-09-06,282.96,290.08,282.34,288.22,49187,274.0221397156977,265.29137874329706,64.41832196303488,277.2752708982223,272.2448749342078,5.030395964014474,3.055093155903905,1.9753028081105688,269.508,11.624095482643586,292.75619096528715,246.25980903471282
2016-09-07,284.51,285.13,278.32,282.65,25027,274.84384069515505,265.97210898865796,58.62668752677429,278.10215229849575,273.0156249390813,5.086527359414447,3.4613799966060137,1.6251473628084332,271.10249999999996,11.092074873536673,293.2866497470733,248.91835025292661
2016-09-08,281.72,285.44,281.41,285.44,17857,275.8529987241879,266.7355556949851,60.540405953059725,279.231051944881,273.9359490176679,5.295102927213122,3.8281245827274355,1.4669783444856868,271.861,11.541715598103824,294.94443119620763,248.77756880379235
2016-09-11,285.44,285.44,278.63,282.96,38682,276.52985598855093,267.3718084128289,57.97344640234885,279.80473626105316,274.6043972385814,5.2003390224717805,4.102567470676305,1.0977715517954758,272.511,11.7923632290759,296.09572645815183,248.92627354184822
2016-09-12,278.32,284.82,278.32,284.2,39233,277.26034589440326,268.03173749467874,58.911544384924696,280.48093068242963,275.3151826283161,5.1657480541135214,4.315203587363748,0.8505444667497732,273.3315,12.015378862552486,297.362257725105,249.30074227489504
2016-09-14,286.06,290.7,282.65,282.65,80530,277.7736462854125,268.6050026909658,57.19299521393195,280.81463365436355,275.85850243362603,4.956131220737518,4.443389114038503,0.5127421066990152,274.35299999999995,11.888776263887712,298.13055252777536,250.57544747222454
2016-09-18,282.65,282.65,276.77,279.87,49880,277.97329902013513,269.0467672913201,54.14231851338202,280.66930539984605,276.15565040150557,4.513654998340485,4.457442290898899,0.056212707441585685,275.437,11.311872244874431,298.06074448974886,252.81325551025114
2016-09-20,283.89,283.89,274.29,278.32,144031,278.00631816107466,269.41042347597426,52.46208187531417,280.30787379986975,276.3159725939866,3.9919012058831527,4.3643340738957495,-0.3724328680125968,276.459,10.53911106808419,297.5372221361684,255.3807778638316
2016-09-21,278.16,283.23,265.28,271.52,18405,277.38857357430567,269.4931519671125,45.75364689238419,278.9558932152744,275.9607153648024,2.9951778504719755,4.090502829210995,-1.0953249787390194,276.7695,10.281689639463803,297.3328792789276,256.2061207210724
2016-09-22,271.13,271.13,263.72,265.28,17244,276.23537609103846,269.3279303213434,40.62052490164239,276.8519096436937,275.16955126370596,1.682358379987761,3.6088739393663483,-1.9265155593785872,277.04650000000004,9.86492952199035,296.77635904398073,257.31664095601934
2016-09-25,271.13,271.13,263.72,265.28,17244,275.192006939511,269.1691879558005,40.62052490164239,275.0716158523562,274.43699191083886,0.6346239415173613,3.0140239397965507,-2.3793999982791894,277.55550000000005,8.8871281697417,295.3297563394834,259.7812436605167
2016-09-26,250.07,264.5,250.07,264.5,12019,274.17372056431947,268.98608254576914,39.970433962990825,273.4452134135322,273.7009184359619,-0.2557050224297086,2.360078147351299,-2.6157831697810074,277.9485,8.047683076195948,294.0438661523919,261.85313384760815
2016-09-27,265.67,267.62,259.43,263.33,13753,273.1409852724795,268.7642753871115,38.963134931367044,271.88902673452725,272.93270225552027,-1.0436755209930197,1.6793274136824352,-2.723002934675455,278.12800000000004,7.650405974789936,293.42881194957994,262.82718805042015
2016-09-28,263.33,263.33,257.87,259.43,9601,271.83517715129096,268.3982253719307,35.730736073547476,269.97225339075385,271.93250208844466,-1.9602486976908153,0.9514121914077853,-2.9116608890986004,277.029,8.66551902658765,294.3600380531753,259.6979619468247
2016-09-29,257.48,264.5,256.31,259.43,10265,270.6537317083109,268.046530259306,35.730736073547476,268.3503682537148,271.00639082263393,-2.656022568919127,0.22992523934240294,-2.88594780826153,276.0225,9.486253697360059,294.9950073947201,257.04999260527984
2016-10-02,263.33,263.33,257.48,258.65,8574,269.51051916466224,267.6780388765881,35.056154172773276,266.85800390698944,270.09110261354994,-3.2330987065604972,-0.46267954983817716,-2.77041915672232,274.85350000000005,10.125979237904117,295.1054584758083,254.60154152419182
2016-10-03,260.99,263.33,259.43,262.55,6433,268.84761257755156,267.47693931280037,41.0490686521725,266.1952340751449,269.53250241995363,-3.337268344808706,-1.037597308832283,-2.2996710359764228,273.91049999999996,10.358767186867702,294.6280343737354,253.19296562626454
2016-10-04,263.33,264.89,261.38,264.5,8348,268.4335542368324,267.36019659465137,43.839588074208535,265.93442883281494,269.15972446292005,-3.2252956301051086,-1.4751369730868482,-1.7501586570182603,273.0805,10.417262229999201,293.9150244599984,252.24597554000158
2016-10-05,267.23,271.13,262.94,271.13,9946,268.6903585952293,267.5080320223121,52.135620036850284,266.73374747392035,269.30567079900004,-2.5719233250796947,-1.6944942434854176,-0.8774290815942771,272.6435,10.300116133741762,293.24373226748355,252.04326773251648
2016-10-06,271.91,272.3,268.79,270.35,8003,268.84841968139796,267.6194817469273,51.17779223964653,267.29009401639416,269.38302851759266,-2.092934501198499,-1.774182295028034,-0.3187522061704653,272.01300000000003,10.01744483652279,292.04788967304563,251.97811032695446
2016-10-16,265.67,265.67,262.55,263.33,3547,268.3228559022172,267.4512667764596,43.44222527745563,266.68084878310276,268.93465603480803,-2.2538072517052683,-1.870107286363481,-0.3836999653417874,270.7685,9.426689029175384,289.6218780583508,251.91512194164926
2016-10-17,259.43,263.33,258.26,259.82,5758,267.5130601020061,267.1520014126769,40.17261915261765,265.6253335857023,268.259496328526,-2.634162742823662,-2.0229183776555173,-0.6112443651681447,269.627,9.29353487788465,288.2140697557693,251.0399302442307
2016-10-18,259.82,261.38,257.09,257.87,6085,266.59467342562453,266.78800135727784,38.441618553677365,264.43220534174816,267.48990400789444,-3.0576986661462797,-2.22987443535367,-0.8278242307926096,268.2485,8.85912213484728,285.9667442696945,250.5302557303054
2016-10-19,257.87,259.82,256.31,258.65,6977,265.83803786127936,266.46886404914926,39.56340891808578,263.5426352891715,266.83509630360595,-3.292461014434423,-2.4423917511698208,-0.8500692632646021,267.033,8.389689850621012,283.81237970124204,250.253620298758
2016-10-20,257.87,259.82,256.7,258.65,3303,265.1534628268718,266.16224192957475,39.56340891808578,262.7899221677605,266.2287928737092,-3.438870705948716,-2.6416875421256,-0.7971831638231159,265.7555,7.540346547259582,280.83619309451916,250.6748069054808
2016-10-23,259.43,259.43,252.8,253.58,6063,264.0512282719317,265.66882067743455,34.784845877515636,261.3730110650281,265.2918452534344,-3.918834188406322,-2.8971168713817446,-1.0217173170245775,264.302,6.885702654977742,278.0734053099555,250.53059469004455
2016-10-24,253.58,253.97,249.29,250.46,6771,262.75682557936676,265.072396337143,32.206844695963596,259.694086285793,264.1931900494763,-4.499103763683308,-3.2175142498420577,-1.2815895138412507,262.8315,6.5165217352855995,275.8645434705712,249.79845652942882
2016-10-25,250.07,250.07,243.83,245.78,10593,261.1399850479985,264.3158317749021,28.76328613718192,257.5534576264402,262.82925004581136,-5.275792419371157,-3.6291698837478776,-1.6466225356232798,261.20449999999994,6.508106261071241,274.22071252214243,248.18828747785744
2016-10-26,245.78,245.78,239.92,243.44,19957,259.45427218628436,263.4971717052981,27.197464125516333,255.3821564531417,261.3930093016772,-6.010852848535478,-4.105506476705398,-1.9053463718300803,259.8005,7.161656288150327,274.1238125763007,245.47718742369935
2016-10-27,247.73,247.73,243.05,243.83,6749,257.9662462637811,262.7259100697962,27.9019316135262,253.60490161419682,260.0920456497011,-6.487144035504286,-4.581833988465176,-1.9053100470391104,258.72799999999995,7.869073108001677,274.4661462160033,242.9898537839966
2016-11-03,246.95,247.73,243.05,245.39,2568,256.7685085243734,262.04607045921597,30.786940592027477,252.34107059662807,259.0030052312047,-6.661934634576653,-4.997854117687472,-1.6640805168891815,257.7335,8.245307612921744,274.2241152258435,241.2428847741565
2016-11-07,245.78,246.95,242.26,244.61,9272,255.6105553315759,261.36230299022714,30.137579012603084,251.15167512022376,257.9368566955599,-6.785181575336168,-5.3553196092172115,-1.4298619661189562,256.739,8.578973622827933,273.89694724565584,239.5810527543441
2016-11-08,244.61,244.61,237.97,238.36,6455,253.96764529999726,260.4602518925712,25.496936122575477,249.18372510172782,256.4867191625555,-7.3029940608277,-5.74485449953931,-1.5581395612883906,255.49049999999997,9.35146567460314,274.19343134920626,236.78756865079367
2016-11-09,234.07,242.26,232.12,232.9,10255,251.96120289047371,259.37945770070564,22.27066875941665,246.67853662453894,254.739554780144,-8.061018155605069,-6.208087230752462,-1.8529309248526067,254.164,10.566001285160606,275.2960025703212,233.03199742967877
2016-11-10,236.02,239.14,234.85,236.41,19889,250.48013594852384,258.47869465361913,28.53142293018425,245.09876175922525,253.38180998161482,-8.283048222389567,-6.623079429079883,-1.6599687933096838,253.013,11.197144889851591,275.4072897797032,230.61871022029683
2016-11-13,236.02,236.8,234.07,234.85,6912,248.99155157247395,257.5520791770066,27.472317528493903,243.5220291808829,252.00908331631,-8.487054135427115,-6.99587437034933,-1.4911797650777858,251.823,11.814223853612864,275.4514477072257,228.1945522927743
2016-11-14,232.9,237.97,232.9,234.46,12668,247.60759427985738,256.646507444575,27.200475290852097,242.12787084536245,250.70915121880554,-8.581280373443093,-7.312955570968082,-1.2683248024750107,250.41850000000005,12.137143197643962,274.69278639528795,226.14421360471212
2016-11-15,237.58,236.8,228.22,228.22,15963,245.76115672939477,255.5317424467485,23.238323587905143,239.9881984076144,249.04328816556068,-9.055089757946291,-7.661382408363725,-1.3937073495825665,248.6045,12.623218988502545,273.8509379770051,223.35806202299491
2016-11-16,228.61,231.73,228.22,228.22,8105,244.0905703742143,254.4606937233466,23.238323587905143,238.1777063449045,247.50082237551916,-9.32311603061467,-7.993729132813915,-1.329386897800756,246.459,12.233762127390849,270.9265242547817,221.9914757452183
2016-11-17,230.17,230.17,218.47,219.25,21731,241.7248017671463,253.07988220478398,18.69766203064971,235.26575152261148,245.40816886622144,-10.142417343609964,-8.423466774973125,-1.7189505686368385,243.904,12.31734566416934,268.5386913283387,219.26930867166132
2016-11-20,215.35,220.42,209.49,212.62,39521,238.95291588456092,251.49322015753756,16.180997154500716,231.78178974990203,242.9794156168717,-11.197625866969673,-8.978298593372434,-2.219327273597239,241.36849999999998,13.289028032656587,267.94655606531313,214.7904439346868
2016-11-21,214.57,226.27,211.45,218.47,18853,237.0021619907932,250.1981919160655,25.6856796497958,229.73382209607095,241.16390334895527,-11.430081252884321,-9.468655125274811,-1.96142612760951,239.30100000000002,13.48246303439331,266.26592606878665,212.3360739312134
2016-11-22,214.57,220.42,210.67,216.52,18744,235.05147989643197,248.87747850759234,24.68101400621819,227.7009263889831,239.33842902681045,-11.637502637827339,-9.902424627785317,-1.735078010042022,237.2335,13.654446846515066,264.54239369303014,209.92460630696985
2016-11-23,217.3,217.3,210.67,213.79,22374,233.02657704915273,247.501498958275,23.306586376482315,225.5607838676011,237.44595280260228,-11.88516893500119,-10.298973489228493,-1.586195445772697,234.99049999999997,13.635759286372021,262.262018572744,207.71898142725593
2016-11-24,217.69,221.59,210.67,214.57,15416,231.2688078063763,246.21006762657794,24.598564417212756,223.8698940418163,235.7514377801873,-11.881543738370993,-10.615487539056993,-1.2660561993140007,232.78650000000002,13.164580180008684,259.1156603600174,206.45733963998265
2016-11-27,212.62,213.01,202.86,204.03,20997,228.67463563434046,244.55594732749645,19.75553998498924,220.81760265076764,233.4017016483216,-12.584098997553951,-11.009209830756385,-1.5748891667975666,230.30900000000003,13.697144881135664,257.70328976227137,202.91471023772868
2016-11-28,200.91,218.47,196.23,214.18,21646,227.29419414535565,243.36473370681034,33.36183913145402,219.796433012188,231.97787189659408,-12.181438884406077,-11.243655641486324,-0.9377832429197532,228.49500000000003,13.284129232801275,255.0632584656026,201.92674153439748
2016-11-29,218.08,226.66,206.37,225.1,21579,227.08522327436938,242.6484696398766,44.30372932618833,220.6123663949283,231.46839990425377,-10.85603350932547,-11.166131215054154,0.31009770572868334,227.461,12.657981422181424,252.77696284436286,202.14503715563717
2016-11-30,223.54,232.12,222.37,229.39,21959,227.30472581966754,242.1285296539991,47.92154766756154,221.96277156493932,231.3144443557905,-9.351672790851183,-10.80323953021356,1.4515667393623772,226.7585,12.102169998983197,250.9628399979664,202.5541600020336
2016-12-01,229.39,232.9,224.32,227.83,24219,227.35475193208018,241.5678030009011,46.73278731018946,222.8654220934102,231.0563373664727,-8.190915273062501,-10.280774678783349,2.0898594057208477,225.95850000000002,11.424120039823098,248.8067400796462,203.11025992035383
2016-12-04,226.66,227.05,222.37,222.37,14632,226.88001365283444,240.81494798125794,42.73684959317647,222.7892033098086,230.41290496895618,-7.623701659147571,-9.749360074856193,2.1256584157086227,224.80749999999998,10.484319055270443,245.77613811054087,203.83886188945908
2016-12-05,222.37,224.32,211.84,213.79,15295,225.6333456858978,239.75514609963997,37.33445643222565,221.40471049291497,229.18157867495944,-7.776868182044467,-9.354861696293849,1.577993514249382,223.2665,9.652517138308335,242.5715342766167,203.96146572338333
2016-12-06,214.57,218.47,212.62,216.13,14565,224.72826514438373,238.82866978200704,39.577788438849566,220.59321657092806,228.21479506940688,-7.6215784984788115,-9.00820505673084,1.3866265582520292,222.15500000000003,9.086305195476012,240.32761039095206,203.982389609048
2016-12-07,216.91,218.08,214.57,216.13,7217,223.9093827496805,237.93852586898717,39.577788438849566,219.90656786770836,227.3196250642656,-7.413057196557247,-8.689175484696122,1.2761182881388748,221.3165,8.81219805007548,238.94089610015095,203.69210389984903
2016-12-08,214.18,216.52,214.18,214.96,8066,223.05706058304426,237.03740720745827,38.77290597651426,219.14555742652246,226.40409728172742,-7.258539855204958,-8.40304835879789,1.144508503592931,220.244,8.159682914380074,236.56336582876014,203.92463417123986
2016-12-11,215.74,215.74,209.49,212.23,10906,222.02591195608767,236.06456770912658,36.88784379440811,218.08162551474976,225.35416414974762,-7.272538634997858,-8.176946414037884,0.9044077790400262,219.11299999999997,7.575354151878456,234.26370830375689,203.96229169624306
2016-12-12,209.49,215.35,206.76,212.62,3967,221.13011081741263,235.145172897004,37.356398913918426,217.24137543555747,224.4108927312478,-7.169517295690326,-7.975460590368373,0.8059432946780465,218.02099999999996,6.778888202590636,231.57877640518123,204.4632235948187
2016-12-14,216.52,216.52,209.1,214.18,9427,220.46819550146856,234.32300925398422,39.29771989626417,216.77039459931785,223.65304882522946,-6.882654225911608,-7.7568993174770196,0.8742450915654114,217.31900000000002,6.382503963349241,230.0840079266985,204.55399207330154
2016-12-15,214.57,215.35,212.62,215.35,5999,219.9807483108525,233.57896967539662,40.78001566254598,216.55187235326895,223.03800817150875,-6.486135818239802,-7.502746617629576,1.016610799389774,216.6755,5.852368368992018,228.38023673798403,204.97076326201596
2016-12-18,214.57,215.35,210.67,214.57,6606,219.46543894791418,232.8335198842046,40.07739204935781,216.2469689143045,222.41074830695254,-6.163779392648053,-7.234953172633272,1.0711737799852195,216.4415,5.837555612272823,228.11661122454564,204.76638877545435
2016-12-19,214.57,215.35,210.67,210.67,6368,218.62777809573186,231.96436224168679,36.67488666591501,215.38897369671918,221.54106324717827,-6.152089550459095,-7.018380448198437,0.8662908977393418,216.344,5.9204386395158695,228.18487727903172,204.50312272096826
2016-12-20,210.67,210.67,205.59,208.71,5450,217.68322780090023,231.052426467503,35.06374469549027,214.3614392818393,220.59061411775767,-6.229174835918371,-6.860539325742424,0.6313644898240529,215.856,6.134353137953003,228.124706275906,203.587293724094
2016-12-21,205.2,208.32,201.3,204.81,8363,216.45720610557638,230.02331170407152,32.04695509920862,212.89198708463326,219.42167973866452,-6.529692654031265,-6.794369991400194,0.2646773373689282,215.2705,6.608178724330319,228.48685744866063,202.05414255133937
2016-12-22,202.86,206.76,201.3,206.37,3320,215.4965198098072,229.09573085293147,34.47544057503775,211.88860445622814,218.4548886469116,-6.5662841906834615,-6.748752831256848,0.1824686405733864,214.8995,6.8976223783086255,228.69474475661724,201.10425524338274
2016-12-26,206.76,206.76,198.18,200.52,9448,214.07018458982554,227.97511395673808,30.127307213984466,210.13958838603918,217.12637837677,-6.986789990730813,-6.796360263151641,-0.19042972757917198,214.19700000000003,7.6114803180220845,229.4199606360442,198.97403936395585
2016-12-27,202.86,202.86,191.55,193.89,13779,212.1482622479374,226.63844282117972,26.108338612437777,207.63965171126392,215.40516516367592,-7.765513452411994,-6.990190901003713,-0.7753225514082818,213.69,8.598113012078809,230.88622602415762,196.49377397584237
2016-12-28,193.11,198.96,193.11,195.45,11911,210.55795155765765,225.41536663211386,28.524399437851287,205.7643206787618,213.9270047811814,-8.162684102419604,-7.2246895412868914,-0.9379945611327125,212.75349999999997,9.513260150141326,231.78002030028262,193.72697969971733
2016-12-29,198.57,201.69,198.57,201.69,15310,209.71338474264263,224.48496009752117,37.34882292330493,205.13750211279844,213.02055998257538,-7.883057869776934,-7.3563632069849,-0.5266946627920337,211.583,9.353028836751614,230.28905767350324,192.87694232649676
2017-01-01,201.69,207.15,201.69,204.81,7855,209.2463957195338,223.7133930348733,41.25417526082655,205.08711717236793,212.41237035423646,-7.325253181868533,-7.350141201961627,0.0248880200930941,210.35399999999998,8.462546835759383,227.27909367151875,193.42890632848122
2017-01-02,204.03,209.49,204.03,209.49,9528,209.26959612719727,223.15561291585865,46.628414929508885,205.7644837612344,212.19589847614486,-6.43141471491046,-7.166395904551394,0.7349811896409344,209.43699999999998,7.395579832080975,224.22815966416192,194.64584033583805
2017-01-03,206.76,208.71,202.08,204.03,11020,208.7705869722261,222.40558887994263,41.82145366727401,205.49764010565988,211.59101710754155,-6.093377001881663,-6.951792124017448,0.858415122135785,208.51999999999998,6.82238112469365,222.16476224938728,194.87523775061268
2017-01-04,201.69,204.81,198.18,204.03,7959,208.31910249868076,221.68497755131744,41.82145366727401,205.27184932017374,211.0309417662422,-5.7590924460684505,-6.713252188427649,0.9541597423591988,208.032,6.774476557759137,221.5809531155183,194.48304688448172
2017-01-05,200.91,204.03,199.35,202.08,11264,207.72490226071116,220.91615490224618,40.10879461020574,204.78079557860855,210.36790904281685,-5.587113464208301,-6.48802444358378,0.900910979375479,207.3295,6.617185341378411,220.56387068275683,194.09512931724316
2017-01-08,200.91,200.91,197.01,199.74,14975,206.96443537873867,220.08571745509929,38.09283857336929,204.00528856651493,209.5806565211267,-5.575367954611778,-6.305493145789379,0.730125191177601,206.51,6.483484280932549,219.47696856186508,193.5430314381349
2017-01-09,200.91,202.08,197.4,202.08,12959,206.49925105695402,219.37961088823266,41.27171363104881,203.70909032551262,209.0250523343766,-5.315962008863977,-6.107586918404299,0.7916249095403218,205.86599999999999,6.234891127234451,218.33578225446888,193.3962177455311
2017-01-10,201.3,204.03,201.3,201.3,7145,206.00408428962507,218.67060653967454,40.524721486037805,203.3384610446645,208.4528262355339,-5.114365190869393,-5.908942572897319,0.794577382027926,205.31949999999998,6.125778554174305,217.57105710834858,193.06794289165137
2017-01-11,204.81,204.81,200.52,200.91,8569,205.51893340489886,217.97411216556966,40.13358692027099,202.96485165317765,207.8940983662351,-4.929246713057466,-5.713003400929349,0.7837566878718825,204.73399999999998,5.948322541076237,216.63064508215245,192.8373549178475
2017-01-12,202.86,202.86,200.13,202.86,11634,205.26570165205135,217.38140188456694,43.09119298483225,202.94872062961184,207.52120219095843,-4.572481561346592,-5.484899033012798,0.9124174716662061,204.168,5.525758438063744,215.2195168761275,193.1164831238725
2017-01-15,202.86,202.86,198.96,202.08,2861,204.96230149471313,216.78134690870158,42.19325813487302,202.81507130197926,207.11815017681337,-4.303078874834114,-5.248535001377062,0.9454561265429486,203.5045,4.870232324517899,213.2449646490358,193.7640353509642
2017-01-16,202.08,202.08,198.96,199.74,7255,204.4649394475976,216.11305879463487,39.53186201981837,202.3419834093671,206.57162053408646,-4.229637124719375,-5.044755426045525,0.8151183013261507,202.763,4.176335714479985,211.11567142895998,194.41032857104003
2017-01-17,199.74,200.91,197.79,200.91,8214,204.12637378592163,215.51686041053154,41.51815014021963,202.12167826946444,206.15224123526525,-4.0305629658008115,-4.841916933996583,0.8113539681957711,202.275,3.752500219157509,209.78000043831503,194.76999956168498
2017-01-18,200.91,204.81,197.4,200.52,12104,203.78290961583383,214.92874823756952,41.034283222553434,201.8752662280084,205.73503818080115,-3.859771952792755,-4.645487937755817,0.7857159849630619,201.8655,3.4478131513113435,208.76112630262267,194.96987369737732
2017-01-19,200.91,200.91,198.96,199.35,5109,203.36072774765918,214.31781693413544,39.54530349118495,201.48676373139173,205.2620723896307,-3.77530865823897,-4.471452081852448,0.6961434236134778,201.5925,3.418432812675434,208.42936562535087,194.75563437464913
2017-01-22,200.13,201.3,198.57,198.57,8247,202.90446796216781,213.70025548573796,38.541240302106225,201.03803084963917,204.76636332373212,-3.7283324740929515,-4.322828160300548,0.5944956862075967,201.20250000000001,3.287111794175406,207.77672358835082,194.6282764116492
2017-01-23,197.01,198.18,196.23,196.23,9530,202.26880434672327,213.01514742747372,35.61938635259041,200.29833379584852,204.13404011456677,-3.835706318718252,-4.225403791984089,0.38969747326583715,200.988,3.4689352226563255,207.92587044531265,194.05012955468735
2017-01-24,197.01,198.57,189.6,193.11,12559,201.39653726608296,212.23455341071005,32.12261576912246,199.1924362887949,203.31744455052478,-4.1250082617298744,-4.205324685933246,0.08031642420337182,200.949,3.556221975197884,208.06144395039578,193.83655604960424
2017-01-25,191.55,192.72,182.97,187.26,13693,200.05020038359885,211.25515915930967,26.80841661184749,197.35667685974954,202.12800421344886,-4.77132735369932,-4.318525219486461,-0.45280213421285875,200.5395,4.554254777566249,209.6480095551325,191.43099044486752
2017-01-26,183.75,188.82,180.24,183.75,20406,198.49780034706563,210.17652546678775,24.21944631722721,195.2633419582496,200.7666705680082,-5.503328609758597,-4.555485897540889,-0.9478427122177084,199.64249999999998,5.8873413488544255,211.41718269770882,187.86781730229114
2017-01-30,181.8,181.8,176.33,179.46,21770,196.68467650448795,208.97195584063923,21.488032986907015,192.83205858005738,199.18839867408167,-6.35634009402429,-4.915656736837569,-1.440683357186721,198.375,7.280305444722457,212.93561088944492,183.81438911055508
2017-01-31,179.46,186.87,177.11,183.36,10784,195.4156596945367,207.96756541551613,29.294724708824262,191.3748187985101,198.01592469822376,-6.641105899713665,-5.260746569412788,-1.3803593303008768,197.06850000000003,7.521275980075022,212.11105196015006,182.02594803985
2017-02-01,183.75,192.72,183.75,191.94,11343,195.08464448553323,207.33903343843707,42.77564252058293,191.46176975258547,197.56585620205902,-6.104086449473556,-5.429414545424942,-0.6746719040486138,196.464,7.417450547972024,211.29890109594405,181.62909890405595
2017-02-02,195.45,198.96,186.09,191.16,15489,194.71086882024437,206.70456153889052,41.99180830208448,191.41534363680307,197.09134833523984,-5.6760046984367705,-5.478732576027308,-0.1972721224094629,195.8205,7.283575954449921,210.38765190889984,181.25334809110018
2017-02-05,190.38,190.38,182.58,187.65,5095,194.03840512307823,205.95732383148305,38.56696766452589,190.83606000037182,196.39198919929615,-5.555929198924332,-5.4941719006067125,-0.06175729831761956,195.099,7.345329987931678,209.78965997586334,180.40834002413663
2017-02-06,187.65,187.65,184.53,185.31,5397,193.20712844468983,205.1476248576994,36.433574045781015,189.98589692339155,195.57110111045938,-5.585204187067831,-5.512378357898936,-0.07282582916889435,194.3775,7.570712178835303,209.5189243576706,179.23607564232938
2017-02-07,186.48,186.48,175.16,184.53,11518,192.38073525948127,204.33909054955436,35.7241901596682,189.1465281659467,194.75324176894387,-5.606713602997161,-5.531245406918581,-0.07546819607857991,193.5,7.647643599933639,208.7952871998673,178.2047128001327
2017-02-08,184.92,184.92,175.55,176.72,23079,190.8892366633402,203.25598895937577,29.52528778840606,187.2347546019549,193.41744608235544,-6.1826914804005355,-5.6615346216149725,-0.5211568587855631,192.27100000000002,8.277306261543883,208.82561252308778,175.71638747691225
2017-02-09,175.55,175.55,170.09,172.04,21780,189.09407126683163,202.03183252959633,26.552048029558364,184.897100047808,191.8339315577365,-6.936831509928481,-5.916593999277675,-1.0202375106508068,190.82750000000001,9.161559781587517,209.15061956317504,172.504380436825
2017-02-12,168.92,172.04,164.63,167.36,16125,187.02415971760956,200.67215282255333,23.954262571974255,182.19908465583757,190.02104773864488,-7.821963082807315,-6.297667815983603,-1.524295266823712,189.0525,10.098669466816915,209.24983893363384,168.85516106636618
2017-02-13,164.24,170.87,161.9,170.87,31399,185.48566831593246,199.50344094715908,29.523497598664733,180.4561485549395,188.6024516098564,-8.146303054916899,-6.667394863770262,-1.4789081911466369,187.49200000000002,10.386893867299506,208.26578773459903,166.718212265401
2017-02-14,170.87,170.87,163.85,164.63,11603,183.49941419060556,198.13585502766267,25.893007006784487,178.02135646956418,186.82671445357073,-8.805357984006548,-7.09498748781752,-1.7103704961890278,185.7365,11.14706866117084,208.03063732234168,163.44236267765834
2017-02-15,167.75,173.6,165.8,173.21,12093,182.51946998197644,197.15837051677394,37.308475100896196,177.2811477819389,185.81806893849142,-8.536921156552523,-7.383374221564521,-1.153546934988002,184.35150000000002,10.880207174401942,206.1119143488039,162.59108565119612
2017-02-16,176.33,180.63,170.09,179.85,24925,182.26523474559775,196.47961088866518,44.44116202335421,177.67635581548677,185.37598975786244,-7.6996339423756694,-7.446626165726752,-0.2530077766489178,183.318,10.225561160769743,203.7691223215395,162.86687767846053
2017-02-19,182.97,182.97,170.87,179.07,30607,181.96092667458845,195.796881049894,43.81059008839429,177.8907626131042,184.9088794054282,-7.018116792324008,-7.360924291046203,0.34280749872219474,182.304,9.534249839395311,201.37249967879063,163.23550032120937
2017-02-20,181.8,181.8,177.11,177.5,16082,181.53607651510384,195.07935630283936,42.50333023517792,177.83064528801125,184.36007352354463,-6.5294282355333735,-7.194625079943638,0.6651968444102643,181.2505,8.776268524295174,198.80303704859034,163.69796295140964
2017-02-21,180.63,181.02,174.38,175.55,18519,180.96597398985585,194.3134991929241,40.87204887956315,177.47977678216336,183.70747548476353,-6.227698702600179,-7.001239804474947,0.773541101874768,180.2165,8.111596815346727,196.43969363069345,163.99330636930654
2017-02-22,173.6,175.55,171.65,171.65,8577,180.07873837177434,193.42473451869176,37.75134194314358,176.58288804644593,182.81432915255883,-6.2314411061128965,-6.847280064802538,0.6158389586896416,179.1435,7.726502766452918,194.59650553290584,163.69049446709414
2017-02-23,172.04,174.77,169.7,170.48,11868,179.16457281255774,192.52494100815483,36.84251379377088,175.64398219314654,181.90067514125818,-6.256692948111635,-6.729162641464358,0.47246969335272304,178.30450000000002,7.709796553394916,193.72409310678984,162.8849068932102
2017-02-26,169.7,171.65,168.92,169.7,3185,178.2631849256475,191.62984528234483,36.216549060267184,174.72952339420092,180.9969214270909,-6.267398032889986,-6.6368097197494835,0.36941168685949766,177.602,7.826715786330957,193.2554315726619,161.9485684273381
2017-02-28,169.7,170.48,165.8,168.53,3580,177.3362149327287,190.72396899676266,35.24910763318985,173.77575056432386,180.0734457658249,-6.297695201501057,-6.568986816099798,0.2712916145987414,177.0555,8.06802622115623,193.19155244231246,160.91944755768753
2017-03-01,168.53,169.7,168.53,169.31,5816,176.57181351056406,189.88420550669352,36.46755454465984,173.08871201596634,179.2761534868749,-6.187441470908567,-6.492677747061553,0.30523627615298565,176.353,8.101799085453358,192.55659817090674,160.14940182909328
2017-03-02,169.31,171.26,169.31,170.87,7026,176.02878365241511,189.13855038878395,38.942220253332366,172.74737170581767,178.6534754508101,-5.906103744992436,-6.375362946647729,0.46925920165529345,175.2995,7.29836064865894,189.89622129731788,160.7027787026821
2017-03-05,168.14,173.99,168.14,173.6,6998,175.79747092361367,188.52919547157674,43.11782958313936,172.878545289538,178.27914393593528,-5.40059864639727,-6.180410086597638,0.7798114402003673,174.42149999999998,6.274302037089769,186.97010407417952,161.87289592582044
2017-03-06,175.16,176.72,172.04,173.99,10286,175.6253308356505,187.9590309432796,43.710067518617954,173.04953832191677,177.96142957031043,-4.911891248393658,-5.9267063189568425,1.0148150705631842,173.7385,5.447518290589944,184.63353658117987,162.8434634188201
2017-03-07,173.6,173.6,170.48,171.65,3819,175.24672789892188,187.31946110236666,40.95481763040352,172.83422473392957,177.49391626880595,-4.659691534876373,-5.673303362140748,1.0136118272643753,173.0555,4.72933785840497,182.51417571680994,163.59682428319005
2017-03-09,171.65,176.33,171.65,174.38,8613,175.16418238473884,186.81203125521503,45.28787622896337,173.07203631332501,177.26325580444995,-4.19121949112494,-5.3768865879375864,1.1856670968126464,172.548,3.906170018127816,180.36034003625562,164.73565996374438
2017-03-13,174.38,177.11,174.38,175.55,10695,175.2009269195256,186.3703829706968,47.08027872558918,173.4532614958904,177.13634796708328,-3.683086471192894,-5.038126564588649,1.355040093395755,172.4895,3.8487393356368615,180.18697867127372,164.79202132872626
2017-03-14,177.89,177.89,175.55,175.55,16549,175.23417197480887,185.9460542267479,47.08027872558919,173.7758366503688,177.0188407102623,-3.243004059893508,-4.679102063649621,1.436098003756113,172.66500000000002,3.906753262317204,180.47850652463444,164.8514934753656
2017-03-15,175.55,177.5,173.6,177.11,10404,175.41282226292233,185.59954229628718,49.631896781432324,174.2887848580044,177.02559325024288,-2.736808392238487,-4.290643329367394,1.553834937128907,173.15249999999997,3.8172294651316157,180.7869589302632,165.51804106973674
2017-03-16,178.29,179.07,176.33,177.5,16755,175.61160109502495,185.28191318662888,50.277368055789545,174.78281795677296,177.06073449096564,-2.277916534192684,-3.888097970332452,1.6101814361397677,173.48399999999998,3.895656690806751,181.27531338161347,165.6926866183865
2017-03-19,177.5,181.41,175.94,181.02,29956,176.1266867050226,185.11477933617286,55.784873496637,175.74238442496176,177.3540134175608,-1.6116289925990372,-3.432804174785769,1.8211751821867317,174.30349999999999,3.6513375703471582,181.6061751406943,167.00082485930568
2017-03-20,180.8,190.22,180.8,190.22,7412,177.46890701882995,185.31498406808765,66.29347003168408,177.96970989804456,178.30704946070446,-0.3373395626599063,-2.8137112523605965,2.47637168970069,175.154,5.083436881315065,185.32087376263013,164.98712623736986
2017-03-21,190.67,193.81,187.53,193.81,7603,179.0252015884652,185.64812194777048,69.35427111252926,180.4066776060377,179.45541616731896,0.9512614387187455,-2.0607167141447285,3.011978152863474,175.852,6.518133087577144,188.88826617515429,162.81573382484572
2017-03-22,197.4,202.34,194.26,196.06,21202,180.6475633419447,186.05643089099516,71.12409256497725,182.81488105126266,180.68538534011014,2.129495711152515,-1.22267422908528,3.352169940237795,176.7015,7.916704042386433,192.53490808477287,160.86809191522715
2017-03-23,199.2,199.2,192.02,194.71,11678,181.98684302366425,186.39578654232866,68.56550029892875,184.6448993510684,181.72424568528717,2.9206536657812308,-0.3940086501119777,3.3146623158932087,177.562,8.884253130354443,195.3305062607089,159.79349373929114
2017-03-26,195.16,204.13,195.16,201.89,15335,183.88238178331528,187.00340275635497,73.93585720983754,187.29799175859634,183.2180052641548,4.079986494441528,0.5007903787987233,3.5791961156428043,178.879,10.394286841692054,199.6675736833841,158.0904263166159
2017-03-28,201.89,214.0,201.89,214.0,11946,186.75072637538048,188.06209284434107,80.10847145265907,191.4059930265046,185.49815302236556,5.907840004139047,1.582200303866788,4.325639700272259,180.9965,12.864338416519685,206.72517683303937,155.26782316696062
2017-03-29,214.0,226.11,202.34,211.31,29039,189.08970481582043,188.9737754778963,75.8134553018308,194.46814794550392,187.4101416873755,7.058006258128415,2.6773614947191136,4.380644763409302,183.03799999999998,14.270488355159653,211.5789767103193,154.49702328968067
2017-03-30,211.31,210.86,206.37,206.37,11655,190.73544721431372,189.65598036111606,68.54531223273366,196.29920210773406,188.81457563645878,7.484626471275277,3.6388144900303465,3.8458119812449305,184.87150000000003,14.81204249571105,214.49558499142213,155.24741500857792
2017-04-02,210.41,222.52,210.41,219.83,9033,193.50635700342673,190.83927524891544,75.45108486967663,199.91932486039036,191.11201447820258,8.80731038218778,4.672513668461833,4.1347967137259465,187.4365,16.209164163976933,219.85482832795387,155.01817167204612
2017-04-03,224.32,242.26,216.24,219.83,22972,196.013370622148,191.97616641562465,75.45108486967663,202.98250565109953,193.2392726650024,9.743232986097127,5.6866575319888915,4.056575454108235,189.9625,17.14513645169934,224.2527729033987,155.67222709660132
2017-04-04,223.87,228.81,215.8,217.59,28912,198.06828770575297,192.98063047775702,72.38389154377307,205.2298124740073,195.0430302453726,10.186782228634712,6.586682471318055,3.6000997573166567,192.29850000000002,17.584047278264325,227.46659455652866,157.13040544347137
2017-04-06,217.59,218.94,211.76,217.14,10529,199.88464125758603,193.92805673353124,71.75284129281452,207.0621490164677,196.67984281978943,10.382306196678286,7.345807216390102,3.036498980288184,194.4755,17.84060315094479,230.15670630188959,158.79429369811044
2017-04-09,217.14,223.87,214.9,215.35,13087,201.35753256638736,194.76813294005942,69.1696142995382,208.33720301393421,198.06281742573094,10.274385588203273,7.931522890752737,2.3428626974505367,196.5435,17.73787481336948,232.01924962673894,161.06775037326105
2017-04-10,215.35,217.59,213.55,216.24,7953,202.77491041720762,195.61016694241002,69.75269914242821,209.5530179348674,199.40927539419533,10.143742540672065,8.373966820736602,1.7697757199354633,198.773,17.239587582074975,233.25217516414995,164.29382483585005
2017-04-11,216.24,232.39,216.24,231.05,25801,205.46777609175928,196.99996431721746,77.40925009727346,212.8602459448878,201.7530327724031,11.107213172484705,8.920616091086224,2.1865970813984816,201.6065,17.671082615094967,236.94866523018993,166.2643347698101
2017-04-12,231.95,235.54,227.91,228.81,37185,207.69084503540125,198.24741669693444,74.34397150658907,215.3140542610589,203.7572525670399,11.556801694019015,9.447853211672783,2.108948482346232,204.2695,17.550429436942405,239.3703588738848,169.16864112611518
2017-04-13,224.32,231.5,223.42,226.11,21185,209.44505027012494,199.34006702254487,70.70938841576309,216.9749689901268,205.41301163614807,11.561957353978727,9.870674040133972,1.691283313844755,206.79749999999999,16.822159531874473,240.44181906374894,173.15318093625103
2017-04-16,228.81,228.81,216.24,216.24,7761,210.09218833963686,200.00280949224899,59.296931829787795,216.86189683779958,206.21501077421118,10.646886063588397,10.025916444824857,0.6209696187635405,208.754,15.403299851520066,239.5605997030401,177.94740029695987
2017-04-18,220.28,219.83,207.72,209.96,15342,210.07959897395716,200.3932875513765,53.39211589924706,215.80006655506116,206.49241738352887,9.30764917153229,9.882262990166343,-0.5746138186340524,210.377,13.533449048854681,237.44389809770936,183.31010190229065
2017-04-19,210.41,225.22,210.86,225.22,23524,211.52154192881838,201.3668841179892,63.02685763777395,217.24928708505175,207.8796457254897,9.369641359562053,9.779738664045485,-0.4100973044834326,212.58700000000005,12.010367933364533,236.60773586672912,188.56626413327098
2017-04-20,226.56,233.29,217.59,222.08,25355,212.527109364169,202.17916317218572,60.266189389093924,217.9924736873515,208.93152381989785,9.060949867453644,9.635980904727116,-0.5750310372734724,214.18,10.953997588001892,236.0879951760038,192.2720048239962
2017-04-23,226.11,237.78,226.11,227.01,28065,213.9064322818672,203.15292147915883,63.00600745363005,219.37978542775895,210.27067020360911,9.109115224149832,9.53060776861166,-0.4214925444618274,215.84,10.193835082257783,236.22767016451556,195.45232983548445
2017-04-24,224.77,227.46,222.08,222.08,13024,214.68486730264175,203.89515985252518,58.65069465970216,219.79520305425757,211.14543537371213,8.649767680545438,9.354439750998415,-0.7046720704529772,217.141,9.142752032998766,235.42650406599753,198.85549593400245
2017-04-25,218.94,224.32,218.94,220.73,18904,215.26059422619966,204.55534966223007,57.47899027870729,219.93901796898717,211.85540312380752,8.083614845179653,9.100274769834662,-1.0166599246550092,218.44199999999995,7.483622539642978,233.4092450792859,203.474754920714
2017-04-26,223.42,223.42,217.59,219.38,10384,215.6529185856092,205.13670849900535,56.268408293174744,219.85301520452762,212.41278067019215,7.440234534335474,8.768266722734825,-1.3280321883993516,219.3165,6.389562438693196,232.09562487738637,206.5373751226136
2017-04-27,220.73,221.18,214.45,216.69,6941,215.75168824412262,205.58977875394632,53.83533232178008,219.36639748075416,212.7296117316594,6.63678574909477,8.341970528006815,-1.7051847789120451,219.45100000000002,6.299436816937743,232.0498736338755,206.85212636612454
2017-04-30,217.59,217.59,208.17,210.86,32564,215.28581317325379,205.79645409692884,48.900160450912445,218.05772094525352,212.59112197375867,5.466598971494847,7.766896216704422,-2.300297245209576,219.42849999999999,6.330770531805759,232.0900410636115,206.76695893638848
2017-05-02,210.41,214.9,205.03,210.86,7684,214.86430715675343,205.99502452450028,48.90016045091245,216.95037926136837,212.4628907164432,4.4874885449251565,7.11101468234857,-2.623526137423413,219.65299999999996,5.9088747704361,231.47074954087216,207.83525045912776
2017-05-03,213.1,219.38,210.86,213.1,12835,214.69627790372928,206.27365101373556,50.905627041766834,216.35801322115785,212.51008399670667,3.8479292244511782,6.458397590769092,-2.610468366317914,219.3165,6.087204245495626,231.49090849099125,207.14209150900874
2017-05-04,211.76,213.55,209.07,211.31,13536,214.37377524623125,206.47115489554986,49.242499038679256,215.58139580251816,212.4211888858395,3.1602069166786464,5.798759455951004,-2.6385525392723572,218.89050000000003,6.342164228820215,231.57482845764045,206.2061715423596
2017-05-07,208.62,211.76,206.37,207.72,11320,213.74008236563782,206.52012921337146,45.99676259832034,214.37195029443845,212.07295267207363,2.2989976223648227,5.098807089233768,-2.799809466868945,218.397,6.8150600259981235,232.02712005199623,204.76687994800375
2017-05-08,207.72,210.86,207.27,208.62,4816,213.25245547367228,206.6024770873569,46.94096533507868,213.48703486452484,211.8171784000682,1.6698564644566432,4.413016964278343,-2.7431604998217,217.971,7.1555498519871055,232.2820997039742,203.6599002960258
2017-05-09,208.62,209.96,207.27,209.07,12151,212.85412638094158,206.6992426917743,47.43583396588047,212.80749103921332,211.61368370376687,1.1938073354464507,3.769175038511965,-2.575367703065514,217.657,7.409887491159406,232.47677498231883,202.8372250176812
2017-05-11,210.86,212.21,208.62,210.86,12123,212.66420958275665,206.86240964503807,49.45527697982996,212.5078770331805,211.5578552812656,0.9500217519149032,3.2053443811925524,-2.255322629277649,217.388,7.560166804067518,232.50833360813505,202.26766639186496
2017-05-15,213.1,216.69,209.07,211.76,8925,212.57809438439887,207.05447201189935,50.48530745112643,212.39281902807582,211.5728289641348,0.8199900639410203,2.728273517742246,-1.9082834538012259,216.42350000000002,6.929666411812858,230.28283282362574,202.5641671763743
2017-05-16,210.86,210.86,208.17,208.62,8482,212.2011330144561,207.11586526633468,46.894685349492946,211.81238533144875,211.35410089271738,0.4582844387313685,2.274275701940071,-1.8159912632087023,215.414,6.486717927715266,228.3874358554305,202.44056414456946
2017-05-17,208.62,211.76,206.82,208.17,10087,211.8172155845079,207.15720388334117,46.38552483309456,211.2520183573797,211.1182415673309,0.13377679004881315,1.8461759195618193,-1.712399129513006,214.517,6.162072532419101,226.8411450648382,202.1928549351618
2017-05-18,208.17,209.96,206.37,208.62,12050,211.5127188621738,207.21456843693565,47.0051787610125,210.84709245624435,210.93318663641747,-0.0860941801731201,1.4597218996148316,-1.5458160797879517,214.13600000000002,6.284292364807063,226.70458472961414,201.5674152703859
2017-05-21,208.62,208.62,205.93,206.37,13712,211.02293611339536,207.18144810607544,44.25128177592453,210.15830900143752,210.59517281149766,-0.43686381006014585,1.0804047576798361,-1.517268567739982,213.9565,6.458701413397645,226.8739028267953,201.0390971732047
2017-05-22,204.58,204.58,201.89,203.23,9814,210.2807517216434,207.0264893568176,40.67023133751446,209.09241530890867,210.04960445509042,-0.9571891461817472,0.6728859769075195,-1.6300751230892667,212.85700000000003,6.310371663093271,225.47774332618656,200.2362566738135
2017-05-23,204.13,208.62,204.13,207.27,6832,209.99401346243928,207.03603879380515,46.65211781535486,208.8120437229227,209.84370782878742,-1.0316641058647065,0.3319759603530743,-1.3636400662177808,212.1165,6.034022203093231,224.18454440618646,200.04845559381354
2017-05-24,207.27,207.72,204.58,206.82,7177,209.6917264660165,207.02756668424416,46.094634695952124,208.50557545785767,209.61972947109945,-1.114154013241773,0.042749965634104825,-1.156903978875878,211.10700000000003,5.013843047535035,221.1346860950701,201.07931390492996
2017-05-28,202.78,204.13,201.89,203.68,7627,209.11918108830062,206.89628955937187,42.29653013815658,207.76317923357186,209.17974951027725,-1.4165702767053858,-0.24911408283379333,-1.1674561938715926,210.18699999999998,4.562198338987626,219.31139667797524,201.06260332202473
2017-05-30,204.13,207.72,201.44,202.78,13491,208.5154495560815,206.73486643939648,41.24744405552229,206.9965362745608,208.70569399099745,-1.7091577164366356,-0.5411228095543618,-1.1680349068822737,209.2895,4.123476401245512,217.53645280249103,201.04254719750898
2017-05-31,202.34,205.48,200.54,204.13,12546,208.09778769359755,206.6327148143221,43.51077441162686,206.55553069385917,208.366753695368,-1.8112230015088358,-0.7951428479452567,-1.016080153563579,208.527,3.5260849021103784,215.57916980422075,201.47483019577922
2017-06-01,205.48,206.37,201.89,201.89,6680,207.50656981801683,206.44672599807416,40.70853286647125,205.83775674095776,207.8869941623778,-2.049237421420031,-1.0459617626402116,-1.0032756587798195,207.78699999999998,3.266217996406189,214.31943599281234,201.2545640071876
2017-06-04,201.89,204.13,199.2,200.54,17317,206.8430869782057,206.2150896844242,39.075179435864676,205.02271724234888,207.34277237257203,-2.320055130223153,-1.3007804361568,-1.019274694066353,207.27100000000002,3.5573939308142886,214.3857878616286,200.15621213837144
2017-06-05,200.54,205.93,198.3,204.13,14454,206.5846977421861,206.13332146150563,45.354264381813934,204.88537612814136,207.104789233863,-2.219413105721628,-1.4845069700697657,-0.7349061356518625,206.93449999999999,3.518120722928527,213.97074144585704,199.89825855414293
2017-06-06,206.37,208.62,204.13,208.62,14634,206.77853605245411,206.2308382669368,52.01529600577287,205.45993364688883,207.21702706839164,-1.757093421502816,-1.539024260356376,-0.21806916114644004,206.7105,3.236228270857735,213.18295654171547,200.23804345828452
2017-06-07,210.86,210.86,202.78,203.23,16302,206.44058023793468,206.11315833490005,44.93435693778887,205.11686693198286,206.92169172999226,-1.804824798009406,-1.5921843678869823,-0.21264043012242384,206.3065,3.134564982836476,212.57562996567296,200.03737003432704
2017-06-08,200.99,208.62,199.64,201.89,11279,206.00719164384566,205.94754428255104,43.35423000048902,204.62042586552394,206.5489738240669,-1.9285479585429641,-1.6594570860181788,-0.26909087252478536,206.01500000000001,3.264582668588024,212.54416533717605,199.48583466282398
2017-06-11,200.09,200.54,196.5,196.5,20165,205.10174482062226,205.577052349902,37.62314107449406,203.37112957852025,205.80460539265454,-2.433475814134283,-1.8142608316413997,-0.6192149824928834,205.40900000000002,3.8312906991113476,213.07158139822272,197.74641860177732
2017-06-12,195.61,198.3,193.81,195.61,6720,204.19776912342016,205.18618755186662,36.75905708653298,202.17710964336328,205.0494494376431,-2.87233979427981,-2.025876624169082,-0.8464631701107281,204.736,4.307007020394532,213.35001404078906,196.12198595921092
2017-06-13,195.16,200.09,193.36,197.4,7458,203.5503625402373,204.88084686355813,39.75589445122595,201.44216969823046,204.48282355337324,-3.0406538551427786,-2.228832070363821,-0.8118217847789575,204.06300000000002,4.351108872585849,212.76521774517173,195.3607822548283
2017-06-14,197.4,200.09,195.16,197.4,7361,202.96461372688137,204.5874803198892,39.75589445122595,200.82029743696424,203.95816995682708,-3.1378725198628388,-2.4106401602636245,-0.7272323595992143,203.345,4.196189374086874,211.73737874817374,194.95262125182626
2017-06-15,193.81,200.54,192.91,199.64,13314,202.64798384813076,204.39346148381514,43.63255305817146,200.63871321589284,203.6383055155806,-2.9995922996877766,-2.528430588148455,-0.4711617115393216,202.89600000000002,4.08090211905459,211.05780423810918,194.73419576189085
2017-06-18,199.64,200.54,194.26,196.5,7346,202.06246157688022,204.08391397464595,39.769266764039365,200.00198810575546,203.10954214405612,-3.1075540383006626,-2.644255278178897,-0.4632987601217655,202.3125,4.121227301875562,210.55495460375113,194.07004539624887
2017-06-19,196.5,197.4,194.26,195.61,2687,201.44794142670116,203.75160362269906,38.72272345740663,199.32629762794693,202.55402050375568,-3.2277228758087517,-2.760948797704868,-0.4667740781038838,201.662,4.0999468546026,209.86189370920522,193.4621062907948
2017-06-20,195.61,196.06,190.67,195.61,8393,200.89194700511058,203.43232504925987,38.72272345740663,198.7545595313397,202.0396486145886,-3.2850890832488915,-2.8657768548136726,-0.41931222843521887,201.124,4.1552394319558585,209.43447886391172,192.81352113608827
2017-06-21,192.91,196.06,192.02,193.36,6474,200.17461871890958,203.03733191007322,35.94902873628317,197.924627295749,201.39671168017463,-3.472084384425642,-2.9870383607360664,-0.4850460236895757,200.6305,4.46641204760437,209.56332409520874,191.69767590479128
2017-06-22,193.81,194.26,192.91,193.81,6999,199.56846455520392,202.67547575673703,36.92218831697284,197.2916077117876,200.83473303719876,-3.543125325411154,-3.098255753671084,-0.4448695717400697,199.9575,4.427221862645902,208.81194372529183,191.1030562747082
2017-06-25,194.26,197.85,194.26,196.95,10108,199.31908697851784,202.4509472956885,43.38593729509411,197.23905267920492,200.54697503444328,-3.307922355238361,-3.1401890739845397,-0.16773328125382125,199.464,4.164296111625557,207.79259222325112,191.13540777674888
2017-06-27,195.16,199.2,195.16,198.3,11037,199.22203107580185,202.28816504879876,45.950359210554275,197.40227534394262,200.38053243929934,-2.9782570953567244,-3.107802678258977,0.1295455829022525,199.195,4.049814160782977,207.29462832156594,191.09537167843405
2017-06-28,198.3,198.3,195.16,195.61,11771,198.87802811620168,202.0262762233557,41.87963875214213,197.12654067564375,200.02715966601792,-2.90061899037417,-3.066365940682016,0.16574695030784614,198.8365,4.03307676072877,206.90265352145755,190.77034647854245
2017-07-02,195.16,195.16,189.33,191.57,10121,198.18202543846817,201.61622617538094,36.631018713694154,196.27168826400623,199.40070339446103,-3.1290151304548033,-3.078895778636574,-0.05011935181822924,198.20850000000002,4.141838232886853,206.49217646577372,189.9248235342263
2017-07-03,192.02,193.81,191.12,192.91,7507,197.67992777766167,201.27480554105227,39.34625689164877,195.7545054541591,198.91991055042686,-3.1654050962677616,-3.096197642162812,-0.06920745410494966,197.7595,4.207951714505905,206.17540342901182,189.34359657098818
2017-07-04,196.5,197.4,190.22,193.36,9683,197.26850608455103,200.96442101003063,40.27181338969635,195.3861199996731,198.50806532446933,-3.121945324796229,-3.1013471786894957,-0.020598146106733495,197.40050000000002,4.26415349161281,205.92880698322566,188.8721930167744
2017-07-05,193.36,195.16,192.02,195.16,7725,197.06769598126047,200.7367966566961,43.95582095383623,195.3513323074157,198.26006048561976,-2.9087281782040577,-3.0628233785924084,0.15409520038835067,196.952,3.981455169054526,204.91491033810905,188.98908966189094
2017-07-06,197.85,198.3,194.71,197.85,7012,197.14220112590232,200.6235889446688,49.01678085088792,195.73574272165945,198.22968563483312,-2.493942913173669,-2.9490472855086605,0.4551043723349917,196.4135,2.902378833779146,202.2182576675583,190.6087423324417
2017-07-09,197.85,202.78,197.4,199.64,15841,197.38008673295923,200.5850168291916,52.115503749332035,196.336397687558,198.33415336558622,-1.997755678028227,-2.7587889640125742,0.7610332859843472,196.23399999999998,2.5479969429111837,201.32999388582235,191.1380061141776
2017-07-10,200.09,200.09,198.75,199.64,6158,197.5953165679155,200.54795734569387,52.115503749332035,196.84464419716446,198.43088274591315,-1.586238548748696,-2.524278880959799,0.9380403322111031,196.12150000000003,2.325045047674596,200.7715900953492,191.47140990465084
2017-07-11,198.75,201.89,197.4,200.09,4786,197.83290546620924,200.52999823409803,52.949282056575655,197.343929705293,198.55378032028995,-1.2098506149969523,-2.26139322776723,1.0515426127702776,196.301,2.4886286648696996,201.27825732973938,191.3237426702606
2017-07-12,199.64,202.78,199.64,201.89,8340,198.21929542180837,200.58333163668243,56.23216507355713,198.04332513524793,198.80090770397217,-0.7575825687242457,-1.960631095958633,1.2030485272343874,196.615,2.7764014953155653,202.16780299063115,191.06219700936887
2017-07-13,199.64,200.99,198.75,199.64,5038,198.35460061973137,200.5463382391655,51.40401368115833,198.28896742213286,198.86306268886312,-0.5740952667302679,-1.68332393011296,1.1092286633826922,196.727,2.853836014916197,202.4346720298324,191.0193279701676
2017-07-16,201.89,203.23,197.4,198.3,11997,198.34940056070934,200.45824654351196,48.721021405738085,198.29066474180473,198.82135434153994,-0.5306895997352115,-1.4527970640374104,0.9221074643021989,196.772,2.8720442013955263,202.51608840279104,191.02791159720894
2017-07-17,199.64,204.13,199.2,204.13,11095,198.89993384064178,200.60223687513894,58.79723178970865,199.18902401229633,199.21458735327772,-0.025563340981392457,-1.167350319426207,1.1417869784448145,196.9965,3.2576295466475385,203.51175909329507,190.48124090670493
2017-07-18,208.17,213.1,205.48,212.65,30535,200.20946395105685,201.0746981741531,68.52955405135442,201.25994339501997,200.2098031048868,1.0501402901331858,-0.7238521975143284,1.7739924876475142,197.804,4.775900466214953,207.3558009324299,188.2521990675701
2017-07-19,212.21,216.69,209.96,210.86,17403,201.22380071762285,201.45843550065692,65.05295023393779,202.7368751804015,200.99870657859887,1.7381686018026414,-0.23144803765093447,1.969616639453576,198.5665,5.560162128461029,209.68682425692205,187.44617574307793
2017-07-20,210.86,215.35,210.86,211.76,26329,202.22724826832544,201.8624184221998,65.98726458475949,204.1250482295705,201.79583942462858,2.3292088049419135,0.2806833308676351,2.048525474074278,199.374,6.2394292923931305,211.85285858478625,186.89514141521374
2017-07-23,211.76,215.35,208.17,209.07,30287,202.8789389094373,202.14506868015275,60.7586672850567,204.8858100404058,202.33466613391533,2.5511439064904664,0.7347754459922015,1.816368460498265,200.1595,6.428485517808165,213.01647103561635,187.30252896438367
2017-07-24,209.96,210.86,204.58,206.37,25111,203.21142091806232,202.31075226132324,55.96530645742758,205.11414695726643,202.6335797536253,2.4805672036411295,1.0839337975219872,1.3966334061191423,200.7875,6.388927819614897,213.56535563922978,188.0096443607702
2017-07-25,206.37,210.41,206.37,207.72,10580,203.6408094020564,202.5228796236243,57.759683620142724,205.5150474253793,203.01035162372713,2.5046958016521614,1.368086198348022,1.1366096033041395,201.326,6.501348362174972,214.32869672434992,188.32330327565006
2017-07-26,208.62,209.07,204.13,205.93,16769,203.85882755424151,202.65649218740373,54.58364873270098,205.57888628301328,203.22662187382141,2.3522644091918608,1.5649218405167897,0.787342568675071,201.7075,6.538196979051799,214.78389395810362,188.6311060418964
2017-07-27,206.37,208.62,205.03,205.48,8279,204.01322493002803,202.76721798397614,53.78298614419585,205.56367300870355,203.39353877205687,2.1701342366466747,1.6859643197427667,0.484169916903908,202.201,6.42525354814387,215.05150709628774,189.35049290371225
2017-07-30,204.13,209.96,201.89,205.48,10079,204.1529177938349,202.87360159244767,53.78298614419585,205.55080023813377,203.54809145560822,2.002708782525559,1.7493132122993253,0.2533955702262338,202.8965,5.949139942266712,214.79477988453343,190.99822011546658
2017-07-31,206.37,208.62,205.48,206.82,10283,204.40692562299347,203.02836231431246,56.01136539525354,205.74606173995934,203.7904550514891,1.9556066884702545,1.7905719075335114,0.16503478093674318,203.592,5.517638320116813,214.62727664023365,192.55672335976638
2017-08-01,208.62,208.62,205.48,207.27,12151,204.67959937318457,203.19470104708452,56.76526313831261,205.9805137799656,204.04819912174915,1.9323146582164554,1.8189204576701001,0.1133942005463553,204.2875,5.013674852476904,214.31484970495382,194.26015029504617
2017-08-02,207.72,209.07,207.27,208.17,12444,205.01201848050033,203.38981080994395,58.30439873076517,206.31735781381704,204.35351770532327,1.9638401084937698,1.847904387834834,0.11593572065893576,204.93800000000002,4.593481193357454,214.1249623867149,195.75103761328512
2017-08-03,207.72,210.86,208.17,210.41,24579,205.52611195854792,203.6651123468089,61.93638566803807,206.9469950732298,204.80214602344748,2.144849049782323,1.907293320224332,0.23755572955799087,205.56599999999997,4.429070711612804,214.4241414232256,196.70785857677436
2017-08-06,210.41,214.45,209.96,210.41,18709,205.99124415297192,203.92961774497329,61.93638566803807,207.4797650619637,205.21754261430323,2.262222447660463,1.9782791457115585,0.2839433019489044,206.1045,4.324129939870928,214.75275987974186,197.45624012025814
2017-08-07,209.96,212.65,209.96,209.96,18924,206.3692209003079,204.16610332360182,60.70439328708881,207.86133966781543,205.56883575398447,2.2925039138309558,2.041124099335438,0.2513798144955177,206.6205,4.123194309735626,214.86688861947124,198.37411138052875
2017-08-09,211.31,213.1,208.62,208.62,14262,206.5835808145643,204.34076593836255,57.06437002683088,207.97805664199768,205.794847920356,2.1832087216416767,2.069541023796686,0.11366769784499064,207.04700000000003,3.8438359404232476,214.73467188084652,199.35932811915353
2017-08-10,208.62,208.62,205.93,207.27,8816,206.6489540703201,204.45563786234834,53.57867295043536,207.8691248509211,205.90411844477407,1.9650064061470403,2.048634100266757,-0.08362769411971671,207.31599999999997,3.647163858476069,214.6103277169521,200.02167228304785
2017-08-13,211.31,212.21,208.62,209.51,54872,206.9214346350515,204.65384814225627,58.14693317649228,208.12156718154864,206.17122078219822,1.9503463993504226,2.0289765600834904,-0.07863016073306772,207.80949999999999,3.193382095925057,214.1962641918501,201.42273580814987
2017-08-15,210.86,210.86,205.93,207.72,15597,206.99748847933233,204.77408939157957,53.60704796868352,208.05978761515655,206.28594516870206,1.7738424464544948,1.9779497373576915,-0.20410729090319668,208.2805,2.2814664605414117,212.8434329210828,203.71756707891717
2017-08-16,211.76,211.76,206.37,207.27,17261,207.02344195749117,204.8719682389686,52.497362975864064,207.9382818282094,206.35883811916855,1.579443709040845,1.8982485316943223,-0.3188048226534772,208.4375,2.0799566670705794,212.59741333414115,204.27758666585885
2017-08-17,208.62,210.86,206.37,207.27,20057,207.04692367582535,204.9660087001855,52.497362975864064,207.8354692392541,206.42633159182273,1.409137647431379,1.8004263548417336,-0.3912887074103546,208.1685,1.8406070937962515,211.8497141875925,204.4872858124075
2017-08-20,208.62,208.62,204.58,205.03,18074,206.85483570669913,204.96851816292335,46.89340971773372,207.40385858706117,206.32289962205806,1.0809589650031057,1.6565328768740082,-0.5755739118709025,207.877,1.8535232453630281,211.58404649072605,204.16995350927397
2017-08-21,208.62,206.37,201.44,205.03,11655,206.68104182987065,204.97092921535773,46.89340971773372,207.03864957366716,206.22712927968337,0.81152029398379,1.4875303602959646,-0.6760100663121746,207.5405,1.717380119173446,210.9752602383469,204.10573976165313
2017-08-22,205.48,206.37,202.78,205.03,13414,206.52379975083537,204.97324571671624,46.89340971773372,206.72962656233375,206.13845303674384,0.5911735255899089,1.3082589933547535,-0.7170854677648446,207.3385,1.764946025727675,210.86839205145537,203.80860794854465
2017-08-23,207.72,207.72,202.34,204.13,16330,206.29581882218437,204.94017725723717,44.509143247079294,206.3296840142824,205.98967873772577,0.3400052765566386,1.1146082499951306,-0.774602973438492,207.2265,1.895857742288413,211.0182154845768,203.43478451542316
2017-08-24,204.13,206.37,204.13,205.48,13033,206.21812179150015,204.96134677656121,48.72086446583424,206.1989633967005,205.9519247571535,0.2470386395469859,0.9410943279055017,-0.6940556883585158,207.1145,1.9310086674408293,210.97651733488166,203.25248266511832
2017-08-27,205.48,215.8,208.17,210.86,62701,206.6602054304049,205.19266651081372,61.32037408274799,206.91604595105426,206.31548588625324,0.6005600648010159,0.8729874752846045,-0.27242741048358865,207.36100000000002,2.0807081284594484,211.52241625691892,203.19958374308112
2017-08-28,211.31,211.76,207.27,208.62,32657,206.8468525322711,205.32707174568378,55.23512052212959,207.17819272781514,206.4861906354197,0.6920020923954553,0.8367903987067746,-0.14478830631131934,207.51799999999997,2.049538073771121,211.6170761475422,203.41892385245774
2017-08-30,208.62,208.62,200.99,202.34,87940,206.41762848157862,205.2099316772256,42.50099131322447,206.43385538507437,206.1790654031664,0.25478998190797597,0.7203903153470149,-0.46560033343903895,207.36100000000002,2.3167215947144273,211.99444318942886,202.72755681057117
2017-08-31,202.34,201.89,196.5,197.85,142581,205.6016638642854,204.92130690556968,36.093922250395664,205.11326224890905,205.56209759552445,-0.4488353466153967,0.48654518295453264,-0.9353805295699293,206.9125,3.1465952777807926,213.20569055556157,200.61930944443841
2017-09-04,196.5,196.5,185.2,186.27,23965,203.76055302006776,204.18988310535127,25.441472555445387,202.21429882599998,204.13305332918932,-1.9187545031893478,0.005485245725756538,-1.9242397489151044,205.8625,5.582185833905586,217.02687166781118,194.69812833218884
2017-09-06,188.97,192.74,185.74,187.89,15960,202.24907178006129,203.55067200318064,28.615498574793307,200.01056054507688,202.92986419369382,-2.919303648616932,-0.5794725331427812,-2.3398311154741505,204.8485,6.840965825166571,218.53043165033316,191.16656834966685
2017-09-07,188.97,190.04,185.74,185.74,10659,200.67677922957927,202.8522142775657,26.97426316048451,197.81508969198813,201.65654092008685,-3.8414512280987196,-1.231868272133969,-2.6095829559647505,203.61499999999998,7.9238198523612455,219.46263970472248,187.76736029527748
2017-09-10,183.04,185.74,182.51,183.04,19619,198.99708596961935,202.07526469805333,25.03255179182517,195.5419989701438,200.2775378889693,-4.735538918825512,-1.9326024014722778,-2.802936517353234,202.2465,8.981426023805652,220.2093520476113,184.2836479523887
2017-09-11,181.97,186.27,180.35,186.27,14034,197.78498254394134,201.4554503961689,31.394866381130413,194.11553759012168,199.2399424897864,-5.124404899664711,-2.5709629011107644,-2.5534419985539465,201.06199999999998,9.460009791918665,219.9820195838373,182.14198041616265
2017-09-12,184.66,185.74,180.35,184.12,12972,196.48355563499456,200.77562881200544,29.594448634358216,192.57776257625682,198.1199467498022,-5.542184173545394,-3.16520715559769,-2.376977017947704,199.83700000000002,10.000630032786386,219.8382600655728,179.83573993442724
2017-09-13,183.04,185.74,178.2,183.04,9124,195.20321700309032,200.0801139566327,28.703963857203533,191.11041448760193,197.00291365722427,-5.89249916962234,-3.7106655584026202,-2.18183361121972,198.62550000000002,10.507577453790395,219.6406549075808,177.61034509241924
2017-09-14,180.35,187.89,180.35,186.27,13386,194.35243443136744,199.53854086029418,35.00298556351258,190.36573533566317,196.2078830159484,-5.842147680285223,-4.136961982779141,-1.7051856975060815,197.4635,10.525547004164505,218.51459400832903,176.412405991671
2017-09-17,186.27,190.04,185.2,190.04,10391,193.94172639028483,199.16604906185125,41.499640040627014,190.31562220709958,195.7510027925448,-5.435380585445216,-4.396645703312356,-1.03873488213286,196.5795,10.359940802006818,217.29938160401363,175.85961839598636
2017-09-18,191.12,192.2,189.5,190.04,9526,193.57013340073388,198.8081647849159,41.499640040627014,190.2732187906227,195.32796554865257,-5.054746758029864,-4.528265914255858,-0.5264808437740065,195.71800000000002,10.13818659171614,215.9943731834323,175.44162681656775
2017-09-20,187.35,189.5,186.27,187.35,8406,192.9777397435211,198.358824989429,38.32928853854176,189.82349282283462,194.73700513764126,-4.913512314806638,-4.605315194366014,-0.3081971204406244,194.722,9.91969895553547,214.56139791107094,174.88260208892908
2017-09-24,187.35,188.97,185.2,188.43,4527,192.54462167270958,197.96945930356904,40.30118872676209,189.6091093116293,194.26981957189005,-4.660710260260743,-4.61639420754496,-0.044316052715782206,193.892,9.703945263872823,213.29989052774565,174.48410947225435
2017-09-25,188.43,192.2,188.43,191.66,5365,192.4603719895944,197.72202952695847,45.875175352628595,189.92463095599405,194.0764996036019,-4.1518686476078415,-4.523489095557537,0.3716204479496952,193.2235,9.350354496518015,211.92420899303602,174.52279100696398
2017-09-26,193.81,193.81,190.58,192.2,5974,192.43557465725206,197.5054793494307,46.769989235928556,190.27468773199496,193.93749963296472,-3.662811900969757,-4.351353656639981,0.688541755670224,192.582,8.928302484973578,210.43860496994716,174.72539503005282
2017-10-03,193.81,199.2,193.27,196.5,3978,192.82266278513282,197.46604878670794,53.37954269684377,191.2324280809188,194.1273144749673,-2.8948863940485126,-4.0600602041216876,1.165173810073175,192.20049999999998,8.564494316348384,209.32948863269675,175.0715113673032
2017-10-04,198.12,198.66,188.43,188.43,10450,192.4043139484535,197.11169393232723,42.670846721959485,190.80128529923897,193.70529118052528,-2.9040058812863094,-3.828849339554612,0.9248434582683025,191.348,8.00327932787715,207.35455865575432,175.3414413442457
2017-10-08,188.43,188.43,183.58,187.35,13409,191.92295071526746,196.7288824055693,41.47176397979116,190.2703183301253,193.23452887085674,-2.964210540731443,-3.655921579789978,0.6917110390585348,190.1725,6.587975389819408,203.34845077963882,176.9965492203612
2017-10-09,185.74,189.5,184.12,188.43,7348,191.59028874238484,196.40343603672343,43.19093936033122,189.98719243318294,192.87863784338586,-2.8914454102029197,-3.5030263458725663,0.6115809356696467,189.16299999999998,4.957563174746399,199.07812634949278,179.2478736505072
2017-10-10,188.43,188.43,185.74,186.27,12361,191.08359457644343,196.0060463882245,40.62101579595013,189.41531667423172,192.38910911424617,-2.9737924400144493,-3.397179564700943,0.42338712468649353,188.3595,3.898684629734337,196.15686925946866,180.56213074053133
2017-10-11,184.12,188.97,184.12,188.97,8660,190.88229985487737,195.730123000451,45.024453048491274,189.3468064166576,192.13584177245014,-2.789035355792521,-3.2755507229192586,0.4865153671267377,187.9155,3.2048934213365237,194.32528684267305,181.50571315732697
2017-10-12,190.58,192.2,189.5,190.04,8392,190.80208082107953,195.50698092200193,46.711010840405606,189.45345158332566,191.9805942337501,-2.5271426504244516,-3.1258691084202974,0.5987264579958458,188.10399999999998,3.2138735441700073,194.53174708834,181.67625291165996
2017-10-15,187.89,191.12,187.89,191.12,6036,190.83235883811957,195.33494245447244,48.43069085110412,189.7098436474294,191.91684651273158,-2.2070028653021723,-2.9420958597966727,0.7350929944945004,188.2655,3.2829663656388752,194.83143273127774,181.69956726872226
2017-10-16,191.12,200.27,191.12,199.2,11856,191.62927704401295,195.4865133386108,59.07215386105718,191.16986770167105,192.45633936364035,-1.2864716619693013,-2.6109710202311986,1.3244993582618974,188.9385,4.032147494955389,197.0027949899108,180.8742050100892
2017-10-17,200.81,205.66,195.43,201.89,18138,192.60648875410695,195.73763046258682,61.89155491554064,192.8191188244909,193.15512904040776,-0.33601021591687186,-2.155978859368333,1.8199686434514613,189.88100000000003,4.724454744370266,199.32990948874055,180.4320905112595
2017-10-18,201.35,203.5,198.66,203.5,8754,193.64396601562058,196.04203711111282,63.51168560359208,194.46233131303077,193.92141577815534,0.5409155348754382,-1.616599980519579,2.1575155153950174,190.7425,5.533073643771017,201.80864728754204,179.67635271245797
2017-10-22,205.12,205.12,196.5,198.66,33415,194.1216835379424,196.14470232244173,55.82775937839221,195.10812649564141,194.27242201681048,0.8357044788309338,-1.1261390886494764,1.9618435674804102,191.46949999999998,5.572214409108713,202.6139288182174,180.32507118178256
2017-10-23,198.66,199.2,187.35,197.04,21882,194.39961843909074,196.17981203528714,53.49486035244972,195.40533780400426,194.47742779334305,0.9279100106612077,-0.7153292687873397,1.6432392794485473,192.1695,5.3317119547522625,202.83292390950453,181.50607609049547
2017-10-24,197.04,198.12,193.27,194.89,20778,194.44632144489162,196.12923117115824,50.47996057584841,195.32605506492666,194.50798869753987,0.8180663673867912,-0.40865014155251356,1.2267165089393046,192.60049999999998,5.175843155317674,202.95218631063534,182.24881368936462
2017-10-25,196.5,196.5,193.27,195.43,4063,194.54000511680673,196.10181034091673,51.223512543066,195.3420465933995,194.57628583105543,0.7657607623440583,-0.1737679607731992,0.9395287231172575,192.87,5.175829452980839,203.22165890596168,182.51834109403833
2017-10-29,193.81,195.43,192.2,192.74,11839,194.36857605806324,195.96997464127296,47.4049716980797,194.9417317328765,194.44026465838468,0.5014670744918135,-0.03872095372019667,0.5401880282120102,193.005,5.133166151301791,203.27133230260358,182.7386676973964
2017-10-30,193.81,195.43,190.04,194.89,10493,194.41823548110483,195.9276226945564,50.576251961043,194.93377300474162,194.47357838739322,0.4601946173484066,0.06106216049352399,0.39913245685488263,193.382,4.970280729128351,203.3225614582567,183.4414385417433
2017-10-31,195.43,195.97,194.89,195.43,3442,194.5145940067139,195.90810807908358,51.36937356301115,195.01011561939674,194.54442443277148,0.4656911866252642,0.14198796571987204,0.32370322090539216,193.732,4.848179908077051,203.4283598161541,184.03564018384589
2017-11-01,195.43,195.43,192.2,192.2,22323,194.29415648226495,195.76269207598227,46.55676696897996,194.57779013948954,194.3707633636773,0.20702677581223838,0.15499572773834533,0.052031048073893055,193.759,4.837525356933726,203.43405071386744,184.08394928613254
2017-11-02,192.2,193.81,187.89,190.04,10044,193.88899872204922,195.53827277888493,43.61411393300813,193.8796685795681,194.04996607747898,-0.17029749791089444,0.08993708260849739,-0.26023458051939186,193.651,4.8978974006605815,203.44679480132118,183.85520519867885
2017-11-05,187.89,193.81,186.81,193.81,16310,193.88147503423502,195.4704973757914,49.6016093617501,193.86895033655762,194.03219081248056,-0.16324047592294733,0.03930157090220845,-0.20254204682515578,193.5165,4.852266182444263,203.22103236488854,183.81196763511147
2017-11-06,193.81,191.66,186.27,190.58,3918,193.56704884049836,195.27871316497607,45.175486369536024,193.3629579770872,193.77647297451904,-0.4135149974318324,-0.05126174276459973,-0.3622532546672327,193.62399999999997,4.756517301780209,203.13703460356038,184.11096539643955
2017-11-07,193.81,193.81,186.81,186.81,9870,192.92352037949854,194.94660676634956,40.61946813220382,192.35481059599687,193.26043793936947,-0.9056273433726005,-0.2221348628861999,-0.6834924804864007,193.597,4.795379464709284,203.18775892941858,184.00624107058144
2017-11-08,186.27,186.27,181.97,183.04,19862,191.9822327243082,194.47968101080644,36.64001872885833,190.92176281199735,192.50336846237914,-1.581605650381789,-0.49402902038531776,-1.0875766299964713,193.32750000000001,5.232576979093007,203.79265395818604,182.862346041814
2017-11-09,180.35,185.74,180.35,183.04,28151,191.13059151246932,194.03106606920622,36.64001872885833,189.70918391784392,191.80237820590662,-2.093194288062705,-0.8138620739207952,-1.2793322141419097,193.166,5.504639574225901,204.1752791484518,182.1567208515482
2017-11-12,183.04,188.97,183.04,188.97,8625,190.92482089223415,193.83259289002166,46.24676031681413,189.5954633150987,191.5925724128765,-1.997109097777809,-1.050511478692198,-0.9465976190856109,193.166,5.504639574225901,204.1752791484518,182.1567208515482
2017-11-13,188.97,190.04,187.89,189.5,14865,190.78912366440233,193.6626872864914,47.01993814070658,189.58077665123736,191.43756704895972,-1.8567903977223637,-1.2117672624982312,-0.6450231352241325,193.13899999999998,5.5220761732510075,204.183152346502,182.09484765349796
2017-11-14,188.97,193.27,188.43,191.66,12073,190.87206426779258,193.5841505301584,50.16597138315444,189.9006571664316,191.4540435638516,-1.5533863974199846,-1.2800910894825819,-0.27329530793740275,193.166,5.512997465323218,204.19199493064644,182.14000506935355
2017-11-15,191.66,195.43,190.58,193.27,11657,191.10043909943138,193.57183090152478,52.433281102606585,190.41901760236522,191.58855885541814,-1.1695412530529268,-1.257981122196651,0.08843986914372426,192.86950000000002,5.327748092474939,203.52499618494988,182.21400381505015
2017-11-16,191.12,191.12,187.35,188.97,15488,190.89754013758076,193.39136694460223,46.36578220273201,190.19609181738596,191.39459153279458,-1.1984997154086159,-1.2460848408390441,0.047585125430428254,192.2235,4.946042836133706,202.1155856722674,182.3314143277326
2017-11-19,188.97,191.12,184.66,188.43,21715,190.66253631495402,193.19680353500996,45.65134147773253,189.92438538394197,191.17499215999499,-1.2506067760530186,-1.246989227881839,-0.003617548171179541,191.46999999999997,4.2344414905473196,199.93888298109462,183.00111701890532
2017-11-20,188.43,189.5,185.2,185.74,27602,190.19372333257746,192.90437986697037,42.16578588172212,189.28063378641244,190.7724001481435,-1.4917663617310666,-1.2959446546516846,-0.19582170707938196,190.824,4.061824065228305,198.94764813045663,182.7003518695434
2017-11-21,185.74,188.97,185.2,188.43,5861,190.02574968185579,192.72891398983427,46.55989143829675,189.1497670500413,190.5988890260588,-1.4491219760174943,-1.3265801189248467,-0.12254185709264753,190.3935,3.8172451833094043,198.0279903666188,182.75900963338117
2017-11-22,188.43,188.97,186.27,188.97,12911,189.9252020931076,192.58150559807606,47.42347367275989,189.1221105808042,190.47823057968407,-1.3561199988798762,-1.3324880949158528,-0.02363190396402337,190.09750000000003,3.677179804662029,197.4518596093241,182.74314039067596
2017-11-23,188.97,193.81,188.97,193.81,7226,190.29518284614497,192.6296818491319,54.51784175941563,189.84332433760355,190.7250283145223,-0.8817039769187431,-1.242331271316431,0.3606272943976878,190.0165,3.5698094818724995,197.156118963745,182.876881036255
2017-11-26,193.81,196.5,193.81,196.5,16104,190.8861178131788,192.78145903151892,57.91662879552573,190.86742828566454,191.15280399492804,-0.28537570926349076,-1.050940158905843,0.7655644496423522,190.2045,3.8116075832181346,197.82771516643626,182.58128483356373
2017-11-27,196.5,197.04,194.35,194.89,16846,191.2674399262094,192.86414691263585,55.25520309061866,191.4862854724854,191.42963332863707,0.056652143848339165,-0.8294216983550066,0.8860738422033457,190.2045,3.8116075832181346,197.82771516643626,182.58128483356373
2017-11-28,193.81,196.5,192.74,193.81,11498,191.50958850466563,192.9012391905717,53.47985365843545,191.84378001517996,191.60595678577508,0.23782322940488143,-0.615972712803029,0.8537959422079104,190.12349999999998,3.710591206976052,197.54468241395207,182.70231758604788
2017-11-29,194.35,199.73,193.81,197.58,24683,192.08772293279273,193.08472000662772,58.493246226435815,192.72627539745997,192.0484785053473,0.6777968921126671,-0.3572187918198898,1.0350156839325568,190.39249999999998,4.0486617347131455,198.48982346942628,182.29517653057368
2017-11-30,200.27,200.27,196.5,199.2,11206,192.76508265347914,193.3245349083286,60.46490508392521,193.72223302861997,192.57822083828455,1.1440121903354168,-0.05697259538882851,1.2009847857242453,190.8505,4.499673058301538,199.8498461166031,181.85115388339693
2017-12-04,199.2,199.73,192.74,194.89,5819,192.96745573410018,193.38592569623728,53.221437146362916,193.90188948575536,192.74946373915236,1.1524257466030008,0.18490707300953735,0.9675186735934634,190.9045,4.543327640910064,199.99115528182014,181.81784471817988
2017-12-05,196.5,196.5,192.74,195.43,9511,193.201983759424,193.4660854728554,53.965530596143815,194.13698341102375,192.9480219806966,1.18896143032714,0.3857179444730579,0.8032434858540822,191.147,4.6532016142849475,200.4534032285699,181.84059677143009
2017-12-06,192.74,196.5,192.74,194.89,11257,193.36274721090743,193.52192525823364,53.056653532453105,194.2528321170201,193.0918722043487,1.1609599126713874,0.5407663381127239,0.6201935745586635,191.551,4.6073715534570905,200.76574310691416,182.33625689308582
2017-12-10,195.43,195.43,191.66,192.2,7932,193.2520093812972,193.4700850520284,48.660169378755114,193.93701179132466,193.02580759661916,0.9112041947055047,0.6148539094312802,0.2963502852742246,192.009,4.149307995573781,200.30761599114754,183.71038400885243
2017-12-11,192.2,193.81,192.2,192.2,1292,193.15181801164985,193.4202777950861,48.660169378755114,193.66977920804396,192.96463666353625,0.7051425445077086,0.6329116364465659,0.07223090806114274,192.46699999999998,3.5726786353668545,199.6123572707337,185.32164272926627
2017-12-12,192.2,194.35,192.2,192.74,10265,193.11259724863558,193.3936002344945,49.63186967413246,193.52673625296026,192.94799691068172,0.5787393422785385,0.6220771776129604,-0.043337835334421926,192.65550000000002,3.4766249135478726,199.60874982709575,185.7022501729043
2017-12-13,193.27,193.81,191.12,193.27,6093,193.12758798686076,193.3887531664751,50.61973582663463,193.48723836788946,192.97184899137196,0.5153893765175042,0.6007396173938693,-0.08535024087636511,192.844,3.3978420396398796,199.63968407927976,186.04831592072023
2017-12-14,192.2,193.81,193.27,193.81,1985,193.19257960715973,193.40527265014276,51.66001841481132,193.53689400359877,193.03393425127035,0.5029597523284224,0.5811836443807799,-0.07822389205235747,192.9515,3.3924176676239903,199.736335335248,186.16666466475203
2017-12-17,192.74,193.81,188.97,192.74,5006,193.14947678743025,193.37918352660776,49.43757955853596,193.41429492612204,193.01216134376887,0.40213358235317287,0.5453736319752585,-0.14324004962208559,192.925,3.3918687598783857,199.7087375197568,186.14126248024323
2017-12-18,191.12,195.43,190.58,193.81,19571,193.21238376005593,193.3960782902702,51.67639982976405,193.47517262979557,193.0712605034897,0.4039121263058689,0.5170813308413806,-0.11316920453551171,193.167,3.265131737493392,199.69726347498678,186.63673652501322
2017-12-19,190.04,193.81,190.04,193.27,7876,193.217871021003,193.39113404359296,50.46203057621439,193.44360760982704,193.08598194767563,0.35762566215140623,0.4851901971033858,-0.12756453495197956,193.40900000000002,3.0690370511092984,199.54707410221863,187.2709258977814
2017-12-20,193.81,193.81,189.5,189.5,8188,192.86378806662174,193.23854055168735,42.88504208762866,192.83689874677674,192.82035365525522,0.016545091521521726,0.391461175987013,-0.3749160844654913,193.597,2.662810347621043,198.9226206952421,188.27137930475791
2017-12-21,187.89,188.97,186.81,187.89,9168,192.39009396503872,193.02879386338589,40.11487146554014,192.07583740111878,192.45514227338447,-0.379304872265692,0.23730796633647205,-0.6166128386021641,193.57,2.7200812681411595,199.0101625362823,188.12983746371768
2017-12-24,188.43,188.97,186.27,187.35,15350,191.91008501598742,192.80609606482173,39.20024857434691,191.34878549325435,192.0769835864671,-0.7281980932127396,0.04420675442662972,-0.7724048476393693,193.48899999999998,2.883484551358635,199.25596910271724,187.7220308972827
2017-12-26,185.74,186.81,184.12,185.2,7661,191.2710293001791,192.50781778776988,35.709271216475926,190.40281849429215,191.56757739487693,-1.1647589005847863,-0.1975863765756535,-0.9671725240091328,193.0585,3.424932231373686,199.9083644627474,186.20863553725263
2017-12-27,181.43,185.74,178.74,182.51,16281,190.4366455573049,192.115746501975,31.88347082705866,189.1885387259395,190.89664573599717,-1.7081070100576596,-0.4996905032720548,-1.2084165067856047,192.35899999999998,4.055626241476662,200.4702524829533,184.24774751704666
2017-12-28,181.97,184.66,180.89,182.51,7672,189.68172693279968,191.73905056072107,31.883470827058645,188.16107122964112,190.2754127185159,-2.1143414888747714,-0.822620700392598,-1.2917207884821733,191.74,4.562130158048366,200.86426031609673,182.61573968390329
2017-12-31,185.2,185.2,178.2,181.43,13062,188.89584817729494,191.3347740681438,30.368495901012736,187.12552180969635,189.62019696158882,-2.4946751518924657,-1.1570315906925717,-1.337643561199894,191.121,5.077274341304435,201.27554868260887,180.96645131739115
2018-01-01,183.04,186.27,181.43,185.2,15700,188.54386263660018,191.09419469292246,40.92140689280861,186.82928768512767,189.2927749644341,-2.4634872793064346,-1.4183227284153443,-1.0451645508910903,190.502,5.0024831728614885,200.506966345723,180.49703365427703
2018-01-02,183.04,186.81,182.51,184.12,11570,188.12254238549542,190.82069686182746,39.09356404813586,186.41247419510805,188.90960644855008,-2.4971322534420324,-1.634084633420682,-0.8630476200213504,189.748,4.752707372482092,199.25341474496418,180.2425852550358
2018-01-03,183.58,183.58,180.89,180.89,10654,187.43372882497204,190.43125776920678,34.17676262391274,185.56286278047605,188.31556152643526,-2.752698745959208,-1.8578074559283873,-0.8948912900308206,189.048,4.981018285242336,199.0100365704847,179.08596342951532
2018-01-04,180.89,184.12,180.35,181.97,10327,186.91337369878423,190.09944373904182,37.02861201035906,185.0101146604028,187.8455199318845,-2.8354052714817044,-2.0533270190390507,-0.7820782524426537,188.375,4.9826535944342165,198.34030718886842,178.40969281113158
2018-01-07,181.97,186.81,181.43,185.74,9386,186.80162382270956,189.9284851610402,45.84844842343797,185.12240471264852,187.68955549248565,-2.567150779837135,-2.1560917711986676,-0.41105900863846756,187.9175,4.7684366576391835,197.45437331527836,178.38062668472162
2018-01-08,185.74,188.43,185.74,187.35,17120,186.85385012530867,189.82736809590136,49.12552375279821,185.4651116799334,187.664403233783,-2.199291553849605,-2.164731727728855,-0.034559826120749815,187.675,4.661307135401875,196.99761427080375,178.35238572919627
2018-01-09,187.35,188.43,187.35,188.43,10010,187.003959637184,189.7725693470425,51.25648205987557,185.92124834455902,187.72111410535462,-1.7998657607955977,-2.091758534342204,0.29189277354660614,187.4865,4.543425875287548,196.5733517505751,178.3996482494249
2018-01-10,186.27,187.89,185.2,186.27,8821,186.93405871935698,189.63521368637416,47.01492397512466,185.97490244539608,187.61362417162465,-1.6387217262285674,-2.0011511727194766,0.36242944649090925,187.16299999999998,4.376968549605082,195.91693709921014,178.40906290078982
2018-01-14,186.27,186.27,183.04,185.74,12291,186.820338841323,189.48246020847714,46.0088615882867,185.93876360764284,187.47483719594874,-1.5360735883058965,-1.9081356558367606,0.3720620675308641,186.7865,4.141533246468023,195.06956649293605,178.50343350706393
2018-01-16,185.74,188.97,184.12,186.81,16550,186.81935418976846,189.37765784736038,48.40910257927661,186.0727999756978,187.42558999624882,-1.3527900205510264,-1.797066528779614,0.44427650822858755,186.4365,3.7983005548907953,194.0331011097816,178.8398988902184
2018-01-17,184.12,186.81,183.58,184.66,8376,186.6137014097905,189.19265165726785,44.160860499186484,185.85544613328273,187.2207314780082,-1.3652853447254643,-1.710710291968784,0.34542494724331974,186.03249999999997,3.511426273425695,193.05535254685137,179.00964745314857
2018-01-21,185.2,187.35,184.66,184.66,9964,186.42763460885809,189.0149006118848,44.160860499186484,185.67153134354692,187.0310476648224,-1.3595163212754926,-1.6404714978301258,0.2809551765546332,185.575,3.0042102035955964,191.58342040719117,179.5665795928088
2018-01-22,184.66,185.74,183.58,185.74,7411,186.36214559849066,188.88647313690893,46.876806089015936,185.68206498300125,186.9354145044652,-1.2533495214639458,-1.56304710255689,0.3096975810929441,185.1985,2.4002133128927112,189.99892662578543,180.39807337421456
2018-01-23,184.66,184.66,181.43,183.58,7803,186.09717935101537,188.6783761511478,42.43165063247874,185.35867037023183,186.68686528191222,-1.3281949116803844,-1.516076664381589,0.18788175270120466,184.90249999999997,2.1983699104510372,189.29923982090205,180.5057601790979
2018-01-24,182.51,186.81,182.51,185.2,7029,186.01173369853774,188.54196924325964,46.527161872254794,185.3342595440423,186.57672711288168,-1.2424675688393734,-1.4613548452731462,0.21888727643377281,184.768,2.085353939418923,188.93870787883785,180.59729212116216
2018-01-25,185.2,188.97,185.2,188.97,22405,186.29347334629605,188.55875476313182,54.61840291982876,185.89360422957427,186.75400658600157,-0.8604023564273007,-1.3411643475039772,0.4807619910766765,184.849,2.2181568925616033,189.2853137851232,180.41268621487677
2018-01-28,187.35,187.35,185.2,186.27,12943,186.29123778950597,188.46899967438156,48.91032903507098,185.95151127117822,186.71815424629776,-0.766642975119538,-1.2262600730270894,0.45961709790755134,184.90249999999997,2.2398657737081358,189.38223154741624,180.4227684525837
2018-01-29,186.81,187.35,183.58,187.35,17381,186.3920722857435,188.42511733420974,51.11124878599626,186.16666338330464,186.7649576354609,-0.5982942521562506,-1.1006669088529217,0.5023726566966711,185.1445,2.229206786001642,189.60291357200327,180.6860864279967
2018-01-31,184.12,186.27,183.58,185.2,12608,186.27854159186316,188.29864214463288,46.7898700653457,186.0179459397193,186.64903484764898,-0.6310889079296658,-1.0067513086682707,0.3756624007386049,185.279,2.1413053077671407,189.56161061553428,180.99638938446572
2018-02-01,186.27,188.43,183.58,186.81,22342,186.3291566783524,188.24026402131395,50.18632985281168,186.13980041053173,186.66095819226757,-0.5211577817358375,-0.9096326032817841,0.3884748215459466,185.548,1.9628191326222255,189.47363826524446,181.62236173475554
2018-02-04,186.81,188.43,186.81,187.35,16782,186.42637985184263,188.20535170675262,51.30895260952271,186.32598496275762,186.71199832617367,-0.38601336341605474,-0.8049087553086383,0.4188953918925835,185.65550000000002,2.0012561187042404,189.65801223740849,181.65298776259155
2018-02-05,187.35,187.35,186.27,187.35,8577,186.51434367547665,188.17180850256625,51.30895260952271,186.48352573771797,186.75925770942004,-0.2757319717020721,-0.6990733985873251,0.423341426885253,185.81699999999998,2.0011499325766082,189.8192998651532,181.81470013484676
2018-02-06,185.2,187.89,185.2,186.27,7027,186.4910728492408,188.09722777697542,48.760074743426614,186.4506756242229,186.72301639761116,-0.27234077338826523,-0.6137268735475132,0.341386100159248,186.08599999999998,1.6314359190341652,189.3488718380683,182.82312816193166
2018-02-07,185.74,185.74,183.58,183.58,4071,186.21382781597978,187.92008158964305,43.026737346612045,186.0090332204963,186.49020036815847,-0.48116714766217683,-0.587214928370446,0.10604778070826915,186.16649999999998,1.4469396924904716,189.06037938498093,183.27262061501904
2018-02-08,182.51,185.2,182.51,184.12,9362,186.01441564302934,187.77105878220607,44.439075730197175,185.71841272503534,186.3146299705171,-0.5962172454817676,-0.5890153917927103,-0.007201853689057236,186.0855,1.5157783305577792,189.11705666111556,183.05394333888444
2018-02-11,184.66,186.81,184.66,186.81,5007,186.09018558178846,187.7333702025117,50.9606915607747,185.88634922887607,186.3513240467751,-0.4649748178990194,-0.5642072770139722,0.09923245911495282,186.0585,1.49675886677956,189.05201773355913,183.0649822664409
2018-02-12,186.81,187.89,185.2,187.89,7453,186.26159647876096,187.73951254751125,53.32926341663689,186.19460319366436,186.46530004331026,-0.27069684964590124,-0.505505191540358,0.23480834189445676,186.0315,1.456044660253117,188.94358932050622,183.11941067949377
2018-02-14,186.27,187.35,185.2,187.35,11425,186.3652539569742,187.72423754564807,51.977464768148515,186.37235654848524,186.53083337343543,-0.1584768249501849,-0.4360995182223234,0.2776226932721385,186.0855,1.4850925011130494,189.05568500222608,183.1153149977739
2018-02-15,188.97,192.2,186.81,192.2,26577,186.92094405631,187.89975764189717,61.43315431676831,187.2689170794875,186.95077164206984,0.31814543741765533,-0.2852505270943277,0.6033959645119831,186.4085,2.0142342805301086,190.4369685610602,182.3800314389398
2018-02-18,192.2,195.97,188.43,193.81,31366,187.57704462237572,188.13153185201884,63.969384261461265,188.2752375287971,187.45886263154617,0.8163748972509381,-0.06492544222527452,0.8813003394762127,186.7585,2.6082526415449645,191.97500528308993,181.54199471691007
2018-02-20,195.43,195.43,190.58,190.58,29824,187.86304037262565,188.2275502107632,56.011252591528006,188.62981637052062,187.6900579921724,0.9397583783482162,0.1360113218894236,0.8037470564587925,187.05450000000002,2.6921376265008146,192.43877525300164,181.6702247469984
2018-02-21,187.35,188.43,186.27,186.81,5875,187.76275081332798,188.17196000641954,48.43700129951352,188.34984462120977,187.62486851127073,0.7249761099390355,0.253804279499346,0.4711718304396895,187.16199999999998,2.6337837500688726,192.42956750013772,181.89443249986223
2018-02-22,186.81,190.58,185.74,187.35,6636,187.72344121205867,188.1397262806776,49.49059643759748,188.19602237179288,187.6045078808062,0.5915144909866683,0.32134632179681044,0.27016816918985787,187.2425,2.6125524421874484,192.4676048843749,182.0173951156251
2018-02-25,187.35,187.35,184.66,185.74,10597,187.53454204900547,188.04561936770986,46.44355838408216,187.81817277613243,187.46639618593167,0.3517765902007568,0.32743237547759974,0.024344214723157065,187.3505,2.4951900571047676,192.34088011420954,182.36011988579048
2018-02-26,186.81,186.81,184.66,184.66,11992,187.2607761395764,187.91284998074087,44.465840856921226,187.33230004134282,187.25851498697378,0.07378505436903993,0.2767029112558878,-0.20291785688684788,187.3235,2.5224576048851386,192.36841520977026,182.27858479022973
2018-02-27,184.66,187.35,184.12,185.74,13405,187.1159403167596,187.82764017757458,46.9009059247471,187.08733080421317,187.14603239534608,-0.058701591132916064,0.20962201077812703,-0.2683236019110431,187.162,2.514881183762491,192.191762367525,182.132237632475
2018-02-28,184.66,185.74,184.12,184.12,2742,186.83061266754441,187.68224252355205,43.7985871988576,186.63081837279577,186.92188184754266,-0.29106347474689187,0.10948491367312325,-0.4005483884200151,187.05450000000002,2.5995434315765893,192.2535868631532,181.85541313684683
2018-03-04,180.89,183.04,178.2,179.81,18341,186.16198288968303,187.3735271304716,36.82042690527313,185.58146170005796,186.39507578476173,-0.8136140847037723,-0.07513488600225586,-0.7384791987015165,186.6775,3.060338603560378,192.79817720712077,180.55682279287925
2018-03-06,180.89,182.51,177.66,182.51,20976,185.81417499542752,187.18280057633544,42.95226173268171,185.10892913081827,186.1072923932979,-0.9983632624796428,-0.2597805612977333,-0.7385827011819095,186.54299999999998,3.1852540178006783,192.91350803560132,180.17249196439863
2018-03-07,183.04,185.2,181.97,183.04,11941,185.54996785300585,187.02033780863601,44.09917031695917,184.79063234146162,185.88008554934993,-1.0894532078883117,-0.425715090615849,-0.6637381172724627,186.3545,3.278800286051258,192.91210057210253,179.79689942789747
2018-03-11,183.04,180.35,175.51,176.05,45826,184.6452090098624,186.59012848280716,34.303839751629994,183.44591967354444,185.1519310642129,-1.7060113906684649,-0.6817743506263723,-1.0242370400420926,185.7895,3.9938590690180034,193.777218138036,177.801781861964
2018-03-12,176.05,179.28,172.28,176.05,44678,183.82661767558983,186.1767901109324,34.303839751629994,182.30808587761453,184.4777139483453,-2.1696280707307665,-0.9793450946472511,-1.1902829760835154,185.2245,4.525399051903151,194.2752981038063,176.1737018961937
2018-03-13,176.05,176.05,174.43,175.51,12610,183.03455884934317,185.75848461638603,33.63448037503473,181.2622265118277,183.81343884106047,-2.551212329232783,-1.2937185415643575,-1.2574937876684253,184.6865,5.008387990479136,194.70327598095827,174.66972401904172
2018-03-14,173.35,175.51,173.35,174.97,6604,182.2665056255962,185.3354067882925,32.94224390144949,180.2941916638542,183.1583692972782,-2.864177633423992,-1.6078103599362845,-1.2563672734877076,184.256,5.458332500336306,195.17266500067262,173.33933499932738
2018-03-15,174.43,176.58,174.43,175.51,31274,181.62302889934892,184.95009671816337,34.39630527621311,179.55816217710742,182.59182342340574,-3.0336612462983226,-1.8929805372086923,-1.1406807090896303,183.82549999999998,5.798556512753441,195.42261302550685,172.2283869744931
2018-03-18,175.51,176.05,173.89,174.43,8329,180.93797852798238,184.5375439056864,32.86155908399813,178.76921414986012,181.98724391056086,-3.2180297607007446,-2.157990381907103,-1.0600393787936415,183.2065,6.115325248484519,195.43715049696905,170.97584950303096
2018-03-19,174.43,174.97,171.74,171.74,17787,180.06198057293645,184.03567943879673,29.34894475643756,177.68779658834316,181.22818880607488,-3.5403922177317213,-2.4344707490720268,-1.1059214686596945,182.399,6.5173904206170565,195.43378084123412,169.36421915876588
2018-03-20,172.28,172.82,169.59,170.12,16734,179.11512528027583,183.48996651962824,27.44623518631144,176.52352019013654,180.40536000562489,-3.8818398154883482,-2.723944562355291,-1.157895253133057,181.5375,6.952731288381123,195.44296257676223,167.63203742323776
2018-03-21,169.05,169.59,164.74,166.36,18664,177.90035144405908,182.81820312670166,23.618894730069854,174.9599016993463,179.3649629681712,-4.405061268824909,-3.060167903649215,-1.344893365175694,180.2455,7.26111233685527,194.76772467371052,165.72327532628947
2018-03-22,169.05,169.05,162.59,163.66,19432,176.54412749700583,182.06690104330158,21.319794368485688,173.22145528406224,178.20163237793628,-4.980177093874033,-3.444169741694179,-1.5360073521798543,178.738,7.424650691766263,193.58730138353252,163.88869861646748
2018-03-26,160.43,163.13,158.28,160.43,15568,175.0094486877672,181.21839512003484,18.944074675093503,171.2535390865142,176.8852151647558,-5.631676078241611,-3.8816710090036652,-1.7500050692379459,177.2305,7.936863012153494,193.104226024307,161.35677397569302
2018-03-27,158.82,166.36,153.43,165.82,13125,174.13426309845602,180.61453648787662,32.46773952476501,170.41760999628124,176.0655695969961,-5.64795960071487,-4.234928727345906,-1.4130308733689638,176.18099999999998,7.9910666569484885,192.16313331389696,160.198866686103
2018-03-28,164.2,166.36,161.51,165.28,15130,173.29099994622212,180.01318211580303,31.893618950600555,169.6272084583918,175.26663851573716,-5.639430057345351,-4.515828993345795,-1.1236010639995557,175.07750000000001,7.8907566677395655,190.85901333547915,159.29598666452088
2018-03-29,167.97,171.2,165.28,169.59,10960,172.93852376086764,179.60442987596764,40.879440444063135,169.62148408017768,174.84614677383072,-5.224662693653045,-4.657595733407245,-0.5670669602457998,174.27,7.56167413933417,189.39334827866836,159.14665172133166
2018-04-01,170.12,170.12,163.13,165.82,11449,172.26056911697546,179.06386399847872,36.36038916654649,169.03664037553494,174.1775433091025,-5.14090293356756,-4.754257173439308,-0.3866457601282516,173.328,7.3702907176825745,188.06858143536516,158.58741856463485
2018-04-02,164.74,165.82,164.2,165.82,2719,171.6471815820254,178.54449678285212,36.36038916654649,168.54177262545264,173.55846602694675,-5.016693401494109,-4.806744419050268,-0.20994898244384075,172.332,6.937975284809687,186.20795056961936,158.45604943038063
2018-04-03,163.13,165.82,163.13,165.82,5288,171.09221190754678,178.0454969090148,36.36038916654649,168.123038375383,172.985246321247,-4.862207945863986,-4.817837124413012,-0.04437082145097371,171.417,6.494042695140894,184.40508539028178,158.42891460971822
2018-04-04,166.89,169.05,165.28,166.89,5694,170.69200124968518,177.60802644199458,38.76017638272203,167.93334016378563,172.5337465937472,-4.600406429961566,-4.774350985522723,0.17394455556115673,170.77100000000002,6.253353542405207,183.27770708481043,158.2642929151896
2018-04-05,170.12,171.74,167.43,171.2,14733,170.7403820830485,177.35673128740657,47.36936130700354,168.4359032155109,172.43495054976592,-3.9990473342550104,-4.619290255269181,0.6202429210141709,170.20549999999997,5.614681389469771,181.4348627789395,158.97613722106044
2018-04-08,172.28,178.74,172.28,177.66,25338,171.39939331323436,177.36862417809652,57.10336053214191,169.85499502850922,172.82199124978325,-2.96699622127403,-4.288831448470152,1.3218352271961216,169.93649999999997,5.069860659353248,180.07622131870647,159.79677868129346
2018-04-09,180.35,180.89,173.89,176.58,15606,171.89278442625968,177.3376977397398,55.26316348340235,170.88961117796936,173.10036226831784,-2.210751090348481,-3.8732153768458177,1.662464286497337,169.96300000000002,5.104762585334034,180.17252517066808,159.75347482933196
2018-04-10,173.89,178.74,170.12,173.35,9966,172.031566861854,177.1813174362206,50.06662194814046,171.26813253520484,173.11885395214614,-1.8507214169412975,-3.4687165848649135,1.617995167923616,169.828,4.969216394859633,179.76643278971926,159.88956721028075
2018-04-11,170.66,173.89,170.12,173.89,3501,172.2085604940584,177.05224616421197,50.89791568684643,171.67149676055794,173.1759758816168,-1.5044791210588642,-3.0758690921037037,1.5713899710448396,169.747,4.884199120902612,179.51539824180523,159.9786017581948
2018-04-12,175.51,176.58,173.35,173.89,8904,172.36869758986236,176.92823651071345,50.89791568684643,172.01280495124132,173.2288665570526,-1.2160616058112907,-2.7039075948452216,1.4878459890339308,169.69299999999998,4.829073246601961,179.3511464932039,160.03485350679605
2018-04-15,173.89,173.35,169.05,171.2,13360,172.2573930574945,176.70359978480312,46.432015761225045,171.8877580356657,173.0785801454191,-1.190822109753384,-2.4012904978268543,1.2104683880734703,169.47750000000002,4.6486204801440705,178.77474096028817,160.18025903971187
2018-04-16,171.2,175.51,171.2,174.43,10296,172.4643080043998,176.61443900892849,51.89053044752827,172.27887218402483,173.1786853198325,-0.8998131358076762,-2.100995025423019,1.2011818896153428,169.4775,4.6486204801440705,178.77474096028814,160.18025903971184
2018-04-17,174.43,178.74,173.35,177.66,13633,172.9591358135046,176.6554414007352,56.64787150604534,173.10673800186717,173.51063455540046,-0.40389655353328635,-1.7615753310450726,1.3576787775117862,169.77349999999998,4.977136436271105,179.7277728725422,159.81922712745776
2018-04-18,177.66,187.35,176.58,181.97,17142,173.81731335507558,176.86385546345147,62.0417301328792,174.47031677081068,174.1372542179634,0.3330625528472808,-1.342647754266602,1.6757103071138828,170.366,5.676726632765847,181.7194532655317,159.01254673446832
2018-04-19,183.04,187.89,180.35,183.58,33625,174.74709303554457,177.127233680571,63.8510609445741,175.87180649837828,174.83671686848464,1.0350896298936334,-0.867100277434555,1.9021899073281885,171.227,6.307950789114582,183.84290157822917,158.61109842177083
2018-04-22,186.27,192.2,183.58,191.66,33695,176.35784607977843,177.69714608525453,71.2561010558135,178.30075934478162,176.08288598933763,2.2178733554439987,-0.25010555085884423,2.467978906302843,172.627,7.529110592612395,187.6852211852248,157.56877881477521
2018-04-23,192.2,194.35,187.35,188.43,35197,177.50757502456142,178.11804231720532,65.48144699303361,179.85910406096906,176.99748702716448,2.8616170338045777,0.3722389660738401,2.4893780677307378,174.027,7.741992875494748,189.51098575098948,158.5430142490105
2018-04-24,186.27,187.89,184.12,184.66,14697,178.18875835555556,178.37458967731493,59.42780013588039,180.59770343620457,177.56508058070787,3.0326228554966974,0.9043157439584116,2.1283071115382857,174.969,7.8364505257232135,190.6419010514464,159.29609894855358
2018-04-25,184.66,185.2,182.51,183.58,15294,178.70220994074074,178.57872341545945,57.77985646767238,181.0565182921731,178.0106301673221,3.045888124851018,1.332630220136933,1.713257904714085,175.884,7.713000917794482,191.31000183558896,160.457998164411
2018-04-26,183.04,184.12,180.89,181.43,24001,178.961999470194,178.69053818348067,54.53759469488162,181.11397701645419,178.26391682159453,2.850060194859651,1.6361162150814765,1.2139439797781746,176.476,7.658678187451935,191.79335637490388,161.15864362509612
2018-04-29,179.81,182.51,178.2,180.89,42224,179.14561856827075,178.77679158805006,53.72220460825957,181.07951901392278,178.45844150147641,2.6210775124463623,1.833108474554454,0.7879690378919084,177.2295,7.287442317186572,191.80438463437315,162.65461536562685
2018-05-02,179.81,181.97,178.2,181.97,11337,179.41460727605448,178.90201544734222,55.165954788531955,181.21651608870388,178.7185569458115,2.4979591428923698,1.9660786082220372,0.5318805346703326,178.03699999999998,6.837528100587432,191.71205620117485,164.3619437988251
2018-05-03,183.58,184.12,181.97,183.58,32659,179.81131134500168,179.08546582195623,57.30435867561425,181.58012899813406,179.07866383871436,2.501465159419695,2.073155918461569,0.42830924095812595,178.925,6.299469067018592,191.5239381340372,166.32606186596283
2018-05-06,181.97,183.04,180.35,181.43,11511,179.96547216928724,179.17740833874228,53.625996782234225,181.55703222919036,179.2528368876985,2.3041953414918623,2.1193638030676274,0.18483153842423494,179.652,5.642163265609993,190.93632653121998,168.36767346878
2018-05-07,180.35,184.12,178.74,181.43,17494,180.1049510103075,179.26574526663475,53.625996782234225,181.53748880931494,179.41410822935046,2.1233805799644756,2.120167158446997,0.0032134215174783876,180.1635,5.288211592033298,190.73992318406658,169.58707681593341
2018-05-08,181.43,183.58,180.35,182.51,15267,180.33400329504013,179.392970942453,55.297670876847654,181.68710591557416,179.64343354569488,2.043672369879289,2.1048682007334554,-0.061195830854166466,180.406,5.278560808642518,190.96312161728505,169.84887838271496
2018-05-09,182.51,184.66,181.43,184.12,14076,180.69457440979824,179.57834463098425,57.74313397113014,182.06139731317816,179.97503106082857,2.086366252349592,2.1011678110566825,-0.014801558707090656,180.783,5.260147186254735,191.30329437250947,170.2627056274905
2018-05-10,184.12,184.66,181.43,181.97,12434,180.81604351362697,179.67213503761232,53.531616680582275,182.0473361880738,180.12280653780425,1.9245296502695624,2.0658401788992586,-0.14131052862969629,181.214,4.963859279570685,191.14171855914137,171.28628144085863
2018-05-14,181.97,183.58,181.43,182.51,20858,180.97737270280535,179.78342385966675,54.43059979085423,182.11851523606245,180.29963568315208,1.8188795529103743,2.016448053701482,-0.19756850079110766,181.645,4.659351095548728,190.96370219109747,172.32629780890255
2018-05-15,181.97,183.04,181.97,183.04,2489,181.17381339777629,179.91113272791512,55.34375162767402,182.26028212282208,180.50262563254822,1.7576564902738596,1.9646897410159576,-0.207033250742098,182.10250000000002,4.292596901399846,190.6876938027997,173.51730619720033
2018-05-16,183.04,183.04,181.43,183.04,4606,181.35154545513092,180.03383340525178,55.34375162767402,182.380238719311,180.6905792893965,1.6896594299144851,1.9096836787956633,-0.2200242488811781,182.6945,3.4420502993378124,189.57860059867562,175.8103994013244
2018-05-17,183.04,184.12,182.51,183.04,12323,181.51235064988035,180.15172229132037,55.34375162767402,182.4817404548016,180.86461045314493,1.617130001656676,1.8511729433678659,-0.23404294171118978,183.125,2.839730343019713,188.80446068603942,177.44553931396058
2018-05-20,185.74,185.74,182.51,183.04,10094,181.65784106417746,180.26498808381763,55.34375162767402,182.56762653867827,181.02575041957866,1.5418761190996122,1.7893135785142151,-0.24743745941460293,183.394,2.5330559866677924,188.4601119733356,178.32788802666443
2018-05-21,183.04,184.66,181.97,184.66,6321,181.94376096282724,180.4373414922954,58.7427274632361,182.88953014811236,181.29495409220246,1.5945760559098971,1.7503660739933518,-0.1557900180834546,183.52849999999998,2.524868469740248,188.57823693948046,178.4787630605195
2018-05-22,182.51,183.04,181.97,181.97,8541,181.94625991874847,180.49744574749948,51.70517274386698,182.74806397147967,181.34495749278005,1.4031064786996126,1.680914154934604,-0.2778076762349915,183.448,2.5486933700921166,188.54538674018423,178.3506132598158
2018-05-23,181.97,181.97,180.89,180.89,7443,181.84566373601052,180.51284003191128,49.15878253947505,182.46220797586741,181.3112569377593,1.1509510381081043,1.5749215315693041,-0.42397049346119986,182.9095,1.7279086080891766,186.36531721617837,179.45368278382165
2018-05-24,180.89,181.97,179.81,179.81,26336,181.6517909992476,180.4852776777187,46.68288140386591,182.05417597958012,181.2000527201475,0.8541232594326118,1.430761877141966,-0.5766386177093541,182.4785,1.3006770504191412,185.07985410083828,179.87714589916172
2018-05-27,179.28,179.28,176.05,177.12,10394,181.22019185646212,180.35330600408267,41.12678075713554,181.29507198272162,180.8978265927292,0.39724538999243464,1.2240585797120596,-0.8268131897196249,182.10150000000002,1.6741919496352224,185.44988389927045,178.75311610072959
2018-05-28,177.12,183.58,176.58,179.28,5608,181.0354116796562,180.31121557255003,46.6205762156306,180.98506090845675,180.77798758586036,0.20707332259638633,1.0206615282889249,-0.8135882056925385,181.8865,1.7487718246670807,185.38404364933416,178.38895635066586
2018-05-29,178.74,181.97,177.66,181.97,6193,181.1244200911175,180.37626594225395,52.55803469612649,181.13658999946338,180.86628480172257,0.27030519774081085,0.8705902621793021,-0.6002850644384913,181.9135,1.7455183968371208,185.40453679367425,178.42246320632574
2018-05-30,183.04,185.2,180.89,182.51,14724,181.25638008243965,180.45994178765577,53.672062007666305,181.34788384569978,180.98804148307644,0.3598423626233398,0.7684406822681097,-0.4085983196447699,181.9945,1.7330668739221806,185.46063374784435,178.52836625215562
2018-05-31,181.97,183.04,179.81,181.43,16961,181.2729153126835,180.49798328617908,51.088204922695,181.36051710020752,181.0207791509967,0.33973794921081435,0.6827001356566507,-0.3429621864458363,181.9675,1.7376689618754533,185.44283792375091,178.4921620762491
2018-06-03,178.2,181.97,174.43,176.58,9977,180.82597099718984,180.34433688279952,41.44007023600348,180.62505293094483,180.69183254721918,-0.0667796162743457,0.5328041852704515,-0.5995838015447972,181.6175,2.06913883689038,185.75577767378076,177.47922232621926
2018-06-04,173.35,177.12,173.35,175.51,7155,180.31968804507653,180.15475504425837,39.66052945751046,179.83812171079947,180.30799309927704,-0.4698713884775714,0.332269070520847,-0.8021404589984183,181.3215,2.4800196837103745,186.28153936742075,176.36146063257922
2018-06-06,178.74,181.97,178.74,179.81,3040,180.2711463264978,180.14123523860118,49.11700840366256,179.83379529375338,180.27110472155283,-0.43730942779944826,0.17835337085678793,-0.6156627986562362,181.2405,2.502641709539673,186.24578341907934,176.23521658092065
2018-06-07,178.74,179.28,175.51,176.05,6980,179.86913239064086,179.980794641009,42.80045181536621,179.25167294086827,179.9584302977341,-0.7067573568658361,0.0013312253122631235,-0.7080885821780992,180.9175,2.736153417907571,186.38980683581514,175.44519316418484
2018-06-10,174.97,174.97,170.66,172.82,12953,179.19778644867506,179.699979164891,38.24976810564547,178.2621847961193,179.42965768308716,-1.1674728869678574,-0.232429597143761,-0.9350432898240965,180.35250000000002,3.1720255441345997,186.69655108826922,174.00844891173082
2018-06-11,171.74,174.97,169.59,173.35,17638,178.6408544059441,179.450960374111,39.388551154412795,177.5064640582548,178.97931266952514,-1.4728486112703365,-0.4805133999690761,-0.9923352113012605,179.9215,3.5084608636251384,186.93842172725027,172.90457827274975
2018-06-12,171.74,174.97,171.74,174.97,4469,178.29124922442563,179.27523643787137,42.85740640333025,177.1162388185233,178.6823265458566,-1.5660877273332972,-0.6976282654419204,-0.8684594618913768,179.5445,3.6190366194115002,186.782573238823,172.306426761177
2018-06-13,171.74,174.97,171.74,174.43,2655,177.92351120305176,179.085227165798,41.994648607017425,176.70297130798124,178.36733939431167,-1.6643680863304269,-0.8909762296196218,-0.7733918567108051,179.11399999999998,3.692696062572115,186.4993921251442,171.72860787485575
2018-06-14,177.12,177.66,174.43,176.05,8432,177.7450815646659,178.96619864949218,45.536838144097054,176.60251418367642,178.19568462436266,-1.5931704406862366,-1.031415071832945,-0.5617553688532917,178.7645,3.6318452247928925,186.0281904495858,171.5008095504142
2018-06-17,174.97,174.97,171.2,172.28,23503,177.22459760612628,178.70399478088464,39.49273383071049,175.93751200157237,177.75748576329875,-1.8199737617263736,-1.1891268098116308,-0.6308469519147428,178.22650000000002,3.759868803703229,185.74623760740647,170.70676239259356
2018-06-18,172.28,175.51,169.59,171.2,4545,176.65082640554283,178.40972047575193,37.93918755491187,175.20866400133045,177.27174607712848,-2.063082075798036,-1.363917863008912,-0.699164212789124,177.6345,3.8918828821572204,185.41826576431444,169.85073423568556
2018-06-19,171.2,172.28,168.51,171.2,83801,176.13170008120542,178.12698633944794,37.93918755491187,174.59194646266423,176.8219871084523,-2.2300406457880797,-1.5371424195647454,-0.6928982262233343,176.96149999999997,3.7750904834058225,184.5116809668116,169.41131903318833
2018-06-20,171.2,172.28,170.66,171.2,2517,175.66201435918586,177.85533981633233,37.93918755491187,174.07010854533127,176.40554361893732,-2.3354350736060496,-1.6968009503730062,-0.6386341232330435,176.423,3.7911602168042773,184.00532043360855,168.84067956639146
2018-06-21,169.05,172.28,169.05,169.59,2483,175.08372727735863,177.53120884314285,35.35006069342671,173.38086107681877,175.90068853605308,-2.519827459234307,-1.8614062521452666,-0.6584212070890403,175.858,3.9298876373390503,183.7177752746781,167.9982247253219
2018-06-24,168.51,172.82,168.51,170.12,1673,174.6109913461816,177.24057320223528,36.877226026239455,172.87919014192357,175.47248938523433,-2.593299243310753,-2.007784850378364,-0.5855143929323887,175.3735,4.013450117057601,183.4004002341152,167.3465997658848
2018-06-25,170.66,171.2,168.51,168.51,4336,174.02994455130715,176.89819778253977,34.23187497932129,172.2070070431661,174.95674943077253,-2.7497423876064317,-2.156176357823978,-0.5935660297824539,174.94299999999998,4.269836802009338,183.48267360401866,166.4033263959813
2018-06-26,171.2,171.2,166.36,166.89,18030,173.34994983213502,176.50571943812645,31.762887615684562,171.3890059596021,174.35921243590047,-2.9702064762983866,-2.3189823815188597,-0.6512240947795269,174.32350000000002,4.500083361801309,183.32366672360263,165.32333327639742
2018-06-27,164.74,169.59,164.74,167.97,7345,172.83757365764598,176.17098534251366,35.12240098207354,170.8630050427402,173.8859374406486,-3.0229323979083915,-2.459772384796766,-0.5631600131116254,173.62349999999998,4.33384632253736,182.2911926450747,164.95580735492527
2018-06-28,168.51,170.12,167.97,169.05,15615,172.4768523569178,175.89173101535627,38.389020336157174,170.58408119001095,173.5277198524524,-2.943638662441458,-2.5565456403257047,-0.38709302211575336,172.9505,3.9051295214049784,180.76075904280995,165.14024095719006
2018-07-01,170.66,172.82,167.43,167.43,4695,171.99619975149704,175.55989842651877,35.501491664380566,170.09883793000927,173.0760369004189,-2.9771989704096313,-2.64067630634249,-0.33652266406714126,172.25050000000002,3.543152736728953,179.33680547345793,165.1641945265421
2018-07-02,166.36,170.12,164.74,165.28,12858,171.3565616799259,175.15676515489056,32.05538724734092,169.35747824846936,172.49855268557306,-3.141074437103697,-2.7407559324947317,-0.40031850460896523,171.6855,3.7133010920203664,179.11210218404074,164.25889781595924
2018-07-03,164.74,167.97,164.74,167.43,7603,170.98260342469484,174.85375475665955,38.48584081695199,169.06094313332022,172.1231043384936,-3.0621612051733678,-2.805036987030459,-0.25712421814290876,171.2815,3.714846848157036,178.71119369631407,163.85180630368592
2018-07-04,166.89,170.12,166.36,169.05,8879,170.79854595567627,174.6261565309082,42.87305480954428,169.0592595743479,171.89546698008664,-2.8362074057387474,-2.8112710707721167,-0.024936334966630724,170.74349999999998,3.151082144947815,177.04566428989563,164.44133571010434
2018-07-05,170.66,172.28,168.51,172.28,12796,170.93963681704045,174.5341503924412,50.45962085991528,169.5547581013713,171.9239509074876,-2.3691928061163026,-2.722855417840954,0.3536626117246513,170.555,2.9213217988831226,176.39764359776626,164.71235640223375
2018-07-08,171.74,173.35,169.59,170.66,5834,170.91300473922706,174.38222292607097,47.08239602958797,169.72479531654497,171.8303249143404,-2.1055295977954245,-2.5993902538318485,0.49386065603642404,170.44699999999997,2.872701094605107,176.19240218921018,164.70159781078976
2018-07-09,169.59,170.66,168.51,170.12,12165,170.83748047834828,174.21507692897018,45.97774006973325,169.78559603707652,171.7036341799448,-1.9180381428682836,-2.4631198316391356,0.5450816887708521,170.2855,2.790526219003359,175.86655243800672,164.7044475619933
2018-07-10,171.2,173.89,170.12,171.74,8415,170.9234347185056,174.11801508861842,49.784147415190674,170.08627356983396,171.70632794439334,-1.6200543745593734,-2.2945067402231833,0.67445236566381,170.124,2.5915153055586972,175.3070306111174,164.9409693888826
2018-07-11,172.82,173.35,167.43,167.97,9992,170.64215522150505,173.87691645769223,42.312414458075665,169.76069302062876,171.42956291147533,-1.6688698908465653,-2.1693793703478597,0.5005094795012943,169.80100000000002,2.4237267954422155,174.64845359088446,164.95354640911557
2018-07-12,168.51,169.59,167.43,169.59,13648,170.54194996231408,173.70880208680236,46.05877378804181,169.73443255591664,171.2932989921068,-1.5588664361901579,-2.0472767835163195,0.4884103473261616,169.478,1.926580280949691,173.3311605618994,165.62483943810062
2018-07-15,169.59,170.66,167.43,170.66,5868,170.55319282304606,173.58924122065326,48.44048624048127,169.8768275473141,171.24638795565446,-1.3695604083403623,-1.9117335084811282,0.5421731001407659,169.397,1.8344254801168631,173.06585096023372,165.72814903976627
2018-07-16,170.66,171.74,169.59,170.12,3562,170.51193636370834,173.45319254533354,47.30528503994579,169.91423869388115,171.16295181079116,-1.248713116910011,-1.7791294301669047,0.5304163132568938,169.34300000000002,1.7940078624473677,172.93101572489476,165.75498427510527
2018-07-17,170.66,172.28,170.12,170.12,4190,170.4746090909742,173.3224791121832,47.30528503994579,169.9458942794379,171.08569612110293,-1.1398018416650189,-1.6512639124665276,0.5114620708015087,169.28900000000002,1.7509062315199933,172.79081246304,165.78718753696003
2018-07-18,170.66,170.66,170.12,170.66,4878,170.49226536802428,173.2180681666074,48.699579930553604,170.05575669798594,171.05416307509532,-0.9984063771093759,-1.5206924053950974,0.5222860282857216,169.262,1.7238408767683928,172.70968175353678,165.81431824646322
2018-07-19,168.51,170.66,167.97,167.97,7255,170.25204961868863,173.01226157183848,42.64603904461068,169.73487105214195,170.82570655101418,-1.0908354988722238,-1.4347210240905228,0.34388552521829907,169.18099999999998,1.7455413878904662,172.67208277578092,165.68991722421904
2018-07-22,167.43,167.97,165.28,166.89,11581,169.93185441690875,172.77217288274676,40.4709177668787,169.29719858258164,170.53417273242053,-1.2369741498388862,-1.3951716492401955,0.15819749940130934,169.0195,1.802581409212461,172.62466281842492,165.41433718157506
2018-07-23,166.89,167.43,165.82,167.43,951,169.69358256767933,172.56267590695276,42.06210817768685,169.00993726218448,170.3042340115005,-1.2942967493160324,-1.374996669255363,0.08069991993933057,168.9655,1.8345413165424955,172.634582633085,165.296417366915
2018-07-24,167.43,170.12,167.43,169.05,9354,169.6322889898051,172.42492391060168,46.667736821761146,169.01610076030994,170.2113277884264,-1.1952270281164488,-1.3390427410275803,0.1438157129111315,169.07350000000002,1.7683095555379613,172.61011911107596,165.5368808889241
2018-07-25,169.59,169.59,166.89,168.51,5938,169.52540432410936,172.27139748273493,45.37298361323833,168.93823910487762,170.08530350780222,-1.1470644029245989,-1.3006470734069842,0.15358267048238528,169.1005,1.7546433885690278,172.60978677713805,165.59121322286197
2018-07-26,169.05,169.05,166.89,167.43,3729,169.3258420075275,172.0815387579218,42.814537957467486,168.70620231951185,169.88861435907614,-1.1824120395642979,-1.277000066638447,0.09458802707414904,169.0195,1.7940471008299277,172.60759420165985,165.43140579834014
2018-07-29,168.51,168.51,166.36,166.89,6690,169.09385705442963,171.8779490027092,41.55289961067121,168.42678657804848,169.66649477692235,-1.2397081988738705,-1.2695416930855319,0.02983349421166137,168.9925,1.8230566437475353,172.63861328749508,165.34638671250494
2018-07-30,166.89,167.97,164.74,167.97,2672,168.98682304924586,171.72469610064218,45.04106150969885,168.35651171988718,169.54082849715033,-1.1843167772631489,-1.2524967099210553,0.06817993265790645,169.127,1.622996254494036,172.3729925089881,165.88100749101193
2018-07-31,168.51,170.12,167.43,168.51,6326,168.94141133027006,171.5986295868915,46.75221855270126,168.380125301443,169.46447083069475,-1.084345529251749,-1.2188664737871941,0.13452094453544516,169.18099999999998,1.5809853689514586,172.3429707379029,166.01902926209706
2018-08-01,169.59,170.12,167.97,170.12,6318,169.05365787024434,171.54064411289573,51.59159195793028,168.64779833199023,169.51302854693958,-0.8652302149493494,-1.1481392220196251,0.2829090070702758,169.23449999999997,1.59436664541019,172.42323329082035,166.0457667091796
2018-08-02,169.59,170.66,169.05,170.66,5531,169.20664283498297,171.50610904964492,53.130218129056225,168.95736781937637,169.59798939531444,-0.64062157593807,-1.046635692803314,0.406014116865244,169.1535,1.4676127231867393,172.08872544637347,166.21827455362654
2018-08-05,171.2,171.74,169.59,170.12,4436,169.29362923165127,171.45175183201178,51.37180145466554,169.13623430870308,169.63665684751336,-0.5004225388102839,-0.9373930620047081,0.4369705231944242,169.12650000000002,1.4432028525749998,172.01290570515002,166.24009429485002
2018-08-06,169.59,171.2,169.05,169.59,6141,169.32185501911306,171.3787419562466,49.63544491661406,169.20604441505645,169.6332007847346,-0.4271563696781584,-0.8353457235393982,0.4081893538612398,169.1,1.4287941179803763,171.95758823596074,166.24241176403925
2018-08-07,169.59,172.28,169.05,169.59,4293,169.34739263634037,171.30859521286442,49.63544491661406,169.26511450504776,169.63000072660614,-0.364886221558379,-0.7412538231431944,0.3763676015848154,168.9925,1.2942580683019353,171.58101613660386,166.40398386339615
2018-08-08,170.12,170.12,166.89,167.97,10693,169.21621238526032,171.17766991039915,44.324558192995624,169.06586611965582,169.5070377098205,-0.44117159016468577,-0.6812373765474927,0.24006578638280696,168.9925,1.2942580683019353,171.58101613660386,166.40398386339615
2018-08-09,169.05,169.05,164.74,166.36,10753,168.94419215809265,170.9887416786188,39.770188191523474,168.64957902432417,169.2739238053894,-0.6243447810652185,-0.6698588574510379,0.04551407638581939,168.831,1.4119486348180141,171.65489726963602,166.00710273036395
2018-08-12,163.66,169.05,163.66,163.66,8903,168.44093576208383,170.70134004416315,33.545220312793646,167.88195148212046,168.85807759758276,-0.9761261154623071,-0.7311123090532918,-0.24501380640901527,168.481,1.7595211669194888,172.00004233383896,164.96195766616103
2018-08-13,164.2,166.89,164.2,166.36,4058,168.24275140379012,170.5310914149803,43.13123233593427,167.64780510025577,168.67303481257665,-1.0252297123208791,-0.7899357897068093,-0.23529392261406978,168.293,1.775977418062817,171.84495483612565,164.74104516387436
2018-08-14,165.28,168.51,165.28,167.97,2453,168.21677507961962,170.4306564575301,47.952471275883816,167.69737354637027,168.6209581597932,-0.9235846134229178,-0.816665554450031,-0.10691905897288678,168.1855,1.7238740795372844,171.63324815907455,164.73775184092543
2018-08-15,167.97,172.28,167.97,172.28,11005,168.60374888156062,170.5031797337054,58.17497211740449,168.40239300077485,168.8919982961048,-0.48960529532993746,-0.7512535026260123,0.26164820729607485,168.2665,1.8774794833823534,172.02145896676473,164.5115410332353
2018-08-16,174.43,174.43,171.2,173.35,19874,169.05577279760246,170.61481974414835,60.26166209758124,169.16356330834796,169.22222064454147,-0.058657336193505216,-0.6127342693395109,0.5540769331460057,168.5355,2.1918568792106488,172.9192137584213,164.15178624157872
2018-08-19,174.97,174.97,170.12,170.66,19853,169.20855634068795,170.61659151888762,53.09046867608944,169.3937843378329,169.32872281901987,0.06506151881302458,-0.47717511170900384,0.5422366305220284,168.724,2.2049666425442234,173.13393328508843,164.31406671491155
2018-08-20,172.28,172.28,168.51,170.66,10193,169.34678907014623,170.61829381226457,53.09046867608944,169.58858674739707,169.42733594353692,0.1612508038601561,-0.34948992859517186,0.5107407324553279,168.8855,2.2234124436849187,173.33232488736985,164.43867511263016
2018-08-21,171.2,171.2,168.51,169.05,4251,169.31852344441802,170.55679209413654,49.0396685096977,169.50572724779752,169.39938513290454,0.10634211489298195,-0.2583235198975411,0.36466563479052305,168.8855,2.2234124436849187,173.33232488736985,164.43867511263016
2018-08-22,167.97,169.59,167.97,169.05,868,169.29294978304486,170.49770220809197,49.0396685096977,169.43561536352098,169.37350475268937,0.06211061083160985,-0.19423669375171093,0.2563473045833208,168.9125,2.221890790342014,173.35628158068403,164.46871841931596
2018-08-23,168.51,169.59,167.43,168.51,24722,169.21838313704058,170.41975310189227,47.62613265891722,169.29321299990235,169.30954143767534,-0.01632843777298376,-0.1586550425559655,0.14232660478298173,168.9665,2.196948302100316,173.36039660420062,164.57260339579938
2018-08-26,169.59,169.59,168.51,168.51,3770,169.15091807637003,170.34486082338668,47.62613265891722,169.17271869222506,169.25031614599567,-0.07759745377060767,-0.14244352479889394,0.06484607102828627,169.0475,2.1456243723831814,173.33874874476638,164.75625125523365
2018-08-28,167.97,174.97,167.43,174.43,19657,169.65368778338242,170.50506235972446,61.67257304069952,169.9815312011135,169.63399643147747,0.3475347696360416,-0.04444786591190683,0.39198263554794843,169.3705,2.440816246128561,174.25213249225712,164.48886750774287
2018-08-29,171.74,174.97,171.74,174.97,15344,170.1600032325841,170.68015795346076,62.65641288179659,170.74898793940375,170.02925595507173,0.7197319843320145,0.10838810413687744,0.611343880195137,169.6935,2.73112137177488,175.15574274354975,164.23125725645025
2018-08-30,173.35,184.12,173.35,183.04,62781,171.3866695913856,171.16485764156036,73.57371472817424,172.63991287180318,170.99301477321458,1.6468980985885935,0.4160901030272207,1.2308079955613729,170.3395,4.0478863555399185,178.43527271107982,162.24372728892016
2018-09-02,179.81,194.35,179.81,192.74,91649,173.42032010649174,172.01094165561682,80.82866602289826,175.73223396844884,172.6039025677913,3.128331400657544,0.9585383625532854,2.1697930381042583,171.4435,6.4425626439369434,184.32862528787388,158.55837471212612
2018-09-03,192.2,199.2,191.66,197.04,93515,175.66981342968302,172.99247335539656,83.0501611299614,179.0103518194567,174.41398385906604,4.5963679603906655,1.6861042821207617,2.910263678269904,172.7895,8.601776117083133,189.99305223416627,155.58594776583374
2018-09-04,193.81,209.42,193.81,206.19,89078,178.5764978649513,174.294337145381,86.60663779694418,183.1918361549249,176.76776283246855,6.4240733224563655,2.633698090187883,3.7903752322684827,174.6195,11.34204821148199,197.30359642296398,151.935403577036
2018-09-05,206.73,210.5,202.43,206.19,90822,181.20635521114642,175.5451474534053,86.60663779694418,186.73001520801338,178.94718780784126,7.782827400172124,3.6635239521847316,4.1193034479873925,176.4495,13.275663716186402,203.0008274323728,149.8981725676272
2018-09-06,206.19,206.73,200.27,204.04,42177,183.3809880481801,176.66259265131097,81.92235046494216,189.39308979139594,180.80591463689004,8.5871751545059,4.648254192648966,3.938920961856934,178.253,14.460296313481665,207.1735926269633,149.33240737303666
2018-09-09,201.89,207.27,200.27,205.66,66875,185.5027987102582,177.79974588067134,82.68239898094117,191.8956913619504,182.6469579971204,9.248733364830002,5.568350027085174,3.6803833377448285,180.218,15.398870293492282,211.01574058698455,149.42025941301543
2018-09-10,205.66,207.27,201.89,206.73,38444,187.52443692832884,178.93426565005677,83.18525436130689,194.1778926908811,184.43088703437076,9.74700565651034,6.404081152970207,3.3429245035401323,182.3715,15.96269739605143,214.29689479210285,150.44610520789715
2018-09-11,205.12,210.5,205.12,209.96,70801,189.66115722086894,180.15096111476043,84.63560882319024,196.6059091999763,186.32193243923217,10.283976760744139,7.180060274524994,3.103916486219145,184.55149999999998,16.624420298559983,217.80034059711994,151.30265940288
2018-09-12,207.81,219.65,207.81,219.65,128576,192.5172374855481,181.69994303182867,87.98408153585443,200.1511539384415,188.79067818447422,11.360475753967279,8.01614337041345,3.3443323835538283,187.1355,17.880411356095156,222.8963227121903,151.3746772878097
2018-09-13,220.73,228.81,220.73,222.35,133992,195.35845296311493,183.29406291293344,88.7216488956637,203.5663610248351,191.27655387451318,12.289807150321906,8.870876126395142,3.4189310239267634,189.63899999999998,19.1510587586945,227.941117517389,151.33688248261097
2018-09-16,226.65,227.19,219.65,219.65,87720,197.6719336332945,184.71978593595568,83.22042489846193,206.04076702101432,193.37829062454924,12.662476396465081,9.629196180409132,3.0332802160559496,191.954,19.86353718434129,231.68107436868257,152.22692563131744
2018-09-17,220.19,223.42,215.88,221.27,52792,199.91936852536168,186.15312766395743,83.86680222755258,208.38372594085828,195.4443431708789,12.939382769979375,10.29123349832318,2.6481492716561945,194.4845,20.228389241751746,234.94127848350348,154.0277215164965
2018-09-18,221.27,221.27,218.04,219.12,40826,201.74800009437485,187.4459461869395,79.49029744659542,210.03546041149548,197.19809552859158,12.837364882903898,10.800459775239323,2.036905107664575,196.9075,20.126506972019968,237.16051394403993,156.65448605596006
2018-09-20,219.12,227.73,219.12,226.65,112030,204.1196191330058,188.98336006196146,82.86322892166285,212.59154342511155,199.37971808202926,13.211825343082296,11.282732888807919,1.929092454274377,199.7875,20.05143041885393,239.89036083770785,159.68463916229214
2018-09-23,228.81,240.65,226.11,236.88,161693,207.2396554060529,190.86165966737474,86.1868174318065,216.32822905201746,202.1575167426197,14.170712309397771,11.860328772925891,2.31038353647188,203.179,20.313531373007134,243.80606274601428,162.55193725398573
2018-09-25,240.65,247.11,237.96,242.26,131191,210.5749263197621,192.87728085688946,87.55392302927243,220.31773227478402,205.1280710579812,15.189661216802818,12.526195261701277,2.6634659551015414,206.8665,20.382633804038143,247.6317676080763,166.1012323919237
2018-09-26,242.26,242.8,233.65,237.42,60980,213.1316000035943,194.62405415661928,79.89326221788946,222.9488503863557,207.52006579442704,15.428784591928661,13.106713127746755,2.3220714641819065,210.31199999999998,19.35601269291974,249.02402538583948,171.5999746141605
2018-09-27,236.88,239.57,233.65,235.8,48864,215.2904952413472,196.2387971308695,77.45056547909948,224.92595032691636,209.6148757355806,15.311074591335768,13.547585420464559,1.7634891708712086,213.38049999999998,18.198113978335066,249.77672795667013,176.98427204332984
2018-09-30,232.57,239.03,232.57,237.96,72471,217.44949569455224,197.87492273358052,78.39889398700566,226.93118873816002,211.71451456998204,15.216674168177974,13.881403170007243,1.3352709981707314,216.53000000000003,16.579400662142366,249.68880132428475,183.3711986757153
2018-10-01,237.96,237.96,231.5,234.19,57208,219.04382943792822,199.29904341069502,72.65555735865492,228.04792893228924,213.37936534257597,14.668563589713273,14.038835253948449,0.629728335764824,219.0875,15.012509476750854,249.1125189535017,189.0624810464983
2018-10-02,233.11,234.19,229.34,231.5,37786,220.23013139622077,200.5618260220403,68.7835638284349,228.57901678886012,214.72163457645922,13.857382212400893,14.002544645638938,-0.14516243323804545,221.02550000000002,13.892246786950507,248.80999357390104,193.241006426099
2018-10-03,229.88,232.57,227.19,227.19,59156,220.89297602515214,201.60606813882302,62.99120602383553,228.36532189826625,215.6452172004252,12.720104697841037,13.74605665607936,-1.0259519582383216,222.533,12.740613923903338,248.01422784780667,197.0517721521933
2018-10-04,230.96,230.96,223.42,228.81,39411,221.646978308471,202.67288899612407,64.21115269382801,228.4337339139176,216.62038629669001,11.813347617227578,13.359514848309004,-1.5461672310814265,223.664,12.20626560419141,248.07653120838282,199.25146879161716
2018-10-07,229.88,229.88,224.5,227.19,39336,222.17488513623567,203.6343443296094,62.00984259760922,228.24239023485336,217.40332064508334,10.83906958977002,12.855425796601207,-2.016356206831187,224.71400000000003,11.507223086303762,247.72844617260756,201.6995538273925
2018-10-08,226.11,230.96,226.11,229.88,30008,222.9087055994513,204.66358572844825,64.204282920738,228.49433019872208,218.32751911581792,10.166811082904161,12.317702853861798,-2.150891770957637,226.00600000000003,10.467482178535763,246.94096435707155,205.0710356429285
2018-10-09,230.42,233.65,228.81,230.42,38484,223.62406697093212,205.67364119007775,64.64577223918602,228.79058709122637,219.22325844057215,9.567328650654218,11.767628013220282,-2.2002993625660636,227.24399999999997,9.33771717848285,245.91943435696567,208.56856564303428
2018-10-10,234.19,234.19,227.73,229.88,16922,224.21987011655762,206.62291016301586,63.79838195276491,228.95818907719155,220.01264670423348,8.945542372958073,11.20321088516784,-2.257668512209767,228.4015,7.99998175985212,244.40146351970424,212.40153648029576
2018-10-11,228.81,234.73,228.81,232.04,35013,224.96464439117116,207.61965878407406,65.73329044969464,229.4323138345467,220.90356176317914,8.528752071367563,10.668319122407786,-2.1395670510402223,229.50549999999998,6.746413842695638,242.99832768539125,216.01267231460872
2018-10-14,232.04,236.88,231.5,234.73,36357,225.89467825867868,208.68280941999274,68.0253281566222,230.24734247538566,221.92774237331403,8.319600102071632,10.198575318340556,-1.8789752162689233,230.25950000000003,6.421846328216834,243.1031926564337,217.41580734356637
2018-10-15,234.73,240.11,234.73,237.42,36215,226.99232794832832,209.8097580701891,70.17381060089545,231.35082824840325,223.07531701232782,8.275511236075431,9.813962501887532,-1.5384512658121015,231.013,6.328379771030718,243.66975954206146,218.35624045793855
2018-10-21,233.65,243.88,233.65,242.26,40570,228.44639195324942,211.0823165772405,73.60976041137222,233.02916236403354,224.49640464104428,8.53275772298926,9.557721546107878,-1.0249638231186182,232.14350000000005,6.2100769340155635,244.56365386803117,219.72334613196892
2018-10-22,242.26,243.34,239.57,241.19,17871,229.6600689100828,212.26301004479973,71.64478674841183,234.2846758464899,225.7329672602262,8.551708586263715,9.356518954139045,-0.80481036787533,233.1395,5.96702295075311,245.0735459015062,221.2054540984938
2018-10-23,241.19,241.19,237.96,240.65,38249,230.70672901388446,213.37622533716052,70.62020882807184,235.26395648549146,226.8379326483576,8.426023837133869,9.17041993073801,-0.7443960936041414,234.21599999999998,5.1970947349735,244.610189469947,223.82181053005297
2018-10-24,240.11,240.11,236.34,239.57,28009,231.55085006018118,214.40343218668366,68.50998298690806,235.9264247184928,227.78104874847924,8.14537597001356,8.96541113859312,-0.8200351685795599,234.86200000000002,5.006630971450762,244.87526194290155,224.8487380570985
2018-10-25,239.57,239.57,235.27,238.5,26122,232.21267386397346,215.34839563034313,66.39323821308926,236.32235937718622,228.57504513748077,7.747314239705446,8.721791758815586,-0.97447751911014,234.94300000000004,5.053879281260411,245.05075856252085,224.83524143747923
2018-10-28,243.88,243.88,230.42,231.5,52690,232.14480016264264,215.98179188013358,54.52448377030781,235.58045793454218,228.79170846063036,6.788749473911821,8.335183301834833,-1.5464338279230123,234.40500000000003,4.80032400223097,244.00564800446196,224.8043519955381
2018-10-29,229.34,231.5,227.73,228.27,32369,231.7757715757243,216.46368239463814,50.07611213822612,234.4557720984588,228.75306338947257,5.702708708986222,7.808688383265112,-2.10597967427889,233.9475,4.932069998870928,243.81163999774185,224.08336000225813
2018-10-30,230.42,233.65,228.81,231.5,17692,231.7495076161315,217.05334190857388,54.10819392860625,234.00103792946513,228.95654017543757,5.04449775402756,7.255850257417602,-2.2113525033900414,233.7325,4.94078075548414,243.61406151096827,223.8509384890317
2018-10-31,228.81,229.88,225.58,225.58,20649,231.16193546221422,217.38772065725726,46.66859492694294,232.70549363262433,228.70642608836812,3.9990675442562065,6.604493714785323,-2.6054261705291166,233.1135,5.154166709931077,243.42183341986214,222.80516658013784
2018-11-01,224.5,228.81,223.96,226.11,30349,230.68079875152716,217.7297708275609,47.366327518303315,231.6908023045283,228.5140982299705,3.17670407455779,5.918935786739817,-2.7422317121820265,232.70950000000002,5.377189125817867,243.46387825163575,221.9551217483643
2018-11-04,223.42,225.58,221.27,222.35,28303,229.8873893466198,217.91095628530363,43.06207632262072,230.2537557961393,228.05749836108382,2.196257435055486,5.174400116402951,-2.9781426813474647,232.252,5.853650772680041,243.9593015453601,220.54469845463993
2018-11-05,226.65,227.73,222.88,225.58,38758,229.47716178979888,218.21170309764466,47.47750247111705,229.5347164428871,227.8739799639665,1.6607364789205974,4.47166738890648,-2.810930909985883,232.17149999999998,5.937399107182473,244.04629821436492,220.29670178563504
2018-11-14,228.81,232.57,226.65,228.27,3169,229.36219400029424,218.60614611342328,50.89296226664669,229.34014468244294,227.90331478145046,1.4368299009924783,3.86469989132368,-2.4278699903312018,232.14450000000002,5.954692510517507,244.05388502103503,220.23511497896502
2018-11-15,228.27,230.96,224.5,225.58,16512,229.00198504788526,218.87963057956355,47.562151330367456,228.761660885144,227.7312173902319,1.030443494912106,3.2978486120413653,-2.2674051171292593,232.064,6.035530238780537,244.13506047756107,219.99293952243892
2018-11-18,224.5,229.34,223.96,227.19,70675,228.82941504332476,219.20552741958068,49.684666894169425,228.51986690281416,227.69112721317768,0.8287396896364783,2.8040268275603877,-1.9752871379239094,231.92949999999996,6.11619547638394,244.16189095276783,219.6971090472321
2018-11-19,225.04,225.04,221.81,221.81,17192,228.16089932491286,219.30766359920497,43.36763791925375,227.4875796869966,227.25548816034973,0.23209152664688304,2.289639767377687,-2.057548240730804,231.49900000000002,6.517862823775092,244.5347256475502,218.46327435244984
2018-11-20,222.35,222.35,220.19,221.27,19592,227.50462319873068,219.38461796786362,42.779709457951256,226.5310289659202,226.81211866699047,-0.28108970107027176,1.7754938736880952,-2.056583574758367,231.06850000000003,6.903366284118701,244.87523256823744,217.26176743176262
2018-11-21,221.27,223.42,219.12,223.42,8660,227.11561146551824,219.54286824363368,45.92311056880859,226.0524091250094,226.56085061758378,-0.5084414925743772,1.3187068004356008,-1.827148293009978,230.6375,7.105644068742379,244.84878813748475,216.42621186251523
2018-11-22,223.42,223.42,220.73,221.27,8880,226.5588865640403,219.61059890074608,43.358013506204905,225.31665387500797,226.168935757022,-0.8522818820140401,0.8845090639456727,-1.7367909459597128,229.9645,7.33146174482712,244.62742348965423,215.30157651034574
2018-11-25,221.16,221.81,218.04,219.65,8455,225.90089736746506,219.61214404189332,41.47803900003784,224.4448609711606,225.68605162687223,-1.2411906557116197,0.45936912001421426,-1.700559775725834,229.07599999999996,7.456089281150951,243.98817856230187,214.16382143769806
2018-11-26,219.45,221.27,218.04,220.73,9871,225.408430951516,219.65598153044652,43.24481523853789,223.87334389867436,225.31893669154837,-1.4455927928740095,0.07837673743656953,-1.5239695303105791,227.99950000000004,6.992224610241857,241.98394922048377,214.01505077951632
2018-11-27,220.73,223.96,220.19,221.27,12802,225.01429467041925,219.7192763723898,44.152677006534724,223.47282945272445,225.01901545513738,-1.5461860024129237,-0.24653581053332912,-1.2996501918795946,227.00349999999997,6.40883212532495,239.82116425064987,214.18583574935008
2018-11-28,221.33,222.35,216.96,219.12,9895,224.45293327323645,219.69577533817844,41.318737276222166,222.80316338307455,224.58205134734942,-1.7788879642748725,-0.5530062412816379,-1.2258817229932346,225.927,5.772598703317539,237.47219740663508,214.3818025933649
2018-11-29,219.51,223.96,216.96,218.04,11494,223.84217772340443,219.63084297197537,39.93221469832079,222.0703690164477,224.09745495124946,-2.027085934801761,-0.8478221799856626,-1.1792637548160982,224.8505,5.057726215776487,234.96595243155298,214.73504756844704
2018-12-02,218.04,222.35,214.27,215.35,36901,223.03339889260403,219.46296677699596,36.63470687876095,221.03646609084035,223.44949532523097,-2.4130292343906206,-1.1608635908666542,-1.2521656435239663,223.69299999999998,4.372075383380536,232.43715076676105,214.94884923323892
2018-12-03,215.35,223.96,214.27,216.96,22920,222.45497995045127,219.36481121711375,39.836923813976,220.4093174614803,222.96879196780645,-2.559474506326154,-1.4405857739585541,-1.1188887323676,222.96599999999998,4.211508543336089,231.38901708667217,214.5429829133278
2018-12-04,216.96,220.19,216.96,219.65,43586,222.18783900278925,219.37599509095244,44.851604356624065,220.29249939048333,222.7229555257467,-2.43045613526337,-1.6385598462195174,-0.7918962890438523,222.535,4.079134970227051,230.6932699404541,214.3767300595459
2018-12-06,212.01,212.01,207.86,211.42,22789,221.16233052633314,219.06399528346412,35.18798396165437,218.92749948425512,221.8856995608766,-2.9582000766214662,-1.9024878922999071,-1.055712184321559,221.531,4.224983213926386,229.98096642785276,213.08103357214725
2018-12-09,211.42,222.08,210.23,222.08,23098,221.24972761906332,219.18226997823024,50.16534736627851,219.41249956360048,221.90009218599684,-2.487592622396363,-2.0195088383191986,-0.46808378407716456,221.356,4.119617253563037,229.59523450712607,213.11676549287392
2018-12-10,222.08,228.0,222.08,226.22,20752,221.72308689343825,219.45825939084867,54.55743035874024,220.45980732304656,222.22008535740449,-1.760278034357924,-1.9676626775269437,0.2073846431690196,221.36149999999998,4.126366153365905,229.6142323067318,213.10876769326816
2018-12-11,226.22,228.0,221.48,222.08,31606,221.7570786178727,219.5610727480703,49.828115303303065,220.70906773488554,222.20970866426342,-1.5006409293778802,-1.874258327897131,0.3736173985192508,221.348,4.1234025296006935,229.5948050592014,213.10119494079862
2018-12-12,222.08,225.04,220.3,220.89,5460,221.67449970188483,219.61318754226363,48.525997973221,220.73690346798008,222.11195246691057,-1.375048998930481,-1.7744164621038012,0.39936746317332017,221.11350000000002,4.001622401247994,229.11674480249602,213.11025519750402
2018-12-13,220.89,225.63,220.89,223.85,30932,221.88169020646723,219.77933705041016,51.8935071481232,221.21584139598315,222.2406967286209,-1.0248553326377419,-1.6245042362105895,0.5996489035728476,220.8925,3.695963480974322,228.28442696194867,213.50057303805136
2018-12-16,223.85,229.77,223.85,226.81,23739,222.35105304394654,220.05504932294312,55.05972818825558,222.07648118121654,222.57916363761194,-0.5026824563954051,-1.4001398802475526,0.8974574238521476,220.954,3.7871755897281467,228.5283511794563,213.3796488205437
2018-12-17,226.81,229.77,225.04,229.77,33325,223.05761942071354,220.4360277808669,58.034250312136564,223.26009946102937,223.11181818297402,0.14828127805535019,-1.090455648586972,1.2387369266423223,221.08300000000003,4.045872620736146,229.17474524147232,212.99125475852773
2018-12-18,229.77,230.96,222.67,225.04,55370,223.24641757112178,220.616575711029,52.09990819782645,223.5339303131787,223.2546464657167,0.2792838474620112,-0.8165077493771754,1.0957915968391867,221.24450000000002,4.139795920479964,229.52409184095995,212.96490815904008
2018-12-19,225.04,226.81,223.85,225.04,28505,223.41723494530066,220.79004333020433,52.09990819782645,223.76563334192042,223.38689487566361,0.37873846625680585,-0.5774585062503792,0.956196972507185,221.43300000000005,4.225952524213562,229.88490504842719,212.9810949515729
2018-12-20,225.04,228.59,225.04,225.04,43983,223.57178399812918,220.95670829764728,52.09990819782645,223.96168975085573,223.50934710709595,0.45234264375977773,-0.37149827624834786,0.8238409200081256,221.51400000000004,4.281206667095242,230.07641333419053,212.95158666580954
2018-12-23,225.04,233.33,225.04,232.14,46394,224.38780456973592,221.39526875656307,59.80550135489295,225.21989132764716,224.14865472879254,1.0712365988546253,-0.08295130122775321,1.1541879000823785,222.05749999999998,4.89462850050546,231.8467570010109,212.26824299898905
2018-12-24,232.14,233.92,228.59,228.59,29532,224.7880136583325,221.67741507983513,55.03803802627566,225.7383695849322,224.47764326740048,1.26072631753172,0.18578422252414145,1.0749420950075785,222.5045,5.068331475686505,232.64116295137302,212.367837048627
2018-12-25,228.59,228.59,225.04,226.81,22912,224.98058378611034,221.8786929198416,52.76669638505672,225.90323580263492,224.65041043277822,1.2528253698567084,0.3991924519906549,0.8536329178660536,222.8085,5.13815374890971,233.08480749781944,212.53219250218058
2018-12-26,225.63,234.51,225.63,233.92,35578,225.83195675886174,222.35090104063215,59.8875629729687,227.13658414069107,225.33704669701686,1.799537443674211,0.6792614503273662,1.120275993346845,223.44100000000003,5.687979846739025,234.81695969347808,212.06504030652198
2018-12-27,233.92,236.88,229.77,230.37,21635,226.26415135325587,222.66537550962698,55.396871661848905,227.63403273443092,225.70985805279338,1.9241746816375382,0.9282440965894007,0.9959305850481376,224.00350000000003,5.7934675327216105,235.59043506544324,212.41656493455682
2018-12-30,230.37,230.37,227.41,229.18,15441,226.54185122437434,222.9208509798377,53.93682992187053,227.87187385221077,225.9669056044383,1.904968247772473,1.123588926826015,0.7813793209464579,224.5605,5.725055251405651,236.0106105028113,213.1103894971887
2018-12-31,229.18,229.18,223.26,223.26,14689,226.2292939649101,222.9341509414127,47.26319376474159,227.1623547980245,225.76639407818362,1.3959607198408719,1.1780632854289865,0.21789743441188536,224.956,5.313728396686562,235.5834567933731,214.32854320662688
2019-01-01,223.26,226.81,223.26,225.04,7155,226.1160278730139,223.01673325743573,49.29467878840957,226.83583867525152,225.71258710942928,1.123251565822244,1.167100941507638,-0.043849375685394154,225.35999999999999,4.969831088950709,235.2996621779014,215.42033782209856
2019-01-02,225.04,226.22,223.85,226.22,19408,226.12592998034592,223.1423515610657,50.651797463227204,226.74109426367437,225.75017324947154,0.9909210142028257,1.1318649560466758,-0.14094394184385006,225.68850000000003,4.786287733016862,235.26107546603376,216.1159245339663
2019-01-03,226.22,228.0,225.63,226.81,8316,226.19107950602725,223.28618091161218,51.3528910776765,226.75169514618602,225.82867893469586,0.9230162114901646,1.0900952071353736,-0.167078995645209,226.458,3.4111853164594472,233.2803706329189,219.6356293670811
2019-01-06,226.81,226.81,223.26,223.26,9575,225.9119290768818,223.285154209196,47.023921428656834,226.21451127754202,225.63840642101468,0.576104856527337,0.9872971370137663,-0.4111922804864293,226.517,3.3409596793463536,233.1989193586927,219.8350806413073
2019-01-07,223.26,226.81,223.26,224.44,17398,225.77174535527402,223.33044227942364,48.57568827060419,225.94150954253556,225.54963557501358,0.391873967521974,0.8682125031154079,-0.47633853559343386,226.42800000000003,3.372844496870649,233.17368899374134,219.68231100625871
2019-01-08,224.44,227.41,224.44,226.22,26447,225.81443627381935,223.44375826846584,50.911557836901814,225.9843542282993,225.59929219908665,0.3850620292126621,0.7715824083348588,-0.3865203791221967,226.635,3.215314505377649,233.0656290107553,220.2043709892447
2019-01-09,226.22,232.14,226.22,229.77,43470,226.1911566286937,223.6918461795064,55.27494745699007,226.5667612700994,225.90823351767284,0.6585277524265507,0.7489714771531972,-0.09044372472664652,227.079,2.985113768451324,233.04922753690266,221.10877246309735
2019-01-10,229.77,230.96,228.0,230.96,28615,226.64533218786573,223.97687181952577,56.66548269653072,227.24264415162259,226.28243844228967,0.9602057093329108,0.79121832358914,0.1689873857437708,227.43449999999999,3.0036407294566203,233.44178145891323,221.42721854108675
2019-01-13,230.96,232.14,226.81,227.41,74495,226.71815769378327,224.11150429719143,51.51949425835388,227.2683912052191,226.3659615206386,0.9024296845805111,0.8134605957874144,0.08896908879309673,227.4645,3.000069253598585,233.46463850719715,221.46436149280282
2019-01-14,227.41,230.96,227.41,228.59,8106,226.89642838961342,224.28713157965453,53.04587304285176,227.4717156351854,226.5307051117024,0.9410105234830155,0.8389705813265347,0.10203994215648082,227.4055,2.963725385046066,233.3329507700921,221.47804922990787
2019-01-15,228.59,232.14,228.59,230.96,15949,227.28343520965024,224.54881269417788,56.039571919017035,228.0083747682338,226.85880102935408,1.1495737388797238,0.9010912128371725,0.24848252604255128,227.70149999999998,3.010300343481821,233.7221006869636,221.68089931303635
2019-01-16,230.96,237.47,230.96,235.7,77989,228.08501280873116,224.98611415715132,61.34751700565251,229.19170172696707,227.51370465680932,1.677997070157744,1.0564723843012869,0.6215246858564571,228.23449999999997,3.4288780964147114,235.09225619282938,221.37674380717056
2019-01-17,235.7,237.47,233.92,234.51,27748,228.6969163507568,225.3595998764787,59.40813340654764,230.00990146127984,228.03194875630493,1.9779527049749106,1.2407684484360115,0.7371842565388991,228.708,3.6134246767865377,235.93484935357307,221.48115064642693
2019-01-20,234.51,235.1,232.14,232.14,5752,229.02482907925614,225.62549792053838,55.63582387868741,230.33760892877527,228.3362488484305,2.0013600803447673,1.3928867748177627,0.6084733055270046,228.708,3.6134246767865377,235.93484935357307,221.48115064642693
2019-01-21,232.14,236.29,230.37,230.37,17919,229.15294059551746,225.8115568256153,52.932527581133236,230.34259217050214,228.48689708188007,1.8556950886220704,1.4854484375786243,0.3702466510434461,228.79700000000003,3.6322373850184646,236.06147477003697,221.53252522996308
2019-01-22,230.37,232.14,230.37,230.96,7735,229.32504149118245,226.01345655794412,53.73941633510279,230.43757799042487,228.6700898906297,1.7674880997951732,1.5418563700219343,0.22563172977323886,229.0045,3.631290150617008,236.26708030123402,221.741919698766
2019-01-23,230.96,233.33,230.96,232.14,8939,229.59313277773649,226.25371316351493,55.386712516434194,230.69948906882104,228.92712026910158,1.7723687997194588,1.5879588559614395,0.18440994375801933,228.91549999999998,3.524723916037084,235.96494783207416,221.8660521679258
2019-01-24,232.14,234.51,231.55,232.14,20113,229.8356915608092,226.4845479414163,55.386712516434194,230.92110613515626,229.16511136027924,1.7559947748770242,1.6215660397445566,0.13442873513246756,229.004,3.5848737774255537,236.1737475548511,221.83425244514888
2019-01-27,232.14,232.14,230.37,231.55,27179,229.99895903120833,226.6831931201843,54.266168012164854,231.0178590374399,229.34176977803634,1.6760892594035681,1.632470683676359,0.043618575727209175,229.12250000000003,3.629885999379944,236.3822719987599,221.86272800124016
2019-01-28,231.55,233.33,231.55,232.74,12704,230.26001055204563,226.92071495860847,56.191312782639216,231.2828038009107,229.59349053521885,1.689313265691851,1.6438392000794575,0.04547406561239353,229.59650000000002,3.4379404406938425,236.4723808813877,222.72061911861235
2019-01-29,232.74,232.74,230.37,230.96,24692,230.32667621375555,227.07911829356502,52.623029133097695,231.23314167769365,229.69471345853594,1.5384282191577086,1.6227570038951078,-0.08432878473739924,229.8925,3.276024347649153,236.44454869529832,223.3404513047017
2019-01-30,230.96,232.14,230.96,232.14,23118,230.4993737172074,227.27758424283698,54.67772968021845,231.37265834266387,229.8758457949407,1.4968125477231808,1.5975681126607224,-0.10075556493754156,230.18849999999998,3.1931345348997295,236.57476906979943,223.80223093020052
2019-01-31,232.14,233.33,230.96,231.55,11447,230.59943336318764,227.4451299588042,53.42999830805447,231.39994167456175,229.99985721753768,1.4000844570240645,1.5580713815333909,-0.1579869245093264,230.42549999999997,3.1038354456638055,236.63317089132758,224.21782910867236
2019-02-03,233.33,233.92,230.96,230.96,22031,230.63377304288406,227.5829679996354,52.14844502447787,231.33225834001377,230.0709789051275,1.2612794348862622,1.4987129922039653,-0.2374335573177031,230.8105,2.605852673880461,236.02220534776092,225.59879465223906
2019-02-04,231.55,232.14,229.77,230.37,31537,230.60865180070462,227.6922633721987,50.8353327490775,231.18421859539626,230.0931286158588,1.0910899795374576,1.4171883896706636,-0.32609841013320606,231.10699999999997,2.1382656523630352,235.38353130472603,226.8304686952739
2019-02-05,231.55,233.33,230.37,230.37,14198,230.58592305778038,227.79727265172033,50.83533274907751,231.05895419610454,230.11363760727667,0.9453165888278647,1.3228140295021038,-0.37749744067423907,231.3145,1.8161656399278878,234.9468312798558,227.68216872014423
2019-02-06,227.41,230.96,227.41,229.18,12115,230.45202562370605,227.85149725361367,48.00762183875579,230.76988431978077,230.04447926599693,0.7254050537838452,1.203332234358452,-0.4779271805746068,231.285,1.847101570190988,234.97920314038197,227.59079685961802
2019-02-07,228.59,230.96,228.0,230.96,9862,230.50040413573404,227.97339932209943,52.283231824344405,230.79913288596833,230.1122956166638,0.686837269304533,1.1000332413476683,-0.4131959720431353,231.285,1.847101570190988,234.97920314038197,227.59079685961802
2019-02-10,230.37,231.55,226.22,228.0,20647,230.2622704085213,227.97444248593865,45.571856683198455,230.36849705735784,229.9558292746887,0.41266778266913207,0.9625601496119611,-0.5498923669428291,231.3145,1.7856459099903323,234.88579181998068,227.74320818001934
2019-02-11,225.63,229.18,225.63,228.59,10406,230.10300656009068,227.998581996294,47.03138554236392,230.09488212545662,229.85465673582289,0.24022538963373563,0.8180931976163162,-0.5778678079825805,231.3145,1.7856459099903323,234.88579181998068,227.74320818001934
2019-02-12,232.74,232.74,227.41,228.59,11167,229.9589106972249,228.02177485918446,47.03138554236392,229.8633617984633,229.76097845909527,0.10238333936803201,0.6749512259666594,-0.5725678865986273,231.196,1.8862170439580148,234.96843408791602,227.42356591208397
2019-02-13,229.77,232.14,227.41,227.41,15606,229.7161572974892,227.99778368823604,44.277346363622144,229.48592152177665,229.5868319065697,-0.10091038479305325,0.5197789038147169,-0.6206892886077702,230.7815,1.7503391400921013,234.28217828018418,227.2808217198158
2019-02-14,226.22,230.37,225.04,227.41,17211,229.49652326915688,227.9747333475209,44.277346363622144,229.16654897996486,229.42558509867564,-0.2590361187107817,0.3640158993096172,-0.6230520180203989,230.42649999999998,1.6726099208851046,233.7717198417702,227.08128015822976
2019-02-17,229.18,229.77,226.81,229.18,13443,229.46637819590384,228.02199870644165,49.42897687699379,229.1686183676626,229.40739360988488,-0.23877524222228885,0.243457671003236,-0.48223291322552486,230.27850000000004,1.6437193863696262,233.5659387727393,226.9910612272608
2019-02-18,228.0,229.18,226.81,228.0,13348,229.32672312962728,228.0211360120714,46.35232828715806,228.98883092648373,229.3031422313749,-0.314311304891163,0.1319038758243562,-0.4462151807155192,230.16,1.7204161063597267,233.60083221271944,226.71916778728055
2019-02-19,230.37,230.37,228.0,230.37,10351,229.42608283156753,228.1132483253235,52.717985745236994,229.20131847625547,229.3821687327545,-0.18085025649904196,0.06935304935967657,-0.2502033058587185,230.13049999999998,1.711009166689535,233.55251833337906,226.7084816666209
2019-02-20,233.92,233.92,228.0,229.18,6553,229.40264637141823,228.15508172433044,49.53945160793049,229.1980387106777,229.36719327106897,-0.16915456039126298,0.021651527409488662,-0.19080608780075164,229.98250000000002,1.6551478706625098,233.29279574132502,226.672204258675
2019-02-21,229.77,229.77,226.22,227.41,13521,229.21287052652124,228.12586283318024,45.176396975379966,228.9229558321119,229.22221599173054,-0.2992601596186262,-0.0425308099961343,-0.2567293496224919,229.746,1.6685177790546855,233.08303555810937,226.40896444189065
2019-02-24,228.0,228.0,217.93,219.12,36648,228.25164476209068,227.772691741683,31.28066605420871,227.41480878101777,228.4739036960468,-1.0590949150290214,-0.24584363100271173,-0.8132512840263098,229.12449999999998,2.8546111819429307,234.83372236388584,223.41527763611413
2019-02-25,219.12,223.26,219.12,221.48,16761,227.60672621332014,227.52591951651897,37.20247620068672,226.5017612762458,227.95583675559888,-1.4540754793530937,-0.48749000067278814,-0.9665854786803055,228.56149999999997,3.194192550975078,234.94988510195012,222.17311489804982
2019-02-26,221.48,225.04,220.89,222.67,9932,227.13656181205158,227.33549130018488,40.00969491631403,225.91225954143874,227.56429329222118,-1.6520337507824365,-0.7203987506947178,-0.9316350000877187,228.147,3.397950001191753,234.9429000023835,221.35109999761647
2019-02-27,222.08,226.22,222.08,223.85,7888,226.8235559251895,227.1988053668443,42.74296360378701,225.59498884275587,227.28916045576037,-1.6941716130044995,-0.9151533231566742,-0.7790182898478253,227.73250000000002,3.3908481705705777,234.51419634114117,220.95080365885886
2019-03-03,225.04,225.04,223.26,223.85,13490,226.5403601227905,227.06747966618377,42.74296360378701,225.32652902079343,227.03440782940777,-1.707878808614339,-1.0736984202482072,-0.6341803883661319,227.3475,3.371671262939966,234.09084252587994,220.60415747412006
2019-03-05,223.85,226.22,223.26,225.63,31858,226.4536591587152,227.01110791456873,46.96994823062188,225.37321686374827,226.93037761982202,-1.5571607560737561,-1.170390887413317,-0.38676986866043905,227.081,3.28051969568177,233.64203939136354,220.51996060863644
2019-03-06,225.04,228.59,223.85,228.0,22986,226.60092971502806,227.04988799635035,52.046144021817256,225.77733734624854,227.0096089072426,-1.2322715609940644,-1.1827670221294666,-0.049504538864597825,226.9625,3.1972074575146805,233.35691491502936,220.56808508497065
2019-03-07,228.0,232.14,228.0,231.55,26697,227.07226974216826,227.22636297688564,58.460361959139796,226.66543929297953,227.3459341733728,-0.6804948803932689,-1.082312593782227,0.4018177133889582,227.0215,3.27337790284113,233.56825580568227,220.47474419431774
2019-03-09,232.14,234.51,228.0,233.92,10053,227.72443452862842,227.48885854641952,62.10463530506942,227.78152555559805,227.83290201238222,-0.05137645678416902,-0.8761253663826155,0.8247489095984465,227.2585,3.5937947617449755,234.44608952348995,220.07091047651005
2019-03-10,232.14,234.51,228.0,233.92,10053,228.31448838304476,227.74106017205014,62.10463530506942,228.72590623935218,228.28379815961316,0.4421080797390289,-0.6124786771582866,1.0545867568973155,227.4065,3.8087728027843757,235.02404560556874,219.78895439443124
2019-03-11,236.29,236.88,232.74,236.88,55606,229.13025139418335,228.09944996922465,66.37725410325345,229.98038220252877,228.92055385149365,1.0598283510351223,-0.27801727151960487,1.337845622554727,227.8505,4.359384885396079,236.56926977079218,219.13173022920785
2019-03-12,238.66,239.25,235.1,237.47,48752,229.92451316616587,228.46692251945115,67.17176627822855,231.13263109444742,229.55384615879044,1.5787849356569836,0.09334316991571287,1.4854417657412708,228.29450000000003,4.861912635348045,238.01832527069612,218.57067472930393
2019-03-13,239.84,239.84,234.51,235.7,31796,230.47455953129293,228.7505726167276,62.40735654292056,231.8353032337632,230.00911681369485,1.8261864200683533,0.43991181994624096,1.3862746001221122,228.65,5.1368237165402,238.92364743308042,218.3763525669196
2019-03-14,233.92,236.88,233.92,236.29,20294,231.02841100450314,229.04623643567948,63.34075961420605,232.52064119779965,230.47436742008782,2.046273777711832,0.7611842114993592,1.2850895662124728,229.094,5.400981782102184,239.89596356420435,218.29203643579564
2019-03-17,237.47,239.84,236.88,237.47,38412,231.64189567074092,229.3765801048685,65.201726869026,233.28208101352277,230.99256242600725,2.2895185875155164,1.0668510867025907,1.2226675008129257,229.59700000000004,5.696272188210376,240.98954437642078,218.2044556235793
2019-03-18,236.88,238.07,235.1,235.7,21236,232.02838179733703,229.624557355658,60.26019348277749,233.65406854990388,231.34126150556227,2.3128070443416107,1.3160422782303947,0.996764766111216,229.923,5.85549683271785,241.6339936654357,218.2120063345643
2019-03-19,238.07,238.07,235.7,236.29,3790,232.43425019759064,229.88594726327926,61.31272286632024,234.0595964653033,231.70783472737247,2.351761737930815,1.5231861701704787,0.8285755677603361,230.3375,6.003746965991598,242.3449939319832,218.33000606801681
2019-03-21,235.1,236.29,233.92,233.92,22176,232.5757501787725,230.04414540981736,55.00996182481092,234.03812008602586,231.8716988216412,2.1664212643846668,1.6518331890133164,0.5145880753713503,230.51500000000001,6.056999865320748,242.6289997306415,218.40100026935852
2019-03-24,232.74,236.29,232.74,234.51,11361,232.75996444746085,230.21927696237353,56.216602730863684,234.11071699586802,232.06712853855666,2.0435884573113583,1.7301842426729248,0.3134042146384335,230.78149999999997,6.1121753169667725,243.0058506339335,218.55714936606643
2019-03-25,233.33,236.88,233.33,235.7,8113,233.03996783341694,230.4342072775746,58.626841105016375,234.35522207342677,232.3362301282932,2.018991945133564,1.787945783165053,0.23104616196851113,231.196,6.152464119108467,243.50092823821694,218.89107176178305
2019-03-26,235.7,236.88,233.92,235.7,15558,233.29330423023436,230.64070895296382,58.626841105016375,234.56211098520728,232.58539826693814,1.976712718269141,1.8256991701858707,0.1510135480832704,232.025,5.524657169651429,243.07431433930287,220.97568566069714
2019-03-27,235.7,236.88,235.1,235.7,13921,233.5225133511644,230.83911252343583,58.626841105016375,234.73717083363692,232.8161095064242,1.9210613272127262,1.8447716015912419,0.07628972562148428,232.73600000000002,4.98478252706991,242.70556505413984,222.7664349458602
2019-03-28,238.66,238.66,234.51,235.7,15408,233.7298930320059,231.02973556173248,58.626841105016375,234.8852983976928,233.02973102446686,1.855567373225938,1.8469307559181811,0.008636617307756778,233.3875,4.419365130646194,242.2262302612924,224.5487697387076
2019-03-31,237.47,238.07,236.29,236.88,24402,234.0299032194339,231.2591576965665,61.45675119723692,235.1921755672785,233.31493613376563,1.8772394335128695,1.852992491437119,0.02424694207575051,234.039,3.8650225028381997,241.7690450056764,226.30895499432359
2019-04-01,239.25,242.8,236.88,242.8,54571,234.86515053186875,231.71173974768155,71.85708745250447,236.3626100953895,234.01753345719038,2.3450766381991173,1.9514093207895187,0.3936673174095986,234.98650000000004,3.5452997423681807,242.0770994847364,227.89590051526366
2019-04-02,243.99,252.28,242.8,252.28,89445,236.52370762407173,232.51833818894895,80.79427795822446,238.8114393114834,235.37030875665778,3.4411305548256337,2.2493535675967418,1.191776987228892,236.31900000000002,4.672561452393621,245.66412290478726,226.97387709521277
2019-04-03,253.46,259.98,249.32,258.2,101042,238.58811642177918,233.52546218153918,84.17412956555113,241.7942948020244,237.06139699690533,4.73289780511908,2.7460624151012096,1.9868353900178706,237.829,6.40227829514628,250.63355659029256,225.02444340970746
2019-04-04,260.57,262.94,255.24,260.57,107396,240.6816291435145,234.58603229206707,85.29018442844131,244.6828648324822,238.80277499713458,5.880089835347633,3.3728678991504943,2.5072219361971384,239.28000000000003,7.994779217522098,255.26955843504422,223.29044156495584
2019-04-07,262.35,279.52,259.98,277.15,147987,244.15480732032265,236.25520749629976,90.39389571692038,249.67780870440802,241.64331018253202,8.034498521876003,4.305194023695597,3.729304498180406,241.4415,11.531145592884217,264.5037911857684,218.37920881423156
2019-04-08,277.15,283.07,273.6,275.97,161971,247.18482567076813,237.81265033958212,88.05235343820063,253.72276121142218,244.18602794678893,9.536733264633256,5.351501871883129,4.185231392750127,243.544,13.714405181186978,270.972810362374,216.11518963762606
2019-04-09,278.34,278.93,270.04,271.23,116366,249.47484227355213,239.12313463999067,79.17962189709888,256.4161825635111,246.18928513591567,10.226897427595418,6.326580983025588,3.90031644456983,245.26149999999998,14.932696120297155,275.1268922405943,215.39610775940568
2019-04-10,274.19,277.74,270.64,275.97,63030,251.99819062845194,240.5681097521479,81.21782280244149,259.42446216912475,248.39526401473674,11.029198154388013,7.267104417298073,3.7620937370899394,247.18649999999997,16.294840731770613,279.7761814635412,214.59681853645873
2019-04-11,275.97,278.93,275.37,277.74,54800,254.44979152098034,242.0258309383382,81.92922431000585,262.24223722002864,250.56894816179326,11.673289058235383,8.148341345485536,3.5249477127498476,249.28849999999997,17.408593544873575,284.1056870897471,214.47131291025283
2019-04-15,275.97,280.11,275.97,278.34,39084,256.72504947136315,243.44991599957984,82.17568315487259,264.718816109255,252.62606311277153,12.092752996483455,8.93722367568512,3.155529320798335,251.391,18.273855324510517,287.938710649021,214.84328935097895
2019-04-16,278.93,294.92,278.34,291.36,106050,260.0236161883762,245.32874282312574,86.48364328772999,268.81745978475425,255.49524362293658,13.322216161817664,9.814222172911629,3.507993988906035,254.0855,20.004291769783226,294.09408353956644,214.07691646043355
2019-04-17,291.36,294.92,286.63,288.4,92921,262.7261289323404,247.01781173202278,81.65204038124335,271.83015827940744,257.93263298420055,13.89752529520689,10.630882797370681,3.2666424978362087,256.7205,20.90562238024392,298.53174476048787,214.90925523951216
2019-04-18,289.59,291.96,284.85,285.44,60312,264.889354748308,248.52456421311993,77.01825802017467,273.92398008257555,259.97021572611163,13.953764356463921,11.29545910918933,2.6583052472745905,259.178,21.263353847457818,301.7047076949156,216.65129230508435
2019-04-21,290.18,293.14,283.07,292.55,94558,267.5237019151358,250.2510518910368,79.96014354733806,276.7895216083332,262.383533079733,14.405988528600176,11.917564993071501,2.488423535528675,262.10949999999997,21.636134608325253,305.38176921665047,218.83723078334947
2019-04-22,292.55,296.1,286.03,286.63,79167,269.3433493517895,251.6776773070746,71.7270579231796,278.3034413608973,264.1795676664195,14.123873694477822,12.358826733352766,1.7650469611250568,264.7155,21.272693016117938,307.2608860322359,222.17011396776414
2019-04-23,283.07,293.14,283.07,290.18,58722,271.3277922706667,253.1875723146403,73.48981761939748,280.13060422845155,266.10552561705504,14.02507861139651,12.692077108961515,1.3330015024349944,267.4395,20.84549666752725,309.1304933350545,225.74850666494552
2019-04-24,290.18,300.84,290.18,299.65,128530,274.0251453877461,255.00962830230148,77.51685357314257,283.1335881933052,268.5903014972732,14.543286696031998,13.062319026375611,1.480967669656387,270.637,20.62420680452685,311.88541360905367,229.3885863909463
2019-04-25,300.84,304.98,297.29,300.25,88888,276.52275058891314,256.78376052574066,77.74749517735293,285.76688231741207,270.93546434932705,14.83141796808502,13.416138814717495,1.4152791533675249,273.8645,19.907418473103487,313.679336946207,234.04966305379304
2019-04-28,303.21,303.21,296.69,297.29,84179,278.5005838661595,258.3722405051234,73.7291702492486,287.53966965319484,272.88765217530283,14.652017477892002,13.663314547352396,0.9887029305396062,276.944,18.399598794255812,313.74319758851163,240.1448024114884
2019-04-29,294.92,297.29,293.14,293.73,62052,279.9510044503348,259.75881930884407,69.10323055563744,288.4920281680879,274.43152979194707,14.060498376140856,13.74275131311009,0.31774706303076705,279.7865,16.136602810482326,312.0597056209646,247.51329437903533
2019-04-30,294.32,296.1,291.36,293.14,23369,281.2070992645886,261.06788521830117,68.33796989112118,289.20710075761286,275.817342399951,13.38975835766189,13.672152722020451,-0.28239436435856113,282.3035,13.824117093730175,309.9517341874603,254.65526581253962
2019-05-02,291.36,293.14,289.0,290.77,31276,282.1178517155802,262.23267403326975,65.21382113030768,289.4475467949032,276.9249466666213,12.522600128281908,13.442242203272743,-0.9196420749908345,284.228,11.980719423091774,308.1894388461836,260.26656115381644
2019-05-05,288.4,290.18,286.03,286.03,35721,282.4904372664773,263.16590250255325,59.36810774736701,288.9217703649181,277.5993950616864,11.322375303231695,13.018268823264533,-1.695893520032838,285.6195,10.296346043243595,306.2121920864872,265.0268079135128
2019-05-06,284.26,293.73,284.26,293.73,39149,283.56087181252707,264.3644945612767,64.87614767090514,289.6614980010845,278.7942546867467,10.867243314337827,12.588063721479193,-1.7208204071413657,287.2775,8.576600893993547,304.43070178798706,270.1242982120129
2019-05-07,290.18,297.29,286.63,292.55,33241,284.41697925895306,265.46980850005014,63.45649508549232,290.1058829239946,279.81319878402473,10.292684139969879,12.128987805177331,-1.8363036652074527,288.0475,8.30655598720286,304.66061197440575,271.4343880255943
2019-05-08,291.36,293.73,290.18,291.96,19495,285.1353621866718,266.50863953926387,62.717501849991656,290.3911317049185,280.71296183705994,9.678169867858571,11.63882421771358,-1.9606543498550089,288.847,7.839294476855175,304.5255889537103,273.16841104628963
2019-05-09,291.96,291.96,288.4,289.0,25211,285.50342293079825,267.390653674979,59.00491233042155,290.17711144262336,281.3268165157962,8.850294926827132,11.081118359536292,-2.23082343270916,289.7355,6.655082327784494,303.045664655569,276.425335344431
2019-05-12,287.22,294.92,285.44,294.92,40990,286.4002397945318,268.47023588380335,63.640651145105366,290.9067866052967,282.3337189961076,8.573067609189081,10.579508209466852,-2.00644060027777,290.683,5.898024736264685,302.47904947252937,278.8869505274706
2019-05-13,296.69,296.69,287.81,288.4,42220,286.5906931474335,269.2517952609091,56.1145019303294,290.52112712755877,282.7830731445441,7.738053983014652,10.011217364176412,-2.27316338116176,291.216,5.093630077708609,301.40326015541723,281.0287398445828
2019-05-14,293.14,295.51,288.4,291.96,39731,287.10205570482077,270.1423130938146,58.96781815749048,290.74249218485744,283.4628455042075,7.2796466806499325,9.464903227471117,-2.1852565468211846,291.897,4.093918596381873,300.08483719276376,283.7091628072362
2019-05-15,296.1,296.1,290.77,290.77,49643,287.4513837329331,270.95124199209636,57.61923415678892,290.7467241564178,284.00411620759957,6.742607948818261,8.920444171740547,-2.177836222922286,291.8675,4.10011280334055,300.0677256066811,283.6672743933189
2019-05-16,290.18,293.14,288.4,290.18,25182,287.7112519488442,271.7053109335828,56.924131274716316,290.65953582466125,284.4615890811107,6.197946743550574,8.375944686102553,-2.177997942551979,291.9565,4.039758037323169,300.03601607464634,283.87698392535367
2019-05-19,290.18,290.77,286.63,286.63,38861,287.60827557276383,272.290592857756,52.79696830975175,290.0396072362518,284.6222121121395,5.417395124112318,7.784234773704506,-2.3668396495921886,292.01599999999996,3.9464126281594187,299.9088252563188,284.12317474368115
2019-05-20,285.44,290.77,284.85,286.03,38921,287.457963613453,272.82939313784397,52.10930153906309,289.42274458452073,284.72649269642545,4.696251888095276,7.166638196582661,-2.4703863084873854,291.69,4.163315986100145,300.0166319722003,283.3633680277997
2019-05-21,286.63,288.4,284.26,285.44,39645,287.2657766026479,273.3239267402815,51.400343519143036,288.81001464844064,284.7793450892828,4.030669559157843,6.539444469097698,-2.508774909939855,291.6305,4.247097429900139,300.1246948598003,283.1363051401997
2019-05-22,285.44,287.22,284.85,286.63,25076,287.2052264500148,273.84573353478027,52.79532958800926,288.47462777944975,284.9164306382248,3.558197141224923,5.943195003523144,-2.3849978622982206,291.453,4.382920319425473,300.2188406388509,282.68715936114904
2019-05-23,287.81,287.81,284.85,286.63,24480,287.1504429785848,274.34707731773005,52.79532958800926,288.19083889030367,285.04336170206,3.14747718824367,5.38405144046725,-2.23657425222358,290.802,4.056082631789698,298.91416526357943,282.6898347364206
2019-05-26,286.63,287.22,281.89,282.48,36547,286.7056388853863,274.6660154621328,47.30368812097819,287.3122482917954,284.85348305746294,2.458765234332475,4.798994199240295,-2.34022896490782,289.9135,3.8167680941244804,297.54703618824897,282.27996381175103
2019-05-27,285.44,285.44,281.3,284.26,31557,286.4727208963019,275.0422501498923,49.71949859110082,286.8426716315192,284.80952134950275,2.033150282016436,4.245825415795523,-2.2126751337790873,289.262,3.597125460567524,296.45625092113505,282.06774907886495
2019-05-28,283.67,285.44,281.89,284.26,20813,286.2619855728446,275.40373053617105,49.71949859110082,286.44533753436235,284.7688160643544,1.6765214700079696,3.7319646266380126,-2.055443156630043,288.7885,3.6013144895644835,295.991128979129,281.585871020871
2019-05-29,284.26,287.22,284.26,284.26,19752,286.07132028019277,275.75103522102705,49.71949859110082,286.10913175984507,284.7311259855133,1.3780057743317684,3.261172856176764,-1.8831670818449955,288.34450000000004,3.5839473607079992,295.51239472141606,281.176605278584
2019-05-30,296.1,297.29,286.03,287.22,67442,286.1807183487458,276.20079854569263,54.09077582340591,286.2800345660228,284.9154870236234,1.3645475423993503,2.881847793421281,-1.517300251021931,288.167,3.545198532056303,295.2573970641126,281.07660293588737
2019-06-02,286.63,286.63,283.07,283.07,49886,285.8844594583891,276.47017899488117,47.81440524325344,285.78618309432693,284.7787842811328,1.0073988131941292,2.5069579973758507,-1.4995591841817215,288.019,3.6976150208236107,295.4142300416472,280.6237699583528
2019-06-03,281.3,281.3,275.37,277.15,193172,285.0526061766377,276.49683864214074,40.58066626059503,284.4575395413535,284.2136891491971,0.2438503921564461,2.05433647633197,-1.810486084175524,287.19,4.1773171949808985,295.5446343899618,278.8353656100382
2019-06-04,276.56,280.7,274.19,278.34,30464,284.4133103502913,276.5691194797039,42.46495087566216,283.5163796119145,283.7786010640714,-0.2622214521568935,1.5910248906341975,-1.853246342791091,286.47950000000003,4.419134798638223,295.3177695972765,277.6412304027236
2019-06-06,277.74,281.3,271.23,272.41,62274,283.27013793597786,276.4060167550096,36.289215004009705,281.8077058254661,282.93648246673274,-1.1287766412666542,1.0470645842540272,-2.1758412255206814,285.502,5.230734677200845,295.9634693544017,275.0405306455983
2019-06-10,270.64,275.37,265.9,267.08,91893,281.7282200373133,276.04029060775434,31.811111472469094,279.54190492924056,281.7619282099377,-2.2200232806971485,0.393647011263792,-2.6136702919609407,284.406,6.581316777547529,297.56863355509506,271.24336644490495
2019-06-11,268.86,271.23,264.71,270.64,60515,280.6721990813787,275.82851450548947,37.37021720297152,278.1723810939728,280.93808167586826,-2.765700581895487,-0.23822250736806383,-2.5274780745274232,283.192,6.776288069445686,296.7445761388914,269.63942386110864
2019-06-12,272.41,275.97,269.45,271.23,33591,279.77294202600933,275.6481806033134,38.26844244285607,277.1043224641308,280.21896451469286,-3.114642050562054,-0.8135064160068619,-2.301135634555192,282.3335,7.158613710996646,296.6507274219933,268.01627257800675
2019-06-13,276.56,278.93,268.86,268.86,39607,278.73361421400847,275.38197744239915,36.0328919373497,275.83596516195684,279.3775597358267,-3.5415945738698724,-1.3591240475794641,-2.182470526290408,281.17850000000004,7.383674933691634,295.9458498673833,266.4111501326168
2019-06-16,274.19,279.52,267.08,267.08,35541,277.6237461936267,275.05640969956,34.4071602550666,274.4888935985789,278.4666293850247,-3.9777357864458054,-1.8828463953527326,-2.094889391093073,279.994,7.659065766864923,295.3121315337299,264.6758684662702
2019-06-17,269.45,272.41,267.08,268.86,32855,276.7891036989956,274.81341324075373,37.446545374406654,273.6229099680283,277.7550272083562,-4.1321172403278865,-2.3327005643477636,-1.799416675980123,278.928,7.650416982106834,294.22883396421366,263.62716603578633
2019-06-18,273.6,273.6,269.45,273.01,43757,276.429189060996,274.74269115288104,43.965763818576995,273.52861612679317,277.40354371144093,-3.8749275846477644,-2.641145968407764,-1.2337816162400004,278.247,7.534047000824618,293.31509400164924,263.1789059983508
2019-06-19,274.19,278.34,273.01,275.97,46789,276.38545676947257,274.7908209115916,48.11894901285112,273.9042136457481,277.2973552883712,-3.3931416426231067,-2.791545103250833,-0.6015965393722738,277.744,7.319853607976937,292.3837072159539,263.10429278404615
2019-06-20,277.15,281.3,275.37,278.93,30484,276.627794219999,274.95314166015663,51.953988705235716,274.6774115464022,277.41829193367704,-2.740880387274842,-2.781412160055635,0.040531772780792785,277.4185,7.101089816292626,291.6206796325852,263.21632036741477
2019-06-23,284.26,284.26,272.41,275.97,26800,276.56514715142765,274.9930184577976,48.12310128884254,274.87627130849415,277.31101104970094,-2.4347397412067835,-2.712077676285865,0.27733793507908144,276.8855,6.765425629439401,290.41635125887876,263.3546487411212
2019-06-24,277.15,277.74,275.37,276.56,29942,276.5646569465298,275.0544687143546,48.93141382061793,275.13530649180274,277.2553806015749,-2.1200741097721902,-2.59367696298313,0.47360285321093976,276.382,6.364908400556534,289.1118168011131,263.6521831988869
2019-06-25,278.34,280.11,275.97,277.74,21895,276.6765943801936,275.15978366673284,50.58961870849017,275.5360285699869,277.29127833479157,-1.7552497648046597,-2.4259915233474363,0.6707417585427766,276.14500000000004,6.212315018963815,288.56963003792765,263.7203699620724
2019-06-26,278.34,281.3,275.97,276.56,14360,276.6654901535085,275.2146941111747,48.88037660197492,275.69356263614276,277.23710956925146,-1.5435469331087006,-2.249502605299689,0.7059556721909885,275.76,5.914383893712985,287.588767787426,263.931232212574
2019-06-27,281.3,281.3,273.6,274.19,21927,276.42972918650764,275.17451002838357,45.55151296443696,275.46224530750544,277.0113977493069,-1.549152441801482,-2.109432572600048,0.5602801307985659,275.2565,5.571371630237142,286.3992432604743,264.11375673952574
2019-06-30,271.82,274.19,270.04,270.04,27859,275.8211835496974,274.97315669393714,40.36737654101394,274.6280537217354,276.49499791602494,-1.8669441942895446,-2.0609348969379475,0.1939907026484029,274.5455,5.2605877948641755,285.06667558972833,264.0243244102717
2019-07-01,269.45,271.23,265.9,270.04,38691,275.27059464020243,274.7796995686847,40.36737654101394,273.9221993030069,276.0168499222453,-2.0946506192383936,-2.067678041398037,-0.02697257784035667,273.6865,4.417077236804254,282.52065447360854,264.8523455263915
2019-07-02,273.01,273.01,268.27,269.45,31497,274.7162522935165,274.57069174246175,39.62383808151598,273.23416864100585,275.5304165946716,-2.296247953665727,-2.113392023851575,-0.18285592981415189,273.0055,3.9157139229545495,280.8369278459091,265.1740721540909
2019-07-03,274.78,279.52,270.04,273.6,20331,274.60994255127684,274.53262539962014,47.01640257839755,273.29045038854343,275.38742277284405,-2.0969723843006136,-2.110108095941383,0.013135711640769543,272.82800000000003,3.7966045772365686,280.42120915447316,265.2347908455269
2019-07-04,275.97,277.74,272.41,273.6,16735,274.5137575463933,274.49605185453703,47.01640257839756,273.3380734056906,275.2550210859667,-1.9169476802761096,-2.0714760128083283,0.15452833253221865,272.591,3.5759458079166495,279.7428916158333,265.43910838416673
2019-07-07,278.93,281.89,269.45,271.23,22121,274.2010187324511,274.36797138965323,43.489573707893435,273.01375442019975,274.9568713758951,-1.9431169556953591,-2.0458042013857347,0.10268724569037557,272.53200000000004,3.5888007086518154,279.70960141730365,265.35439858269643
2019-07-08,268.86,269.45,266.49,267.68,31564,273.5799693293605,274.1056980018237,38.79519983964549,272.1931768170921,274.4178438665695,-2.224667049477432,-2.081576771004074,-0.1430902784733581,272.562,3.5430429978077473,279.64808599561553,265.4759140043845
2019-07-09,268.86,268.86,262.94,265.9,42350,272.8485436789452,273.78390592332084,36.65849986234906,271.2249957683087,273.7868924690458,-2.5618967007371225,-2.1776407569506837,-0.3842559437864388,272.325,3.825638577599776,279.97627715519957,264.6737228448004
2019-07-10,264.71,265.9,262.35,263.53,37178,271.9610633285695,273.3817919655435,33.97536380854021,270.041150265492,273.02712265652394,-2.9859723910319644,-2.33930708376694,-0.6466653072650246,271.94,4.2997135767640255,280.53942715352804,263.34057284647196
2019-07-11,266.49,266.49,262.35,263.53,39147,271.15810491632476,272.995447182581,33.97536380854021,269.0394348400317,272.32363208937403,-3.2841972493423555,-2.528285116882023,-0.7559121324603324,271.6735,4.651453960588228,280.9764079211765,262.3705920788235
2019-07-14,265.9,266.49,261.16,262.35,15141,270.3192377814367,272.5779786656171,32.597655127353605,268.0102910184884,271.5848445271982,-3.574553508709812,-2.737538795247581,-0.837014713462231,271.437,5.004173100638697,281.4453462012774,261.4286537987226
2019-07-15,262.94,264.71,261.16,264.12,46364,269.72883418320464,272.2462932277498,36.74136229472732,267.4117847079517,271.03189308073905,-3.6201083727873424,-2.9140527107555334,-0.706055662031809,271.2,5.239362154840685,281.67872430968134,260.72127569031863
2019-07-16,266.49,266.49,262.94,265.31,14110,269.3079928324232,271.9742817286223,39.437108670639766,267.08843321442066,270.60804914883244,-3.5196159344117746,-3.035165355486782,-0.48445057892499266,270.815,5.380368310626852,281.5757366212537,260.05426337874627
2019-07-17,266.49,270.64,266.49,270.04,26501,269.37770780076386,271.89842754318613,48.78029719367951,267.5425204122021,270.5659714341041,-3.0234510219019626,-3.032822488769818,0.009371466867855283,270.5185,5.242976530067587,281.0044530601352,260.03254693986486
2019-07-18,270.04,274.78,270.04,271.82,28359,269.61030705783395,271.8953519532573,51.79421376821988,268.20059419494027,270.6588624389853,-2.45826824404503,-2.9179116398248603,0.4596433957798305,270.163,4.870427518260468,279.90385503652095,260.42214496347907
2019-07-21,271.23,273.6,269.45,273.01,14798,269.93408733804023,271.93906364136484,53.75344286496426,268.94050278033404,270.8330207768382,-1.892517996504182,-2.712832911160725,0.8203149146565427,270.015,4.727558065561998,279.470116131124,260.559883868876
2019-07-22,277.15,277.15,271.23,274.19,16651,270.339412353465,272.02733565542894,55.677126664079424,269.7481177372057,271.08168590447985,-1.3335681672741657,-2.436979962383413,1.1034117951092473,269.89649999999995,4.5823405591577675,279.06118111831546,260.73181888168443
2019-07-23,274.19,277.74,273.6,275.37,12440,270.81851593884926,272.15842053168666,57.57748447918285,270.6130227007125,271.3993388004443,-0.7863160997317777,-2.1068471898530863,1.3205310901213085,269.77799999999996,4.3956732314853655,278.5693464629707,260.9866535370292
2019-07-24,276.56,283.67,275.37,280.7,32270,271.7596096589589,272.4933844324048,64.89838433696269,272.16486536214137,272.08827666707805,0.07658869506332167,-1.6701600128698046,1.7467487079331263,269.985,4.809828205718312,279.6046564114366,260.3653435885634
2019-07-25,278.34,281.89,275.37,276.56,33130,272.216789691439,272.6528595527027,56.711856731258564,272.84103992181196,272.41951543247967,0.4215244893322847,-1.2518231124293868,1.6733476017616715,270.1035,4.946142861930778,279.99578572386156,260.21121427613843
2019-07-28,275.37,275.37,270.64,271.82,47251,272.17900019701625,272.6201983937732,49.078435331953926,272.6839568569178,272.3751068819256,0.30884997499219935,-0.9396884949450697,1.248538469937269,270.1925,4.960932504670066,280.11436500934013,260.27063499065986
2019-07-29,273.6,274.78,272.41,273.6,15259,272.31433351158614,272.6586219861743,51.70721373841107,272.82488657123815,272.46583970548664,0.3590468657515089,-0.679941422805754,1.0389882885572628,270.3705,5.018703412981395,280.40790682596275,260.33309317403723
2019-07-30,276.56,276.56,274.19,275.37,7866,272.60534936762554,272.7649505357361,54.237115056994035,273.21644248335537,272.6809626902654,0.5354797930899622,-0.4368571796266108,0.9723369727165729,270.6665,5.134791826877314,280.9360836537546,260.39691634624535
2019-07-31,280.7,280.7,275.37,277.15,12296,273.0381732373755,272.9369132598249,56.69408560707283,273.82160517822376,273.0120024909865,0.809602687237259,-0.18756520625383682,0.9971678934910959,270.844,5.300227800476609,281.44445560095323,260.24354439904675
2019-08-01,280.11,280.11,275.37,276.56,20007,273.3735853100064,273.07899509277297,55.627988885560015,274.2428966892663,273.27481712128383,0.9680795679824428,0.04356374859341908,0.9245158193890237,270.992,5.421181265729138,281.8343625314583,260.14963746854175
2019-08-04,280.7,280.7,275.37,276.56,12134,273.67705337572005,273.21550508913487,55.627988885560015,274.5993741216869,273.5181640011887,1.081210120498156,0.2510930229743665,0.8301170975237895,271.2585,5.562659601504351,282.3838192030087,260.1331807969913
2019-08-05,277.74,277.74,274.19,275.37,34781,273.83828638755625,273.2999950856394,53.284183827958415,274.71793194911965,273.6553370381377,1.062594910981943,0.4133934005758818,0.6492015104060612,271.643,5.568059380364171,282.7791187607283,260.50688123927165
2019-08-06,274.78,274.78,267.08,271.23,43065,273.5898781601699,273.2188188077712,46.01962469133798,274.1813270338705,273.4756824427201,0.705644591150417,0.47184363869078894,0.23380095245962806,271.9095,5.4038509416992335,282.71720188339845,261.1017981166015
2019-08-07,267.08,272.41,267.08,268.27,17917,273.0832230972966,273.02474748197625,41.64765126946322,273.27189210558276,273.0900763358519,0.18181576973086067,0.4138380648988033,-0.23202229516794265,272.1465,5.113125807802857,282.3727516156057,261.9202483843943
2019-08-08,269.45,269.45,265.9,265.9,15933,272.3991066118398,272.745345619938,38.49430111666545,272.13775485857,272.55747808875174,-0.41972323018171664,0.24712580588269933,-0.6668490360644159,272.265,4.926998125270567,282.1189962505411,262.41100374945887
2019-08-11,264.71,267.68,264.71,265.9,11993,271.78014407737885,272.4769006936659,38.49430111666545,271.17810026494385,272.06433156365904,-0.8862312987151881,0.020454384963121824,-0.9066856836783099,272.4425,4.604384495136284,281.65126899027257,263.2337310097274
2019-08-12,265.9,266.49,265.31,266.49,12265,271.27632083191423,272.2421202743065,39.81006686600627,270.4568540703371,271.6514181144991,-1.1945640441620071,-0.22254930086190397,-0.9720147433001032,272.56100000000004,4.405105769696044,281.3712115393921,263.75078846060796
2019-08-13,266.49,268.27,265.31,265.9,5472,270.7642902764938,271.9934096753141,38.913569591082464,269.75579959797756,271.2253871430547,-1.469587545077161,-0.4719569497049554,-0.9976305953722056,272.59049999999996,4.355690138089659,281.3018802761793,263.8791197238206
2019-08-14,264.71,266.49,262.35,262.35,18041,269.9629292977801,271.61523674687044,33.958342366527404,268.61644581367335,270.567951058384,-1.9515052447106314,-0.7678666087060906,-1.1836386360045408,272.206,4.898306259374782,282.0026125187496,262.40938748125046
2019-08-15,265.9,266.49,262.35,262.94,46360,269.29407888846765,271.27503138424805,35.42998291763877,267.7431464577236,270.00291764665184,-2.259771188928255,-1.0662475247505236,-1.1935236641777314,271.762,5.319486124775822,282.40097224955167,261.12302775044833
2019-08-18,266.49,271.23,265.9,267.08,54223,269.08321423242313,271.1105203495717,44.73591314786788,267.6411239257661,269.78640522838134,-2.145281302615217,-1.2820542803234625,-0.8632270222917546,271.46549999999996,5.410745133051471,282.2869902661029,260.644009733897
2019-08-19,268.27,274.78,267.08,272.41,37488,269.40005097219233,271.161480335863,53.93971151638273,268.37479716795593,269.9807455818346,-1.6059484138786502,-1.3468331070345,-0.2591153068441501,271.3765,5.378112831810265,282.13272566362053,260.6202743363795
2019-08-20,272.41,273.01,268.27,268.27,29190,269.2924270700788,271.04808895014287,47.344197169719855,268.35867452673193,269.85402368688386,-1.4953491601519318,-1.3765363176579866,-0.11881284249394519,271.0215,5.334789765511693,281.6910795310234,260.35192046897663
2019-08-21,268.86,270.64,267.08,268.86,38058,269.2512435395951,270.9622815403334,48.314144414319216,268.43580152261933,269.78039230267024,-1.3445907800509076,-1.370147210136571,0.02555643008566344,270.42949999999996,4.838056890300779,280.1056137806015,260.7533862193984
2019-08-22,273.6,273.6,267.68,268.86,42153,269.2139822501099,270.879839126987,48.314144414319216,268.50106282683174,269.71221509506506,-1.2111522682333202,-1.338348221755921,0.12719595352260082,270.0445,4.62626878756944,279.2970375751389,260.79196242486114
2019-08-25,267.08,268.27,265.31,265.31,32538,268.8421744167661,270.6614140631836,42.81108931136949,268.01013008424223,269.3861250880232,-1.3759950037809858,-1.345877578160934,-0.03011742562005182,269.71899999999994,4.722783412141285,279.16456682428253,260.27343317571734
2019-08-26,266.49,266.49,264.12,264.71,31024,268.4486339961217,270.4280252763921,41.94156489881899,267.50241776358956,269.03974545187333,-1.5373276882837672,-1.3841676001855008,-0.15316008809826642,269.2745,4.756520704320349,278.78754140864066,259.7614585913593
2019-08-27,267.08,267.08,264.71,264.71,52701,268.0925736155387,270.2037889910434,41.94156489881899,267.0728150307296,268.71902356654937,-1.646208535819767,-1.436575787312354,-0.20963274850741298,268.7415,4.633192914076512,278.007885828153,259.47511417184694
2019-08-28,278.93,278.93,259.38,259.98,72685,267.31994755691596,269.8028560894338,35.37292145833072,265.98161271830963,268.0716884875457,-2.09007576923608,-1.5672757836970992,-0.5227999855389807,267.883,4.58363002549585,277.0502600509917,258.71573994900825
2019-08-29,264.71,266.49,258.79,259.98,29723,266.6209049324478,269.4176460467109,35.37292145833072,265.05828768472355,267.4723041551349,-2.4140164704113545,-1.7366239210399503,-0.6773925493714041,267.054,4.428412332831462,275.9108246656629,258.19717533433703
2019-09-01,273.6,273.6,259.98,260.57,15482,266.04462827221465,269.0706795350752,36.80470072783078,264.36778188707376,266.96102236586563,-2.59324047879187,-1.9079472325903342,-0.6852932462015358,266.2545,4.049042089458292,274.3525841789166,258.15641582108344
2019-09-02,258.2,278.93,257.61,258.2,11942,265.297520817718,268.644378376837,33.58586304912647,263.41889236598547,266.3120577461719,-2.8931653801864172,-2.1049908621095508,-0.7881745180768664,265.396,3.828853614347109,273.05370722869424,257.7382927713058
2019-09-03,259.98,265.9,252.28,265.9,50696,265.35489978745915,268.5367556953924,49.14694792665491,263.80060123275695,266.28153495015914,-2.480933717402195,-2.18017943316808,-0.3007542842341149,265.1295,3.5787405532487457,272.2869811064975,257.97201889350254
2019-09-04,261.16,268.27,260.57,267.08,22602,265.5191950457964,268.4796280210633,51.040143330423696,264.3051241200251,266.3406805094066,-2.0355563893814974,-2.1512548244107634,0.11569843502926602,265.07,3.5333836474544733,272.13676729490896,258.003232705091
2019-09-05,268.86,268.86,264.71,265.9,29014,265.55546218429197,268.3784661378844,49.07269641426224,264.5504896400212,266.3080375087098,-1.7575478686885617,-2.072513433266323,0.31496556457776137,265.07000000000005,3.5333836474544733,272.136767294909,258.0032327050911
2019-09-08,266.49,268.27,265.31,265.31,35963,265.532084833407,268.25813413247715,48.07484985889744,264.6673373877103,266.2341088043609,-1.5667714166506244,-1.9713650299431833,0.40459361329255894,265.04049999999995,3.5285489413748543,272.09759788274965,257.98340211725025
2019-09-09,266.49,266.49,262.35,265.31,15778,265.510933896892,268.14252102924274,48.07484985889744,264.7662085588318,266.1656563003342,-1.3994477415023994,-1.8569815722550267,0.4575338307526273,264.9815,3.5128669877726395,272.00723397554526,257.9557660244547
2019-09-10,266.49,266.49,262.35,265.31,27649,265.49179733528325,268.031441773194,48.07484985889744,264.84986878055,266.1022743521613,-1.2524055716112912,-1.7360663721262797,0.4836608005149885,264.952,3.507220521947867,271.9664410438957,257.9375589561043
2019-09-11,266.49,268.86,262.94,264.71,22108,265.41734044620864,267.9011891546374,46.864472306794035,264.82835050661924,265.99914291866787,-1.1707924120486268,-1.6230115801107492,0.45221916806212237,265.07,3.454371753390914,271.9787435067818,258.16125649321816
2019-09-12,264.12,266.49,263.53,265.31,79341,265.40711754656974,267.7995738936712,48.2671378042613,264.9024504286778,265.94809529506284,-1.0456448663850324,-1.5075382373656059,0.4618933709805735,265.18850000000003,3.417916070247588,272.02433214049523,258.35266785950483
2019-09-15,287.28,287.28,254.06,254.71,22199,264.38834444689644,267.28625727039,32.130182228561594,263.33438113195814,265.11564379172484,-1.7812626597666963,-1.562283121845824,-0.21897953792087232,264.57000000000005,4.107318244060589,272.78463648812124,256.35536351187886
2019-09-16,254.06,254.71,245.59,247.54,31341,262.78374021385866,266.51189424017866,25.837701345243076,260.9044763424261,263.81374425159703,-2.9092679091709215,-1.8316800793108436,-1.0775878298600778,263.3265,5.222223034412603,273.7709460688252,252.8820539311748
2019-09-17,245.59,254.06,244.94,252.1,18010,261.76624114587213,265.9467219170344,34.60887831582228,259.5499415205144,262.9460594922195,-3.3961179717051095,-2.144567657789697,-1.2515503139154127,262.518,5.650725710271884,273.8194514205437,251.2165485794562
2019-09-18,256.66,259.27,252.1,257.31,23035,261.34183722721764,265.60802693989575,42.91593455542744,259.2053351327429,262.5285736039069,-3.323238471164018,-2.3803018204645614,-0.9429366506994565,261.94050000000004,5.55790331065788,273.0563066213158,250.8246933786843
2019-09-19,260.57,260.57,250.15,252.1,10037,260.4616622531969,265.0783003932332,37.751243910078365,258.11220665078247,261.7560866702842,-3.6438800195017507,-2.6330174602719993,-1.0108625592297513,261.10249999999996,5.720814144313632,272.54412828862723,249.6608717113727
2019-09-22,256.01,256.01,246.24,249.5,7772,259.4176944195591,264.4673866523221,35.457950235750616,256.78725178143134,260.8482283984113,-4.0609766169799855,-2.918609291613597,-1.1423673253663886,260.312,6.18250383617386,272.6770076723477,247.94699232765228
2019-09-23,254.06,254.06,246.24,246.89,13501,258.2245806653154,263.7780773718389,33.27285525088179,255.26459766121116,259.81428555408456,-4.549687892873408,-3.2448250118655593,-1.3048628810078484,259.421,6.771355224697682,272.96371044939536,245.87828955060462
2019-09-24,246.89,248.19,244.94,246.89,13035,257.1450967924282,263.1157998278452,33.27285525088179,253.9761980210248,258.85693106859685,-4.8807330475720505,-3.572006619006858,-1.3087264285651927,258.53000000000003,7.1977650039942285,272.92553000798847,244.13446999201156
2019-09-26,245.59,245.59,244.28,244.28,14312,255.91984947886363,262.37714101106695,31.053453298486744,252.48447524855945,257.77715839684896,-5.2926831482895125,-3.916141924863389,-1.3765412234261234,257.745,7.857226308516869,273.4594526170337,242.03054738296626
2019-09-29,243.63,245.59,242.33,244.28,22722,254.81129238563852,261.6674492067114,31.053453298486744,251.2222482872426,256.77736888597127,-5.555120598728678,-4.2439376596364475,-1.3111829390922303,256.96,8.388496509166675,273.73699301833335,240.18300698166664
2019-09-30,244.94,246.24,244.28,245.59,9045,253.93307406319676,261.03696100252665,33.63045604615216,250.35574855074373,255.94867489441785,-5.592926343674122,-4.513735396443982,-1.0791909472301402,256.21099999999996,8.711744583279561,273.6344891665591,238.78751083344082
2019-10-01,246.24,250.15,244.28,250.15,5241,253.57278129527327,260.61002135536876,41.786907646069395,250.32409492755238,255.51914342075727,-5.195048493204894,-4.6499980157961645,-0.5450504774087293,255.8085,8.800522876217453,273.4095457524349,238.2074542475651
2019-10-02,253.4,254.06,248.84,250.15,7310,253.24680212429487,260.19982443947197,41.786907646069395,250.2973110925443,255.12142909329376,-4.824118000749451,-4.684822012786822,-0.13929598796262876,255.02100000000002,8.551121748518371,272.12324349703675,237.91875650296328
2019-10-03,261.22,261.22,249.5,253.4,8409,253.26139239817155,259.9331646575319,47.15504755709699,250.7746478475375,254.99391582712383,-4.219267979586334,-4.591711206146725,0.37244322656039053,254.337,8.069314912555049,270.4756298251101,238.1983701748899
2019-10-10,253.4,253.4,249.5,250.8,3175,253.02697407453616,259.5750013376287,43.68444672745971,250.77854817868558,254.68325539548502,-3.904707216799437,-4.4543104082772675,0.5496031914778303,253.58199999999997,7.62464811958272,268.8312962391654,238.33270376083453
2019-10-14,250.8,250.8,246.24,246.24,10343,252.38059559124702,259.0520601087021,38.35292537832614,250.08030999734933,254.05782906989356,-3.9775190725442258,-4.3589521411306595,0.3814330685864338,252.62849999999997,7.264715211579196,267.15793042315835,238.09906957684157
2019-10-15,247.54,250.8,246.24,250.8,11302,252.23006267779493,258.72844990836086,45.514229144839035,250.19103153621865,253.8165083980496,-3.625476861830947,-4.212257085270718,0.5867802234397708,251.90299999999996,6.628255386885036,265.15951077377,238.6464892262299
2019-10-16,254.06,254.06,249.5,251.45,15604,252.15577099419542,258.44302050018985,46.468825113473436,250.38471899218501,253.64121147967555,-3.256492487490533,-4.021104165714681,0.7646116782241483,251.20999999999998,5.829120182784772,262.86824036556953,239.55175963443043
2019-10-17,252.1,252.1,250.15,251.45,10188,252.08855470903396,258.1687844021432,46.468825113473436,250.5486083780027,253.4788995182181,-2.930291140215388,-3.802941560614823,0.872650420399435,250.54700000000003,4.891509400033009,260.33001880006606,240.763981199934
2019-10-20,256.01,260.57,248.84,248.84,12661,251.7791685462688,257.80294971970625,42.96346743963719,250.28574555061766,253.13527733168343,-2.849531781065764,-3.6122596047050113,0.7627278236392474,249.72349999999997,3.448989592708341,256.62147918541666,242.82552081458329
2019-10-21,248.84,253.4,248.84,250.15,6069,251.62400963710036,257.50283404442365,45.19797942906288,250.2648616197534,252.91414567748464,-2.6492840577312506,-3.4196644953102595,0.7703804375790089,249.4955,3.246796761518992,255.98909352303798,243.001906476962
2019-10-22,250.15,254.71,250.15,254.71,24454,251.91791348118602,257.39331114072075,52.215657179813654,250.94872906286824,253.0471719235969,-2.098442860728653,-3.1554201683939382,1.056977307665285,249.85399999999998,3.411194265337837,256.67638853067564,243.0316114693243
2019-10-23,255.36,261.22,254.06,259.27,37258,252.61811219726354,257.4669067822611,58.00675580346064,252.22892459165774,253.5081221514786,-1.279197559820858,-2.7801756466793224,1.5009780868584643,250.2125,3.9877099020919906,258.187919804184,242.23708019581602
2019-10-24,260.57,269.69,260.57,267.74,84273,254.05829198800035,257.86977318295675,66.20059823490935,254.61524388524887,254.56233532544314,0.05290855980572928,-2.2135588053823123,2.2664673651880416,250.734,5.3975349149384755,261.52906982987696,239.93893017012306
2019-10-31,270.99,272.29,265.78,265.78,29033,255.1746451320003,258.1799781561741,63.1308203173221,256.33289867213364,255.3932734494844,0.9396252226492265,-1.5829219997760047,2.5225472224252314,251.41800000000003,6.360624431451721,264.13924886290346,238.69675113709658
2019-11-03,265.78,265.78,261.87,263.83,10405,255.99896464323837,258.4015476402457,60.1427451773404,257.48629887642073,256.01821615693,1.4680827194907238,-0.9727210559226589,2.4408037754133827,252.13450000000003,6.916056432609111,265.9666128652183,238.3023871347818
2019-11-04,263.83,263.83,258.62,260.57,10935,256.43430134388234,258.4865849876871,55.420102589082205,257.96071443389445,256.3553853304907,1.605329103403733,-0.4571110240573806,2.0624401274611133,252.8185,7.045344319409417,266.9091886388188,238.72781136118115
2019-11-05,260.57,261.22,258.62,258.62,13299,256.64246312065546,258.49181694895424,52.75176647685227,258.0621429825261,256.5231345652692,1.5390084172569232,-0.05788713579451982,1.596895553051443,253.40499999999997,7.014013416768897,267.4330268335378,239.37697316646216
2019-11-06,260.57,263.18,257.96,260.57,20215,257.0165142520216,258.5733143235051,55.08087222139156,258.44796713906055,256.8229023752492,1.6250647638113378,0.27870324412665176,1.346361519684686,254.2195,6.842339916023201,267.9041798320464,240.5348201679536
2019-11-07,258.62,262.52,258.62,259.92,10888,257.29303670421,258.6261255265049,54.12312711787506,258.6744337330512,257.05231701411964,1.6221167189315793,0.5473859390876373,1.074730779843942,255.00150000000002,6.533340626121638,268.0681812522433,241.93481874775674
2019-11-10,264.48,264.48,258.62,260.57,27061,257.6051284466662,258.7023558980145,54.96640447211356,258.9660593125818,257.31288612418484,1.653173188396977,0.7685433889495052,0.8846297994474717,255.75050000000002,6.250128819732279,268.25075763946455,243.25024236053545
2019-11-11,259.27,264.48,259.27,263.18,21981,258.13606859460276,258.8779497843669,58.28235645790333,259.61435787987693,257.747487152023,1.86687072785395,0.9882088567303942,0.8786618711235559,256.402,6.314398416992059,269.0307968339841,243.77320316601586
2019-11-12,263.18,264.48,259.27,259.27,12817,258.24406206178344,258.89332430262704,52.09393723547745,259.5613797445112,257.86026588150276,1.7011138630084588,1.1307898579860072,0.5703240050224516,256.858,6.166719335960756,269.1914386719215,244.5245613280785
2019-11-13,259.27,260.57,259.27,259.92,8746,258.40367519875645,258.9335860946809,52.987605383688,259.6165520915095,258.0128387791692,1.6037133123402896,1.2253745488568637,0.3783387634834259,257.184,6.14659803212416,269.47719606424835,244.8908039357517
2019-11-14,259.92,264.48,259.92,264.48,22377,258.98237279887485,259.15109252234043,58.79488924907316,260.3647748466619,258.49188775849,1.8728870881718649,1.354877056719864,0.5180100314520009,257.86800000000005,6.159937286086064,270.1878745721722,245.54812542782793
2019-11-17,269.69,273.6,267.08,272.29,94663,260.24976586564867,259.66634379597417,66.44099976703546,262.19942487025236,259.51397014675,2.685454723502346,1.6209925900763604,1.0644621334259856,259.17050000000006,6.323745122039218,271.8179902440785,246.52300975592163
2019-11-18,273.6,276.2,270.34,271.64,33570,261.33455006892024,260.1358989412301,65.35405117259971,263.6518210440597,260.41219458032407,3.2396264637356467,1.944719364808218,1.2949070989274287,260.2125,6.583524791804572,273.3795495836091,247.04545041639082
2019-11-19,272.95,272.95,267.08,267.74,21424,261.94459291949926,260.43409898275047,59.10605501383729,264.2807716526659,260.95499498178157,3.325776670884352,2.220930826023445,1.104845844860907,261.027,6.448691503348486,273.924383006697,248.12961699330302
2019-11-20,267.74,271.64,265.13,267.08,20611,262.43367930811837,260.6947225520544,58.09386391237283,264.7114221676404,261.4086990572051,3.302723110435295,2.437289282905815,0.86543382752948,261.8085,6.167964157013389,274.14442831402675,249.4725716859732
2019-11-21,267.08,269.04,260.57,263.18,31833,262.50475746924997,260.79218441275816,52.385081148470086,264.4758187572342,261.5399065344492,2.9359122227850207,2.5370138708816565,0.3988983519033642,262.5255,5.3618982057214115,273.24929641144286,251.8017035885572
2019-11-24,261.87,264.48,257.96,260.57,21650,262.3204948531309,260.7834712985324,48.92039579712061,263.8749235638136,261.46806160597146,2.406861957842125,2.5109834882737503,-0.10412153043162542,263.04650000000004,4.539251358410865,272.12500271682177,253.9679972831783
2019-11-25,260.57,265.78,259.27,263.83,10402,262.4642572480708,260.90294301231546,53.09342724188992,263.8680122463038,261.64302000552914,2.224992240774668,2.453785238773934,-0.22879299799926578,263.5025,4.09395687505809,271.6904137501162,255.3145862498838
2019-11-26,263.18,264.48,262.52,264.48,24891,262.6562327482545,261.0432197569305,53.9020870112449,263.9621642084109,261.85316667178625,2.1089975366246563,2.3848276983440786,-0.2758301617194223,263.76300000000003,3.9744805685237066,271.71196113704747,255.81403886295263
2019-11-27,263.83,265.78,263.83,265.78,16628,262.95373439127786,261.228975844894,55.55250556990217,264.2418312532708,262.1440432146169,2.0977880386539027,2.3274197664060434,-0.2296317277521407,263.66499999999996,3.8946190949610924,271.45423818992214,255.8757618100778
2019-11-28,265.78,267.08,264.48,264.48,19814,263.09909302067996,261.3564669882315,53.490114380622096,264.27847259892144,262.3170770505712,1.9613955483502536,2.2542149227948856,-0.2928193744446319,263.6,3.8682214055304436,271.3364428110609,255.86355718893913
2019-12-01,265.13,265.13,263.83,264.48,30520,263.2306079710914,261.47895847888907,53.490114380622096,264.30947681447196,262.4772935653437,1.8321832491282635,2.1698085880615614,-0.33762533893329794,263.6325,3.8729831763524643,271.37846635270495,255.88653364729507
2019-12-02,264.48,265.13,263.18,263.18,26575,263.22578816432076,261.5456659895209,51.28209676616545,264.13571115070704,262.52934589383676,1.6063652568702764,2.0571199218233045,-0.4507546649530281,263.76300000000003,3.8077844089919264,271.3785688179839,256.1474311820162
2019-12-03,263.83,265.13,262.52,263.83,31452,263.2833321486712,261.63524771542205,52.34141116040206,264.0886786659829,262.62569064244144,1.4629880235414703,1.9382935421669378,-0.47530551862546755,264.0235,3.6105259494536366,271.2445518989073,256.80244810109275
2019-12-04,266.43,266.43,262.52,262.52,47834,263.2106338487977,261.6699438834447,49.9825762598676,263.84734348660095,262.6178617059643,1.229481780636661,1.7965311898608824,-0.5670494092242215,264.121,3.537957930203343,271.19691586040665,257.0450841395933
2019-12-05,263.83,265.78,263.83,265.13,24306,263.3934306251027,261.80563235860376,54.39260370112661,264.0446752578931,262.803946024041,1.2407292338521074,1.6853707986591275,-0.4446415648070201,264.38149999999996,3.40153413532538,271.18456827065074,257.5784317293492
2019-12-08,265.13,266.43,263.18,263.83,24612,263.4350086608072,261.88501932493307,51.936319194726785,264.01164829514033,262.8799500222602,1.1316982728801577,1.5746362935033336,-0.4429380206231759,264.54449999999997,3.2854022825210456,271.11530456504204,257.9736954349579
2019-12-09,263.83,267.08,263.83,267.08,17775,263.7821506931113,262.08874405728864,57.14646808184001,264.4837024035803,263.19106483542606,1.2926375681542481,1.5182365484335165,-0.2255989802792684,264.7395,3.315751046158318,271.37100209231664,258.1079979076834
2019-12-10,269.69,270.34,266.43,267.08,20176,264.09623157948164,262.2844795844538,57.14646808184001,264.8831328030295,263.47913410687596,1.4039986961535647,1.4953889779775262,-0.09139028182396158,265.13,3.0899037627826376,271.30980752556525,258.95019247443474
2019-12-11,267.08,270.34,267.08,269.69,13581,264.62897142905484,262.5748921497693,61.076298037896706,265.62265083333267,263.93919824710736,1.6834525862253145,1.5330016996270839,0.15045088659823058,265.6185,2.9936727575084623,271.6058455150169,259.6311544849831
2019-12-12,268.39,272.29,268.39,269.69,17030,265.11097415009726,262.85391598703325,61.076298037896706,266.2483968589738,264.36518356213645,1.8832132968373685,1.6030440190691408,0.28016927776822764,265.879,3.113664113328149,272.10632822665633,259.6516717733437
2019-12-15,270.34,276.2,269.69,272.95,35068,265.8575480405642,263.24984085028683,65.64064452785266,267.27941272682403,265.0010958908671,2.278316835956957,1.7380985824467041,0.5402182535102531,265.912,3.1878017504388922,272.28760350087776,259.5363964991222
2019-12-16,276.85,276.85,269.69,272.29,46637,266.4701625128914,263.6043568953736,64.0042636673464,268.05027230731264,265.54101471376583,2.509257593546806,1.8923303846667248,0.6169272088800815,265.9445,3.2519410802742135,272.4483821605484,259.4406178394516
2019-12-17,270.34,272.29,269.04,269.69,24206,266.77681370213986,263.8430095661433,57.88254625823033,268.3025381061876,265.8483469571906,2.4541911489970403,2.004702537532788,0.44948861146425223,266.04200000000003,3.336734300116678,272.7154686002334,259.36853139976665
2019-12-18,273.6,273.6,269.69,270.99,17181,267.1780695400313,264.12328370080434,59.945413650136466,268.71599378215876,266.22921014554686,2.4867836366119036,2.1011187573486114,0.3856648792632922,266.2375,3.510757715500148,273.2590154310003,259.2159845689997
2019-12-19,272.29,272.29,269.04,269.04,23427,267.3553962505045,264.31609610469434,55.550286449879,268.76584089259586,266.4374168014323,2.3284240911635834,2.1465798241116056,0.18184426705197776,266.5305,3.4866036482660463,273.5037072965321,259.5572927034679
2019-12-22,268.39,272.95,268.39,270.34,23136,267.6396442266469,264.55232763000043,57.77307605714407,269.0080192168119,266.7264970383632,2.281522178448654,2.1735682949790154,0.10795388346963852,267.019,3.2862054585634484,273.5914109171269,260.4465890828731
2019-12-23,274.25,274.25,269.69,270.34,46469,267.89682096696623,264.779295173922,57.773076057144074,269.2129393373024,266.9941639244104,2.2187754128920005,2.1826097185616127,0.036165694330387854,267.3445,3.2761024259577587,273.8967048519155,260.79229514808446
2019-12-24,270.34,272.95,269.69,269.69,34008,268.0675999224933,264.9718718337682,56.14498120592077,269.2863332854097,267.19385548556517,2.0924777998445165,2.1645833348181935,-0.072105534973677,267.605,3.2433162041502395,274.0916324083005,261.11836759169955
2019-12-25,269.69,270.99,269.04,269.04,41239,268.1602094536844,265.13140627165967,54.491247252320306,269.2484358568851,267.3306069310789,1.9178289258062478,2.1152324530158046,-0.1974035272095569,267.76800000000003,3.228655578132949,274.22531115626595,261.3106888437341
2019-12-26,269.69,269.69,268.39,268.39,35827,268.1820942676192,265.25919426100637,52.81590286872247,269.1163688019797,267.4090804917397,1.707288310240017,2.0336436244606473,-0.32635531422063035,267.96349999999995,3.136136199730795,274.23577239946155,261.69122760053835
2019-12-29,270.34,270.34,264.48,265.78,18417,267.95332338498883,265.27961801547673,46.618024547737924,268.6030812939828,267.28840786272195,1.3146734312608714,1.8898495858206923,-0.5751761545598209,268.0285,3.072972630788925,274.17444526157783,261.8825547384222
2019-12-30,265.13,265.78,263.83,263.83,28616,267.5606259197518,265.22277025016393,42.59615886097023,267.86876109490856,267.03222950252035,0.8365315923882122,1.6791859871341963,-0.8426543947459841,268.06100000000004,3.022010310355287,274.1050206207106,262.01697937928947
2019-12-31,269.04,269.69,265.13,265.78,28129,267.3910424988231,265.24462239721635,47.476107836593194,267.5474132341534,266.9394717615929,0.6079414725604693,1.464937084219451,-0.8569956116589816,268.1585,2.907611200769655,273.9737224015393,262.3432775984607
2020-01-01,267.08,269.04,265.78,267.74,35563,267.4242765465542,265.3424803424235,51.9020621570027,267.57704196736057,266.9987701496231,0.5782718177374591,1.2876040309230525,-0.7093322131855935,268.41949999999997,2.5919906493697975,273.60348129873955,263.2355187012604
2020-01-02,269.04,270.34,267.74,269.04,41445,267.5781549706919,265.4874811133089,54.632704858890975,267.8021124339205,267.14997236076215,0.652140073158364,1.160511239370115,-0.5083711662117509,268.615,2.475667905647345,273.5663358112947,263.6636641887053
2020-01-05,269.69,280.76,269.04,278.16,102503,268.5859497353879,265.9844426382772,68.25060278097263,269.3956335979328,267.96552996366864,1.4301036342641282,1.2144297183489177,0.21567391591521057,269.33149999999995,3.029617441561104,275.39073488312215,263.27226511687775
2020-01-06,280.11,287.28,278.81,286.63,194558,270.30443071297,266.7940723387369,75.58152978937667,272.04707458286623,269.3480832996932,2.6989912831730294,1.51134203131374,1.1876492518592894,270.30899999999997,4.863677296265922,280.03635459253184,260.5816454074681
2020-01-07,287.93,292.49,283.37,285.32,146948,271.73448493078234,267.5205793058453,72.7824042459984,274.0890631085791,270.5311882404567,3.5578748681224397,1.9206485986754802,1.6372262694469595,271.221,5.838711916357398,282.8984238327148,259.5435761672852
2020-01-08,285.97,287.93,281.41,282.72,98321,272.78072446118404,268.1166350193415,67.44371183909351,275.4168995534131,271.434063185608,3.9828363678050778,2.3330861525013997,1.649750215303678,271.8725,6.362367049596697,284.5972340991934,259.14776590080663
2020-01-09,280.76,284.67,280.76,282.07,33427,273.6654173696427,268.6638258028968,66.13759628749605,276.4404534682726,272.22191035704446,4.2185431112281435,2.710177544246749,1.5083655669813947,272.49150000000003,6.730437754598988,285.952375509198,259.03062449080204
2020-01-12,285.97,293.79,285.32,290.53,91556,275.27156809634334,269.52132283023417,73.36699263471914,278.6080760116153,273.57806514541153,5.0300108662037815,3.1741442086381557,1.8558666575656257,273.3705,7.848571760793303,289.0676435215866,257.6733564784134
2020-01-13,294.44,299.0,289.88,293.14,123765,276.9733235157392,270.4475454643426,75.13098865246371,280.84375662521296,275.02709735686255,5.816659268350406,3.702647220580606,2.1140120477698003,274.41299999999995,8.998043705518926,292.40908741103783,256.4169125889621
2020-01-14,293.14,293.14,288.58,288.58,64306,278.07872127614496,271.1586221127998,66.80568928454056,282.0339479136417,276.03101607116906,6.0029318424726625,4.162704144959017,1.8402276975136456,275.35749999999996,9.4559548906946,294.2694097813892,256.44559021861073
2020-01-15,290.53,308.77,290.53,307.47,160108,280.87789067841686,272.5825977162194,77.78675618660847,285.9471866961584,278.3598296955269,7.587357000631471,4.847634716093508,2.7397222845379625,277.1815,11.797601573830752,300.7767031476615,253.58629685233853
2020-01-16,309.43,315.29,309.43,309.43,142355,283.5971391852343,274.02759388421083,78.57859648741167,289.5599272044417,280.6613237921546,8.898603412287116,5.65782845533223,3.240774956954886,279.201,13.643195296368692,306.4873905927374,251.91460940726265
2020-01-19,315.29,318.55,309.43,310.73,131384,286.181221167593,275.4669039279673,79.11049136382789,292.81686148068144,282.8886331408839,9.928228339797556,6.511908432225296,3.4163199075722606,281.2205,15.166777569484825,311.55405513896966,250.88694486103037
2020-01-20,315.29,320.5,306.17,312.03,125366,288.6430096278222,276.9007508327529,79.654530673406,295.772728945192,285.04725290822586,10.725476036966143,7.354621953173465,3.3708540837926773,283.305,16.406880616956805,316.11876123391363,250.49123876608638
2020-01-21,317.89,321.15,312.68,313.99,195430,291.05700871088675,278.3552311922528,80.47996048699426,298.57538603054707,287.1911601002092,11.384225930337891,8.160542748606352,3.2236831817315394,285.52,17.43047150372685,320.38094300745365,250.65905699254628
2020-01-22,319.2,319.2,310.73,311.38,61558,292.99253169080225,279.6503201651056,76.05500065924407,300.5453266412321,288.9829260187122,11.562400622519931,8.840914323389068,2.721486299130863,287.637,17.88872155710127,323.4144431142025,251.85955688579747
2020-01-23,315.94,315.94,306.17,307.47,55322,294.37133819644015,280.7412880017681,69.8582999123329,301.6106610041195,290.352338906215,11.25832209790451,9.324395878292158,1.9339262196123528,289.591,17.80990171077601,325.21080342155204,253.97119657844797
2020-01-26,307.47,309.43,303.56,304.21,59998,295.308353606303,281.66162964875764,65.09604254842536,302.01055931117804,291.3788323205694,10.631726990608627,9.585862100755453,1.0458648898531742,291.5125,17.16723865083937,325.84697730167875,257.17802269832123
2020-01-27,302.91,308.77,302.26,306.82,57507,296.4047008818932,282.64823240762985,67.03368164407318,302.7504732633045,292.52262251904574,10.227850744258774,9.714259829456118,0.5135909148026556,293.662,16.18179503412569,326.02559006825135,261.2984099317486
2020-01-28,309.43,312.68,308.77,309.43,42456,297.6452055598081,283.69849780340905,68.89335259783734,303.77809276125765,293.7750208509683,10.00307191028935,9.772022245622765,0.23104966466658539,295.8445,15.132949576829986,326.11039915365996,265.57860084634
2020-01-29,311.38,311.38,305.52,306.17,31065,298.4570907445883,284.57973318366754,64.03441957137338,304.14607849029494,294.69316745460026,9.452911035694683,9.708200003637149,-0.2552889679424659,297.76599999999996,13.753519893970012,325.27303978794,270.25896021205995
2020-01-30,306.82,314.64,306.17,312.68,65696,299.811653530818,285.6817044313668,68.77104570984852,305.45898949178803,296.02552542092616,9.433464070861874,9.653252817082095,-0.21978874622022104,299.948,12.345995984215005,324.63999196842997,275.25600803157
2020-02-02,315.29,321.15,313.99,320.5,128887,301.78197224216865,287.0471277869995,73.31701854250898,307.77299110843603,297.83844946382055,9.934541644615479,9.709510582588772,0.22503106202670686,302.065,12.039589737727043,326.1441794754541,277.9858205245459
2020-02-03,322.45,323.11,317.24,317.89,71812,303.31607012386684,288.2566521875093,69.67163017102203,309.3294540148305,299.32374950353756,10.005704511292947,9.768749368329606,0.23695514296334075,303.62800000000004,11.95917335640612,327.5463467128123,279.7096532871878
2020-02-04,317.89,318.55,313.33,313.33,63839,304.26977773111764,289.23992072917565,63.711373099477434,309.9449226279335,300.36124954031254,9.58367308762098,9.731734112187882,-0.14806102456690162,305.0285,11.325640809110853,327.67978161822174,282.3772183817783
2020-02-05,325.71,325.71,312.68,313.99,45781,305.19551318529693,290.21051207312956,64.18889198708705,310.5672422236361,301.37078661140055,9.196455612235525,9.624678412197412,-0.42822279996188684,306.592,10.184821833966032,326.96164366793204,286.22235633206793
2020-02-06,314.64,315.94,312.03,313.33,66736,305.97022621526867,291.1171586584971,63.291972758984286,310.99228188153825,302.2566542698153,8.735627611722975,9.446868252102524,-0.7112406403795486,308.155,8.479368459610903,325.11373691922176,291.1962630807782
2020-02-09,313.33,319.2,311.38,314.64,71613,306.79591895667164,292.0396230248305,64.35656917291072,311.55346928437854,303.17393913871786,8.37953014566068,9.233400630814156,-0.8538704851534753,309.3605,7.49892657231713,324.35835314463424,294.36264685536577
2020-02-10,314.64,318.55,313.99,317.89,73372,307.8524981036553,293.05336329836655,66.91980608755367,312.52832016370496,304.2640177210351,8.264302442669873,9.0395809931853,-0.7752785505154272,310.598,6.678574225414751,323.95514845082954,297.2408515491705
2020-02-11,323.76,328.97,319.2,327.67,228218,309.7398792366405,294.4108784631365,73.17206169918056,314.8578093692888,305.9977941861436,8.860015183145208,9.003667831177282,-0.14365264803207367,312.55249999999995,5.514207367782194,323.58091473556436,301.52408526443554
2020-02-12,328.97,332.23,328.32,330.92,123088,311.7570335950557,295.84260871948413,74.87171637454138,317.32891562016744,307.8438835056885,9.48503211447894,9.099940687837615,0.3850914266413259,313.725,6.734675782463852,327.19435156492773,300.2556484350723
2020-02-13,330.27,331.57,325.71,327.67,99381,313.27255420505037,297.09074171087696,70.08968742492661,318.9198516786032,309.31248472748933,9.607366951113875,9.201425940492868,0.4059410106210066,314.637,7.331052986775257,329.2991059735505,299.9748940264495
2020-02-16,327.67,332.88,327.01,332.88,78765,315.1399299950456,298.4942420359406,73.06017800394676,321.067566804972,311.05822659952713,10.009340205444857,9.363008793483267,0.6463314119615902,315.7445,8.316608921161295,332.3777178423226,299.1112821576774
2020-02-17,334.18,355.03,334.18,351.12,164128,318.56660332885076,300.55799725021745,80.39937987600574,325.69101806574554,314.0257653699325,11.665252695813024,9.823457573949218,1.8417951218638056,317.69899999999996,11.414166590143259,340.52733318028646,294.87066681971345
2020-02-18,354.37,363.49,351.77,356.98,194043,322.2250220594364,302.7706248090325,82.08772889878566,330.5047075940924,317.20756052771526,13.297147066377136,10.518195472434803,2.778951593942333,319.8485,14.349425176463146,348.5473503529263,291.1496496470737
2020-02-19,358.28,360.24,353.72,356.33,109712,325.47311519663293,304.87099246358025,81.25169236015105,334.47782950269357,320.10551900714376,14.372310495549812,11.289018477057805,3.0832920184920063,322.096,16.335903757647703,354.76780751529543,289.4241924847046
2020-02-20,356.33,360.89,356.98,360.89,106954,328.84615184457266,307.06781628853787,82.59121955700982,338.541240348433,323.12659167328127,15.414648675151739,12.114144516676593,3.300504158475146,324.76699999999994,18.091497014086798,360.94999402817353,288.58400597182634
2020-02-23,362.19,392.16,362.19,388.25,159238,334.5036611927086,310.2514313360462,88.0897468977737,346.18874183328944,327.9505478456308,18.238193987658633,13.338954410873,4.899239576785632,328.96899999999994,22.32900872243341,373.62701744486674,284.31098255513314
2020-02-24,388.25,403.23,384.34,386.95,174260,339.4985506029268,313.2592183424758,86.68870063224912,352.45970462816797,332.3208776348434,20.138826993324585,14.698928927363319,5.439898065961266,332.9755,25.155605522640954,383.2867110452819,282.66428895471813
2020-02-25,383.04,389.55,374.57,387.6,153538,344.0796410216957,316.17454311335905,86.80173193865893,357.86590391614214,336.4156274396698,21.450276476472368,16.04919843718513,5.401078039287238,336.88399999999996,27.287169994632887,391.4583399892657,282.3096600107342
2020-02-26,392.81,400.63,387.6,397.37,166838,349.15491330534377,319.35867867754104,88.39661514103405,363.94345715981257,340.9307661478424,23.012691011970162,17.441896952142137,5.570794059828025,341.444,29.421204025600318,400.2864080512006,282.6015919487994
2020-02-27,394.11,431.89,382.39,429.94,330732,356.8487310857872,323.6952010823434,91.90742072185176,374.09677144291834,347.5240427294837,26.57272871343463,19.268063304400634,7.304665409033994,347.307,34.613061589980724,416.5331231799615,278.08087682003855
2020-03-01,429.94,442.97,414.31,416.26,334054,362.5069471728551,327.3251931967613,80.84324997433792,380.5834219901617,352.6155951198923,27.96782687026939,21.008016017574388,6.9598108526950035,352.09499999999997,37.233699153210736,426.5623983064214,277.6276016935785
2020-03-02,416.26,416.26,390.85,392.81,236109,365.39295220401175,329.89322483610397,66.14386144033085,382.46443399167526,355.59295844434473,26.871475547330533,22.180707923525617,4.690767623804916,355.841,37.37977047886817,430.60054095773637,281.08145904226365
2020-03-03,392.81,404.53,377.17,396.07,305633,368.3145758036297,332.48839248959007,67.04105921477881,384.557597992956,358.59125781883773,25.966340174118272,22.93783437364415,3.0285058004741217,359.97799999999995,37.00397526298217,433.9859505259643,285.9700494740356
2020-03-04,396.07,397.37,375.87,375.87,220724,369.0341400128078,334.18963199980226,56.967235208280115,383.2210444555781,359.87116464707196,23.34987980850616,23.020243460616555,0.32963634788960405,363.072,35.51337207010505,434.0987441402101,292.0452558597899
2020-03-05,383.04,383.69,364.8,374.57,168687,369.5613647734928,335.7731758429473,56.380076081654494,381.89011453933534,360.9599672658074,20.93014727352795,22.602224223198835,-1.6720769496708847,366.134,33.586661575538024,433.30732315107605,298.960676848924
2020-03-10,367.4,367.4,342.65,342.65,149878,366.99837765220775,336.04285522165526,44.30504910998403,375.85317384097607,359.60367339426614,16.24950044670993,21.331679467901054,-5.0821790211911235,367.5345,31.866374866079667,431.2672497321593,303.80175026784065
2020-03-11,338.74,370.66,338.74,369.36,265635,367.2232940662832,337.34940991884525,53.31522746284211,374.85422401928747,360.32636425395015,14.527859765337325,19.97091552738831,-5.443055762050985,370.10800000000006,29.64717890191848,429.40235780383705,310.8136421961631
2020-03-12,367.4,370.66,355.03,358.28,210135,366.3715517742562,338.1702173730082,49.721753099591425,372.3043434009356,360.17478171662054,12.129561684315036,18.402644758773654,-6.273083074458619,371.6385,28.090285129995888,427.8190702599918,315.45792974000824
2020-03-15,355.03,356.33,337.44,337.44,215664,363.6161658909937,338.14158139759616,43.7490061689213,366.9405982623301,358.49072381168565,8.449874450644472,16.412090697147818,-7.9622162465033455,371.9645,27.626868972266557,427.2182379445331,316.7107620554669
2020-03-16,337.44,345.91,332.88,340.04,246391,361.3708167585181,338.2160291859257,44.642445149735885,362.80204468351013,357.1240035293386,5.678041154171524,14.265280788552559,-8.587239634381035,372.58299999999997,26.706153460051834,425.99530692010364,319.1706930798963
2020-03-17,340.04,340.04,326.36,330.92,197047,358.4707389719926,337.9299103943208,42.115571266967514,357.89711473220086,355.18296623086906,2.714148501331806,11.955054331108409,-9.240905829776603,372.485,26.86265192458317,426.21030384916634,318.7596961508337
2020-03-18,332.88,337.44,319.85,327.01,164663,355.4744781175171,337.5016786141514,41.042963573790495,353.1452509272469,353.0960798433973,0.04917108384955782,9.57387768165664,-9.524706597807082,371.2795,28.370562110644574,428.02062422128915,314.5383757787108
2020-03-19,324.41,335.48,313.99,331.57,192055,353.197861153944,337.2690637665376,42.870358762134416,349.8259815538243,351.50155541055307,-1.6755738567287608,7.32398737397956,-8.99956123070832,370.00899999999996,29.58749058212987,429.1839811642597,310.8340188357402
2020-03-22,325.71,332.23,317.89,323.11,22489,350.3323505678541,336.7138063639283,40.37030652616714,345.71583054554367,349.3984772319936,-3.682646686449914,5.122660561893666,-8.80530724834358,368.348,31.27988686209584,430.9077737241917,305.7882262758083
2020-05-12,317.24,317.24,313.99,313.99,95,346.8711743232966,335.8226767025978,37.81046465736865,340.834933538537,346.7756270666608,-5.940693528123802,2.909989743890172,-8.850683272013974,366.00300000000004,33.54445990810651,433.0919198162131,298.914080183787
2020-05-13,308.12,308.12,304.87,304.87,60,342.8710624829826,334.60884624367236,35.393557376943576,335.30186684030053,343.6715065432044,-8.36963970290384,0.65406385453137,-9.023703557435208,361.834,35.74330152924838,433.3206030584968,290.34739694150323
2020-06-29,299.0,299.0,274.9,305.52,75742,339.31381843698426,333.4681071752931,35.708986254786055,330.720041172562,340.84546902148554,-10.12542784892355,-1.5018344861596145,-8.623593362763936,357.7625,37.33419441167385,432.4308888233477,283.0941111766523
2020-06-30,300.96,332.23,300.96,329.62,10579,338.39059763346194,333.3172010115561,46.197550451132685,330.55080406909093,340.01395279767183,-9.463148728580904,-3.0940973346438723,-6.369051393937032,354.86350000000004,37.14597042324301,429.15544084648604,280.57155915351404
2020-07-01,334.83,347.86,334.83,342.0,33967,338.73435023979886,333.6577029326716,50.65133741317246,332.31221882769233,340.1610674052517,-7.848848577559352,-4.045047583226968,-3.8038009943323834,352.095,35.8520457465227,423.7990914930454,280.39090850695464
2020-07-02,345.25,345.25,308.12,315.94,44886,336.56345974077044,332.962891052959,42.6481026642861,329.7934159311243,338.36691426412193,-8.573498332997644,-4.9507377331811036,-3.622760599816541,346.395,31.639045248090994,409.673090496182,283.11690950381796
2020-07-05,312.68,327.01,307.47,319.2,64804,334.9097969083161,332.4231698351959,43.8434737478721,328.16365963402825,336.94714283714995,-8.783483203121705,-5.717286827169223,-3.0661963759524813,341.542,27.536551899730167,396.6151037994603,286.46889620053963
2020-07-06,319.85,325.71,312.68,325.06,35198,333.97172101228597,332.13441807695295,46.0213908503716,327.68617353648546,336.0666137381018,-8.380440201616352,-6.249917502058649,-2.1305226995577033,338.1545,24.942795072983397,388.04009014596676,288.2689098540332
2020-07-07,325.06,336.79,325.06,332.23,72828,333.8058428206397,332.13816638766065,48.64575261628955,328.38522376164156,335.78242012787206,-7.397196366230503,-6.47937327489302,-0.9178230913374827,334.9625,20.898041679852238,376.75858335970446,293.1664166402955
2020-07-08,327.67,335.48,325.71,328.97,35217,333.3452863615312,332.0139245685367,47.514622863169606,328.4751893367736,335.27779641469635,-6.802607077922744,-6.544020035498965,-0.2585870424237786,332.61749999999995,18.56757328332882,369.7526465666576,295.4823534333423
2020-07-09,327.01,331.57,323.11,327.01,69253,332.74192575567105,331.81769223251564,46.80988400434195,328.2497755926546,334.6653670506448,-6.415591457990217,-6.518334319997216,0.10274286200699834,330.2395,15.742458336419029,361.72441667283806,298.754583327162
2020-07-12,332.88,335.48,329.62,332.23,88061,332.6931709217976,331.8338611645738,48.980275871441094,328.86211780916926,334.4849694913378,-5.622851682168516,-6.339237792431477,0.7163861102629605,329.7185,15.480357086531306,360.67921417306263,298.7577858269374
2020-07-13,332.23,337.44,331.57,336.13,91574,333.0204879768645,332.00233719733563,50.60206649257648,329.98025353083557,334.60682360309056,-4.626570072254992,-5.99670424839618,1.370134176141188,328.05699999999996,12.497652032121557,353.05230406424306,303.06169593575686
2020-07-14,352.42,352.42,337.44,347.21,90120,334.371870074306,332.5987161307735,54.98048551828523,332.63098375686087,335.54039222508385,-2.9094084682229777,-5.37924509236154,2.469836624138562,327.5035,11.273899187722897,350.05129837544575,304.9557016245542
2020-07-15,351.77,361.54,351.12,360.24,189465,336.83550149580066,333.68268804721373,59.52403339493805,336.87852471734385,337.3699928010036,-0.49146808365975403,-4.401689690621183,3.9102216069614286,328.6435,13.301894710714715,355.24728942142946,302.0397105785706
2020-07-16,366.75,371.96,362.84,371.31,100312,340.11878706762917,335.15826890810735,62.9455781977591,342.1756747608294,339.8840674083367,2.29160735249269,-3.063030281998408,5.354637634491098,330.207,16.22786268639915,362.66272537279826,297.7512746272017
2020-07-19,378.48,408.44,378.48,408.44,1111,346.6255692516645,338.03206228426,71.61325349155938,352.3701863360864,344.96228463734883,7.407901698737589,-0.9688438858512087,8.376745584588798,334.08299999999997,23.86690443624035,381.8168088724807,286.34919112751925
2020-07-20,428.64,437.11,380.43,387.6,288033,350.52789598960123,339.9759029789949,62.74211792557354,357.79015766899624,348.12063392347113,9.669523745525112,1.1588296404240555,8.510694105101056,337.1125,26.609691521980253,390.3318830439605,283.89311695603953
2020-07-21,390.85,393.46,377.83,382.39,193137,353.5623820858297,341.63920090138726,60.7171331571882,361.574748796843,350.6591054846955,10.915643312147495,3.1101923747687437,7.805450937378751,339.6535,28.41759745299051,396.48869490598105,282.81830509401897
2020-07-22,382.39,390.85,376.52,377.83,121795,355.87358379194114,343.05844792486226,58.92458464134759,364.07555667425174,352.671764337681,11.403792336570746,4.768912367129144,6.634879969441601,342.3895,29.359550490431808,401.1086009808636,283.67039901913637
2020-07-23,377.83,379.13,370.66,377.17,102536,357.90181390699433,344.3961558493775,58.65467025365106,366.0900864166746,354.4864484608157,11.603637955858858,6.135857484875087,5.4677804709837705,345.5485,29.54144889633807,404.6313977926761,286.46560220732385
2020-07-26,381.08,389.55,377.83,386.95,146673,360.6683078206139,346.06493405136274,61.47108063342166,369.29930389103237,356.8911559822368,12.40814790879557,7.390315569659185,5.017832339136385,349.65250000000003,29.293195163637524,408.2388903272751,291.06610967272496
2020-07-27,390.85,394.11,381.73,382.39,99981,362.7370404091269,347.4894464415054,59.43804647887252,371.31325713856586,358.77995924281186,12.533297895754004,8.418912034878149,4.114385860875855,353.496,28.221260071092196,409.93852014218436,297.0534798578156
2020-07-28,381.08,385.64,377.17,377.83,96294,364.17446513206716,348.6792720712503,57.39384439723635,372.3158329634019,360.19107337297396,12.124759590427914,9.160081545988103,2.964678044439811,355.9065,28.133348683690667,412.1731973673813,299.6398026326187
2020-07-29,375.87,377.17,371.31,371.31,155181,364.8540398813941,349.56675159786795,54.5072800301216,372.16108943057077,361.0146975675685,11.146391863002293,9.55734360939094,1.5890482536113524,357.37199999999996,28.13421228776198,413.6404245755239,301.103575424476
2020-07-30,371.31,375.87,368.05,371.31,89310,365.4688932260232,350.4194280057947,54.5072800301216,372.03015259509834,361.7773125625634,10.252840032534948,9.696442894019743,0.5563971385152051,360.14050000000003,26.520607176311557,413.18171435262315,307.0992856473769
2020-08-02,368.71,368.71,359.59,359.59,125621,364.9089986330686,350.7790582800773,49.334585883375475,370.1162829650832,361.6152894097809,8.500993555302273,9.45735302627625,-0.9563594709739771,362.16,24.71534831042227,411.5906966208446,312.72930337915545
2020-08-03,358.28,364.8,354.37,362.19,93087,364.65004638230016,351.22654619066253,50.45781376776748,368.8968548166088,361.657860564612,7.2389942519968145,9.013681271420364,-1.7746870194235491,364.0165,23.125264669898655,410.2670293397973,317.7659706602027
2020-08-05,357.63,360.24,353.07,359.59,76873,364.1681372030335,351.5545247714209,49.28123092811041,367.465030998669,361.5046857079741,5.9603452906949315,8.403014075275278,-2.4426687845803468,365.3845,21.923987457870535,409.2324749157411,321.5365250842589
2020-08-06,355.03,358.93,349.81,356.98,73572,363.4835527075065,351.767288505875,48.069474594304864,365.8519493065661,361.1695238036797,4.682425502886417,7.658896360797507,-2.9764708579110897,366.78499999999997,20.310685676062572,407.4063713521251,326.1636286478748
2020-08-09,356.98,361.54,350.47,360.24,49047,363.1746429258392,352.09955170172304,49.73206982648747,364.98857249017135,361.10067018859235,3.887902301579004,6.9046975489538065,-3.0167952473748025,368.4465,18.127515948797846,404.7015318975957,332.1914681024043
2020-08-10,362.19,375.22,358.28,373.92,128478,364.1980102662354,352.95525555655746,56.085713126782586,366.36263826091425,362.05025017462253,4.312388086291719,6.386235656421389,-2.0738475701296704,370.531,16.01800201090295,402.56700402180593,338.4949959781941
2020-08-11,375.22,379.13,371.31,372.61,74503,364.9991521456416,353.7260298484572,55.364058128550035,367.32377083615825,362.8324538653912,4.491316970767059,6.007251919290524,-1.5159349485234648,372.355,13.820856283938882,399.9967125678778,344.71328743212223
2020-08-12,377.83,377.83,367.4,373.92,67657,365.8487567031995,354.51795024655695,55.97411476811278,368.3385753229032,363.65375357906595,4.684821743837233,5.742765884199866,-1.0579441403626326,373.69050000000004,12.489600505609268,398.6697010112186,348.7112989887815
2020-08-13,371.31,379.78,371.31,375.87,120252,366.80316082670436,355.35528553100573,56.91802152142207,369.4972560424565,364.5586607213574,4.938595321099115,5.5819317715797165,-0.6433364504806018,374.47200000000004,12.086163729010666,398.6443274580214,350.2996725419787
2020-08-16,374.57,374.57,364.8,368.71,71817,366.98476455749443,355.87899982390746,52.46973303407437,369.37613972823243,364.86616733459016,4.509972393642272,5.367539895992228,-0.8575675023499558,374.342,12.135845382919852,398.6136907658397,350.0703092341603
2020-08-17,370.66,370.66,366.1,368.71,37723,367.14907269487594,356.3821763014013,52.46973303407437,369.27365669311973,365.15089568017606,4.12276101294367,5.118584119382517,-0.9958231064388468,372.3555,9.143356216126383,390.6422124322528,354.0687875677472
2020-08-18,368.71,371.31,366.1,368.05,43780,367.2348752953639,356.8397380150718,52.03498377259028,369.08540181725516,365.36564414831116,3.7197576689439984,4.838818829294813,-1.1190611603508147,371.37800000000004,8.446272052165163,388.2705441043304,354.4854558956697
2020-08-19,361.54,366.75,360.24,360.89,59039,366.6306014577102,356.9985718184023,47.442464284572225,367.8245707684467,365.03411495214,2.7904558163066895,4.429146226697188,-1.638690410390499,370.303,8.33847209279632,386.9799441855926,353.6260558144074
2020-08-20,360.89,367.4,360.89,364.8,15745,366.45625846173783,357.30451017846497,50.03582384124315,367.3592521886857,365.0167731038333,2.342479084852357,4.011812798328222,-1.669333713475865,369.6515,8.22771457365289,386.1069291473058,353.1960708526942
2020-08-23,363.49,371.96,362.84,368.05,23761,366.6080433701437,357.72590193617225,52.149346461595364,367.465521082734,365.2414565776234,2.2240645051106185,3.654263139684702,-1.4301986345740834,369.1955,8.039667101659095,385.27483420331816,353.1161657966818
2020-08-24,371.31,377.17,370.01,373.92,99698,367.3044201920348,358.360964605342,55.78712571984955,368.4585178392365,365.8843116459476,2.5742061932888873,3.438251750405539,-0.8640455571166519,368.544,6.983809396342811,382.5116187926856,354.57638120731434
2020-08-25,373.92,378.48,373.27,375.22,94522,368.05828493565053,359.0221032482698,56.57450357284542,369.49874586396936,366.5758441166181,2.9229017473512613,3.3351817497946836,-0.41228000244342233,368.18549999999993,6.394837947020728,380.9751758940414,355.39582410595847
2020-08-26,377.17,390.85,375.87,384.34,176951,369.6089244655886,360.0149619444161,61.72433862350185,371.782015731051,367.89170751538717,3.890308215663822,3.4462070429685117,0.44410117269531035,368.51099999999997,7.044286897548431,382.59957379509683,354.4224262049031
2020-08-27,390.85,390.85,381.73,383.04,140837,370.88807451648495,360.9179046132625,60.6207604453629,373.5140133108893,369.01380325498815,4.500210055901164,3.6570076455550424,0.8432024103461213,369.09749999999997,7.743232614097679,384.5839652281953,353.6110347718046
2020-08-30,383.04,382.39,377.17,378.48,44108,371.61111503872445,361.60661423627187,56.78553784106843,374.2780112630602,369.71500301387795,4.563008249182246,3.838207766280483,0.7248004829017631,369.456,8.012362421856887,385.4807248437138,353.43127515628623
2020-08-31,384.34,390.85,378.48,383.69,169903,372.76148503503646,362.47262936426125,59.906581525096726,375.7260095302817,370.7501879758129,4.975821554468837,4.0657305239181545,0.9100910305506824,370.661,8.25893258046459,387.1788651609292,354.1431348390708
2020-09-02,389.55,393.46,385.64,390.2,192770,374.42229598408056,363.55997723232946,63.457919115772114,377.9527772948538,372.19091479241933,5.76186250243444,4.404956919621411,1.3569055828130283,372.06149999999997,9.080853353722821,390.2232067074456,353.8997932925543
2020-09-03,398.02,398.02,385.64,387.6,68906,375.6773154141681,364.5027232232185,61.12905785613793,379.4369654033378,373.3323285114994,6.104636891838425,4.744892914064814,1.3597439777736104,373.462,9.215132634635594,391.8922652692712,355.0317347307288
2020-09-06,406.49,406.49,379.13,383.04,114541,376.37852346996164,365.2296752536805,57.1665003841791,379.99127841820894,374.05141528842535,5.939863129783589,4.983886957208569,0.9559761725750198,374.765,8.582663983453795,391.93032796690756,357.5996720330924
2020-09-07,384.99,385.64,375.22,375.87,72833,376.3300926632986,365.6469428907911,51.51222240923251,379.3572355846383,374.1861252670605,5.1711103175778135,5.021331629282418,0.1497786882953953,375.5465,7.872707201748004,391.291914403496,359.801085596504
2020-09-08,374.57,379.13,371.31,377.17,49349,376.41008383822253,366.0988274833091,52.43091295161634,379.0207378023863,374.407153025056,4.6135847773302885,4.939782258891992,-0.3261974815617039,375.709,7.870909062740388,391.4508181254808,359.9671818745192
2020-09-09,375.87,379.13,371.96,375.87,62944,376.35864728220133,366.4820107192578,51.38248934575458,378.5360089097115,374.51551206023703,4.020496849474455,4.755925177008486,-0.7354283275340308,375.87199999999996,7.837036631159735,391.54607326231945,360.19792673768046
2020-09-10,377.83,381.73,375.22,375.22,48005,376.25020468389647,366.8246769655614,50.835135661797246,378.0258536928328,374.5676963520714,3.4581573407614314,4.496371609759075,-1.0382142689976437,375.937,7.82537713906914,391.5877542781383,360.28624572186175
2020-09-13,375.22,382.39,373.92,382.39,93875,376.834947094954,367.43508179044136,56.35781551130603,378.69726081701236,375.14712625191794,3.5501345650944245,4.307124200826145,-0.7569896357317205,376.26300000000003,7.957139197649593,392.1772783952992,360.34872160470087
2020-09-14,386.95,387.6,380.43,383.69,69492,377.4878092763869,368.07252956336526,57.29448815010841,379.465374537472,375.77993171473884,3.685442822733137,4.182787925207544,-0.4973451024744069,377.012,7.913671448178777,392.83934289635755,361.18465710364245
2020-09-15,382.39,384.34,377.83,378.48,40505,377.5823036310167,368.48066565891963,52.43713824251424,379.313778454784,375.97993677290634,3.3338416818776864,4.012998676541573,-0.6791569946638862,377.5005,7.672085062795721,392.84467012559145,362.1563298744085
2020-09-16,378.48,379.13,374.57,377.17,43649,377.5430366185389,368.8214238683738,51.26038165836124,378.9839663848173,376.0680896045429,2.9158767802744023,3.7935742972881386,-0.8776975170137362,377.9565,7.344870945821565,392.6462418916431,363.2667581083569
2020-09-17,377.83,386.29,377.17,384.34,105630,378.1903664643923,369.42999548137874,56.95428539186398,379.80797155638385,376.6808237079101,3.127147848473726,3.660289007525256,-0.5331411590515303,379.129,6.270163180973705,391.6693263619474,366.5886736380526
2020-09-20,389.55,393.46,384.99,385.64,81497,378.8998553725454,370.06568193308937,57.91428614606923,380.70520670155554,377.3444663962131,3.3607403053424605,3.600379267088697,-0.23963896174623667,380.171,5.440305622242921,391.05161124448585,369.29038875551413
2020-09-21,397.37,397.37,380.43,383.69,54931,379.3560596227792,370.59996891610547,55.900410760580414,381.164405670547,377.8145059224195,3.349899748127484,3.550283363296455,-0.20038361516897085,380.953,4.676795011457995,390.30659002291594,371.599409977084
2020-09-22,384.34,384.34,375.22,377.17,72316,379.14786346822876,370.8576171939053,49.6799099130348,380.5498817212321,377.766764742981,2.783116978251087,3.396850086287382,-0.6137331080362949,381.1155,4.4715221416659805,390.05854428333197,372.172455716668
2020-09-23,373.27,378.48,372.61,376.52,33384,378.89759075696884,371.07967142159526,49.09338858628035,379.92989991796566,377.6744117990565,2.2554881189091702,3.1685776928117395,-0.9130895739025693,381.18050000000005,4.39001795347471,389.9605359069495,372.40046409305063
2020-09-24,394.76,394.76,375.22,377.17,37060,378.73305830392417,371.3185078364347,49.732497682353504,379.5052999305864,377.6370479620893,1.868251968497077,2.908512547948807,-1.0402605794517301,380.822,4.411134953637015,389.644269907274,371.999730092726
2020-09-27,395.41,395.41,374.57,377.83,48614,378.64705275116944,371.5738604703,50.41323853900291,379.2475614797269,377.6513407056383,1.5962207740886356,2.6460541931767727,-1.049833419088137,380.5615,4.427066600409469,389.41563320081895,371.7073667991811
2020-09-28,380.43,380.43,376.52,377.17,46486,378.5063810605819,371.7933169224452,49.68857611022179,378.92793663669204,377.61568583855393,1.312250798138109,2.37929351416904,-1.0670427160309308,380.496,4.468976569551223,389.4339531391024,371.55804686089755
2020-09-29,377.17,377.17,371.31,373.27,58385,378.0076781024312,371.85122606274143,45.52429769904494,378.05748484643175,377.2937831838462,0.7637016625855608,2.056175143852344,-1.292473481266783,379.975,4.679450597558077,389.3339011951162,370.61609880488385
2020-09-30,391.51,391.51,370.66,371.96,60813,377.43170875934254,371.8554917073398,44.18478353720949,377.119410254673,376.8986881331909,0.2207221214821402,1.6890845393783032,-1.468362417896163,379.063,4.347428883257958,387.7578577665159,370.3681422334841
2020-10-01,374.57,379.13,371.96,377.17,73645,377.4067841155956,372.0639037972481,50.431616866321995,377.12719329241565,376.91878530851005,0.20840798390560167,1.392949228283763,-1.1845412443781613,378.5415,3.868676198205768,386.27885239641154,370.80414760358843
2020-10-04,377.17,383.04,377.17,377.83,60622,377.44709039030073,372.29002521696384,51.17707286625466,377.2353174012748,376.9862826930648,0.24903470820999019,1.1641663242690083,-0.9151316160590182,378.281,3.7224707414968825,385.7259414829938,370.8360585170062
2020-10-05,383.69,383.69,375.87,375.87,54309,377.29689130551014,372.43041638492605,48.82858551988005,377.02526857030944,376.90359508617115,0.1216734841382845,0.9556677562428636,-0.8339942721045791,378.281,3.7224707414968825,385.7259414829938,370.8360585170062
2020-10-06,377.83,377.83,373.92,373.92,40533,376.9752826097473,372.48883142865446,46.54032525235961,376.547534944108,376.6825880427511,-0.135053098643084,0.7375235852656741,-0.8725766839087581,378.1185,3.842524218358105,385.8035484367162,370.43345156328377
2020-10-07,375.22,375.87,372.61,374.57,66003,376.74620807548564,372.57044588243275,47.42478037218918,376.2432987988606,376.5261000395843,-0.2828012407236997,0.5334586200677993,-0.816259860791499,378.05350000000004,3.8932225523790316,385.8399451047581,370.267054895242
2020-10-08,379.13,383.69,371.96,373.27,52226,376.4151406397251,372.5978793772393,45.792994346535586,375.78586821442053,376.2849074440595,-0.4990392296389814,0.32695905012644316,-0.8259982797654246,377.956,3.9911051101477306,385.9382102202955,369.97378977970453
2020-10-11,374.57,379.13,371.96,373.92,73636,376.1775081978465,372.64972724479856,46.77903609904564,375.4988115660482,376.10972911486994,-0.6109175488217602,0.1393837303368025,-0.7503012791585627,377.53249999999997,3.9449593087401054,385.42241861748016,369.6425813825198
2020-10-12,377.83,382.39,374.57,377.83,87414,376.33488836948015,372.8528751959829,52.38940686707098,375.8574559405023,376.2371565878425,-0.3797006473402007,0.03556685480140187,-0.4152675021416026,377.2395,3.6717133173025576,384.58292663460514,369.8960733653949
2020-10-13,381.08,384.99,376.52,377.17,49233,376.41442281048205,373.02217420790515,51.404351652071384,376.05938579580965,376.3062560998541,-0.24687030404447796,-0.020920576967774097,-0.22594972707670385,377.174,3.660085417501105,384.4941708350022,369.85382916499776
2020-10-14,382.39,382.39,374.57,377.17,32158,376.48638254281707,373.1848340428893,51.404351652071384,376.23024951953124,376.3702371294945,-0.13998760996327064,-0.04473398356687341,-0.09525362639639723,377.174,3.660085417501105,384.4941708350022,369.85382916499776
2020-10-15,395.41,395.41,375.87,376.52,40608,376.4895842054059,373.3156248647368,50.32359592072534,376.27482651652645,376.3813306754579,-0.10650415893144327,-0.05708801863978738,-0.04941614029165589,376.783,3.2488606910299445,383.2807213820599,370.28527861794015
2020-10-18,381.08,381.08,372.61,372.61,28041,376.12009999536724,373.2879533014138,44.29115898575342,375.7110070524455,376.10197284764615,-0.3909657952006569,-0.12386357395196129,-0.2671022212486956,376.1315,2.6260361865131876,381.38357237302637,370.87942762697367
2020-10-19,374.57,377.17,373.92,375.87,17751,376.09628094818936,373.3892100346917,49.70461696345961,375.7354675059154,376.08478967374646,-0.34932216783107606,-0.16895529272778426,-0.1803668751032918,375.7405,1.9317989298857805,379.60409785977157,371.8769021402284
2020-10-20,377.83,379.13,374.57,378.48,35260,376.32330181026657,373.58884885686064,53.5927744070727,376.1577032742361,376.26221266087634,-0.10450938664024534,-0.1560661115102765,0.051556724870031156,375.80600000000004,2.003689754384076,379.8133795087682,371.7986204912319
2020-10-21,397.37,413.0,392.16,394.11,399513,378.01727306643164,374.3935998820818,69.03215471950647,378.91959507819973,377.58427098229294,1.335324095906799,0.14221192997313858,1.1931121659336603,376.6855,4.561491532409752,385.8084830648195,367.5625169351805
2020-10-22,400.63,400.63,390.85,394.11,162894,379.5499137267715,375.16679204356876,69.03215471950647,381.2565804507844,378.8083990576786,2.448181393105756,0.6034058225996621,1.8447755705060938,377.53249999999997,6.00161020062507,389.5357204012501,365.52927959874984
2020-10-28,397.37,402.58,394.11,401.93,139393,381.681350514698,376.21632961048766,74.04304744038464,384.4371065352791,380.52111023859135,3.9159962966877515,1.26592391741728,2.6500723792704717,378.7375,8.11261582515554,394.96273165031107,362.51226834968895
2020-10-29,407.14,409.75,401.93,403.88,190125,383.79550760853624,377.3011794296842,75.12397751130541,387.42832091446695,382.251398369066,5.1769225454009415,2.048123643014012,3.1287989023869294,380.073,9.85284682345999,399.77869364692,360.36730635308
2020-11-01,403.88,409.75,399.32,405.19,173339,385.8330783124852,378.39485866773583,75.85151463601508,390.1608869276259,383.9505540454315,6.210332882194393,2.8805654908500884,3.329767391344305,381.669,11.187708904264866,404.0444178085297,359.29358219147025
2020-11-02,402.58,406.49,401.93,402.58,109064,387.4280232351057,379.3432955827266,71.37272764464664,392.0715197079912,385.33051300502916,6.741006702962011,3.652653733272473,3.088352969689538,383.2,11.863827819324124,406.9276556386482,359.47234436135176
2020-11-03,402.58,405.84,400.63,403.23,134689,388.9329734031909,380.28002908928636,71.81901021521784,393.7882089836848,386.65640093058255,7.131808053102247,4.348484597238428,2.78332345586382,384.50300000000004,12.576380577149665,409.6557611542994,359.3502388457007
2020-11-04,403.88,404.53,400.63,403.23,61952,390.2945949838394,381.18002794853004,71.81901021521784,395.24079221696405,387.8840749357246,7.356717281239469,4.950131134038636,2.4065861472008327,385.773,13.137041283503171,412.0470825670064,359.49891743299366
2020-11-05,403.88,404.53,401.28,402.58,86880,391.4646335568071,382.0192425387838,70.54357966151879,396.3699011066619,388.97266197752276,7.397239129139166,5.439552733058742,1.9576863960804243,387.1085,13.431678687665167,413.97185737533033,360.24514262466965
2020-11-08,403.88,405.19,401.93,403.23,78936,392.585144646635,382.85103694902756,71.09636254321558,397.42530093640625,390.0287610902988,7.39653984610743,5.83095015566848,1.5655896904389497,388.574,13.515687337711892,415.6053746754238,361.54262532457625
2020-11-09,405.19,405.84,401.93,402.58,66336,393.53703563266976,383.62472177455595,69.68799098828,398.21833156157453,390.95848249101743,7.259849070557095,6.116729938646204,1.1431191319108915,389.9745,13.439200898481067,416.8529017969621,363.09609820303785
2020-11-10,403.88,406.49,401.93,403.23,95856,394.46017509622504,384.39355621476943,70.32113404540578,398.98935747517845,391.8674837879791,7.121873687199354,6.317758688356834,0.80411499884252,391.4725,13.145778139577699,417.7640562791554,365.18094372084465
2020-11-11,403.88,420.17,403.88,418.21,246848,396.7220631822988,385.71969126517064,80.45393645464,401.94637940207406,393.8187812851658,8.127598116908246,6.679726574067117,1.4478715428411286,393.687,13.749912191116783,421.18682438223357,366.18717561776646
2020-11-12,423.43,423.43,413.65,419.52,193912,398.89329526017514,387.04519356849727,81.0628301968128,404.65001334021656,395.72257526404246,8.927438076174099,7.129268874488513,1.7981692016855853,395.7715,14.36578217960459,424.5030643592092,367.0399356407908
2020-11-18,422.77,439.71,419.52,436.45,274516,402.4701242830156,388.982636957968,86.79014082189363,409.54231898018327,398.73942154078003,10.802897439403239,7.863994587471458,2.938902851931781,398.7355,16.30975958228225,431.3550191645645,366.1159808354355
2020-11-19,439.71,444.92,432.55,436.45,232275,405.7063029227284,390.8441021753026,86.79014082189363,413.68196221400126,401.53279772294445,12.149164491056808,8.72102856818853,3.428135922868279,401.6995,17.52556582914944,436.75063165829886,366.64836834170114
2020-11-22,439.06,452.09,437.11,450.13,258731,409.9371312158019,393.1690393448986,89.70731757365755,419.28935264261645,405.13259048420787,14.156762158408583,9.80817528623254,4.348586872176043,405.38,19.56950931263012,444.51901862526023,366.24098137473976
2020-11-23,452.74,455.34,446.88,447.53,214571,413.5174044333446,395.30084172353,85.82791326740863,423.63406762067547,408.2731393372295,15.360928283445958,10.918725885675224,4.442202397770734,409.126,20.12911936265638,449.38423872531274,368.8677612746872
2020-11-24,469.02,469.02,447.53,454.04,538774,417.3766992492166,397.6043381265289,87.3079157478477,428.3119033713408,411.6632771641014,16.64862620723943,12.064705949988067,4.583920257251364,413.03450000000004,20.906088127379455,454.84667625475896,371.2223237452411
2020-11-25,472.87,496.12,468.99,488.37,250326,424.1379659873864,401.16377584705714,92.03294126926752,437.5516105449807,417.3452566334272,20.206353911553492,13.693035542301153,6.513318369252339,418.529,25.320949699497817,469.17089939899563,367.88710060100436
2020-11-26,502.33,503.88,482.95,483.72,235735,429.8124454171591,404.401274833447,87.29257033461163,444.65443969190676,422.2619042902104,22.392535401696364,15.432935514180198,6.959599887516166,423.0095,28.501099420166014,480.01169884033203,366.007301159668
2020-11-29,494.57,525.58,485.27,511.63,311229,437.6045934726678,408.6063228791942,90.46658588522772,454.95837204699797,428.8817632316763,26.076608815321663,17.56167017440849,8.514938640913172,428.88550000000004,33.843140558982334,496.5717811179647,361.1992188820354
2020-11-30,527.13,536.43,499.22,501.55,193860,443.69463218955656,412.25117296236306,82.45608915981502,462.12631480899825,434.26459558488546,27.86171922411279,19.621679984349353,8.240039239763437,433.8665,36.863281156618186,507.5930623132364,360.1399376867636
2020-12-01,500.78,507.75,488.37,489.92,170189,448.09704817150356,415.2970093167802,74.28336771094294,466.40226637684464,438.38721813415316,28.015048242691478,21.30035363601778,6.714694606673699,438.16850000000005,38.1767282757757,514.5219565515515,361.81504344844865
2020-12-02,492.25,533.33,488.37,506.2,198722,453.6306626313604,418.86183248082807,77.62639083697366,472.5249946265609,443.4103871612529,29.114607465307984,22.86320440187582,6.251403063432164,443.21900000000005,40.21150763545307,523.6420152709062,362.7959847290939
2020-12-03,511.63,511.63,493.8,499.22,141764,457.97250428551655,422.0131331678544,73.23091925042728,476.6319185301669,447.54443255671566,29.087485973451237,24.108060716190902,4.979425257260335,448.05100000000004,40.872047313283225,529.7950946265665,366.3069053734336
2020-12-06,489.92,499.22,482.95,482.95,158242,460.35131340118164,424.4028142200954,64.11735068609059,477.6039310639874,450.16706718214414,27.436863881843237,24.77382134932137,2.6630425325218674,452.0370000000001,40.151827001760026,532.3406540035202,371.73334599648
2020-12-07,482.95,493.02,480.62,490.7,148276,463.241664505831,427.0027038585231,66.27063313969018,479.618710900297,453.1695066501334,26.449204250163575,25.10889792948981,1.3403063206737649,456.41049999999996,39.31075204130485,535.0320040826097,377.78899591739025
2020-12-08,514.73,514.73,484.5,485.27,128039,465.3396012195614,429.28769586407117,63.399931231061394,480.488139992559,455.54732097234574,24.94081902021327,25.075282147634503,-0.13446312742123467,460.54499999999996,37.665169936110935,535.8753398722218,385.2146601277781
2020-12-09,484.5,485.27,473.64,474.42,127221,466.2044011034127,431.05759014391157,57.994066976770505,479.5545799937038,456.9452971966165,22.609282797087303,24.582082277525064,-1.9727994804377609,464.10450000000003,35.25004001118016,534.6045800223603,393.60441997763974
2020-12-10,474.42,481.4,471.32,477.52,104431,467.28207718880196,432.87964543238564,59.0679488131092,479.24156768698015,458.46934925612635,20.772218430853798,23.82010950819081,-3.047891077337013,467.85150000000004,32.2185403104668,532.2885806209337,403.41441937906643
2020-12-13,480.62,505.43,480.62,503.88,236248,470.7675936470113,435.6639730624882,66.83265410237195,483.0320957351371,461.83310116307996,21.19899457205713,23.295886520964075,-2.0968919489069435,472.884,29.324182476159052,531.5323649523182,414.2356350476819
2020-12-14,513.95,521.71,502.33,517.05,337934,475.1754418711055,438.85558196199844,69.90442720957608,488.26561946819294,465.9232418176666,22.342377650526316,23.105184746876525,-0.7628070963502083,477.8259999999999,27.920156725550243,533.6663134511005,421.9856865488994
2020-12-15,527.13,527.13,517.05,520.93,284988,479.5330188357621,442.0741865909397,70.76350857951408,493.29090878077864,469.99781649783944,23.2930922829392,23.14276625408906,0.15032602885013802,482.8965,25.910101317121537,534.7167026342431,431.07629736575694
2020-12-16,542.64,542.64,515.5,518.6,170003,483.25368370854665,445.0751988814911,69.4808656048989,497.18461512219733,473.5979782387402,23.586636883457118,23.231540379962674,0.355096503494444,487.004,24.63989606096353,536.283792121927,437.72420787807295
2020-12-17,515.5,541.86,515.5,534.88,349388,488.17047573630407,448.5969557880993,73.14376299400733,502.9839051033977,478.1373872580928,24.846517845304902,23.55453587303112,1.2919819722737813,491.92549999999994,23.827611465655732,539.5807229313114,444.2702770686885
2020-12-20,534.88,580.62,520.16,547.29,671453,493.8009066185608,452.46727124738953,75.55249836041087,509.8002273951827,483.2598030167526,26.54042437843009,24.151713574110914,2.3887108043191745,496.7835,24.744703904394324,546.2729078087887,447.29409219121135
2020-12-21,548.06,602.33,541.86,602.33,605883,504.1370107501265,458.34424100239386,82.88452710009418,524.0355770266931,492.07981760810424,31.955759418588855,25.712522743006506,6.243236675582349,504.52349999999996,31.747118771055813,568.0177375421116,441.0292624578883
2020-12-22,631.78,662.02,631.01,662.02,555811,519.1734859167811,466.33152566896666,87.32436592811726,545.2639497918173,504.66797926676315,40.5959705250541,28.689212299416027,11.906758225638072,514.9225,45.447188075256605,605.8168761505133,424.0281238494868
2020-12-23,694.57,713.18,639.53,660.47,381481,532.6302967818497,473.9447991721444,86.69545457813064,562.9879575161531,516.2088696914474,46.7790878247057,32.307187404473964,14.471900420231734,523.5274999999999,55.365584110959745,634.2586682219194,412.79633177808046
2020-12-24,668.99,668.99,630.23,641.09,390680,542.9597923264354,480.49951293009957,79.03137046304371,575.0036563598218,525.4593237883772,49.544332571444556,35.75461643786809,13.78971613357647,531.396,60.36714367758238,652.1302873551647,410.6617126448352
2020-12-27,641.09,648.06,624.03,627.91,326770,551.0502882953463,486.28031634460547,74.22559014334477,583.1430938429261,533.0482627670159,50.09483107591018,38.62265936547651,11.47217171043367,537.2099999999999,63.86163258005454,664.933265160109,409.48673483989086
2020-12-28,627.13,662.02,620.93,662.02,359860,561.6188322672181,493.172068644817,77.96077215092168,595.2780024824759,542.601724784274,52.67627769820194,41.433383032021595,11.242894666180348,545.2335,69.0180081973302,683.2695163946605,407.19748360533964
2020-12-29,662.02,668.99,651.16,652.71,176925,570.294181575102,499.4284581097262,74.77558114586687,604.1136944082489,550.7578933187722,53.3558010894767,43.817866643512616,9.537934445964083,553.3729999999999,71.6984948898798,696.7699897797595,409.97601022024037
2020-12-30,652.71,682.95,647.29,674.42,370286,580.2109261869971,506.2908715171879,77.12281695287783,614.9300491146721,559.9180493692335,55.01199974543863,46.05669326389782,8.95530648154081,561.7839999999999,75.63241962907055,713.048839258141,410.51916074185874
2020-12-31,678.29,696.12,674.42,683.72,304296,590.0689332168068,513.2488765557296,78.06447119945916,625.5131184816457,569.0885642307717,56.42455425087405,48.13026546129307,8.294288789580982,571.009,78.78589126300295,728.5807825260059,413.4372174739941
2021-01-03,693.8,703.88,691.47,696.9,304366,600.2433205294919,520.4508813966813,79.36103525188226,636.4957156383157,578.5560779914553,57.93963764686043,50.09213989840655,7.847497748453883,581.7065,80.70170638481895,743.109912769638,420.3030872303621
2021-01-04,703.88,707.75,686.05,691.47,234042,608.9315757171594,527.1575134987722,77.33298030016763,644.9532978478055,586.9200722143105,58.03322563349502,51.68035704542425,6.35286858807077,591.745,81.27048927080652,754.2859785416131,429.20402145838693
2021-01-05,689.92,696.9,682.17,684.5,184653,616.1285685060013,533.3278070870557,74.69435450204048,651.03740587122,594.1482150132505,56.88919085796954,52.722123807933315,4.1670670500362235,601.7065,79.72812052779898,761.162741055598,442.25025894440205
2021-01-06,696.12,696.9,683.72,691.47,110605,623.3039429340013,539.5294617110927,75.5912528590737,657.2578049679554,601.3572361233801,55.90056884457533,53.357812815261724,2.5427560293136082,612.559,76.18363844926901,764.9262768985379,460.19172310146195
2021-01-07,692.25,710.08,689.92,703.88,250027,630.977853130763,545.9745808596773,77.144498858577,664.4304503575007,608.9515149290556,55.478935428445084,53.7820373378984,1.6968980905466822,623.877,71.75141283039959,767.3798256607992,480.37417433920075
2021-01-10,705.43,724.81,705.43,718.6,194033,639.3228194992618,552.7442051396899,78.86266698016514,672.7642272255775,617.0736249343107,55.69060229126683,54.16375032857209,1.5268519626947352,634.613,68.85720251284748,772.327405025695,496.89859497430507
2021-01-11,732.56,746.51,706.98,709.3,176512,645.9873128802844,558.8836480753885,75.02522319345374,678.3851153447195,623.9052082725099,54.479907072209585,54.2269816772996,0.2529253949099868,644.2255,64.8861587279926,773.9978174559852,514.4531825440148
2021-01-12,720.93,736.43,703.1,711.63,135414,652.2389973678764,564.8737010920399,75.34886538687086,683.4997129839934,630.4033409930647,53.096371990928674,54.00085974002542,-0.9044877490967451,653.7605000000001,59.61160258620225,772.9837051724046,534.5372948275956
2021-01-13,717.05,725.58,703.1,706.98,174132,657.4524261899834,570.4464971276462,73.3071666068316,687.1120648326098,636.0756861046896,51.03637872792024,53.40796353760439,-2.371584809684151,663.1795,51.456125048439006,766.091750096878,560.267249903122
2021-01-17,717.05,717.05,694.57,698.45,254035,661.3569570290326,575.4662423383268,69.58243213250319,688.8563625506698,640.6960056524903,48.16035689817954,52.35844220971942,-4.198085311539877,671.358,42.1478678489331,755.6537356978662,587.0622643021337
2021-01-18,699.22,724.81,694.57,702.33,223189,665.2591515976962,580.4412916583924,70.32112465385637,690.9292298505668,645.2614867152688,45.667743135298,51.02030239483514,-5.352559259537145,679.11,30.879169098457602,740.8683381969153,617.3516618030848
2021-01-19,737.21,737.21,693.8,697.67,223860,668.3458990645823,585.038495907083,68.17955476581429,691.966271412018,649.143598810434,42.82267260158403,49.380776436184924,-6.558103834600892,683.8770000000001,25.24798899757507,734.3729779951502,633.3810220048499
2021-01-20,701.55,701.55,686.05,689.15,205128,670.3272420108126,589.1212999891582,64.32256773689544,691.5329988870922,652.1070359355871,39.425962951505085,47.38981373924896,-7.963850787743873,685.2335,24.735476605381145,734.7044532107624,635.7625467892377
2021-01-21,689.92,698.45,686.05,687.6,181625,671.9722665812113,592.9832097935049,63.61747340865971,690.9279221352319,654.7361443848029,36.19177775042908,45.15020654148499,-8.958428791055908,686.59,24.0400978630242,734.6701957260484,638.5098042739517
2021-01-24,696.9,701.55,682.17,686.05,234231,673.3130030972865,596.6328878408184,62.87522701236424,690.1774725759655,657.0556892451879,33.12178333077759,42.74452189934352,-9.622738568565929,688.838,21.532804007413407,731.9036080148268,645.7723919851732
2021-01-25,720.16,720.16,682.17,703.1,330776,676.1498599451639,600.808068709806,67.38328294211246,692.1655537181247,660.4663789307294,31.699174787395236,40.535452476953864,-8.836277689558628,692.5975000000001,16.25144200081626,725.1003840016326,660.0946159983675
2021-01-26,704.65,709.3,695.35,697.67,154147,678.1993970932435,604.6065758192254,64.68916166707983,693.012391607644,663.2222027136384,29.79018889400561,38.38639976036421,-8.596210866358604,694.38,14.591415284359309,723.5628305687186,665.1971694312814
2021-01-27,699.22,699.22,688.37,692.25,158020,679.5375497510299,608.0435728459224,62.02349788859241,692.8951005910833,665.3724099200356,27.522690671047712,36.213657942500916,-8.690967271453204,696.3570000000001,10.846430458212895,718.0498609164259,674.6641390835742
2021-01-28,691.47,693.8,672.87,678.29,324169,679.4187354890271,610.798334695102,55.661420489412976,690.6481620386089,666.3292684444773,24.318893594131623,33.83470507282706,-9.51581147869544,696.5505,10.462191817789288,717.4748836355786,675.6261163644215
2021-01-31,678.29,682.17,665.12,666.67,334750,678.2045702043578,612.9893803933332,50.97436682285269,686.9592140326691,666.3545078189605,20.604706213708596,31.18870530100337,-10.583999087294774,695.698,12.12517850115401,719.9483570023081,671.4476429976919
2021-02-01,679.84,679.84,662.79,664.34,206175,676.8841349467999,615.00313018183,50.06402215014799,683.47933495072,666.2052850175561,17.27404993316395,28.405774227435487,-11.131724294271535,694.0699999999999,13.996711643909057,722.0634232878181,666.0765767121818
2021-02-02,696.9,696.9,667.44,688.37,190925,677.9780268566285,617.8802623315622,58.3294570158971,684.2317449583015,667.8471157569963,16.384629201305188,26.00154522220943,-9.616916020904242,693.9150000000001,14.04410402608051,722.0032080521611,665.8267919478391
2021-02-03,658.91,709.3,658.91,682.17,146919,678.3772623940924,620.4014285146383,55.76476834341918,683.9145534262551,668.908070145367,15.00648328088812,23.802532833945172,-8.796049553057053,693.7985000000001,14.135680228660721,722.0698604573215,665.5271395426787
2021-02-04,683.72,683.72,674.42,679.84,139753,678.5165707375122,622.7323528866132,54.78978933459309,683.2876990529851,669.7178427271916,13.569856325793467,21.755997532314833,-8.186141206521366,693.217,14.471726736553416,722.1604534731068,664.2735465268931
2021-02-07,679.84,682.17,673.64,677.52,124789,678.4216592387015,624.8808880675303,53.78150034693984,682.4003607371412,670.2957803029551,12.104580434186119,19.82571411268909,-7.721133678502973,691.899,14.64876567462613,721.1965313492523,662.6014686507477
2021-02-08,682.17,696.9,677.52,689.15,224654,679.4434059778728,627.4012453982155,57.958286276441,683.438766777581,671.6923891694029,11.746377608178136,18.2098468117869,-6.4634692036087635,690.4264999999999,13.235496242684007,716.8974924853679,663.9555075146319
2021-02-09,697.67,701.55,684.5,686.05,173312,680.0726054085516,629.7011965590698,56.49278559010893,683.8404949656455,672.7559158975953,11.084579068050175,16.784793263039557,-5.700214194989382,689.264,12.49063961113937,714.2452792222788,664.2827207777212
2021-02-10,688.37,693.8,680.62,685.27,108250,680.5675953696419,631.8803653214592,56.10835703914454,684.0604188170846,673.682885090366,10.377533726718639,15.503341355775373,-5.125807629056734,687.946,11.344549073666851,710.6350981473337,665.2569018526664
2021-02-11,688.37,713.18,682.17,689.15,230138,681.3849672391998,634.1262333480686,57.65210459449308,684.8434313067639,674.8285973058944,10.014834000869541,14.405639884794207,-4.390805883924665,687.0545,10.434099197020076,707.9226983940401,666.1863016059598
2021-02-14,697.67,697.67,678.29,679.84,171612,681.2378275021332,635.9189300795168,52.848880228195696,684.0736726441849,675.1998123202726,8.873860323912254,13.299283972617818,-4.425423648705564,686.124,10.191361357365922,706.5067227147318,665.7412772852682
2021-02-15,689.92,713.95,686.82,710.85,448841,684.058034406692,638.8574034097319,63.69781777090775,688.1931076220026,677.8405669632153,10.352540658787234,12.709935309851701,-2.3573946510644674,686.55,11.046609863406362,708.6432197268127,664.4567802731872
2021-02-16,720.93,728.68,706.2,716.28,360310,687.126793034626,641.8935836681738,65.20742683176562,692.5141679878484,680.6879323733475,11.826235614500888,12.53319537078154,-0.7069597562806518,687.4804999999999,12.69360820299533,712.8677164059906,662.0932835940092
2021-02-17,720.93,724.81,706.2,715.5,205348,689.8290032218044,644.7801097988337,64.790630942485,696.0504498358717,683.2666040493958,12.783845786475922,12.583325453920416,0.20052033255550583,688.798,14.158901087324052,717.1158021746481,660.4801978253519
2021-02-18,715.5,762.02,715.5,746.51,587795,695.2271933911564,648.7695172577029,72.35584923561274,703.81345755343,687.9513000457368,15.862157507693155,13.239091864674965,2.6230656430181902,691.7434999999999,19.145887912238475,730.0352758244769,653.4517241755229
2021-02-21,775.19,775.19,731.78,740.31,318546,699.5207940205701,652.359340110342,69.1564353343546,709.4283102375177,691.8297222645712,17.598587972946575,14.110991086329287,3.487596886617288,694.4565,21.937491406520515,738.331482813041,650.581517186959
2021-02-22,737.21,737.21,708.53,711.63,410509,700.6740517328967,654.683679713858,56.672740651599455,709.767031739438,693.2964095042325,16.470622235205497,14.58291731610453,1.8877049191009672,694.883,22.195777241832666,739.2745544836654,650.4914455163347
2021-02-23,713.18,717.05,692.25,717.05,361039,702.2336658535733,657.129417764295,58.20809127148603,710.887488394909,695.0559347261412,15.83155366876781,14.832644586637187,0.9989090821306235,695.852,22.740211682591227,741.3324233651824,650.3715766348175
2021-02-24,728.68,740.31,709.3,713.18,220278,703.2761738675187,659.3274798127541,56.664079697879046,711.240182488,696.3984580797603,14.841724408239656,14.834460550957681,0.007263857281975206,696.8985,23.045274952410917,742.9890499048219,650.8079500951782
2021-02-25,748.84,748.84,697.67,701.55,224463,703.1117763563263,660.9832649181362,52.18426360596977,709.7493851821538,696.7800537775558,12.969331404597938,14.461434721685734,-1.4921033170877962,698.0615,22.64011118511402,743.341722370228,652.781277629772
2021-02-28,697.67,697.67,680.62,684.5,277409,701.3392262271524,661.9054898233074,46.39346444757536,705.8648643848993,695.8704201644035,9.99444422049578,13.568036621447744,-3.5735924009519646,698.953,21.669176046332677,742.2913520926653,655.6146479073346
2021-03-01,718.6,718.6,667.44,691.47,202862,700.3992999198044,663.0648823792562,48.89032967409796,703.6502698641456,695.5444631151885,8.105806748957093,12.475590646949616,-4.369783897992523,700.3095000000001,20.186817343859055,740.6831346877182,659.935865312282
2021-03-02,704.65,704.65,668.22,682.17,203295,698.6631761179183,663.814102678109,45.82342841956622,700.3456129619693,694.5537621436931,5.7918508182762025,11.138842681214934,-5.346991862938731,699.9995,20.426005219111506,740.851510438223,659.147489561777
2021-03-03,671.32,679.07,661.24,674.42,247185,696.3543022019261,664.230020220144,43.381223716074565,696.3570571216663,693.0623723552713,3.294684766394994,9.570011098250946,-6.275326331855952,699.612,20.85113744216901,741.314274884338,657.9097251156619
2021-03-04,707.75,707.75,674.42,693.8,177944,696.1110353255522,665.3896272703345,50.487557305604575,695.963663718333,693.117011440066,2.8466522782670154,8.22533933425416,-5.378687055987145,700.31,20.38282558793096,741.0756511758618,659.5443488241381
2021-03-08,705.43,705.43,678.29,680.62,101323,694.6356986278805,665.9868967891449,46.237222238168165,693.6031000693587,692.1913068889501,1.4117931804086084,6.86263010348505,-5.450836923076442,700.4649999999999,20.21146561004194,740.8879312200838,660.042068779916
2021-03-09,682.17,682.17,671.32,673.64,80802,692.636108282368,666.2870184836883,44.11891789437425,690.5318539048419,690.8171360082871,-0.28528210344518357,5.433047662099003,-5.718329765544187,699.6895,20.95243597822688,741.5943719564538,657.7846280435461
2021-03-10,706.98,706.98,667.44,671.32,54313,690.6060027316663,666.4843903078574,43.40709074796249,687.5761840733277,689.3729037113769,-1.7967196380492396,3.9870942020693545,-5.783813840118594,698.953,21.702571785525908,742.3581435710518,655.5478564289482
2021-03-14,678.29,678.29,653.49,665.89,135716,688.2520977096028,666.4610808840199,41.71082083515318,684.2398480620466,687.6334293623861,-3.3935813003395197,2.51095910158758,-5.9045404019270995,697.9839999999999,22.752893488651143,743.4897869773022,652.4782130226977
2021-03-15,698.45,698.45,651.16,662.79,147770,685.827136022974,666.3171169277839,40.73219067645839,680.9398714371164,685.7931753355426,-4.8533038984262475,1.0381065015848143,-5.891410400011062,696.6659999999999,24.019755772469026,744.705511544938,648.6264884550619
2021-03-16,652.71,672.09,652.71,666.67,102391,684.0026468779288,666.3309554796355,42.54905197346268,678.744506600637,684.3766438292062,-5.63213722856915,-0.2959422444459784,-5.336194984123171,696.0074999999999,24.676856806383228,745.3612136127664,646.6537863872335
2021-03-17,670.54,677.52,662.02,670.54,66842,682.7204900324118,666.4960160490615,44.38049715519484,677.4822748159236,683.351707249265,-5.869432433341444,-1.4106402822250717,-4.458792151116373,693.992,25.04422080620811,744.0804416124162,643.9035583875838
2021-03-18,667.44,681.4,666.67,675.97,84279,682.0775862198012,666.8675448314513,46.936527129410734,677.2496171519354,682.8049141196899,-5.555296967754543,-2.239571619330966,-3.3157253484235776,691.9765,24.77672895343953,741.5299579068791,642.4230420931209
2021-03-21,680.62,693.02,674.42,692.25,116839,683.0463875322012,667.8629352302179,53.79279523101611,679.5573683593299,683.5045501108241,-3.947181751494213,-2.581093645763615,-1.366088105730598,690.8140000000001,24.152510254207012,739.1190205084141,642.508979491586
2021-03-22,704.65,704.65,679.07,682.95,69309,683.0372077672296,668.4545848290329,49.83173571868959,680.0793116886638,683.4634723248371,-3.3841606361733056,-2.7417070438455533,-0.6424535923277523,687.636,20.315065293898492,728.266130587797,647.005869412203
2021-03-23,675.97,682.17,675.97,679.84,48299,682.7327117893982,668.9010716984826,48.54440953658269,680.0424945057923,683.1950669674418,-3.15257246164947,-2.8238801274063365,-0.3286923342431334,684.6125,16.132236401578258,716.8769728031565,652.3480271968434
2021-03-24,682.17,686.82,679.84,681.4,60092,682.6057868570745,669.3912257495225,49.2525922846207,680.2513415049011,683.0620990439277,-2.810757539026554,-2.8212556097303803,0.010498070703826468,683.1009999999999,14.83135756999458,712.763715139989,653.4382848600108
2021-03-25,689.92,689.92,674.42,675.97,49981,681.9738071564008,669.6492168966,46.83626929683373,679.5926735810702,682.5367583740071,-2.9440847929369056,-2.8458214463716853,-0.09826334656522029,681.047,12.55168770369696,706.150375407394,655.943624592606
2021-03-29,675.19,682.17,672.09,675.97,36653,681.4020159986484,669.8970907437922,46.83626929683373,679.0353391839825,682.0503318277845,-3.0149926438019747,-2.879655685857743,-0.13533695794423162,679.1865,10.045605100874393,699.2777102017488,659.0952897982512
2021-03-30,678.29,678.29,674.42,675.97,100427,680.8846811416342,670.1352440479573,46.83626929683373,678.5637485402929,681.5999368775782,-3.0361883372853526,-2.910962216143265,-0.12522612114208753,677.9075,8.568216589636506,695.043933179273,660.771066820727
2021-03-31,697.67,705.43,678.29,700.0,154542,682.7051876995738,671.3064109480374,58.17716490925499,681.8616333802479,682.9629045162761,-1.101271136028231,-2.549024000120258,1.4477528640920272,678.6825000000001,9.807294210813177,698.2970884216264,659.0679115783738
2021-04-01,705.43,705.43,696.9,703.1,168155,684.6475507758048,672.55321836184,59.3809642993088,685.1290743986714,684.4545412187741,0.6745331798972529,-1.9043125641167562,2.578845744014009,679.2639999999999,10.890383686661991,701.0447673733239,657.4832326266759
2021-04-04,713.18,720.16,706.98,713.95,196870,687.4382602257281,674.1766215633364,63.35645596761091,689.563062952722,686.6393900173834,2.9236729353385726,-0.9387154642256905,3.862388399564263,680.853,13.37236746352561,707.5977349270512,654.1082650729487
2021-04-05,739.53,739.53,708.53,708.53,163192,689.4469973470873,675.5238128745781,60.187461389118475,692.4810532676878,688.2609166827624,4.220136584925399,0.09305494560452732,4.127081639320871,682.5585,14.625216606604056,711.8089332132081,653.3080667867919
2021-04-06,743.41,743.41,698.45,711.63,111261,691.5596642664124,676.9397417814573,61.377385808318415,695.4270450726589,689.9919598914468,5.435085181212116,1.1614609927260453,4.273624188486071,683.45,15.839536808770768,715.1290736175416,651.7709263824585
2021-04-07,725.58,725.58,706.98,713.18,125471,693.6187438600874,678.360928378263,61.98911911676618,698.1582689076345,691.7095924920803,6.448676415554132,2.218904077291663,4.229772338262469,685.0780000000001,17.1522346557184,719.3824693114369,650.7735306885633
2021-04-08,727.13,727.13,703.1,711.63,98184,695.3341015876981,679.6655978536252,60.94949756143315,700.2308429218446,693.1851782334078,7.045664688436773,3.1842561995206853,3.8614084889160876,686.9775,17.905898432774325,722.7892968655486,651.1657031344513
2021-04-12,713.95,735.66,709.3,735.66,266850,699.1746633412507,681.8614567613262,69.49192612878717,705.68148247233,696.3314613272295,9.350021145100527,4.417409188636654,4.932611956463873,690.1945,20.531938528484492,731.2583770569689,649.130622943031
2021-04-13,744.19,752.71,734.88,751.94,254036,704.1999334992269,684.6096349275487,73.69092386658556,712.798177476587,700.4506123400273,12.347565136559638,6.003440378221251,6.344124758338387,694.4970000000001,23.909057323656512,742.3151146473131,646.6788853526871
2021-04-15,758.91,773.64,751.94,758.91,331555,709.41041602311,687.5233747343115,75.26084818897374,719.8923040186505,704.7809373518771,15.111366666773392,7.825025635931681,7.286341030841712,699.303,26.698083333543735,752.6991666670874,645.9068333329126
2021-04-18,796.12,796.12,744.19,746.51,272250,712.9437097351947,689.8365757251228,67.53931787600561,723.9873341696274,707.8719790295158,16.115355140111546,9.483091536767654,6.632263603343892,703.295,27.51825451549548,758.3315090309909,648.258490969009
2021-04-19,744.19,746.51,724.81,734.88,201971,715.0328802366047,691.6029845202161,61.19754101292042,725.6631289127616,709.8725731754777,15.790555737283967,10.744584376870918,5.0459713604130485,706.512,27.246991837837264,761.0059836756744,652.0180163243255
2021-04-20,731.01,743.41,720.93,728.68,120456,716.3326059283567,693.0569851272664,58.067267168032444,726.1272629261829,711.26571590322,14.861547022962895,11.567976906089314,3.293570116873582,709.1474999999999,26.680627680429488,762.5087553608589,655.7862446391409
2021-04-21,731.01,731.01,713.18,713.95,130563,716.1056910780369,693.8763190438442,51.34737440686387,724.2538378606164,711.4645517622407,12.789286098375669,11.812238744546585,0.977047353829084,710.2325,26.397025325844588,763.0265506516891,657.4384493483108
2021-04-22,724.03,724.03,703.1,714.73,121770,715.9746728801287,694.6941104538895,51.666349732699224,722.7886320359062,711.7064368168895,11.082195219016626,11.666230039440594,-0.5840348204239678,711.8215,25.613165051356294,763.0478301027126,660.5951698972874
2021-04-25,717.05,717.05,697.67,703.88,226128,714.8227992724973,695.0543414164821,47.0458209730757,719.8796117226899,711.1267007563791,8.752910966310765,11.083566224814628,-2.330655258503864,713.0235,24.576417081820534,762.1763341636411,663.870665836359
2021-04-26,738.76,738.76,677.52,691.47,181784,712.598723151307,694.9137790079926,42.377642825148925,715.5089022268915,709.6706488484992,5.83825337839221,10.034503655530145,-4.196250277137935,713.527,23.990615072973856,761.5082301459478,665.5457698540523
2021-04-27,657.36,710.08,657.36,707.75,127206,712.1369399940397,695.4171602233655,49.46216129903048,714.3152249612158,709.5283785634251,4.786846397790669,8.984972203982249,-4.19812580619158,715.116,22.36984539862871,759.8556907972574,670.3763092027426
2021-04-28,711.63,713.18,694.57,696.9,125316,710.6858028517502,695.4753108028415,45.451401805026556,711.6359595825672,708.5929431142825,3.0430164682846907,7.796581056842737,-4.753564588558047,716.1625,20.88225105708633,757.9270021141726,674.3979978858274
2021-04-29,731.01,731.01,693.8,695.35,82739,709.2252501992026,695.4703966537104,44.89138230096707,709.1304273390954,707.6119843650764,1.518442974018967,6.540953440277983,-5.022510466259016,717.1315,19.30945181021937,755.7504036204386,678.5125963795613
2021-05-02,697.67,704.65,693.8,700.78,110099,708.4209406564214,695.6786163927807,47.33929192384065,707.8457462100038,707.1059114491449,0.739834760858912,5.380729704394169,-4.640894943535257,717.1705000000001,19.27378434286829,755.7180686857366,678.6229313142635
2021-05-03,705.43,708.53,695.35,696.12,100965,707.249422498667,695.695925553848,45.47250185538974,706.0417852546186,706.2921402306897,-0.2503549760710939,4.254512768301117,-4.504867744372211,716.8215,19.602369694305747,756.0262393886115,677.6167606113885
2021-05-04,697.67,697.67,689.92,689.92,73877,705.5990013083177,695.4694186693833,43.04061879946644,703.5615106000619,705.0793891024905,-1.5178785024286299,3.100034514155168,-4.617913016583798,715.62,20.50337353501724,756.6267470700345,674.6132529299655
2021-05-05,673.64,697.67,673.64,687.6,72643,703.8848107075255,695.160814015682,42.1326036097496,701.1058935846677,703.784619539343,-2.678725954675315,1.9442824203890716,-4.623008375064386,714.5735,21.398877559118095,757.3712551182361,671.7757448817638
2021-05-06,689.92,690.7,683.72,686.82,60231,702.2595906401422,694.8337232699691,41.813214966564836,698.9080638024112,702.5279810549473,-3.6199172525360837,0.8314424858040407,-4.451359738340124,713.333,22.279496143802373,757.8919922876047,668.7740077123952
2021-05-09,686.82,692.25,679.84,685.27,65133,700.6415343887,694.4586752985978,41.14572057159181,696.8099001405018,701.2496120879142,-4.439711947412434,-0.22278840083925422,-4.216923546573179,711.9375,23.146789222620917,758.2310784452418,665.6439215547582
2021-05-10,682.17,693.8,682.17,691.47,44848,699.7680549231095,694.3414723457116,44.9325333518504,695.9883770419631,700.5251963776984,-4.536819335735345,-1.0855945878184723,-3.4512247479168723,710.9295,23.59550123826276,758.1205024765255,663.7384975234744
2021-05-11,691.47,698.45,690.7,691.47,68098,698.9777639780514,694.2288655870562,44.9325333518504,695.2932421124303,699.8544410904615,-4.561198978031143,-1.7807154658610065,-2.780483512170137,708.72,23.223901707658023,755.167803415316,662.272196584684
2021-05-12,725.58,725.58,686.05,687.6,53176,697.8941674087131,693.9689100738384,42.93279316746908,694.1096664028257,698.9467047133902,-4.8370383105644805,-2.3919800348017013,-2.4450582757627792,705.5029999999999,21.29831574760902,748.099631495218,662.9063685047819
2021-05-13,717.05,717.05,687.6,689.15,40349,697.0613895602643,693.7799332081977,44.00764067203554,693.346640802391,698.2210228827687,-4.8743820803777,-2.8884604439169013,-1.9859216364607986,702.0150000000001,17.45752273378542,736.930045467571,667.0999545324293
2021-05-16,697.67,700.78,693.8,700.0,72541,697.3412572211914,694.0238573961116,50.96927594118925,694.3702345251002,698.3527989655265,-3.9825644404263585,-3.107281243218793,-0.8752831972075654,699.6895000000001,13.967317293204612,727.6241345864092,671.7548654135909
2021-05-17,704.65,707.75,697.67,703.1,82122,697.8897089144112,694.3797845570484,52.77588011944632,695.7132753673925,698.7044434865986,-2.9911681192061224,-3.0840586184162593,0.09289049921013692,698.1005,11.30764737737943,720.7157947547589,675.4852052452411
2021-05-18,689.92,703.88,689.92,701.55,78733,698.2383080654197,694.6609694763798,51.74915855466694,696.6112330031782,698.9152254505543,-2.3039924473761175,-2.928045384208231,0.6240529368321135,696.744,8.794095746614776,714.3321914932296,679.1558085067704
2021-05-19,712.4,712.4,697.67,701.55,91053,698.5537072972844,694.9311275361297,51.74915855466694,697.3710433103815,699.1103939356984,-1.739350625316888,-2.6903064324299626,0.9509558071130746,696.124,7.909852217702328,711.9437044354047,680.3042955645953
2021-05-20,702.33,711.63,701.55,702.33,58888,698.9133542213526,695.2212793974579,52.29084897957431,698.133959724169,699.3488832737949,-1.214923549625837,-2.3952298558691374,1.1803063062433004,695.504,6.779973140809647,709.0639462816193,681.9440537183807
2021-05-23,702.33,734.88,693.8,734.88,160448,702.3387490574142,696.7765233426558,68.28967300635503,703.7871966896814,701.9808178461063,1.8063788435750894,-1.5549081159802922,3.3612869595553816,697.054,11.015908783047266,719.0858175660945,675.0221824339054
2021-05-24,728.68,736.43,711.63,715.5,194943,703.5922015281367,697.5107773292183,56.204682005272645,705.5891664297304,702.9822387463947,2.606927683335698,-0.7225409561170943,3.3294686394527924,698.2555,11.666092330501582,721.5876846610031,674.9233153389969
2021-05-25,717.05,717.05,702.33,705.43,115162,703.7672299540284,697.8213350810137,51.14042208479153,705.564679286695,703.1635543948099,2.401124891885047,-0.0978077865166661,2.498932678401713,698.1395,11.577917490709735,721.2953349814195,674.9836650185805
2021-05-27,693.8,706.98,692.25,701.55,137867,703.5560651965019,697.9675572346994,49.29730220229234,704.9470363195111,703.0440318470463,1.9030044724647723,0.30235466527962157,1.6006498071851507,698.3720000000001,11.59838763751685,721.5687752750338,675.1752247249664
2021-05-30,736.43,736.43,689.92,703.1,121910,703.5126304158827,698.1688295000054,50.07144824977249,704.6628768857402,703.0481776361539,1.6146992495862378,0.5648235821409449,1.049875667445293,698.7595,11.62154916526323,722.0025983305264,675.5164016694736
2021-05-31,707.75,720.16,699.22,699.22,169234,703.1038084715129,698.2100518725541,48.09197710512407,703.825511211011,702.7646089223647,1.0609022886462753,0.664039323442011,0.39686296520426434,698.6814999999999,11.612506087499346,721.9065121749986,675.4564878250012
2021-06-01,697.67,703.1,693.8,700.78,118739,702.882493378988,698.3108341520618,48.96555171431074,703.3569710247016,702.6176008540414,0.7393701706602087,0.6791054928856506,0.06026467777455813,698.9145000000001,11.605153789343547,722.1248075786872,675.704192421313
2021-06-02,700.78,701.55,694.57,697.67,86849,702.3860654381319,698.2857034010007,47.25804757832274,702.4820524055167,702.2511119018902,0.23094050362647067,0.5894724950338146,-0.35853199140734393,699.302,11.416877903054871,722.1357558061097,676.4682441938903
2021-06-03,701.55,724.81,701.55,711.63,246324,703.2664401583098,698.809009149981,54.86625277180129,703.8894289585141,702.9458443536021,0.9435846049120755,0.6602949170094667,0.2832896879026088,700.5035,11.384956960859896,723.2734139217198,677.7335860782803
2021-06-06,717.05,736.43,713.95,719.38,250508,704.8010649051374,699.6157146735112,58.44970100717376,706.2725937341273,704.1631892162982,2.109404517829148,0.950116837173403,1.159287680655745,702.1315,11.650172926234182,725.4318458524683,678.8311541475316
2021-06-07,732.56,732.56,700.78,703.88,257985,704.7133444379814,699.7829415490598,49.9140402366133,705.9045023904155,704.1422122373131,1.7622901531024127,1.112551500359205,0.6497386527432076,703.062,10.955014521146426,724.9720290422929,681.1519709577071
2021-06-08,713.18,719.38,699.22,710.85,214151,705.2977878248404,700.2169438412536,53.22215684386946,706.6653481765054,704.6390854049196,2.0262627715858343,1.295293754604531,0.7309690169813035,704.0310000000001,10.730511784557626,725.4920235691153,682.5699764308848
2021-06-09,717.05,722.48,707.75,708.53,147331,705.605617555808,700.5429460435574,51.99122294348336,706.9522176878122,704.9273013008515,2.02491638696074,1.4412182810757728,0.5836981058849673,704.8839999999999,10.350804392876121,725.5856087857521,684.1823912142477
2021-06-10,697.67,713.18,690.7,703.1,151038,705.3669873123977,700.6432226693004,49.127297771346285,706.3595688127642,704.7919456489365,1.5676231638277613,1.4664992576261706,0.10112390620159073,705.659,9.53684649416507,724.7326929883301,686.5853070116699
2021-06-13,706.98,706.98,683.72,699.22,203447,704.7815599493122,700.5874100156022,47.12954624381324,705.2611736108005,704.3792089342004,0.8819646766000915,1.349592341420955,-0.4676276648208635,706.1625,8.861272259290367,723.8850445185808,688.4399554814192
2021-06-14,705.43,724.81,698.45,705.43,203503,704.8433161446158,700.7773155051865,50.5925695975455,705.2871469014466,704.4570453094448,0.8301015920018244,1.2456941915371291,-0.4155925995353047,706.434,8.744943441218552,723.923886882437,688.9441131175629
2021-06-15,713.18,713.95,698.45,701.55,153136,704.5296669879857,700.8076168579242,48.45695297200818,704.7122012243009,704.2417086198564,0.4704926044445301,1.0906538741186094,-0.6201612696740793,706.3565000000001,8.782831503061184,723.9221630061224,688.7908369938777
2021-06-16,702.33,714.73,696.9,697.67,84534,703.8763653700823,700.6845730595743,46.3499251239346,703.6287856513314,703.754915388756,-0.1261297374245487,0.8472971518099779,-0.9734268892345266,706.1625,8.936102338303732,724.0347046766075,688.2902953233926
2021-06-17,697.67,703.1,696.12,698.45,139278,703.3595686681697,700.5969427435126,46.85026239915404,702.8320493972805,703.3619586932925,-0.5299092960120788,0.5718558622455666,-1.1017651582576455,706.0074999999999,9.04652179456749,724.1005435891349,687.914456410865
2021-06-20,698.45,705.43,689.92,692.25,135627,702.3015145092965,700.2696116555318,43.38664165738227,701.2040417976989,702.5388506419376,-1.3348088442387507,0.19052292094870316,-1.5253317651874538,705.5035,9.530052341525497,724.563604683051,686.443395316949
2021-06-21,693.02,696.12,683.72,684.5,145331,700.6061321750777,699.6511955121777,39.45959859545772,698.6341892134375,701.2026394832756,-2.568450269838081,-0.3612717172086537,-2.2071785526294274,702.9844999999999,7.870254108824937,718.7250082176498,687.24399178235
2021-06-22,686.05,703.1,682.95,701.55,176117,700.6960243488799,699.7256584332687,50.149759675289594,699.0827754882932,701.2283698919218,-2.1455944036285928,-0.7181362544926415,-1.4274581491359513,702.287,7.3002055486996005,716.8874110973992,687.6865889026009
2021-06-23,701.55,701.55,691.47,692.25,120895,699.891641077558,699.4324953574542,45.43683721179335,698.031579259325,700.5633054554833,-2.5317261961582744,-1.0808542428257681,-1.4508719533325063,701.628,7.590660189067559,716.8093203781351,686.446679621865
2021-06-24,692.25,703.1,689.92,694.57,144591,699.3848181177906,699.241809265005,46.780474828205186,697.4990286040442,700.1193569032253,-2.6203282991810966,-1.388749054096834,-1.2315792450842626,701.279,7.753157523201681,716.7853150464034,685.7726849535966
2021-06-27,728.68,728.68,683.72,710.08,212905,700.4034068684772,699.6668363526519,54.794996706786854,699.4345626649605,700.8571823178012,-1.4226196528406945,-1.395523173845606,-0.02709647899508849,701.6279999999999,7.992836002887399,717.6136720057747,685.6423279942252
2021-06-28,713.95,737.98,709.3,724.81,536806,702.7278443095746,700.652842770195,60.82829419478288,703.3384761011204,702.6314651090752,0.7070109920451841,-0.9750163406674481,1.6820273327126323,702.9075,9.494284638144537,721.8960692762892,683.9189307237109
2021-06-29,732.56,732.56,708.53,709.3,137194,703.3537638991389,700.9919469752854,52.832475637296746,704.255633624025,703.1254306565511,1.130202967473906,-0.5539724790391773,1.6841754465130834,703.3335,9.584515074387463,722.5025301487749,684.164469851225
2021-06-30,705.43,711.63,700.0,709.3,85224,703.920072099221,701.3177529762545,52.832475637296746,705.0316899895596,703.5828061634733,1.4488838260863304,-0.1534012180140758,1.6022850441004062,703.915,9.575617885827093,723.0662357716542,684.7637642283457
2021-07-01,709.3,711.63,703.88,706.2,116472,704.1372080897714,701.5092136438524,51.270256178709715,705.2114299911658,703.7766723735864,1.4347576175794075,0.16423054910462084,1.2705270684747867,703.6434999999999,9.42109183250137,722.4856836650026,684.8013163349972
2021-07-04,706.2,717.05,705.43,711.63,132415,704.850807319317,701.9061072264464,53.84471156379043,706.1989023002171,704.3584003459133,1.840501954303818,0.4994848301444603,1.3410171241593576,703.2560000000001,8.883829425635774,721.0236588512716,685.4883411487285
2021-07-05,713.18,713.18,705.43,705.43,91023,704.905968527001,702.044299099919,50.56015900268702,706.0806096386452,704.4377780980678,1.6428315405773901,0.7281541722310463,0.9146773683463438,703.3335,8.896311639668875,721.1261232793377,685.5408767206623
2021-07-06,707.75,713.18,705.43,710.08,69482,705.3987334291915,702.3594246254124,52.881661095540515,706.6959004634691,704.855720461174,1.840180002295142,0.9505593382438654,0.8896206640512766,703.295,8.86367721009992,721.0223544201998,685.5676455798001
2021-07-07,717.05,717.05,708.53,710.08,113264,705.844568340697,702.662192287161,52.881661095540515,707.2165311613969,705.2427041307167,1.9738270306802406,1.1552128767311405,0.8186141539491001,703.3725000000001,8.918465690004767,721.2094313800096,685.5355686199905
2021-07-08,713.18,724.81,708.53,717.83,181363,706.9860380225355,703.2570082758998,56.80241512229303,708.849372521182,706.1750964173302,2.674276103851753,1.459025522155263,1.2152505816964898,704.109,9.484996407102146,723.0789928142043,685.1390071857958
2021-07-11,724.81,755.81,720.93,747.29,419084,710.8245105918178,704.9837922650802,67.77838022411915,714.763315210231,709.2206448308614,5.542670379369611,2.2757544935981326,3.266915885771478,706.5124999999999,13.444815426131507,733.402130852263,679.6228691477369
2021-07-12,751.94,760.47,737.98,741.09,361409,713.7069381545018,706.3997219801752,64.08773897724242,718.813574408657,711.5813378063532,7.2322366023038285,3.267050915339272,3.9651856869645563,708.2955,15.501015408187031,739.297530816374,677.2934691836259
2021-07-13,744.19,757.36,739.53,754.26,205796,717.5691345207397,708.2765956280115,68.06558834627545,724.2668706534789,714.7427201910677,9.524150462411171,4.518470824753653,5.0056796376575186,710.9309999999999,18.48707141421618,747.9051428284323,673.9568571715675
2021-07-14,755.81,759.69,743.41,755.81,127034,721.2111217092406,710.1406507014228,68.50770864197284,729.1196597837129,717.7847409176553,11.334918866057592,5.881760433014441,5.453158433043151,713.838,20.72745689838318,755.2929137967664,672.3830862032336
2021-07-15,759.69,774.42,751.94,770.54,334226,725.9091101178844,712.5092526347004,72.4160597198483,735.4920198169877,721.6925378867179,13.799481930269849,7.465304732465523,6.334177197804326,717.4425,23.93126096377794,765.3050219275559,669.5799780724441
2021-07-18,780.62,829.46,775.97,825.58,342114,735.4015758209431,716.9433995902024,81.60336378181324,749.3517090759127,729.3879054506647,19.963803625248033,9.965004511022025,9.998799114226008,724.109,33.2863273495547,790.6816546991095,657.5363453008906
2021-07-19,837.21,839.53,803.1,810.08,335938,742.513806695139,720.5958152925474,74.11673934740868,758.6945230642339,735.3650976395044,23.329425424729493,12.637888693763518,10.691536730965975,730.388,37.05276132902826,804.4935226580566,656.2824773419435
2021-07-20,821.71,821.71,798.45,799.69,226606,747.9591584384591,723.6975480261731,69.51298186705853,765.0015195158902,740.1299052217632,24.87161429412697,15.08463381383621,9.786980480290762,735.295,39.45336974468975,814.2017394893794,656.3882605106205
2021-07-22,800.0,810.08,783.72,801.55,349971,753.0630481109868,726.75058535848,69.87374599376517,770.6243626672916,744.679541872003,25.944820795288592,17.256671210126687,8.688149585161906,740.76,40.72651263709709,822.2130252741941,659.3069747258058
2021-07-25,806.2,841.09,806.2,831.78,316583,760.5599006718451,730.8693859326572,75.04283029985834,780.0329222569391,751.131427659262,28.901494597677015,19.585635887636755,9.31585871004026,747.6205,43.96417374888037,835.5488474977608,659.6921525022392
2021-07-26,837.21,841.09,810.85,816.28,316542,765.866576798336,734.2188217784354,68.54835931510162,785.6093957558714,755.9572478326501,29.652147923221378,21.59893829475368,8.053209628467698,752.9305,45.57529264565986,844.0810852913198,661.7799147086803
2021-07-27,800.0,830.23,784.5,817.05,474075,770.7411885318278,737.4671032773203,68.69330839434043,790.4464117934298,760.4826368820834,29.963774911346377,23.27190561807222,6.691869293274156,757.5425,47.21740065908647,851.977301318173,663.1076986818271
2021-07-28,821.71,831.01,806.98,807.75,99689,774.2658372430823,740.2232953056607,64.80840355127111,793.1085022867483,763.9839230389662,29.124579247782094,24.442440344014198,4.682138903767896,762.4649999999999,47.05484465242514,856.5746893048502,668.3553106951497
2021-07-29,792.25,817.05,792.25,803.1,124985,777.0119479818363,742.6890484309289,62.893159797622864,794.6456557810947,766.881410221265,27.764245559829646,25.10680138717729,2.657444172652358,767.155,46.142669886031044,859.4403397720621,674.8696602279379
2021-08-01,810.08,812.4,795.5,798.37,113061,779.0460481740424,744.8726151591277,60.92095370597732,795.2186318147724,769.2138983530232,26.004733461749197,25.286387802091674,0.7183456596575226,771.7635,44.30033411719884,860.3641682343977,683.1628317656024
2021-08-02,806.2,806.2,790.7,795.35,113315,780.5988054908004,746.8521204470051,59.63512968430365,795.2388423048073,771.1499058824288,24.088936422378538,25.046897526149046,-0.9579611037705078,775.9495,42.2260244617324,860.4015489234647,691.4974510765352
2021-08-03,796.12,802.33,793.02,796.67,84712,782.1293954440575,748.8057627824167,60.03220845135968,795.4590204117601,773.0402832244711,22.418737187289025,24.52126545837704,-2.1025282710880155,780.5115,39.01268893106831,858.5368778621366,702.4861221378633
2021-08-04,812.4,812.4,793.8,795.12,119270,783.3665958779568,750.6220073791847,59.29459192585433,795.4068634253355,774.6758178004361,20.731045624899366,23.763221491681506,-3.03217586678214,784.7635,35.399249215212535,855.5619984304251,713.965001569575
2021-08-05,795.35,802.33,794.57,795.35,87494,784.5078724610086,752.3760463054912,59.37435967878284,795.398115206053,776.2072387041075,19.19087650194558,22.848752493734324,-3.6578759917887425,789.0269999999999,30.762186476953072,850.551372953906,727.5026270460938
2021-08-08,805.43,805.43,795.35,796.9,66300,785.6880750837697,754.1220837052758,59.944039634928245,795.6291744051218,777.7400358371366,17.889138567985242,21.85682970858451,-3.9676911405992676,792.9805,25.813397475172838,844.6072949503457,741.3537050496543
2021-08-09,802.33,802.33,788.37,789.15,102873,786.0177822186488,755.4957274815396,55.735627151812835,794.6323783427954,778.585218367719,16.047159975076397,20.694895761882886,-4.647735786806489,795.0735000000001,23.50782205208117,842.0891441041624,748.0578558958377
2021-08-10,790.7,827.83,788.37,811.63,147195,788.4570410549679,757.6970715018714,63.69709221490967,797.2473970592885,781.0329799701102,16.214417089178255,19.79880002734196,-3.5843829381637065,798.6005,20.0142595153582,838.6290190307164,758.5719809692836
2021-08-11,814.73,826.36,796.51,800.0,89806,789.5563704783043,759.356009874347,57.89544683270471,797.6708744347826,782.4379444167687,15.232930018013917,18.885626025476355,-3.6526960074624384,800.8875,17.078938052488514,835.0453761049771,766.729623895023
2021-08-12,800.0,806.2,796.9,801.55,143592,790.698620908942,761.0106761537844,58.43876803341472,798.2676629832775,783.8536522377487,14.414010745528799,17.991302969486846,-3.5772922239580467,803.1745,13.388846290877435,829.9521925817548,776.3968074182451
2021-08-15,785.58,798.45,759.69,778.29,336814,789.5168474890427,761.6882966967733,48.35483043904784,795.1941763704656,783.4415298497674,11.752646520698136,16.743571679729104,-4.990925159030969,803.562,12.475634189162312,828.5132683783246,778.6107316216754
2021-08-16,778.29,778.29,764.34,765.89,363653,787.2666715377053,761.8530693753312,43.99628331714676,790.6858415442401,782.1414165275625,8.544425016677678,15.103742347118821,-6.559317330441143,800.5775,13.980117413508248,828.5377348270165,772.6172651729835
2021-08-17,766.28,768.22,752.02,754.26,206972,784.1231790103047,761.5553019488477,40.32499171629137,785.0818659220492,780.0761264144096,5.005739507639646,13.084141779222987,-8.078402271583341,797.7864999999999,17.187280570869536,832.161061141739,763.4119388582609
2021-08-18,765.89,774.03,744.19,771.32,223612,782.903828628371,761.938231284187,47.27525666366896,782.9646557801956,779.4275244577867,3.537131322408868,11.174739687860164,-7.637608365451296,796.3679999999999,18.164828827063708,832.6976576541274,760.0383423458725
2021-08-19,778.29,778.29,748.84,751.16,266456,779.8806068542403,761.5155555475524,41.172668377733096,778.0716318140117,777.3336337572099,0.7379980568017572,9.087391361648484,-8.349393304846727,793.8485000000001,20.722745772921932,835.2939915458439,752.4030084541562
2021-08-24,763.57,764.34,736.43,737.21,141517,775.8167395347889,760.5623965064718,37.559650721673805,771.7852269195483,774.3615127381573,-2.5762858186089943,6.754655925596989,-9.330941744205983,789.12,22.33849450707976,833.7969890141595,744.4430109858405
2021-08-25,751.94,751.94,724.81,728.68,158222,771.3275262457614,759.3121064473945,35.50780634155359,765.1536535473101,770.9776969797753,-5.824043432465146,4.238916053984562,-10.062959486449708,784.74,25.144632575743554,835.0292651514872,734.4507348485129
2021-08-26,741.86,742.64,723.26,726.28,173201,767.0372856509271,758.0167297239673,34.92962549937164,759.1730914631086,767.666756462755,-8.493664999646398,1.6923998432583705,-10.186064842904768,780.2014999999999,27.120078263174644,834.4416565263492,725.9613434736506
2021-08-29,740.31,740.31,711.63,713.18,136304,761.9080203508388,756.2584265975372,31.878356381103373,752.097231238015,763.6307004284768,-11.533469190461801,-0.952773963485664,-10.580695226976138,775.473,30.140252522266234,835.7535050445324,715.1924949554675
2021-08-31,727.13,727.13,700.0,708.53,159777,756.8243993650447,754.3867235937122,30.848246834311524,745.3945802783203,759.5491670634044,-14.15458678508412,-3.5931365278053558,-10.561450257278764,770.7445,32.872321980187664,836.4891439603754,704.9998560396247
2021-09-01,713.18,718.6,701.63,706.98,104201,752.0773137112309,752.5276363939588,30.494516204804498,739.4846448508864,755.6551546883375,-16.17050983745105,-6.108611189734495,-10.061898647716555,766.175,35.106108405363344,836.3872168107266,695.9627831892733
2021-09-02,706.98,711.63,696.12,701.94,127440,747.3023314530184,750.5438075157643,29.317317093227288,733.7085456430577,751.6762543410532,-17.967708697995477,-8.480430691386692,-9.487278006608785,761.5045,37.17315195209207,835.8508039041842,687.1581960958158
2021-09-05,702.02,702.02,679.07,692.25,130256,742.0592522670166,748.2577758484795,27.147440699529668,727.330307851818,747.2743095750493,-19.94400172323128,-10.77314489775561,-9.17085682547567,756.2835,39.249148737006195,834.7817974740124,677.7852025259876
2021-09-06,682.17,726.36,682.17,720.16,218544,739.9736091939675,747.155902285794,40.74998065023051,726.2271835669229,745.2658421991197,-19.038658632196757,-12.42624764464384,-6.6124109875529165,752.5355,38.923069397421266,830.3816387948425,674.6893612051574
2021-09-07,727.91,727.91,693.8,703.1,97523,736.4618368897801,745.4282198432139,36.28969759978884,722.6691553258579,742.1424464806663,-19.473291154808408,-13.835656346676755,-5.6376348081316525,747.923,39.04813859032331,826.0192771806467,669.8267228193533
2021-09-08,703.1,703.1,686.05,693.8,104324,732.3988048050392,743.403583770931,34.098607378781054,718.2277468141874,738.5615245191354,-20.333777704948034,-15.135280618331013,-5.198497086617021,742.7679999999999,39.04751324382878,820.8630264876575,664.6729735123423
2021-09-09,697.67,698.45,686.05,690.7,93559,728.4274900617021,741.3367765642279,33.37523051567808,713.992708842774,735.016226406607,-21.02351756383291,-16.312928007431392,-4.710589556401519,737.8455,39.09813839626246,816.041776792525,659.6492232074751
2021-09-12,697.67,703.1,682.33,702.33,130358,725.9420148177305,739.8070990519052,38.634829368859336,712.1984459438858,732.595024450562,-20.396578506676292,-17.129658107280374,-3.266920399395918,732.3805,35.73623982149775,803.8529796429955,660.9080203570045
2021-09-13,715.5,740.31,703.1,718.6,299759,725.24277531128,738.9754481086932,45.157516364198,713.1833004140572,731.5583559727426,-18.375055558685403,-17.37873759756138,-0.9963179611240243,728.3105,32.077788097235995,792.4660761944721,664.154923805528
2021-09-14,731.01,731.01,711.86,712.48,168837,724.0272729006819,737.9364109279602,43.293392510534844,713.075100350356,730.1451444192061,-17.070044068850052,-17.316998891819114,0.24695482296906235,723.857,27.184179241854544,778.2253584837091,669.4886415162908
2021-09-15,713.18,716.28,700.0,706.98,96697,722.4037231006168,736.7224340288245,41.630175536110535,712.1373926041474,728.4292077955612,-16.291815191413775,-17.111962151738048,0.8201469603242728,720.2915,24.179415184922277,768.6503303698446,671.9326696301555
2021-09-16,721.09,721.09,690.0,695.35,161004,719.8271780434153,735.0999856355373,38.28118180130743,709.5547168188939,725.9788961070011,-16.42417928810721,-16.974405579011883,0.5502262909046713,716.7645,22.24540034657911,761.2553006931582,672.2736993068418
2021-09-20,695.43,695.43,678.29,678.37,171670,715.8788753726138,732.8752803164967,33.98277436028553,704.7570680775256,722.4523112101863,-17.69524313266072,-17.118573089741652,-0.5766700429190692,712.97,21.983916848474237,756.9378336969485,669.0021663030516
2021-09-21,665.12,687.6,658.91,674.42,173627,711.9304110514125,730.5829163825166,33.053000721274074,700.0898268348293,718.894362231654,-18.80453539682469,-17.45576555115826,-1.3487698456664283,708.125,18.91039661140461,745.9457932228092,670.3042067771908
2021-09-22,687.6,696.9,682.95,689.92,72519,709.8341814274685,728.9882922106532,39.991283854593064,698.5252380910094,716.7481131774574,-18.22287508644797,-17.609187458216205,-0.6136876282317658,705.063,16.36162522491637,737.7862504498328,672.3397495501672
2021-09-23,703.72,709.3,687.6,699.22,218766,708.8233070058048,727.8209082023923,43.757631773878934,698.6321245385465,715.4497344235716,-16.81760988502515,-17.450871943577994,0.6332620585528446,703.1635,14.536527231357068,732.2365544627141,674.0904455372859
2021-09-26,713.18,713.18,683.72,685.27,93082,706.580134910014,726.1522451356318,39.72957180804845,696.5764130710778,713.2141985403441,-16.637785469266305,-17.288254648715657,0.6504691794493525,700.993,13.745364807265954,728.483729614532,673.5022703854681
2021-09-27,685.27,689.92,671.32,674.42,66203,703.5172649185841,724.1235296401169,36.88551550738946,693.1677341370658,710.3405542040223,-17.172820066956433,-17.265167732363814,0.09234766540738093,698.4,13.614978207090887,725.6299564141817,671.1700435858182
2021-09-28,670.54,682.17,659.69,665.89,169341,699.933715878719,721.8398618110928,34.77771582009798,688.9711596544404,707.0479205592799,-18.07676090483949,-17.42748636685895,-0.6492745379805385,696.0355000000001,14.953646791636864,725.9427935832738,666.1282064167264
2021-09-29,676.05,676.05,655.04,670.54,89368,697.1343143664601,719.8281025243832,36.89474860916878,686.1355966306803,704.3436301474813,-18.208033516801038,-17.58359579684737,-0.6244377199536686,694.136,15.678287836185845,725.4925756723717,662.7794243276282
2021-09-30,670.54,676.05,657.36,668.91,82748,694.4462844267972,717.8313141900937,36.44814081781216,683.4855048413449,701.7189168032235,-18.233411961878573,-17.713559029853613,-0.5198529320249605,692.2325,16.334145660985488,724.9007913219709,659.564208678029
2021-10-03,658.99,666.67,654.26,658.22,88933,690.9961621004355,715.4936155944038,33.57746330595016,679.5985040965226,698.4967748177994,-18.898270721276845,-17.950501368138262,-0.9477693531385825,690.0465,17.824177333952424,725.6948546679049,654.3981453320952
2021-10-04,658.22,665.12,645.74,658.91,94801,687.9403371384893,713.2746502769762,33.93913071917562,676.4156573124422,695.564421127592,-19.148763815149778,-18.190153857540565,-0.9586099576092124,688.3795,19.11925606212291,726.6180121242459,650.1409878757541
2021-10-05,658.91,662.71,652.71,658.91,39369,685.1755431252999,711.1427032072909,33.93913071917562,673.7224792643742,692.8492788218445,-19.126799557470235,-18.3774829975265,-0.7493165599437361,685.317,18.660747178603465,722.6384943572069,647.9955056427931
2021-10-06,662.79,670.54,657.36,665.12,54341,683.2654913990808,709.337891316809,37.491707201661946,672.3990209160089,690.7952581683745,-18.39623725236561,-18.381233848494322,-0.015003403871286736,683.4179999999999,18.688310334497647,720.7946206689952,646.0413793310046
2021-10-10,676.74,676.74,655.19,658.91,55797,680.9459207896446,707.360326951444,35.4392756946005,670.3237869289306,688.4333871929393,-18.10960026400869,-18.326907131597196,0.21730686758850482,681.6735,19.287023801143043,720.2475476022861,643.0994523977139
2021-10-11,658.91,658.91,646.12,651.16,40240,678.109166428726,705.1563925611913,33.0105367957391,667.3755120167874,685.6723955490179,-18.29688353223048,-18.320902411723853,0.024018879493372225,679.6965,20.312326896442993,720.321153792886,639.071846207114
2021-10-17,655.04,658.91,643.8,658.14,34196,676.2073410545615,703.3126124607523,37.18587545046735,665.9546640142047,683.6329588416831,-17.678294827478453,-18.192380894874773,0.5140860673963203,677.487,20.12329289263305,717.7335857852661,637.2404142147338
2021-10-18,658.14,658.14,632.56,643.41,62559,673.0837847636509,700.963490403468,32.5720393130005,662.4862541658655,680.6534804089658,-18.167226243100345,-18.18734996451989,0.020123721419544438,673.7275,19.03221337767151,711.791926755343,635.663073244657
2021-10-19,634.11,634.88,608.53,613.18,110546,667.3786624052079,697.5210005837241,25.56227086710794,654.9006766018861,675.6554448231165,-20.754768221230393,-18.700833615861992,-2.0539346053684007,668.7625,21.217540875182863,711.1975817503658,626.3274182496343
2021-10-20,624.81,636.43,616.28,621.71,58775,663.0292659856643,694.5480201686761,30.131428618237507,649.7944186631344,671.6594859473302,-21.86506728419579,-19.333680349528752,-2.5313869346670366,664.499,21.69563208527294,707.890264170546,621.1077358294541
2021-10-21,616.28,627.75,615.58,626.36,61630,659.5369549394105,691.8739801620613,32.56161078908441,646.1891234841906,668.3039684697502,-22.114844985559557,-19.889913276734912,-2.224931708824645,661.0495,22.01450083708094,705.0785016741619,617.020498325838
2021-10-24,620.16,647.29,619.38,643.41,113978,658.0010544689904,689.9734319204119,40.7054280359634,645.7615660250843,666.4599708053242,-20.698404780239912,-20.051611577435914,-0.6467932028039982,659.3014999999999,21.954700797456482,703.2109015949129,615.3920984050869
2021-10-25,644.96,651.94,635.66,648.06,70258,657.0542873767057,688.329767923533,42.73643975622904,646.1151712519944,665.0970100049299,-18.98183875293546,-19.83765701253582,0.8558182596003618,657.9835,21.789940526730838,701.5633810534617,614.4036189465384
2021-10-26,635.12,652.33,612.4,648.84,299356,656.27197429321,686.7811495735906,43.0885861129911,646.5343756747645,663.8927870416018,-17.35841136683723,-19.341807883396104,1.983396516558873,655.9295,20.520226087564964,696.96995217513,614.88904782487
2021-10-27,643.41,676.9,640.31,674.42,230090,658.0003576938567,686.2963986099204,53.24352350946754,650.8244717248007,664.6725805940757,-13.848108869275052,-18.243068080571895,4.394959211296843,654.6895,18.40708258282927,691.5036651656585,617.8753348343414
2021-10-28,674.42,679.07,662.79,675.19,199592,659.6374664849179,685.8608535663941,53.51242279987792,654.5730145363698,665.4516486982183,-10.878634161848481,-16.770181296827214,5.891547134978733,654.1855,17.648044911861952,689.481589823724,618.8894101762761
2021-10-31,675.19,699.3,663.57,692.25,222689,662.7434220577829,686.1114083284963,59.12177710989579,660.3694738384668,667.4367117576096,-7.067237919142826,-14.829592621290338,7.762354702147512,655.077,19.11350035420107,693.3040007084021,616.8499992915979
2021-11-01,705.43,705.43,674.42,677.52,133727,664.1507151951369,685.7744903548298,53.1576099182278,663.0080163248565,668.1836219977866,-5.175605672930146,-12.898795231618301,7.723189558688155,655.6585,19.629725652975825,694.9179513059516,616.3990486940484
2021-11-02,689.92,689.92,670.54,673.64,62963,665.0544566051237,685.2986279879738,51.678746842452796,664.6437061210323,668.5877981460987,-3.944092025066425,-11.107854590307927,7.163762565241502,655.8135,19.765189036084372,695.3438780721688,616.2831219278312
2021-11-03,686.82,686.82,671.32,674.34,62379,665.9387940713025,684.8688778707984,51.93852974792019,666.1354436408735,669.0138871723136,-2.878443531440098,-9.46197237853436,6.583528847094263,656.085,19.990563431688475,696.066126863377,616.1038731366231
2021-11-08,666.67,682.17,663.57,663.57,53173,665.7131946359403,684.0336277582181,47.69032886412941,665.740760003816,668.6106362706607,-2.869876266844699,-8.143553156196429,5.27367688935173,656.3525,20.056323028452244,696.4651460569045,616.2398539430955
2021-11-09,666.67,666.67,643.41,650.39,100951,664.2538427658508,682.7142698069155,43.04976678615599,663.3791046186136,667.2609595098711,-3.8818548912574897,-7.291213503208642,3.409358611951152,655.9264999999999,20.089597799294367,696.1056955985887,615.7473044014112
2021-11-11,639.61,652.33,638.76,638.76,60792,661.8258577405317,680.9905729517423,39.405992032228035,659.5915500619038,665.1497773239547,-5.5582272620508775,-6.944616254977089,1.3863889929262116,654.919,20.434404914533157,695.7878098290663,614.0501901709337
2021-11-14,639.53,647.29,630.31,639.92,40711,659.7395855747667,679.3799622477524,39.95192929220791,656.5651577446879,663.2809049295877,-6.715747184899783,-6.898842440961628,0.1830952560618453,653.659,20.548902877629605,694.7568057552592,612.5611942447408
2021-11-15,633.33,645.74,633.33,639.46,46501,657.808196472408,677.8144735321542,39.7987967389328,653.9335950147359,661.5163934533219,-7.582798438585996,-7.035633640486503,-0.5471647980994936,652.6865,20.746609431309643,694.1797188626193,611.1932811373807
2021-11-16,639.53,674.42,635.66,674.42,104559,659.3902729988454,677.6813569230502,54.17465510564644,657.0853496278535,662.4722161604833,-5.386866532629824,-6.705880218915167,1.3190136862853432,653.8495,21.301071995523245,696.4516439910465,611.2473560089536
2021-11-17,682.17,695.35,668.22,678.29,143618,661.1902469989553,677.705225279009,55.44308921143041,660.3476035312607,663.6439038522993,-3.2963003210386432,-6.023964239339863,2.7276639183012197,654.857,21.98038146789665,698.8177629357933,610.8962370642066
2021-11-18,677.52,677.52,655.74,662.02,86241,661.2692710942929,677.0901184053224,49.26869316926063,660.6048952956821,663.5236146780549,-2.9187193823727284,-5.402915267946436,2.4841958855737074,655.7875,21.863890411999854,699.5152808239998,612.0597191760003
2021-11-21,674.42,674.42,648.06,651.16,51751,660.3064833710268,676.0732510168784,45.616949712750305,659.1518344809618,662.6077913685693,-3.455956887607499,-5.013523591878649,1.5575667042711503,657.6865,19.488802527296034,696.6641050545921,618.7088949454079
2021-11-22,662.79,666.67,645.04,658.91,38185,660.1734849547386,675.4001823495499,48.54777504820682,659.1146291761985,662.3338808968234,-3.219251720624925,-4.654669217627904,1.4354174970029794,659.5465,17.553604300768026,694.6537086015361,624.439291398464
2021-11-23,658.91,663.57,639.53,648.06,64274,659.0198197209539,674.3280183358421,44.899554190071065,657.4139169952449,661.2765563859475,-3.8626393907026113,-4.496263252242846,0.6336238615402348,660.6315,15.99589232635565,692.6232846527113,628.6397153472886
2021-11-24,648.06,648.06,636.98,644.19,96252,657.607455938006,673.1461352638484,43.63987149186335,655.3794682267458,660.010885542544,-4.631417315798217,-4.52329406495392,-0.10812325084429641,660.6705,15.952586483918203,692.5756729678363,628.7653270321636
2021-11-25,644.19,653.49,639.53,652.71,81644,657.1410315629578,672.3447181946779,47.15496314740834,654.9687808072465,659.4700792060592,-4.501298398812651,-4.518894931725667,0.017596532913016105,660.903,15.792201639801618,692.4874032796033,629.3185967203967
2021-11-28,647.29,647.29,630.23,633.33,66398,654.8733142712475,670.814729245867,40.90546836290219,651.6397376061316,657.5337770426473,-5.8940394365157545,-4.793923832683685,-1.1001156038320694,660.1274999999999,16.766516405294045,693.660532810588,626.5944671894118
2021-11-29,638.76,639.53,617.83,620.16,73172,651.5672843406526,668.828269275441,37.28877034720112,646.7967010513421,654.7653491135624,-7.968648062220268,-5.428868678591002,-2.5397793836292664,657.4145000000001,18.61963238798578,694.6537647759717,620.1752352240285
2021-11-30,630.85,630.85,612.4,627.91,94516,649.3142096415428,667.2236312646394,40.61613174022547,643.891054735751,652.7760639940392,-8.885009258288164,-6.1200967945304345,-2.76491246375773,655.0505,19.235248202755848,693.5209964055117,616.5800035944884
2021-12-01,620.16,637.21,620.16,623.88,25231,646.8919039613959,665.5238810189672,39.44413836385883,640.8124309302508,650.6356148092956,-9.823183879044791,-6.860714211433306,-2.962469667611485,651.632,18.330267060980923,688.2925341219618,614.9714658780381
2021-12-02,624.03,624.03,604.65,610.85,114952,643.4593416793582,663.3798072535176,35.84288550483073,636.2028261717506,647.6885322308293,-11.485706059078666,-7.785712580962379,-3.699993478116287,648.2985,19.40525383960516,687.1090076792103,609.4879923207897
2021-12-05,608.53,608.53,588.06,593.02,73387,638.6555948527526,660.6205991259287,31.59234105180647,629.5593144530197,643.6390113248419,-14.079696871822193,-9.044509439134343,-5.0351874326878505,644.2675,22.056453137360045,688.3804062747201,600.1545937252799
2021-12-06,589.15,610.08,577.52,610.08,68582,635.934109628681,658.6386148464806,39.041209524290004,626.562496844863,641.153158634113,-14.59066178925002,-10.153739909157478,-4.436921880092543,641.0545,22.125500761517813,685.3055015230356,596.8034984769644
2021-12-07,612.4,616.43,593.02,593.8,48358,631.9213372830924,656.0959240681872,35.11203242944465,621.522112714884,637.6455172538083,-16.12340453892432,-11.347672835110846,-4.775731703813474,637.566,23.823766638436066,685.2135332768721,589.918466723128
2021-12-08,589.15,589.15,575.19,580.62,45768,627.0354956370836,653.1360839086504,32.27964425420123,615.2294799895171,633.4214048646373,-18.191924875120208,-12.71652324311272,-5.475401632007488,634.0775000000001,26.772791151711896,687.6230823034239,580.5319176965763
2021-12-09,578.29,586.05,573.64,575.66,50635,622.1425912906947,650.0978061083113,31.257751117910132,609.1418676834376,629.1427822820716,-20.00091459863404,-14.173401514216984,-5.827513084417056,630.9225,29.744935504358452,690.412371008717,571.4326289912831
2021-12-12,579.84,579.84,559.69,562.02,53496,616.4166302153903,646.6437744962207,28.578386461012542,601.8923495782933,624.1707243352514,-22.2783747569581,-15.79439616276521,-6.483978594192891,627.0274999999999,33.382662987821114,693.7928259756421,560.2621740243577
2021-12-13,551.94,559.69,543.41,549.61,70526,610.0540940044008,642.8385284375453,26.36412193875624,593.8489111816328,618.6477077178254,-24.798796536192526,-17.595276237450676,-7.20352029874185,622.535,37.42282775048739,697.3806555009747,547.6893444990252
2021-12-14,560.47,573.26,555.04,573.26,18561,606.5498945754102,640.1099586948965,36.466801209518906,590.6813863844586,615.2856552942827,-24.6042689098241,-18.997074771925362,-5.6071941378987376,617.477,36.87332356225646,691.2236471245129,543.730352875487
2021-12-15,584.5,594.57,562.02,567.44,69145,602.8251427110855,637.2601563931358,35.18738851660788,587.1057884791574,611.7415326798914,-24.635744200734052,-20.1248086576871,-4.510935543046951,611.9345000000001,35.55891486045616,683.0523297209124,540.8166702790877
2021-12-16,570.93,570.93,558.91,568.99,28600,599.6027481671726,634.5828953581108,35.83306898681086,584.3187440977485,608.574752481381,-24.256008383632434,-20.951048602876167,-3.304959780756267,607.283,34.73753909110141,676.7580781822028,537.8079218177973
2021-12-20,580.31,580.31,558.14,559.69,50222,595.8015340560133,631.6459190695575,33.6659397773612,580.5297065442487,604.9536597049824,-24.42395316073373,-21.64562951444768,-2.7783236462860508,602.7095,34.678068524349506,672.065637048699,533.353362951301
2021-12-21,569.77,570.54,559.69,566.82,30657,593.0413879554407,629.103726164869,36.82070358556968,578.4205209220565,602.1289441712801,-23.70842324922353,-22.05818826140285,-1.650234987820678,598.105,32.89083370949713,663.8866674189943,532.3233325810057
2021-12-22,577.52,586.05,569.77,582.95,54868,592.0803033882557,627.2937761191879,43.380979994035236,579.1173638571248,600.7082816400741,-21.590917782949305,-21.964734165712144,0.3738163827628398,594.8495,30.844720007951906,656.5389400159038,533.1600599840963
2021-12-23,594.57,594.57,580.62,589.15,53583,591.8012268750886,625.7979417615727,45.71430255558673,580.6608463406441,599.8521126296982,-19.19126628905417,-21.41004059038055,2.2187743013263805,592.0975000000001,28.583274070327786,649.2640481406556,534.9309518593445
2021-12-26,593.02,600.78,589.15,596.82,70760,592.2792052679373,624.6615518885699,48.539660258263574,583.146869980545,599.627511694165,-16.480641713620003,-20.42416081502844,3.9435191014084374,589.3030000000001,24.83133612363083,638.9656722472618,539.6403277527385
2021-12-27,596.9,600.0,576.74,576.74,65018,590.7992809567052,622.7822753439201,42.32848517190725,582.1611976758458,597.9321404575603,-15.770942781714552,-19.493517208365667,3.7225744266511143,586.4735,22.68159543145741,631.8366908629148,541.1103091370851
2021-12-28,573.64,579.07,565.89,572.09,43607,589.0174446751141,620.7943429774919,41.0194807146459,580.6117826487925,596.0179078310744,-15.406125182281812,-18.676038803148895,3.269913620867083,584.0699999999999,21.436821740087954,626.9436434801759,541.196356519824
2021-12-29,562.87,576.74,562.02,573.64,77201,587.552926134627,618.9451530568059,41.667049300806326,579.5392007028245,594.3602850287725,-14.82108432594805,-17.905047907708727,3.0839635817606776,581.3565,18.877425748635666,619.1113514972714,543.6016485027286
2022-01-02,585.12,599.22,565.89,596.12,73533,588.3688379313292,618.0500490153626,50.20598291142237,582.0900929023899,594.4906342859006,-12.4005413835107,-16.804146602869125,4.403605219358425,579.9685000000001,16.45083401342793,612.8701680268559,547.0668319731442
2022-01-03,596.12,611.16,593.02,607.75,78276,590.2146628902502,617.6461255245641,53.96077414590404,586.0377709174068,595.4728095239819,-9.435038606575176,-15.330325003610335,5.895286397035159,579.8135,16.156525575900453,612.1265511518009,547.5004488481991
2022-01-04,612.4,630.78,598.45,626.2,79587,593.6418378530835,617.9815715824243,59.215018219999564,592.2165753916519,597.7488977073906,-5.532322315738725,-13.370724466036014,7.83840215029729,581.4725,19.03166775750605,619.5358355150121,543.4091644849879
2022-01-05,635.58,635.58,613.95,616.28,78208,595.797853295647,617.9148432850743,55.54453255749998,595.9186407160131,599.1215719512876,-3.202931235274491,-11.33716581988371,8.134234584609219,581.7825,19.56518682575845,620.912873651517,542.6521263484831
2022-01-06,606.2,650.39,606.2,649.61,178781,600.9228196484426,619.1577906072283,63.68862484071486,604.1788498366265,602.8614555104515,1.3173943261749628,-8.806253790671976,10.123648116846939,584.5730000000001,24.68063999427151,633.9342799885432,535.211720011457
2022-01-09,662.56,675.19,658.91,672.17,162594,607.7082653962099,621.236700779494,67.96634581302013,614.6390267848378,607.9954217689366,6.643605015901244,-5.716282029357332,12.359887045258576,589.1505,31.466008305546676,652.0825166110933,526.2184833889066
2022-01-10,674.42,681.4,660.47,666.67,160045,613.323668691809,623.0183987881412,65.92722558117504,622.6437918948628,612.3416868230895,10.302105071773326,-2.5126046091312007,12.814709680904526,593.701,35.70730588667724,665.1156117733545,522.2863882266455
2022-01-11,674.42,675.97,662.79,670.16,83864,618.7366526259224,624.8670890317435,66.61175161423401,629.9539777571916,616.624524836194,13.329452920997596,0.6558068968945587,12.673646024103038,599.1080000000001,38.71814624206047,676.544292484121,521.6717075158791
2022-01-12,674.42,689.53,668.99,671.32,170915,623.7445904710727,626.6887718148124,66.85013799594971,636.3179811791621,620.6760415149945,15.64193966416758,3.653033450349163,11.988906213818417,605.1935000000001,40.07010754521061,685.3337150904213,525.0532849095789
2022-01-13,672.87,689.92,667.44,682.56,94487,629.3460580452562,628.8798003710942,69.1486904296147,643.4321379208294,625.2600384398097,18.1720994810197,6.5568466564832715,11.615252824536428,610.6585,42.84314061354648,696.344781227093,524.972218772907
2022-01-16,682.56,706.98,683.72,697.67,137916,635.8531001361841,631.5774552585024,71.96308951986987,651.7764243945479,630.62373929612,21.152685098427924,9.476014344872201,11.676670753555722,617.17,45.72821828334188,708.6264365666838,525.7135634333162
2022-01-17,711.63,711.63,692.25,696.12,111345,641.592804885119,634.1085354444434,71.24509854232677,658.5985129492329,635.4753141630741,23.12319878615881,12.205451233129523,10.917747553029287,623.5265,47.48075358279416,718.4880071655883,528.5649928344118
2022-01-18,697.67,718.6,696.9,708.53,207182,647.967775848441,637.0270242505437,73.52284447486277,666.2802801878124,640.8867723732168,25.393507814595637,14.843062549422747,10.55044526517289,630.9685,48.59978679561774,728.1680735912354,533.7689264087645
2022-01-19,722.64,722.64,705.43,706.98,145505,653.587987672399,639.7702782015028,72.74774484220009,672.5417755435336,645.7825670122378,26.759208531295826,17.22629174579736,9.532916785498465,637.9765,48.96686476588592,735.9102295317718,540.0427704682281
2022-01-20,706.98,713.18,698.91,710.85,116652,659.0415126559801,642.5577182720322,73.49895622490561,678.435348536836,650.6023768631832,27.832971673652878,19.347627731368465,8.485343942284413,644.3715,49.747802836967885,743.8671056739357,544.8758943260642
2022-01-23,724.81,725.04,696.9,700.0,191997,662.9423209744582,644.8103567711682,67.85186313006855,681.7529872234767,654.261460058503,27.491527164973718,20.976407618089517,6.5151195468842005,649.914,49.44575107072336,748.8055021414467,551.0224978585533
2022-01-24,697.67,697.67,671.32,671.47,419335,663.7544808816527,645.8558329762205,55.727245077160454,680.1709891890956,655.536166720836,24.634822468259586,21.708090588123532,2.926731880136053,653.6465000000001,48.02401858226828,749.6945371645367,557.5984628354635
2022-01-25,658.91,684.5,655.19,672.09,227148,664.5483398453048,646.8846238398982,55.91162134439955,678.9277600830809,656.7623765933668,22.165383489714145,21.799549168441658,0.3658343212724873,658.414,44.59808390975595,747.6101678195118,569.2178321804881
2022-01-26,672.87,676.74,663.57,666.67,109049,664.7504027171805,647.6605209442158,53.802211919209256,677.04195083953,657.4962746234878,19.54567621604224,21.348774577961777,-1.8030983619195382,663.143,39.70937342612346,742.561746852247,583.7242531477531
2022-01-27,667.44,674.34,663.57,666.36,56260,664.9036976964966,648.3938338483642,53.67747415426624,675.3985737872946,658.1528468735999,17.24572691369474,20.52816504510837,-3.282438131413631,667.779,33.6620703150493,735.1031406300986,600.4548593699014
2022-01-30,679.61,688.37,675.97,684.5,99204,666.7700122015921,649.8097619327422,59.58256814144824,676.7987932046339,660.1044878459257,16.694305358708107,19.76139310782832,-3.067087749120212,672.198,29.275095325487463,730.748190650975,613.647809349025
2022-01-31,689.92,689.92,674.5,675.97,65157,667.6462015157263,650.8356536216543,55.96945085376196,676.6712865577671,661.2797109684498,15.391575589317313,18.88742960412612,-3.495854014808806,675.609,25.038473322396857,725.6859466447937,625.5320533552064
2022-02-01,678.29,684.5,670.54,674.42,58118,668.2913251808952,651.7605299502169,55.313066936905656,676.324934779649,662.2530657115276,14.071869068121373,17.92431749692517,-3.852448428803797,678.0200000000001,22.18995007229888,722.3999001445978,633.6400998554024
2022-02-03,674.42,679.84,666.67,666.98,150826,668.1664370684291,652.3573719129535,52.15151901798548,674.8872525058568,662.6032089921551,12.284043513701704,16.79626270028048,-4.5122191865787755,680.5550000000001,17.071079421998192,714.6971588439965,646.4128411560037
2022-02-06,663.57,666.67,655.04,661.24,72123,667.5067763952453,652.7057102693082,49.7871620783361,672.7876751972634,662.5022305482919,10.28544464897152,15.494099090018688,-5.208654441047168,681.1365,16.133858896597808,713.4042177931956,648.8687822068043
2022-02-07,661.24,665.12,650.39,653.49,59770,666.1718453099838,652.7364667293353,46.70813772329635,669.8188020899921,661.834657915085,7.984144174907101,13.992108106996373,-6.007963932089272,680.2025,17.186607967299537,714.5757159345991,645.8292840654009
2022-02-08,662.79,675.97,640.31,648.84,86778,664.5211933756997,652.5836641124987,44.91337366234235,666.5912940761472,660.8720906621157,5.719203414031426,12.337527168403383,-6.618323754371957,679.3109999999999,18.348659466323895,716.0083189326477,642.6136810673521
2022-02-09,651.16,651.16,636.43,641.86,87317,662.3629844827759,652.1631282649497,42.28670204587412,662.7864796028938,659.4637876501072,3.322691952786613,10.534560125280029,-7.211868172493416,677.896,20.09920773512077,718.0944154702415,637.6975845297584
2022-02-10,643.41,650.39,631.01,634.11,95660,659.6722240558449,651.455162450638,39.52288253848316,658.3747135101409,657.5857293056548,0.7889842044860416,8.585444941121233,-7.796460736635192,676.0355,22.337513520169374,720.7105270403387,631.3604729596613
2022-02-13,621.71,628.68,611.63,625.58,180844,656.4253455743359,650.4404501976718,36.681164471840496,653.3293729701192,655.214934542273,-1.885561572153847,6.4912436384662175,-8.376805210620065,673.1865,24.943280980120143,723.0730619602404,623.2999380397597
2022-02-14,628.68,631.01,618.6,624.03,65371,653.3400745672562,649.4047462683513,36.17221481206657,648.8217771285623,652.9049393909935,-4.083162262431188,4.376362458286737,-8.459524720717924,669.5045,26.524026144145775,722.5525522882915,616.4564477117085
2022-02-15,624.03,627.91,621.71,624.03,45673,650.5486388941843,648.4096581793964,36.17221481206657,645.007657570322,650.7660549916607,-5.758397421338714,2.3494104823616473,-8.107807903700362,665.9,27.59352727305832,721.0870545461166,610.7129454538833
2022-02-16,624.81,631.78,622.48,625.58,43171,648.1706732852143,647.5143774664789,37.18304444559834,642.0187871748878,648.9004212885748,-6.881634113686914,0.5032015631519351,-7.384835676838849,661.7525,27.07786294822208,715.9082258964443,607.5967741035558
2022-02-17,624.03,632.56,623.26,632.56,55936,646.6839424961463,646.9279312913228,41.66345012347429,640.563589147982,647.6900197116432,-7.126430563661188,-1.0227248622106895,-6.103705701450498,658.0315,25.609168850455102,709.2498377009102,606.8131622990899
2022-02-20,619.92,629.46,612.4,622.56,58816,644.38642416318,645.9723261426435,37.53312327353412,637.7938062021386,645.82853677004,-8.03473056790142,-2.4251260033488355,-5.609604564552584,653.617,23.55222441166515,700.7214488233303,606.5125511766696
2022-02-21,626.36,627.91,618.6,624.88,30102,642.5286694809723,645.145176097834,39.04294555752731,635.807066786425,644.2767933055926,-8.46972651916758,-3.634046106512584,-4.8356804126549955,649.8610000000001,21.68157109767997,693.2241421953601,606.4978578046401
2022-02-22,624.81,631.78,621.71,626.36,37501,640.9887961970702,644.4085025253698,40.03859454511435,634.3536718962058,642.9496234311043,-8.595951534898518,-4.626427192189771,-3.9695243427087465,647.6054999999999,21.661659671812675,690.9288193436253,604.2821806563745
2022-02-23,627.91,627.91,620.93,623.26,26347,639.3003394163968,643.5791494851593,38.61583225879273,632.6469531429434,641.4911328065781,-8.84417966363469,-5.469977686478756,-3.374201977155935,645.164,21.508036050217036,688.180072100434,602.147927899566
2022-02-24,623.26,623.26,608.53,612.4,62153,636.7384023291208,642.3564377406433,34.05089450156062,629.5320372747983,639.3362340801649,-9.804196805366587,-6.336821510256323,-3.467375295110264,642.4505,22.06810832401802,686.586716648036,598.314283351964
2022-02-27,612.4,620.16,602.87,606.98,94586,633.9042687739665,640.9691264566965,32.016666104862594,626.0624930786755,636.9394760001526,-10.876982921477065,-7.2448537925004715,-3.632129128976594,639.4815000000001,22.668340610931903,684.8181812218639,594.1448187781363
2022-02-28,618.6,618.6,597.67,599.22,55256,630.6010050812077,639.3319058113359,29.316272587821018,621.9328787588793,634.145440740882,-12.21256198200274,-8.238395430400926,-3.9741665516018134,635.2175,21.756921191598664,678.7313423831973,591.7036576168026
2022-03-02,596.9,600.78,589.15,590.7,76482,626.8009093591879,637.424772250107,26.657768686837514,617.1278204882824,630.9272599452612,-13.799439456978803,-9.350604235716503,-4.4488352212623,630.954,21.70544641814858,674.3648928362971,587.5431071637028
2022-03-06,602.48,608.53,585.27,595.35,36346,623.8055846583129,635.7747811814754,30.369090872384035,613.7773865670082,628.2919073567234,-14.51452078971522,-10.383387546516246,-4.131133243198974,627.0004999999999,20.541549799333257,668.0835995986664,585.9174004013333
2022-03-07,596.9,600.7,579.07,600.0,138577,621.5383861194259,634.3718485861234,33.96755046836974,611.6577886336223,626.1962105154846,-14.538421881862291,-11.214394413585456,-3.324027468276835,623.6514999999999,19.08912704437747,661.8297540887548,585.473245911245
2022-03-09,608.53,608.53,581.4,589.15,138776,618.4537779175758,632.5984427592166,30.06349880259303,608.1950519207574,623.4520467735969,-15.256994852839512,-12.022914501436267,-3.234080351403245,620.047,18.412110459682275,656.8712209193645,583.2227790806355
2022-03-10,589.15,590.7,579.07,587.6,165638,615.5153228778067,630.8337979451296,29.541144368655836,605.0265823944869,620.7963396051822,-15.769757210695275,-12.77228304328807,-2.997474167407205,616.7524999999999,18.00352213349156,652.7595442669831,580.7454557330168
2022-03-13,596.12,612.4,587.6,606.2,93422,614.6281492703966,629.8677666531637,42.46091111672521,605.2071081799505,619.7151292640576,-14.5080210841071,-13.119430651451877,-1.3885904326552225,614.6205,16.46247486512295,647.5454497302459,581.6955502697541
2022-03-14,608.53,611.63,596.9,603.1,29363,613.5302302922636,628.818050313824,41.10797103681061,604.8829376907274,618.4843789482014,-13.601441257473994,-13.2158327726563,-0.38560848481769305,612.6825,15.329474833953226,643.3414496679064,582.0235503320936
2022-03-15,604.65,605.43,596.9,598.45,50282,612.0940178834766,627.6271463799486,39.09566601011602,603.8932549690771,617.0003508779643,-13.107095908887118,-13.194085399902466,0.08698949101534836,610.8995000000001,14.769648278268276,640.4387965565367,581.3602034434635
2022-03-16,598.45,603.1,593.02,595.35,46676,610.4993495136217,626.3613759336762,37.76830608485428,602.5789080507576,615.3966211833002,-12.817713132542622,-13.118810946430498,0.3010978138878766,609.388,14.73500115194986,638.8580023038998,579.9179976961003
2022-03-20,601.55,601.55,592.25,596.9,42001,609.2041733694672,625.2060278578457,38.88557698953161,601.7052298891026,614.0265010956483,-12.321271206545703,-12.95930299845354,0.6380317919078369,608.0315,14.563915492554866,637.1593309851098,578.9036690148903
2022-03-21,600.78,604.65,590.7,599.22,47286,608.2532997152322,624.1869679418518,40.60444212528407,601.3228868292407,612.9297232367114,-11.606836407470723,-12.688809680256977,1.0819732727862537,606.7909999999999,14.181082246599027,635.153164493198,578.4288355068019
2022-03-22,596.9,608.53,596.9,604.57,41446,607.9025092661624,623.4176750813871,44.482201059457516,601.8224427016652,612.3104844784365,-10.488041776771297,-12.248656099559842,1.7606143227885447,605.7405,13.476673990369468,632.693847980739,578.787152019261
2022-03-23,604.65,608.53,599.22,608.53,108697,607.9622702884326,622.8338446860386,47.22852739810318,602.8543745937167,612.0304485911448,-9.176073997428148,-11.634139679133504,2.4580656817053566,604.539,11.943766883568061,628.4265337671361,580.6514662328639
2022-03-24,604.65,612.4,596.36,604.65,67523,607.6468159752485,622.1207527375665,44.885654710296514,603.1306246562218,611.4837486955045,-8.353124039282648,-10.977936551163333,2.6248125118806858,603.6435,11.16770544922261,625.9789108984453,581.3080891015547
2022-03-27,604.65,612.4,593.8,593.8,67429,606.3280715966534,621.010134983152,39.051654744119205,601.69514393988,610.1738413847263,-8.478697444846262,-10.47808872989992,1.9993912850536582,602.0894999999999,10.175415406007131,622.4403308120142,581.7386691879857
2022-03-28,589.92,593.02,585.27,589.07,37146,604.6844457303055,619.7575806700873,36.80575349321152,599.7528141029754,608.6105938747465,-8.857779771771106,-10.154026938274157,1.2962471665030506,600.225,8.820327897029857,617.8656557940598,582.5843442059403
2022-03-29,586.05,593.02,584.5,586.82,40516,602.9830699464669,618.4659108398879,35.75242747680808,597.7631503948254,606.9964758099505,-9.233325415125137,-9.969886633644354,0.736561218519217,598.403,7.472245558385208,613.3474911167705,583.4585088832296
2022-03-30,587.6,596.9,586.82,594.57,29760,602.1818251896605,617.5288162971473,41.918245367262664,597.2718964879292,606.0759961203246,-8.804099632395378,-9.73672923339456,0.9326296009991815,597.5115000000001,6.742383831957295,610.9962676639146,584.0267323360855
2022-03-31,598.45,598.45,585.27,592.25,39695,601.2359370763595,616.5374901678474,40.66026141069882,596.4992970282478,605.0518482595597,-8.552551231311895,-9.499893632978027,0.9473424016661323,596.775,6.451916483990364,609.6788329679807,583.8711670320192
2022-04-03,596.9,603.1,586.2,590.62,18189,600.2248954500395,615.5211180044024,39.75749514023505,595.5947897931328,603.9828224625554,-8.388032669422614,-9.277521440266945,0.8894887708443306,596.345,6.565962069288399,609.4769241385768,583.2130758614232
2022-04-04,602.4,602.4,586.82,590.7,19152,599.3177625500358,614.5477408277592,39.82810833955393,594.8417452095739,602.9989096875513,-8.157164477977403,-9.053450047809037,0.8962855698316332,596.345,6.565962069288399,609.4769241385768,583.2130758614232
2022-04-05,602.48,602.48,579.84,582.33,69542,597.6998804024134,613.2843000109843,35.181676669850745,592.916861331178,601.4678793403253,-8.551018009147356,-8.952963640076701,0.40194563092934565,595.6940000000001,7.276781677331294,610.2475633546627,581.1404366453374
2022-04-06,581.4,581.4,572.87,575.12,52534,595.5494156021836,611.7876607948673,31.745992210549588,590.178882664843,599.5161845743754,-9.33730190953247,-9.029831293967856,-0.30747061556461475,594.45,8.522035215318184,611.4940704306364,577.4059295693637
2022-04-07,581.4,593.02,578.29,593.02,51777,595.3085188781661,611.0516740970294,45.8772041550003,590.6159776394825,599.0349857170143,-8.419008077531771,-8.907666650680639,0.48865857314886796,594.6434999999999,8.438890719729953,611.5212814394598,577.76571856054
2022-04-11,593.02,600.0,573.64,591.47,91552,594.9429456516741,610.2837653089107,45.008230633487386,590.7473656949467,598.4746164046429,-7.72725070969625,-8.671583462483762,0.9443327527875116,594.8370000000001,8.312305462737767,611.4616109254756,578.2123890745246
2022-04-12,600.78,600.78,577.52,582.95,44168,593.8007603515147,609.2118529438554,40.47048085285307,589.5477709726472,597.3246448191138,-7.7768738464666285,-8.492641539280335,0.7157676928137064,593.6745,8.265173908481229,610.2048478169625,577.1441521830375
2022-04-13,579.84,589.15,577.52,586.82,51266,593.1359260323228,608.3337410637042,43.268366414125005,589.1281138999323,596.546522980661,-7.418409080728793,-8.277795047570027,0.8593859668412343,592.8605,8.087811150807301,609.0361223016146,576.6848776983854
2022-04-17,598.53,598.53,578.29,582.17,38725,592.0915521244825,607.3077120023826,40.78778026307856,588.0576348384042,595.4815953524638,-7.423960514059672,-8.107028140867957,0.6830676268082847,592.0465,8.311797117133331,608.6700942342667,575.4229057657334
2022-04-18,586.05,586.05,577.52,579.46,32922,590.8885471602462,606.2156448650343,39.371129778312934,586.734921786342,594.2948105115406,-7.559888725198562,-7.997600257734079,0.4377115325355172,591.2520000000001,8.728404086391349,608.7088081727827,573.7951918272174
2022-04-19,581.4,592.87,578.29,589.15,28688,590.7229712402227,605.5464038899349,46.52327923584536,587.106472280751,593.9137134366117,-6.8072411558607655,-7.759528437359416,0.9522872814986503,590.8644999999999,8.636005091937172,608.1365101838743,573.5924898161255
2022-04-20,600.78,600.78,582.02,585.27,66139,590.2036406459158,604.751250796212,44.271262346473854,586.8239380837124,593.2734383672331,-6.449500283520706,-7.497522806591674,1.0480225230709683,590.167,8.487715643369636,607.1424312867393,573.1915687132607
2022-04-21,596.98,596.98,573.64,593.02,55724,590.4718653463048,604.2912017453802,49.52679641245733,587.7771783785258,593.2546651548454,-5.477486776319552,-7.09351560053725,1.6160288242176986,589.5895,7.823070116854884,605.2356402337098,573.9433597662903
2022-04-24,604.65,620.16,593.02,617.05,62866,593.0031162657043,604.7915467749732,61.614453467835915,592.2806893972141,595.0172825507827,-2.736593153568606,-6.222131111143521,3.4855379575749152,590.0155,9.045252011302104,608.1060040226042,571.9249959773957
2022-04-25,620.16,620.16,601.55,601.55,68468,593.8171051927801,604.6644272936018,52.82636192094935,593.706737182258,595.5011875470211,-1.7944503647630654,-5.336594961867431,3.5421445971043655,589.8605,8.804636024669739,607.4697720493394,572.2512279506606
2022-04-26,608.53,613.18,599.22,608.06,35741,595.1735713648962,604.7975870075782,55.685232038560834,595.9149314619107,596.4314699509455,-0.516538489034815,-4.372583667300908,3.8560451782660934,590.5735000000001,9.674832937524934,609.9231658750499,571.2238341249503
2022-04-27,599.22,606.05,596.98,606.05,37180,596.2094217110966,604.8467012425751,54.58528844084551,597.4741727754629,597.1439536582828,0.33021911718003594,-3.43202311040472,3.762242227584756,591.4225,10.263094267713067,611.9486885354262,570.8963114645738
2022-04-28,604.65,612.4,603.88,606.2,44865,597.1609053576589,604.899771782082,54.65726945105588,598.816607733084,597.8147719058175,1.0018358272665182,-2.545251322870473,3.547087150136991,592.3915,10.710799407512264,613.8130988150244,570.9699011849755
2022-05-02,604.65,604.65,594.57,599.61,33499,597.3941524664532,604.6923297514121,50.84447017742894,598.9386680818402,597.9477517646458,0.9909163171944328,-1.838017794857492,2.828934112051925,592.6434999999999,10.823449335905467,614.2903986718109,570.996601328189
2022-05-04,596.9,599.22,593.1,598.06,23016,597.4575665172672,604.4322383886117,49.96166697912216,598.8034883769417,597.956066448746,0.8474219281956721,-1.3009298502468594,2.1483517784425317,592.934,10.890096611652396,614.7141932233047,571.1538067766952
2022-05-05,590.7,596.9,579.46,592.25,89146,596.961607801337,603.9545035498427,46.68926725430857,597.7952593958737,597.53339485995,0.261864535923678,-0.9883709730127519,1.2502355089364299,593.0155000000001,10.877960081141705,614.7714201622834,571.2595798377167
2022-05-08,582.17,593.02,581.4,593.02,48636,596.586216582162,603.5256994890646,47.183011828101634,597.0606041042008,597.1990693147685,-0.1384652105676878,-0.8183898205237391,0.6799246099560513,593.1315,10.864329986392546,614.860159972785,571.4028400272149
2022-05-09,604.88,604.88,581.4,600.0,65468,596.9113388124323,603.3874367640032,51.5624577080227,597.5128188574007,597.4065456618227,0.10627319557795545,-0.6334572173034002,0.7397304128813557,594.015,10.656186984715882,615.3273739694317,572.7026260305682
2022-05-10,602.33,608.53,596.9,608.53,25257,598.0178779731531,603.5891059105129,56.3281442145217,599.2077698024159,598.2305052424284,0.977264559987475,-0.3113128618452251,1.2885774218327,595.6854999999999,10.144702779001479,615.9749055580029,575.396094441997
2022-05-11,615.5,620.16,608.53,613.95,60355,599.5352229280909,603.9954154826497,59.082900307978186,601.4758052174288,599.3949122615078,2.0808929559210583,0.16712830170803158,1.9137646542130267,596.7320000000001,10.906224007687491,618.5444480153751,574.9195519846251
2022-05-12,620.16,634.88,612.48,626.36,69720,602.089963601606,604.8724580127418,64.59045731869699,605.3041428762859,601.3923261680628,3.911816708223114,0.9160659830110481,2.9957507252120656,598.4765,12.668304532866161,623.8131090657323,573.1398909342677
2022-05-17,626.36,631.01,600.78,600.78,64901,601.9652051633578,604.7119694632225,49.73121484567535,604.6081208953188,601.3469686741323,3.261152221186535,1.3850832306461456,1.8760689905403893,599.368,12.134273599604906,623.6365471992099,575.0994528007902
2022-05-18,604.65,611.63,597.67,609.3,27047,602.6637570525619,604.8918922293707,53.56312268727954,605.3299484498853,601.9360821056781,3.39386634420714,1.7868398533583445,1.6070264908487957,600.492,11.95054748803386,624.3930949760677,576.5909050239322
2022-05-19,615.5,615.5,602.33,605.43,29672,602.9272087618417,604.9129944948855,51.63764219323115,605.3453409960567,602.1948908385908,3.1504501574659116,2.059561914179858,1.0908882432860536,601.655,11.180652697290798,624.0163053945815,579.2936946054184
2022-05-20,604.65,608.53,601.55,604.65,14791,603.0912841178568,604.9026809852822,51.2378516944817,605.2383654582019,602.376750776473,2.861614681728838,2.2199724676896544,0.6416422140391838,602.9145,9.893533494186666,622.7015669883733,583.1274330116266
2022-05-23,608.53,608.53,589.15,592.4,38586,602.0730665828229,604.4123797701732,45.30530346104864,603.2632323107862,601.637732200438,1.6255001103481845,2.1010779962213606,-0.47557788587317606,603.077,9.67993915816915,622.4368783163383,583.7171216836617
2022-05-24,589.15,599.22,581.4,595.35,22335,601.432774527316,604.0569923282056,46.89977701718706,602.0458119552806,601.1719742596648,0.8738376956157481,1.8556299361002382,-0.9817922404844901,603.5809999999999,8.937973925634937,621.4569478512698,585.70505214873
2022-05-25,606.98,606.98,596.9,600.78,20264,601.3706055247146,603.9284828251388,49.800675141031434,601.8510716544681,601.1429391293193,0.7081325251488124,1.626130453909953,-0.9179979287611406,603.9689999999999,8.618096566043205,621.2051931320864,586.7328068679135
2022-05-26,612.79,612.79,600.0,605.81,22046,601.7934049985514,604.0022678123883,52.39509734548134,602.4601375537807,601.4886473419623,0.9714902118183772,1.495202405491638,-0.5237121936732607,603.4069999999999,8.069174679023455,619.5453493580468,587.2686506419531
2022-05-27,608.53,608.53,596.9,598.45,35663,601.4749854748798,603.7845318197457,48.449383849439755,601.8431933147375,601.2635623536688,0.5796309610686876,1.312088116607048,-0.7324571555383603,603.2520000000001,8.136218312068939,619.5244366241379,586.9795633758622
2022-05-30,610.39,610.39,581.4,589.15,53026,600.301177334415,603.2106286111282,43.945952043218455,599.8903943432394,600.3662614385822,-0.47586709534277816,0.9544970742170829,-1.430364169559861,602.3064999999999,8.631743908117903,619.5699878162358,585.0430121837641
2022-05-31,596.9,596.9,579.84,583.49,71623,598.7001128263754,602.4372706263781,41.42241921879292,597.3672567519718,599.1161679986873,-1.7489112467154655,0.4138154100305732,-2.1627266567460386,601.1785,9.542790761978898,620.2640815239578,582.0929184760422
2022-06-01,581.4,591.47,579.84,589.07,42503,597.7829592238635,601.9130639351476,44.788482057432546,596.0907557132069,598.372007406192,-2.2812516929850517,-0.12519801057255175,-2.1560536824125,600.3219999999999,9.832707824322291,619.9874156486445,580.6565843513553
2022-06-02,589.15,589.15,574.42,577.13,87718,595.8160107263526,600.9411790749458,39.55120745638838,593.1737163727136,596.7985253761036,-3.6248090033900553,-0.8251202091360526,-2.7996887942540027,599.1980000000001,11.119104280498243,621.4362085609965,576.9597914390037
2022-06-03,577.52,586.82,564.42,572.87,84842,593.630676371462,599.8403485229871,37.85060881925458,590.0500676999884,595.0260420149107,-4.975974314922269,-1.655291030293296,-3.3206832846289727,597.9385,12.58486320317785,623.1082264063557,572.7687735936443
2022-06-06,576.74,578.29,561.24,563.57,92806,590.767754812275,598.4179819142425,34.37564004773532,585.9762111307595,592.695964828621,-6.719753697861506,-2.668183563806938,-4.051570134054568,596.5045,14.720026628643142,625.9445532572863,567.0644467427137
2022-06-07,564.34,565.12,542.64,549.53,86403,586.8403495920584,596.5008061528997,29.911077270859565,580.3691017260272,589.4984859524268,-9.129384226399566,-3.9604236963254635,-5.168960530074102,594.33,18.088666704831795,630.5073334096636,558.1526665903365
2022-06-08,542.64,567.44,542.64,560.47,58996,584.3288877261481,595.08783336259,36.7989817229977,577.3077014604845,587.3482277337285,-10.04052627324404,-5.176444211709179,-4.8640820615348614,592.3534999999999,19.538109932576333,631.4297198651526,553.2772801348473
2022-06-09,558.14,567.21,554.26,555.04,43462,581.5394698474673,593.5173300934688,34.96241647611065,573.8819012357945,584.9550256793783,-11.073124443583765,-6.3557802580840965,-4.717344185499669,589.679,20.825814168720278,631.3306283374405,548.0273716625594
2022-06-10,566.12,566.12,542.64,555.04,42734,579.0157108143752,592.0084151878426,34.96241647611065,570.9831471995185,582.7390978512763,-11.755950651757757,-7.435814336818829,-4.320136314938928,586.7334999999999,21.371200068527227,629.4759001370544,543.9910998629455
2022-06-13,555.04,555.04,546.51,550.0,34498,576.2523097844347,590.3610263569469,33.17985265710662,567.7549707072849,580.3139794919225,-12.559008784637626,-8.46045322638259,-4.098555558255036,582.9155000000001,20.730582157275396,624.3766643145509,541.4543356854492
2022-06-14,547.29,550.39,543.41,545.12,33384,573.2873279002027,588.5868684605961,31.504924961227616,564.2726675215488,577.7070180480764,-13.434350526527624,-9.455232686411598,-3.979117840116025,580.1324999999999,21.908711767613983,623.9499235352279,536.315076464772
2022-06-15,555.97,555.97,536.36,545.74,63277,570.6637728620882,586.9065991092001,31.974763053993,561.421487902849,575.339090785256,-13.917602882406982,-10.347706725610676,-3.5698961567963057,576.9545,22.064437563658824,621.0833751273177,532.8256248726824
2022-06-16,545.74,548.76,534.88,540.62,51244,567.802461160937,585.0914383598198,30.13635243425017,558.2212589947184,572.7673062826443,-14.546047287925944,-11.18737483807373,-3.3586724498522145,573.714,22.418593880516823,618.5511877610337,528.8768122389664
2022-06-17,542.64,546.51,534.88,538.76,32624,565.036512478943,583.2745192084543,29.473383995027618,555.2272191493771,570.248246558004,-15.021027408626878,-11.95410535218436,-3.066922056442518,570.4195000000001,22.474482717554416,615.3684654351089,525.4705345648913
2022-06-19,541.86,541.86,527.29,528.68,47112,561.5739874809484,581.1335576708678,26.119833544123253,551.1430315879345,567.169117183337,-16.026085595402492,-12.768501400827986,-3.2575841945745054,567.2335,23.678745360400864,614.5909907208018,519.8760092791983
2022-06-20,527.13,527.13,520.23,522.79,64703,557.8802743875248,578.8455750171083,24.374606623820597,546.7810267282523,563.8817751697565,-17.10074844150415,-13.63495080896322,-3.465797632540932,563.6055,24.68156790956127,612.9686358191226,514.2423641808774
2022-06-21,527.13,537.67,519.61,531.01,46893,555.3212006363319,576.9696701144767,31.275918424634895,544.3547149239057,561.4468288608856,-17.0921139369799,-14.326383434566555,-2.7657305024133443,560.117,24.073950346043308,608.2649006920866,511.9690993079133
2022-06-22,531.01,531.01,518.99,519.38,36984,551.8982291471575,574.7112516786149,27.45800896085251,540.5124510894586,558.330767463783,-17.818316374324354,-15.024770022518116,-2.7935463518062384,555.7955,23.18085904476435,602.1572180895287,509.4337819104712
2022-06-23,519.38,519.38,501.16,506.12,63783,547.5383977998092,572.0213986716104,23.87887532221272,535.2213047680035,554.4633032072064,-19.241998439202916,-15.868215705855077,-3.3737827333478396,551.179,23.431534958830966,598.0420699176619,504.315930082338
2022-06-24,502.33,519.38,491.47,510.85,31888,544.0442646760179,569.6225202923316,27.50879082858218,531.4718732652337,551.2326881548208,-19.760814889587095,-16.646735542601483,-3.114079346985612,547.264,23.294212834512145,593.8524256690243,500.67557433097573
2022-06-26,520.93,531.78,513.18,531.78,75516,542.8762394687781,568.1384998887108,40.93149629019077,531.5192773782748,549.7917482915008,-18.272470913226016,-16.97188261672639,-1.300588296499626,544.6785,21.889100453988835,588.4567009079776,500.9002990920223
2022-06-27,535.66,537.21,524.03,525.58,46048,541.2289785669897,566.4695391087614,38.64855311839008,530.6055423970017,547.9982854550933,-17.392743058091582,-17.05605470499943,-0.3366883530921534,541.504,19.59607919969209,580.6961583993842,502.3118416006158
2022-06-28,515.58,526.36,515.58,521.32,15590,539.3328853701335,564.6989689476336,37.11672606731518,529.1769974128476,546.0221161621234,-16.845118749275798,-17.013867513854706,0.16874876457890764,538.7135000000001,18.178304383626223,575.0701087672525,502.3568912327476
2022-06-29,523.26,527.13,514.73,526.36,21950,538.0973724777398,563.195479969295,40.1396112270076,528.7436131954864,544.5656631130772,-15.822049917590789,-16.775503994601923,0.9534540770111342,536.388,16.473819293226178,569.3356385864524,503.4403614135477
2022-06-30,528.68,541.63,527.13,541.63,51903,538.4338131941455,562.3497748724599,48.25562594011573,530.7261342423346,544.3482065861826,-13.622072343848004,-16.14481766445114,2.5227453206031356,535.2909999999999,15.253812258634264,565.7986245172684,504.7833754827314
2022-07-01,543.41,546.51,532.56,534.81,65273,538.0886881280364,561.269783700991,45.30139214517714,531.3544212819754,543.6416727649839,-12.287251483008504,-15.373304428162614,3.08605294515411,534.5550000000001,14.881187877054296,564.3173757541086,504.7926242458915
2022-07-03,534.88,556.59,527.13,556.59,99723,539.8507178301281,561.0862627715404,54.81507479438602,535.2368180078254,544.6008081157258,-9.363990107900463,-14.171441564110186,4.807451456209723,534.3610000000001,14.547104215383916,563.4552084307679,505.2667915692323
2022-07-04,558.14,568.99,541.86,545.74,140168,540.4116018463064,560.4844485452055,50.13680180380942,536.8526921604677,544.6851926997462,-7.832500539278499,-12.90365335914385,5.07115281986535,533.896,13.989249029939453,561.8744980598789,505.91750194012104
2022-07-05,545.74,552.71,534.88,534.88,50002,539.8847826228487,559.480352523825,45.9129780945466,536.5492010588573,543.9588821293946,-7.409681070537317,-11.804858901422543,4.395177830885226,532.888,13.08245293274363,559.0529058654873,506.7230941345128
2022-07-06,534.88,537.21,524.19,534.11,42283,539.3348033254346,558.485436738577,45.61952043108594,536.1739393574946,543.229335304995,-7.055395947500301,-10.854966310638096,3.7995703631377946,532.0935,12.456047051874275,557.0055941037485,507.1814058962514
2022-07-07,544.19,550.39,527.13,531.01,38738,538.5419649134884,557.4079686311819,44.3894074780429,535.3794871486493,542.3241993564768,-6.944712207827479,-10.072915490075973,3.128203282248494,531.388,12.073107828235065,555.5342156564701,507.2417843435299
2022-07-08,531.01,532.56,514.96,517.83,45733,536.5693968264895,555.8558914299591,39.51127370339085,532.6795660488572,540.5098142189601,-7.830248170102891,-9.624382026081356,1.7941338559784654,529.9925000000001,11.939165480427613,553.8708309608553,506.1141690391448
2022-07-11,513.18,513.18,496.12,502.33,134434,533.3085018906334,553.7568368640784,34.68397479656424,528.0104020413407,537.6816798323704,-9.671277791029638,-9.633761179071014,-0.037516611958624324,528.078,13.153534085863916,554.3850681717278,501.7709318282721
2022-07-12,502.33,511.63,500.78,509.3,53503,531.0219779010492,552.0134314968597,38.33256279100759,525.1318786503653,535.5793331781207,-10.44745452775544,-9.7964998488079,-0.6509546789475404,526.6049999999999,13.538264096163115,553.6815281923261,499.52847180767367
2022-07-13,509.3,527.13,509.3,527.13,124370,530.6513133390446,551.0376106538455,46.55688454529469,525.4392819349245,534.9534566464081,-9.514174711483633,-9.740034821343047,0.22586010985941307,526.5275,13.530194644050042,553.5878892881001,499.4671107119
2022-07-14,519.38,540.93,517.13,537.98,448553,531.3492834972308,550.5255474909496,50.852348152059186,527.3686231757054,535.1776450429704,-7.8090218672650735,-9.353832230527452,1.5448103632623784,527.287,13.734151095586718,554.7553021911734,499.8186978088266
2022-07-15,537.98,545.74,533.33,539.53,44293,532.1283993546374,550.0943495501281,51.4526510488163,529.2396042255968,535.5000417064541,-6.260437480857263,-8.735153280593416,2.4747157997361526,527.713,13.985541443730376,555.6840828874607,499.7419171125392
2022-07-17,550.31,550.31,535.66,544.96,64978,533.3504565589576,549.8930025089466,53.59120764440097,531.6581266524281,536.2007793578279,-4.542652705399746,-7.8966531655546826,3.3540004601549365,528.992,14.348327098548104,557.6886541970962,500.29534580290374
2022-07-18,544.96,545.74,538.76,544.96,48670,534.4561273628664,549.6995514301643,53.59120764440097,533.7045687059007,536.8496105165073,-3.1450418106065854,-6.9463308945650635,3.801289083958478,530.934,13.703700383879454,558.3414007677588,503.52659923224104
2022-07-19,549.61,556.59,545.81,552.71,96528,536.1945914235457,549.8176082368245,56.74520095086982,536.6284812126852,538.0244541819511,-1.3959729692659266,-5.836259309505237,4.44028634023931,533.0269999999999,13.671427792858573,560.3698555857171,505.6841444142828
2022-07-20,550.39,558.14,549.61,555.04,64499,537.9893922403509,550.0224079138118,57.676482831134834,539.4610225645797,539.2848649832881,0.17615758129159076,-4.6337759313458715,4.809933512637462,534.19,14.522607783821494,563.2352155676431,505.1447844323571
2022-07-21,565.89,569.77,557.36,559.69,155068,540.0561167888889,550.4015291720938,59.548307912877085,542.5731729392597,540.7963564660075,1.776816473252211,-3.351657450426255,5.128473923678466,535.8955,15.432637825846994,566.760775651694,505.030224348306
2022-07-22,561.24,561.94,551.94,552.71,47223,541.2612485232804,550.4920574398548,55.575017816182054,544.1326847947582,541.6788485796366,2.453836215121669,-2.1905587173166703,4.644394932438339,537.465,15.468432200370076,568.4018644007402,506.5281355992599
2022-07-24,552.71,561.94,547.29,561.24,86801,543.1639867591584,550.9135453833899,59.16119821675108,546.7645794417185,543.1278227589228,3.636756682795749,-1.0250956372941866,4.6618523200899356,539.2090000000001,16.103733434421883,571.4164668688438,507.0015331311563
2022-07-25,568.22,569.38,564.34,566.67,101736,545.4026546868577,551.5314455644334,61.30271203686829,549.8269518353003,544.8716877397433,4.955264095557027,0.17097630927605612,4.784287786280971,540.461,17.23547379223168,574.9319475844634,505.99005241553664
2022-07-26,566.74,566.74,548.84,549.61,102412,545.8033542404903,551.4560947579849,52.06512242117648,549.7935746298695,545.2226738330957,4.570900796773799,1.0509612067756047,3.5199395899981942,541.201,17.297684633638383,575.7963692672768,506.6056307327233
2022-07-27,549.61,554.19,543.41,551.16,54808,546.3135109794912,551.4444831988483,52.76160690697981,550.0037939175818,545.6624757713848,4.341318146196954,1.7090325946598748,2.6322855515370795,540.9295,17.084733251173606,575.0989665023471,506.7600334976527
2022-07-28,558.06,558.06,546.59,549.61,75111,546.6274623147777,551.3725426812464,51.948739847090565,549.9432102379538,545.9548849735045,3.9883252644493723,2.1648911286177746,1.8234341358315977,541.1229999999999,17.16381662257059,575.4506332451411,506.7953667548588
2022-07-29,551.94,554.26,547.29,548.76,30305,546.8305611419418,551.2700900270798,51.48034204814299,549.7611778936533,546.1626712717634,3.5985066218898965,2.451614227272199,1.1468923946176974,541.817,17.178706862691456,576.1744137253829,507.4595862746171
2022-07-31,550.39,566.67,548.06,562.02,87775,548.2771743665187,551.6916551240571,57.86314232944405,551.647150525399,547.3372882145958,4.309862310803169,2.8232638439783933,1.4865984668247756,543.2125,17.646926637163737,578.5063532743275,507.9186467256725
2022-08-01,565.89,565.89,558.91,559.69,60754,549.3641101411359,552.0053157074275,56.457697608570996,552.8845119830298,548.2523039024035,4.632208080626356,3.185052691307986,1.4471553893183695,544.6465000000001,17.76801717902929,580.1825343580587,509.11046564194146
2022-08-02,565.89,565.89,558.29,558.29,44090,550.2141948895992,552.2517739149794,55.584084763960284,553.7161255241022,548.9958369466699,4.720288577432257,3.4920998685328404,1.2281887088994163,546.6695,16.83279395611481,580.3350879122296,513.0039120877703
2022-08-03,558.29,562.02,554.26,554.26,50858,550.5995096620184,552.3305278790979,53.03983520797549,553.7997985203941,549.3857749506203,4.4140235697738035,3.6764846087810334,0.73753896099277,549.266,13.259166203862302,575.7843324077246,522.7476675922753
2022-08-04,558.06,558.06,546.51,547.29,58366,550.2843182656356,552.1328601191333,48.87313847079118,552.7982910557181,549.2305323616855,3.567758694032591,3.6547394258313455,-0.08698073179875454,551.1655000000001,9.388586842295613,569.9426736845913,532.3883263154088
2022-08-05,542.64,546.36,538.76,539.15,33014,549.2239070022417,551.6237283497555,44.47856431592767,550.698553970223,548.4838262608199,2.214727709403064,3.3667370825456895,-1.1520093731426253,551.7665,8.059674327399755,567.8858486547995,535.6471513452004
2022-08-07,542.64,547.29,538.76,541.86,41323,548.5225825258377,551.240837041922,46.21259481280246,549.3387764363425,547.9931724637221,1.345603972620438,2.9625104605606394,-1.6169064879402013,551.9605,7.75115303820285,567.4628060764057,536.4581939235943
2022-08-08,552.64,552.64,531.78,537.98,47484,547.5185270471866,550.7208042167485,44.08945827461971,547.5912723692129,547.2514559849278,0.3398163842850863,2.4379716453055287,-2.0981552610204424,551.883,7.888512700894107,567.6600254017883,536.1059745982118
2022-08-09,537.98,538.76,527.91,532.56,47705,546.093905423645,550.0086158160917,41.23922559358336,545.2787689277955,546.1631999860442,-0.8844310582487651,1.7734911045946702,-2.6579221628434353,551.263,8.885548349667216,569.0340966993344,533.4919033006656
2022-08-10,527.21,529.46,515.58,522.48,61587,543.8449620499645,548.9290622546764,36.51179977429546,541.771266015827,544.4088888759669,-2.6376228601399134,0.8912683116477534,-3.528891171787667,550.1389999999999,10.91491538654001,571.96883077308,528.3091692269198
2022-08-11,515.5,524.81,515.5,518.6,44403,541.4406799499678,547.739687264297,34.85549099746491,538.2064558595459,542.4971193295991,-4.2906634700531185,-0.14511804469242096,-4.145545425360698,548.4335,12.9645184923095,574.3625369846189,522.504463015381
2022-08-14,518.6,518.6,509.3,512.02,49791,538.6387104309232,546.3389152147167,32.188692229129174,534.1777703426927,540.2395549348139,-6.061784592121171,-1.328451354178171,-4.733333237943,546.2825,15.188737473971534,576.659974947943,515.905025052057
2022-08-15,503.88,516.67,502.33,516.67,66185,536.5464522946448,545.1754283435514,35.91993678780197,531.4842672130477,538.4936619766795,-7.0093947636318035,-2.464640036068898,-4.544754727562905,544.1315,16.2024368781388,576.5363737562776,511.72662624372236
2022-08-16,526.98,526.98,514.03,514.81,59039,534.4763139808691,543.9846272320397,35.08825341187047,528.9189953341172,536.7393166450736,-7.820321310956388,-3.535776291046396,-4.2845450199099915,542.2365,17.323849479549132,576.8841989590983,507.5888010409017
2022-08-17,515.5,515.5,509.3,511.63,39009,532.3004745541197,542.7158183209792,33.65358146793312,526.2591498980992,534.879367263957,-8.620217365857798,-4.552664506008677,-4.067552859849121,539.7560000000001,17.998196810282316,575.7523936205647,503.75960637943547
2022-08-18,512.4,521.71,510.08,517.83,29374,530.922334120394,541.7399038770192,38.899092092252985,524.962357606084,533.6164511703305,-8.654093564246523,-5.372950317656246,-3.2811432465902772,537.3140000000001,17.4595554896264,572.2331109792528,502.39488902074726
2022-08-21,519.3,523.26,515.5,517.05,23208,529.6011594422612,540.7716723524302,38.48683317258036,523.7450718205325,532.3893066391948,-8.644234818662312,-6.027207217857459,-2.617027600804853,535.6859999999999,17.767972191279515,571.221944382559,500.1500556174409
2022-08-22,515.5,515.5,507.75,513.95,29684,528.1105728287125,539.7198420640996,36.816787820757234,522.2381376942967,531.0234320733285,-8.785294379031825,-6.578824650092333,-2.206469728939492,533.8255,18.00890962977055,569.8433192595411,497.8076807404589
2022-08-23,517.75,517.75,512.4,513.18,13142,526.6886135116923,538.6790639439388,36.39434906137126,520.8445780490202,529.7016963641931,-8.857118315172897,-7.034483383108446,-1.8226349320644513,532.004,18.169993598486332,568.3439871969726,495.66401280302733
2022-08-24,519.38,519.38,512.87,514.73,22672,525.5496979391502,537.7398849657452,37.93807000878515,519.9038737337863,528.5926818186973,-8.688808084910988,-7.365348323468955,-1.3234597614420336,530.3025,18.111569688449496,566.525639376899,494.079360623101
2022-08-25,515.5,516.05,510.85,510.85,33612,524.1497267068502,536.6853796729708,35.60832015762982,518.5109700824346,527.2784090913864,-8.767439008951783,-7.645766460565521,-1.121672548386262,527.744,16.97371292696251,561.691425853925,493.796574146075
2022-08-26,509.3,511.63,505.43,507.75,18693,522.5878479728644,535.5506589014818,33.82126265240397,516.8554362235985,525.8318602698022,-8.976424046203647,-7.911897977693147,-1.0645260685105002,525.1469999999999,15.758634425228278,556.6642688504564,493.6297311495434
2022-08-28,504.65,507.75,500.08,500.85,45482,520.5175767373536,534.1898487484825,30.189518033827767,514.393061419968,523.9813521016687,-9.588290681700641,-8.247176518494646,-1.3411141632059955,522.275,14.591408250661315,551.4578165013226,493.09218349867734
2022-08-29,500.0,503.88,499.3,503.1,13292,518.8587599052246,532.9706389936401,32.726332466760496,512.6556673553575,522.4345852793228,-9.77891792396531,-8.553524799588779,-1.2253931243765308,519.717,13.096901642457539,545.9108032849151,493.5231967150849
2022-08-30,509.3,510.08,500.23,500.23,16576,517.0845922952032,531.6866923664386,31.170387176585137,510.7440262237641,520.7898011845582,-10.04577496079412,-8.851974831829846,-1.1938001289642735,517.3639999999999,12.069510259135106,541.5030205182701,493.2249794817297
2022-08-31,503.88,503.88,494.65,494.81,27446,514.9632025528028,530.2405475677548,28.422139761553893,508.29263757395427,518.8653714671835,-10.57273389322927,-9.19612664410973,-1.3766072491195391,515.147,11.928602997598558,539.0042059951971,491.28979400480296
2022-09-01,494.57,504.65,493.8,497.29,20303,513.2800404049169,528.9483692317644,31.402435788819815,506.5999241010382,517.2671958029478,-10.667271701909556,-9.490355655669696,-1.1769160462398602,512.9185,10.783768638711926,534.4860372774239,491.3509627225761
2022-09-02,503.8,503.88,497.67,500.0,4993,512.0152746520677,527.813139065813,34.60661504336619,505.5845511624169,515.9881442619886,-10.403593099571708,-9.673003144450098,-0.7305899551216104,511.0195,9.392574040480072,529.8046480809602,492.23435191903985
2022-09-04,500.08,505.43,499.61,502.33,21391,511.09286754234694,526.8138002789184,37.317587624485505,505.08385098358355,514.9764298722117,-9.89257888862818,-9.716918293285715,-0.17566059534246392,509.508,8.085106906210275,525.6782138124205,493.3377861875794
2022-09-05,495.35,503.88,495.35,501.55,19888,510.18402301450436,525.8230630130785,36.76806516321643,504.5401816014938,513.9818795113072,-9.441697909813342,-9.66187421659124,0.22017630677789768,508.46150000000006,7.661124883091499,523.7837497661831,493.13925023381705
2022-09-06,501.55,501.94,494.57,498.37,10623,509.05887796550394,524.7464723066832,34.53525521849812,503.5909228935717,512.825443991951,-9.234521098379332,-9.576403592948859,0.3418824945695267,507.45,7.5872136207540795,522.6244272415081,492.2755727584918
2022-09-07,497.67,507.6,488.37,492.25,37836,507.4580324449797,523.472100843676,30.674537964562603,501.84616552532987,511.30133702958426,-9.455171504254395,-9.552157175209967,0.09698567095557209,506.4615,8.221803026139789,522.9051060522796,490.01789394772044
2022-09-08,496.12,496.9,485.27,489.07,29046,505.7067912597435,522.1229988498063,28.868644601548795,499.88060159835607,509.6545713236891,-9.773969725333018,-9.596519685234577,-0.17745004009844045,505.08149999999995,8.71938449968083,522.5202689993616,487.64273100063826
2022-09-11,486.05,492.17,486.05,488.37,17208,504.05566828262505,520.7993518360885,28.471291287064133,498.1097398139936,508.0779364108232,-9.968196596829614,-9.670855067553585,-0.29734152927602864,503.7595,9.159988781342927,522.0794775626858,485.43952243731417
2022-09-12,486.05,488.37,485.27,486.12,19410,502.3475093985655,519.4393772542811,27.176461970186452,496.2651644579946,506.4514226026141,-10.1862581446195,-9.77393568296677,-0.4123224616527317,502.4839999999999,9.76263467462134,522.0092693492426,482.9587306507572
2022-09-13,492.25,492.25,489.15,490.7,21945,501.2382227891783,518.3123428521525,33.77841698653759,495.40898531061083,505.284650557976,-9.875665247365191,-9.794281595846455,-0.0813836515187365,501.12749999999994,9.396059574468554,519.919619148937,482.33538085106284
2022-09-14,492.25,503.88,492.25,503.88,18053,501.48982061878036,517.7463686226563,48.30292350774423,496.71221833974766,505.18060236849635,-8.468384028748687,-9.5291020824269,1.0607180536782135,500.46900000000005,8.653598521370636,517.7761970427413,483.1618029572588
2022-09-15,506.2,506.2,486.9,488.37,41415,500.2403138931822,516.5943541668659,37.796886522753354,495.42880013363265,503.93537256342256,-8.506572429789912,-9.324596151899504,0.8180237221095918,499.18999999999994,8.444064249712907,516.0781284994257,482.3018715005741
2022-09-16,481.4,488.29,479.07,486.05,19072,498.8888554271648,515.3965363564005,36.51742700693664,493.9859078053815,502.61053015131716,-8.624622345935677,-9.184601390706739,0.5599790447710618,497.8335,8.25539649662199,514.344292993244,481.32270700675605
2022-09-18,480.7,485.97,478.29,478.37,38395,496.9346787198158,513.9445153228162,32.58511718886412,491.5834604507074,500.8149353252936,-9.23147487458624,-9.193976087482639,-0.03749878710360122,496.0155,8.341757655921453,512.6990153118429,479.3319846881571
2022-09-20,480.62,480.62,466.67,467.52,34869,494.1332807465,512.1239460944705,27.998109509915295,487.881389612137,498.3486438197163,-10.467254207579288,-9.44863171150197,-1.0186224960773185,493.849,9.787667266870482,513.424334533741,474.27366546625905
2022-09-21,476.74,476.74,468.99,472.87,23401,492.10820638969045,510.5845756593933,33.00599992149884,485.57194505642366,496.4613368701077,-10.889391813684028,-9.736783731938381,-1.1526080817456474,492.1049999999999,10.275725355399521,512.6564507107989,471.5535492892009
2022-09-22,481.24,481.24,472.09,475.89,7862,490.563615304958,509.2240040649073,35.72368861415191,484.0824150477431,494.9375341389886,-10.855119091245513,-9.960450803799807,-0.8946682874457057,490.8570000000001,10.666033692872725,512.1890673857455,469.5249326142546
2022-09-25,479.07,480.62,465.35,468.45,30846,488.4575567044858,507.62502351334234,32.25250255967552,481.6774281173211,492.9754945731376,-11.298066455816524,-10.22797393420315,-1.0700925216133736,489.1245,11.364007574731282,511.8525151494626,466.39648485053743
2022-09-27,472.87,479.07,469.07,472.09,19390,486.89874178024905,506.23149317948577,35.55197381821365,480.2024391761948,491.4284209010533,-11.225981724858514,-10.427575492334224,-0.7984062325242895,487.71750000000003,11.654955519372471,511.02741103874496,464.4075889612551
2022-09-28,472.09,478.29,471.32,474.42,16060,485.7102901821301,504.9839836430354,37.645405406659876,479.3128331490879,490.1685378713457,-10.85570472225777,-10.513201338318934,-0.34250338393883517,486.698,11.891292966776549,510.4805859335531,462.9154140664469
2022-09-29,474.42,482.95,469.15,479.3,26572,485.09978635526056,503.9767685982105,41.90196922163522,479.310858818459,489.36346099198676,-10.05260217352776,-10.4210815053607,0.36847933183294046,485.79850000000005,11.727188506364826,509.2528770127297,462.3441229872704
2022-10-09,487.6,489.92,475.97,489.92,24888,485.5588543214262,503.42552277082973,49.914855800703954,480.9430343848499,489.40468610369146,-8.461651718841551,-10.02919554805687,1.5675438292153192,485.29449999999997,11.293304711927647,507.88110942385526,462.7078905761447
2022-10-10,491.24,491.24,475.19,481.71,18776,485.1922967670047,502.5739336425619,44.77377298500859,481.061029094873,488.83470935526987,-7.773680260396873,-9.57809249052487,1.8044122301279977,484.2635,10.574589839034719,505.4126796780695,463.11432032193056
2022-10-11,480.62,481.4,471.78,472.09,19681,483.9444589796709,501.3784852644222,39.62387818948349,479.68087077258485,487.59436051413877,-7.913489741553917,-9.24517194073068,1.331682199176763,482.79049999999995,10.08018769408724,502.95087538817444,462.63012461182547
2022-10-12,472.87,478.84,470.78,474.81,17812,483.0745105054166,500.33658388150366,41.66687833545937,478.93150603834107,486.6473708464248,-7.715864808083722,-8.939310514201289,1.223445706117566,481.6125,9.525056637523395,500.6626132750468,462.5623867249532
2022-10-13,472.87,476.74,469.77,474.42,25259,482.2502714096626,499.3202472586996,41.450301866601386,478.23742818628864,485.7416396726156,-7.504211486326938,-8.652290708626419,1.1480792222994811,480.721,9.308987112102594,499.3389742242052,462.10302577579483
2022-10-16,480.62,480.62,471.32,472.79,14547,481.34929318017095,498.27984540541735,40.50272973645099,477.399362311475,484.78225895612553,-7.382896644650543,-8.398411895831243,1.0155152511807,479.90700000000004,9.252113897894278,498.4112277957886,461.4027722042115
2022-10-17,474.42,475.97,472.87,472.87,9862,480.5417414487261,497.28338087971474,40.574533010985625,476.70253734047884,483.89986940381993,-7.1973320633410935,-8.158195929333214,0.9608638659921205,479.13199999999995,9.15456492401632,497.4411298480326,460.8228701519673
2022-10-19,476.74,479.07,472.87,476.82,23531,480.1872898821808,496.48089535502004,44.15797331068401,476.7206085188667,483.3754346331666,-6.654826114299908,-7.857521966326553,1.202695852026645,478.66700000000003,9.016078678533363,496.6991573570668,460.6348426429333
2022-10-20,476.74,480.62,474.81,477.44,21739,479.92564322673496,495.7341935763918,44.72143399174117,476.83128413134875,482.93577280848757,-6.104488677138818,-7.506915308489007,1.4024266313501892,478.004,8.560696233406617,495.12539246681325,460.8826075331868
2022-10-23,478.29,484.42,477.52,479.07,9212,479.84415339561735,495.08069578908237,46.25678158620615,477.17570195729513,482.64941926711816,-5.47371730982303,-7.100275708755812,1.626558398932782,476.7635,6.040290403495331,488.8440808069907,464.68291919300935
2022-10-31,488.29,514.73,488.29,511.63,95003,482.8713768817491,495.72968811107916,66.35773471194452,482.47636319463436,484.79612895103537,-2.3197657564010115,-6.144173718284852,3.824407961883841,477.92650000000003,9.589269372894131,497.1050387457883,458.74796125421176
2022-11-01,515.5,544.19,512.4,538.76,97337,488.1941028930111,497.4171513224094,74.81142976607774,491.1353842416137,488.79345273244013,2.3419315091735484,-4.446952672793173,6.788884181966721,480.56200000000007,16.6115589433074,513.7851178866149,447.33888211338524
2022-11-02,542.64,544.19,530.23,537.67,52344,492.9060930936767,498.9956944078051,74.00680317895016,498.29455589675007,492.41393771522235,5.880618181527723,-2.3814385019289936,8.262056683456716,483.52700000000004,20.930496787943934,525.3879935758879,441.6660064241122
2022-11-03,534.88,535.66,525.58,530.23,46344,496.46075089427893,500.2205691369108,68.58450318229463,503.2077011434039,495.2151275140948,7.992573629309106,-0.30663607568137374,8.29920970499048,486.6625,23.001083698740032,532.6646673974801,440.66033260251993
2022-11-06,534.88,537.21,525.66,534.11,45183,500.04639366625236,501.5495664256594,69.82611709748377,507.9619009674956,498.0962291797174,9.865671787778183,1.7278254970105376,8.137846290767646,489.7245,25.053062104064768,539.8306242081295,439.61837579187045
2022-11-07,541.09,541.09,525.58,525.58,50047,502.47816569803786,502.4919363697512,63.85142886293743,510.672377741727,500.1320640552939,10.540313686433137,3.490323134895058,7.049990551538079,492.209,26.052811930276064,544.3146238605522,440.10337613944785
2022-11-08,524.03,527.13,522.48,524.11,29430,504.5383403934628,503.33970357093744,62.853318521631934,512.7397042429998,501.90820745860543,10.831496784394346,4.958557864794916,5.872938919599431,494.992,26.35238241503065,547.6967648300613,442.2872351699387
2022-11-09,531.01,531.01,518.68,519.38,24540,505.9518317845616,503.9687348034497,59.62367093365312,513.7612882056152,503.20241431352355,10.55887389209164,6.078621070254261,4.480252821837379,497.35650000000004,26.310863130746142,549.9782262614923,444.7347737385078
2022-11-10,520.93,523.26,511.63,511.71,38406,506.5002287574605,504.2723138307654,54.7140839150749,513.4457054047514,503.83260584585514,9.613099558896238,6.785516767982657,2.8275827909135804,499.221,25.918273963823335,551.0575479276466,447.3844520723533
2022-11-13,511.71,517.75,503.88,511.63,19746,506.98877839960716,504.56085054328446,54.66352436670123,513.1663661117127,504.410190598014,8.756175513698679,7.179648517125862,1.5765269965728166,500.8375,25.616870648905355,552.0712412978107,449.6037587021893
2022-11-14,511.63,520.16,509.3,518.6,30779,508.094609028216,505.11140542393997,58.280691910350846,514.0023097868338,505.4612875907537,8.541022196080121,7.451923252916714,1.0890989431634068,502.2715,25.775799191257107,553.8230983825142,450.7199016174858
2022-11-15,527.13,527.13,512.4,515.5,23607,508.7998843588621,505.5188012896678,56.13547186657957,514.2327236657825,506.2048959173645,8.027827748417963,7.567104152016964,0.4607235964009986,503.96099999999996,25.46263969035105,554.886279380702,453.0357206192979
2022-11-16,516.28,531.01,515.5,527.13,23582,510.54560965801807,506.3662992783083,61.81420759656167,516.2169200248929,507.7549036271894,8.462016397703565,7.746086601154285,0.7159297965492799,506.713,24.80253193782752,556.3180638756551,457.107936124345
2022-11-17,536.43,536.43,531.01,533.33,30365,512.7155515953497,507.42369930661,64.45601397409212,518.8497015595248,509.6493552103605,9.20034634916425,8.036938550756279,1.1634077984079703,509.639,24.287293602354126,558.2135872047082,461.0644127952918
2022-11-22,542.4,542.64,531.78,531.78,22019,514.5312133481735,508.37884835340964,63.27739757731806,520.8389782426748,511.2886622318153,9.55031601085949,8.339614042776923,1.2107019680825672,512.507,23.275147599749115,559.0572951994982,465.9567048005017
2022-11-23,531.78,534.88,528.06,529.46,11745,515.9530025531094,509.2055601826877,61.46571162024036,522.1652892822633,512.6346872516808,9.530602030582486,8.577811640338036,0.9527903902444503,515.3405,21.572774136582424,558.4860482731649,472.19495172683514
2022-11-24,531.01,534.88,527.13,534.88,42892,517.7555737385276,510.2124009598372,64.05493526070137,524.1213986234536,514.2824881960007,9.838910427452902,8.830031397761008,1.0088790296918937,518.441,19.504512001628783,557.4500240032576,479.4319759967425
2022-11-27,538.76,542.64,531.16,541.86,33586,520.0512333824773,511.4534832751377,67.11906531325177,526.8504142198453,516.3252668481488,10.525147371696562,9.16905459254812,1.356092779148442,521.693,17.521003365903297,556.7350067318066,486.65099326819336
2022-11-28,542.64,547.13,532.17,534.11,52802,521.3901635365271,512.3419741270932,60.91050262316273,527.9672735706383,517.6426544890267,10.324619081611672,9.40016749036083,0.9244515912508415,524.5265,14.26811877654784,553.0627375530958,495.99026244690435
2022-11-29,527.13,537.98,525.58,533.49,24057,522.5425289140007,513.1713084750503,60.428926748485964,528.8169237905402,518.816531934284,10.000391856256215,9.520212363539908,0.48017949271630656,527.2475000000001,9.55311791211268,546.3537358242254,508.1412641757747
2022-11-30,530.23,541.86,530.23,540.31,24065,524.2346690174293,514.2355708877934,63.81772545071042,530.5850893612263,520.4086406798925,10.176448681333795,9.651459627098685,0.5249890542351103,528.6814999999999,9.232592881548033,547.146685763096,510.2163142369038
2022-12-01,538.76,560.47,537.29,551.55,57322,526.8361291110075,515.6988818333701,68.59168944395303,533.81046022873,522.7154080369374,11.095052191792547,9.940178140037457,1.1548740517550904,529.321,10.343540013004326,550.0080800260087,508.6339199739914
2022-12-04,551.55,558.14,550.39,552.64,46294,529.2936406242449,517.1475531340222,69.01859252401132,536.7073125012331,524.9320444786458,11.775268022587284,10.307196116547422,1.468071906039862,530.0695,11.460808493139155,552.9911169862783,507.14788301372164
2022-12-05,551.94,551.94,540.93,541.09,35135,530.4171034219358,518.0864726189626,59.75094219560365,537.3815721164281,526.1289300728203,11.252642043607807,10.4962853019595,0.7563567416483075,530.6125,11.723079295070708,554.0586585901414,507.16634140985855
2022-12-06,542.64,546.51,536.43,537.21,50730,531.0640459531801,518.8364148691994,56.982840388006544,537.3551764062083,526.9497500674262,10.40542633878215,10.47811350932403,-0.07268717054188123,530.7675,11.792047219723964,554.3515944394479,507.1834055605521
2022-12-07,531.78,541.86,531.78,533.57,36633,531.3027082433534,519.4142025213877,54.4350131590767,536.772841574484,527.4401389513206,9.332702623163414,10.249031332091908,-0.9163287089284946,531.167,11.742292029492527,554.6515840589851,507.682415941015
2022-12-11,523.26,531.01,519.46,519.46,57943,530.174831267796,519.4159985009411,45.87271013838537,534.1093274861018,526.8490175475191,7.260309938582736,9.651287053390075,-2.390977114807338,530.9345000000001,11.93384945838339,554.8021989167669,507.0668010832333
2022-12-12,516.28,527.05,511.63,526.36,61536,529.8115140041964,519.688312285218,50.01339926417953,532.9171232574708,526.8127940254807,6.104329231990164,8.941895489110093,-2.8375662571199296,531.2835,11.677468306668704,554.6384366133374,507.9285633866626
2022-12-13,526.36,533.33,522.48,524.26,26409,529.2827983847492,519.8675941563858,48.79007190483198,531.5852581409368,526.6236981717414,4.961559969195491,8.145828385127174,-3.184268415931683,531.9110000000001,10.88029261412767,553.6715852282554,510.1504147717447
2022-12-14,520.93,555.81,520.93,523.33,16910,528.7158652052492,520.003374777704,48.22747264560142,530.3152184269466,526.3797205293902,3.935497897556388,7.303762287613018,-3.3682643900566296,532.496,10.012373082214916,552.5207461644299,512.4712538355701
2022-12-15,520.93,526.28,519.46,520.93,15343,527.9743542333207,520.0397130217157,46.72994133924433,528.8713386689548,525.9760375272132,2.8953011417415837,6.422070058438731,-3.526768916697147,532.6125,9.854485420119943,552.3214708402398,512.9035291597601
2022-12-18,515.5,519.38,512.48,515.5,25597,526.786320496814,519.8616850600798,43.443122898310016,526.8142096429617,525.2000347474196,1.614174895542078,5.460491025859401,-3.846316130317323,532.6125,9.854485420119943,552.3214708402398,512.9035291597601
2022-12-19,515.5,519.38,512.64,515.66,11080,525.7266709256888,519.6969130969394,43.569074150988406,525.0981773901983,524.4933655068701,0.6048118833282388,4.489355197353168,-3.8845433140249295,532.039,10.502777026281091,553.0445540525621,511.0334459474378
2022-12-20,517.05,527.13,516.28,521.71,14011,525.3441308375279,519.7758576813732,48.261039979499245,524.5769193301678,524.287190284139,0.28972904602881044,3.649429967088297,-3.3597009210594866,531.458,10.746182969858312,552.9503659397166,509.9656340602833
2022-12-21,511.63,528.68,511.63,517.29,175719,524.5770707577633,519.6783730664174,45.29780302058314,523.4558548178343,523.7688798927213,-0.3130250748870367,2.8569389586932306,-3.1699640335802672,530.7335,11.202112242110015,553.13772448422,508.32927551578
2022-12-22,506.98,516.28,506.98,515.66,86046,523.7278259236906,519.5207898089109,44.21951762143081,522.2564925381674,523.16822212289,-0.9117295847225932,2.103205250010066,-3.014934834732659,530.0435,11.698685609957247,553.4408712199145,506.6461287800855
2022-12-26,521.71,538.76,519.53,537.98,100520,525.0851758357201,520.2446804046399,58.712714339752246,524.6754936861416,524.2653908545278,0.41010283161381267,1.7645847663308154,-1.3544819347170027,530.1985000000001,11.786346818094666,553.7711936361894,506.62580636381074
2022-12-27,542.64,550.39,539.53,542.71,143766,526.7637305180324,521.1256733299482,61.023885440093814,527.4500331190429,525.6316581986368,1.818374920406086,1.7753427971458697,0.043032123260216215,530.241,11.832053654578791,553.9051073091575,506.5768926908424
2022-12-28,544.19,547.29,534.11,534.11,79579,527.4633752306007,521.6348626111268,54.995951548427534,528.474643408421,526.2596835172563,2.2149598911646535,1.8632662159496267,0.3516936752150268,530.241,11.832053654578791,553.9051073091575,506.5768926908424
2022-12-29,544.19,562.79,534.11,559.84,135700,530.5468633038769,523.1331032930434,65.86126135128426,533.3000828840485,528.7471143678299,4.552968516218584,2.4012066760034183,2.151761840215166,531.5585,13.554531297128323,558.6675625942567,504.4494374057433
2023-01-01,563.57,581.4,560.47,572.09,136249,534.5033525130315,525.0529815952771,69.62167284190343,539.2677624403487,531.9576984887314,7.310063951617394,3.3829781311262135,3.9270858204911807,533.1475,16.232677204058074,565.6128544081162,500.6821455918839
2023-01-02,572.09,599.07,562.02,593.02,146722,540.0763665594094,527.7183548660505,74.74108812826012,547.5373374495258,536.4808319340106,11.056505515515255,4.9176836080040225,6.1388219075112325,535.221,20.732091295243325,576.6851825904866,493.75681740951336
2023-01-03,600.78,600.78,585.27,595.27,125746,545.3329030775609,530.3674389889505,75.22445588831563,554.8808239957526,540.8355851240839,14.045238871668744,6.743194660736966,7.302044210931777,537.3525,24.471430791856427,586.2953615837129,488.4096384162871
2023-01-04,589.15,617.83,589.15,607.75,100499,551.2773884987456,533.402049224678,77.76599864848262,563.0145433810214,545.7922084482258,17.22233493279566,8.839022715148705,8.383312217646957,540.6854999999999,29.107630483586924,598.9007609671738,482.4702390328261
2023-01-05,619.84,624.03,603.1,612.4,150073,557.0985895941031,536.5000080786122,78.64501419811089,570.6123059377874,550.7261189335424,19.886187004245016,11.048455572967967,8.83773143127705,544.445,33.20276026890385,610.8505205378077,478.03947946219233
2023-01-08,611.63,622.48,607.75,612.48,100573,562.37300963276,539.479615604941,78.66064502435367,577.0534896396663,555.3004804940207,21.753009145645592,13.189366287503493,8.5636428581421,548.3905000000001,36.378998203136014,621.1484964062721,475.6325035937281
2023-01-09,612.4,636.43,605.43,623.26,208228,568.1717706201163,542.7651208753356,80.70962099837973,584.1621835412561,560.3345189759451,23.82766456531101,15.317025943064998,8.510638622246013,553.5805,39.31983890247267,632.2201778049454,474.9408221950547
2023-01-10,628.68,647.29,617.05,624.03,205989,573.491601989629,545.9519788802244,80.85105605013854,590.2956937656783,565.0527027555047,25.24299101017357,17.302218956486712,7.940772053686857,558.4639999999999,41.75123690573139,641.9664738114627,474.96152618853716
2023-01-12,636.51,641.86,621.01,622.48,157664,578.1571637049024,548.9530777476665,79.58608928734243,595.2471254940355,569.3065766254673,25.940548868568158,19.029884938903002,6.910663929665155,563.375,43.265353891642114,649.9057077832842,476.84429221671576
2023-01-17,634.88,635.66,617.13,632.79,99350,583.3602909711021,552.2408001889346,81.64338903164011,601.0229523411069,574.0090524309883,27.013899910118653,20.626687933146133,6.3872119769725195,568.848,44.82814653881946,658.5042930776389,479.19170692236105
2023-01-18,635.66,639.53,623.26,628.68,94624,587.6764537357591,555.2384158677999,78.25755641655081,605.2778827501674,578.0587522509151,27.219130499252287,21.945176446367366,5.273954052884921,574.2355,45.239085392013266,664.7136707840266,483.75732921597347
2023-01-19,628.68,658.91,623.33,655.04,216337,594.0920295704487,559.1522034808274,83.09874223865098,612.9335930962955,583.7610668989954,29.172526197300044,23.390646396553905,5.78187980074614,581.2125,46.44796736531129,674.1084347306225,488.3165652693774
2023-01-23,668.14,668.14,644.19,647.29,151120,599.1585029446917,562.6085876580499,77.62615779506316,618.2191941584038,588.466913795366,29.7522803630377,24.662973189850664,5.089307173187034,587.7940000000001,45.9940743780689,679.7821487561379,495.8058512438623
2023-01-24,658.53,658.91,639.61,644.96,90781,603.5205502832924,565.8380548087147,76.0055342688361,622.3331642878801,592.6515868475611,29.68157744031896,25.666694039944325,4.014883400374636,593.9565,44.918037084526645,683.7925741690533,504.1204258309467
2023-01-25,654.96,654.96,637.98,639.53,72897,606.9500216848836,568.7279350122946,72.22138339460659,624.9788313205139,596.1240618958899,28.85476942462401,26.304309116880262,2.550460307743748,600.0685000000001,42.16947752195035,684.4074550439008,515.7295449560994
2023-01-26,644.96,646.12,634.11,638.76,76729,609.9795434291804,571.4742905020084,71.67641031067885,627.0990111173579,599.2822795332314,27.8167315841265,26.60679361032951,1.2099379737969898,606.2235,37.9761619516709,682.1758239033418,530.2711760966581
2023-01-29,637.98,646.2,635.66,640.31,86314,612.8681583406869,574.173730090165,72.13227548443678,629.1314709454566,602.3213699381772,26.8101010072794,26.64745508971949,0.1626459175599102,611.3399999999999,35.08090753793006,681.50181507586,541.1781849241398
2023-01-30,635.66,643.41,628.29,629.38,92484,614.4407146891929,576.338681851335,64.27610628776823,629.1697061846172,604.3257129057197,24.84399327889753,26.286762727555097,-1.4427694486575682,615.6735000000001,31.30706297896702,678.2876259579341,553.0593740420661
2023-01-31,631.78,635.66,622.95,626.74,87591,615.6120751949841,578.3152041316748,62.50531811098569,628.7959052331377,605.9860304682591,22.8098747648786,25.5913851350198,-2.7815103701411985,620.3050000000001,24.77621811760447,669.857436235209,570.7525637647911
2023-02-01,621.71,637.98,621.71,631.86,58462,617.1594966049855,580.4150000480797,64.54536784323122,629.2673044280396,607.9026208039436,21.36468362409596,24.746044832835032,-3.3813612087390723,623.906,20.36704830952906,664.6400966190581,583.1719033809418
2023-02-02,631.86,639.53,621.71,628.22,67366,618.2128778807012,582.2897059285472,61.96413273721648,629.1061806698797,609.4076118555033,19.698568814376358,23.736549629143298,-4.037980814766939,626.7125,16.315475983848355,659.3434519676966,594.0815480323033
2023-02-05,628.68,639.53,628.68,633.33,71506,619.6526037968248,584.291286088212,64.13266454809394,629.7559990283597,611.1796406069475,18.576358421412237,22.704511387597087,-4.1281529661848495,628.728,14.29954419592145,657.3270883918428,600.1289116081571
2023-02-06,624.11,644.19,624.11,641.86,78309,621.7675939114129,586.5488827122036,67.46700077830982,631.6181530239967,613.4522598212477,18.165893202748975,21.796787750627466,-3.6308945478784906,631.0575000000001,12.203413187368374,655.4643263747369,606.6506736252634
2023-02-07,631.86,650.78,631.86,647.29,154737,624.198299253183,588.9308873117251,69.41611972667681,634.0292064049202,615.9587590937479,18.070447311172302,21.051519662736435,-2.9810723515641335,633.0345,11.405507660800692,655.8455153216014,610.2234846783986
2023-02-08,657.83,660.47,646.51,647.29,97610,626.3975088481179,591.2194799661672,69.41611972667681,636.0693284964708,618.2795917534702,17.789736743000617,20.39916307878927,-2.6094263357886547,634.7789999999999,10.731649159602329,656.2422983192046,613.3157016807952
2023-02-09,646.51,652.56,643.41,651.16,49992,628.7558413387733,593.570088594945,70.85921811972312,638.3909702662445,620.7151775495095,17.67579271673503,19.854489006378422,-2.1786962896433906,636.713,9.959080014611013,656.631160029222,616.794839970778
2023-02-12,639.53,647.29,633.33,636.36,93577,629.4800469255567,595.2481243363197,59.32970471008336,638.0785133022069,621.8740532865828,16.204460015624136,19.124483208227566,-2.9200231926034306,637.3679999999999,9.44525255300545,656.2585051060108,618.477494893989
2023-02-14,633.41,636.43,628.06,632.17,84726,629.7362329326467,596.696041029013,56.525584203825915,637.1695112557135,622.6367160060952,14.532795249618289,18.20614561650571,-3.673350366887423,637.775,9.005399257670689,655.7857985153414,619.7642014846585
2023-02-15,627.98,636.43,627.98,633.33,57530,630.0784964628707,598.1326668710126,57.12968555235404,636.5788172163728,623.4288111167548,13.150006099618054,17.19491771312818,-4.044911613510127,638.3174999999999,8.337556044192779,654.9926120883854,621.6423879116144
2023-02-16,627.91,634.11,627.91,629.07,45965,629.9824491806926,599.3458956211689,54.153637253001186,635.4236145677,623.8466769599581,11.576937607741911,16.071321692050926,-4.494384084309015,638.1315,8.507127213203907,655.1457544264077,621.1172455735922
2023-02-20,627.13,635.58,618.6,631.78,68598,630.153644496817,600.6178212830838,55.733423934530634,634.8630584803616,624.4343305184798,10.428727961881805,14.942802946017101,-4.514074984135297,638.2864999999999,8.352696554851246,654.9918931097025,621.5811068902974
2023-02-22,636.43,636.43,626.36,634.11,55398,630.530440259025,601.9312400562962,57.102100718324685,634.7472033295367,625.1510467763702,9.596156553166452,13.873473667446973,-4.277317114280521,637.24,7.400012091067864,652.0400241821358,622.4399758178643
2023-02-23,626.36,631.78,622.79,631.01,98136,630.5761126153084,603.0715835835003,54.67972370461312,634.1722489711464,625.5850433114539,8.587205659692472,12.816220065896074,-4.229014406203602,636.426,7.126680337447534,650.6793606748951,622.172639325105
2023-02-26,627.98,631.78,615.35,627.91,98067,630.3221971281362,604.0456391292455,52.29081398867785,633.2088260525085,625.7572623254202,7.451563727088228,11.743288798134506,-4.291725071046278,635.5735000000001,7.071662705590185,649.7168254111805,621.4301745888197
2023-02-27,627.91,635.66,621.01,629.46,62896,630.2400831159327,605.0422807320201,53.387372221692175,632.6320835828918,626.031539190204,6.60054439268788,10.714739917045181,-4.114195524357301,635.0699999999999,7.133356041978779,649.3367120839575,620.8032879160423
2023-02-28,620.93,632.17,620.93,629.07,37309,630.1286466287011,605.9845442327252,53.05693463608215,632.0840707239854,626.2566103613,5.827460362685429,9.737284006173232,-3.909823643487803,634.5854999999999,7.198317402118022,648.982134804236,620.1888651957638
2023-03-01,624.11,631.78,623.33,624.81,40211,629.6221088545391,606.7227974000693,49.456121182277656,630.9649829202954,626.1494540382407,4.81552888205465,8.752932981349517,-3.9374040992948665,633.8105,7.38161904580728,648.5737380916146,619.0472619083855
2023-03-02,624.81,624.81,618.68,620.16,54595,628.7209556302973,607.2497465216353,45.80209349565702,629.3026778556346,625.7057907761489,3.5968870794856684,7.721723800976747,-4.124836721491079,633.3495,7.939687435883743,649.2288748717675,617.4701251282326
2023-03-05,630.23,630.23,614.11,615.5,32917,627.4618169988404,607.5732858737281,42.41960701267157,627.1791889547677,624.9498062742119,2.229382680555773,6.623255576892553,-4.39387289633678,632.7875,8.784964353074717,650.3574287061494,615.2175712938506
2023-03-07,616.28,620.93,610.85,617.05,38109,626.4702153799032,607.9449217218172,43.903547896736804,625.6208521924957,624.3646354390851,1.2562167534106266,5.549847812196168,-4.293631058785541,632.047,9.465111059517701,650.9772221190354,613.1167778809646
2023-03-09,613.18,627.91,613.18,626.36,28688,626.4597186770552,608.6670816542949,51.918843552636766,625.734567239804,624.5124402213751,1.2221270184289779,4.68430365344273,-3.462176635013752,631.954,9.513705570638276,650.9814111412765,612.9265888587234
2023-03-12,635.66,637.21,617.83,618.6,31706,625.7111740411452,609.0566078639304,46.01686166659623,624.6369415106035,624.0744816864584,0.562459824145094,3.859934887583203,-3.297475063438109,631.2175,9.96121049241845,651.1399209848369,611.2950790151631
2023-03-13,620.16,630.23,602.25,602.33,79814,623.4843955610361,608.7928193202468,36.61795281971224,621.2051043551261,622.4637793393133,-1.2586749841872233,2.836212913229118,-4.094887897416341,629.2410000000001,11.53571657257096,652.312433145142,606.1695668548582
2023-03-14,606.82,612.4,586.82,592.25,136733,620.5096912218899,608.1440813076882,32.22629510964522,616.7504729158759,620.2257216104753,-3.4752486945993724,1.5739205916634198,-5.049169286262792,626.489,13.415387826182997,653.319775652366,599.658224347634
2023-03-15,598.45,598.45,572.87,579.84,138593,616.6363872959956,607.0341173348378,27.80496705249938,611.0719386211257,617.234186676366,-6.162248055240298,0.02668686228267636,-6.188934917522974,623.1165000000001,16.117092030726244,655.3506840614526,590.8823159385475
2023-03-16,585.27,585.27,570.62,581.4,66560,613.2805408868533,606.0288578315108,29.1213888349004,606.5070249871063,614.5798024781166,-8.072777491010243,-1.5932060083759076,-6.479571482634335,619.6285,17.238204288899915,654.1049085777998,585.1520914222002
2023-03-19,585.27,585.27,572.87,575.19,53939,609.6528703262005,604.819490857726,27.0100189853207,601.6890211429361,611.6620393315894,-9.973018188653327,-3.2691684444313918,-6.703849744221936,616.57,19.403888378650052,655.3777767573001,577.7622232427
2023-03-20,580.62,580.62,566.74,572.09,84134,606.0754541046575,603.5359814123251,25.996747041601154,597.1353255824844,608.730777158879,-11.59545157639468,-4.93442507082405,-6.66102650557063,613.566,21.408725324049175,656.3834506480983,570.7485493519017
2023-03-22,573.72,573.72,558.91,560.47,113311,601.7320775232616,601.8471193961556,22.577666717620886,591.4945062621022,605.1559047767399,-13.661398514637767,-6.679819759586794,-6.981578755050974,609.923,23.920347449521866,657.7636948990437,562.0823051009563
2023-03-23,565.12,565.12,516.67,531.78,314524,595.0699749019985,599.0993892237574,16.727877293097706,582.3076591448557,599.7206525710554,-17.412993426199705,-8.826454492909376,-8.58653893329033,605.0585,29.143863717239093,663.3462274344781,546.7707725655218
2023-03-26,531.78,541.01,527.13,532.56,115245,589.116643958951,596.490001411061,17.354819409965074,574.6541731225702,594.7457894176439,-20.091616295073663,-11.079486853342233,-9.01212944173143,600.0975000000001,32.59616911218338,665.2898382243668,534.9051617756334
2023-03-27,527.13,538.76,523.49,538.76,57816,584.3207731057175,594.2260797870979,22.358650660418988,569.1319926421749,590.5986939052258,-21.466701263050936,-13.156929735283974,-8.309771527766962,595.33,34.28867558954114,663.9073511790823,526.7526488209178
2023-03-28,548.84,548.84,533.33,534.11,62508,579.5387947146969,591.8685864621137,21.31623353300246,563.743993774148,586.4143462085424,-22.67035243439443,-15.059614275106068,-7.610738159288363,590.4849999999999,35.79466124556557,662.074322491131,518.8956775088687
2023-03-29,534.88,537.98,532.56,534.11,51749,575.2122428371067,589.6035438557564,21.31623353300246,559.1849178088944,582.5399501930948,-23.3550323842004,-16.718697896924933,-6.636334487275466,585.795,36.76489007335458,659.3247801467091,512.2652198532908
2023-03-30,542.64,542.64,534.11,535.5,30902,571.430124471668,587.4818362535699,22.567785372136072,555.5410842998338,579.0555094380506,-23.514425138216893,-18.077843345183325,-5.436581793033568,581.097,36.89459839227008,654.8861967845402,507.3078032154598
2023-04-02,535.5,557.44,534.11,536.43,72783,568.0967792838901,585.4798034593123,23.445168220323367,552.6009174844747,575.8980642944914,-23.29714681001667,-19.121704038149996,-4.175442771866674,576.465,36.366294472832834,649.1975889456658,503.73241105433436
2023-04-03,546.43,546.43,531.78,534.88,42504,564.9332764949481,583.4954974413,22.977852564268773,549.8746224868632,572.8596891615662,-22.98506667470292,-19.894376565460583,-3.0906901092423382,571.9685,35.62623446061465,643.2209689212292,500.71603107877064
2023-04-04,542.64,542.64,531.01,540.0,47314,562.5586787335245,581.7897916592882,28.077549855257715,548.3554497965765,570.4256381125613,-22.07018831598475,-20.329538915565415,-1.7406494004193362,567.9604999999999,34.407485488366625,636.7754709767331,499.14552902326665
2023-04-05,541.86,542.64,535.66,539.69,26748,560.3807093303317,580.1388194373553,27.956853686439047,547.0223036740263,568.1489241782974,-21.12662050427116,-20.488955233306562,-0.6376652709645967,564.17,33.043420716266034,630.256841432532,498.0831585674679
2023-04-06,546.51,546.51,537.21,540.31,30695,558.4692132036334,578.5769049496159,28.61775883633136,545.9896415703299,566.0867816465717,-20.09714007624177,-20.410592201893607,0.31345212565183544,560.333,30.970307698632066,622.273615397264,498.39238460273583
2023-04-09,540.31,541.09,534.88,537.21,35930,556.4445262318588,576.9546733829644,27.27066786192728,544.6389274825868,563.9477607838627,-19.308833301275854,-20.190240421770056,0.8814071204942024,555.8755,27.14654334398573,610.1685866879715,501.5824133120285
2023-04-10,533.33,539.46,533.33,537.21,39095,554.6126665907294,575.3960587404953,27.27066786192728,543.4960155621889,561.967185910984,-18.471170348795113,-19.84642640717507,1.3752560583799571,551.8059999999999,23.038392305032485,597.8827846100648,505.72921538993495
2023-04-11,542.64,545.74,536.67,540.7,24498,553.2876507249457,574.0354289859661,31.481813547219843,543.0658593218521,560.3918388064667,-17.32597948461455,-19.342337022662967,2.0163575380484176,548.7245,19.822022169680796,588.3685443393616,509.08045566063845
2023-04-12,545.74,569.77,545.74,565.89,87390,554.487874465427,573.7160003982812,52.74829273119308,546.5772655800288,560.7991100059877,-14.22184442595892,-18.318238503322156,4.096394077363236,547.4064999999999,17.518083070766174,582.4426661415323,512.3703338584676
2023-04-13,569.77,573.64,557.36,559.69,73696,554.9833149925292,573.1659611669761,48.73860086994337,548.5946093369474,560.7169537092478,-12.122344372300404,-17.079059677117808,4.956715304817404,546.399,16.074551282942508,578.5481025658851,514.2498974341149
2023-04-16,565.89,593.8,558.91,568.22,50033,556.2439516599075,572.9720019055261,53.92761991577098,551.6139002081864,561.2727349159702,-9.658834707783853,-15.59501468325102,5.936179975467166,545.74,14.78233867974502,575.30467735949,516.17532264051
2023-04-17,565.89,572.09,563.88,564.34,42664,557.0150038827735,572.633492026878,51.379878987142234,553.5717617146192,561.4999397370094,-7.9281780223901706,-14.06164735107885,6.13346932868868,545.1975,13.811902904476476,572.821305808953,517.573694191047
2023-04-18,562.79,572.87,559.77,569.77,36250,558.2297654177474,572.5211982219024,54.611654251291526,556.0637983739086,562.1125367935273,-6.048738419618644,-12.45906556478681,6.410327145168166,545.0815,13.581986241479493,572.245472482959,517.917527517041
2023-04-19,575.04,575.19,566.67,574.19,43290,559.7497877589144,572.5866414288867,57.11073801768078,558.8524447779228,563.0071636977104,-4.154718919787683,-10.798196235786985,6.643477315999302,545.7675,14.700561348055677,575.1686226961114,516.3663773038887
2023-04-20,585.66,585.66,565.12,568.99,78369,560.6298079723512,572.4455966669695,53.38653016426733,560.4120686582423,563.4503367571393,-3.0382680988969923,-9.246210608408987,6.2079425095119944,547.628,15.183836142443683,577.9956722848874,517.2603277151127
2023-04-23,569.77,570.54,559.84,560.47,32862,560.6145881654606,571.9759654251277,47.87757521431461,560.4209811723589,563.2295710714253,-2.808589899066419,-7.958686466540473,5.150096567474054,549.0235,15.007634294113162,579.0387685882264,519.0082314117736
2023-04-24,561.24,561.24,555.81,555.81,26276,560.1570083401787,571.3420059966913,45.13426508835063,559.7115994535344,562.6799732142828,-2.9683737607483636,-6.960623925382051,3.9922501646336874,549.876,14.877631885716678,579.6312637714333,520.1207362285667
2023-04-25,561.94,569.77,556.59,569.77,23019,561.0725313553997,571.2803587027034,53.69406481868077,561.2590456914522,563.2051603835952,-1.9461146921429417,-5.957722078734229,4.011607386591288,551.659,15.024816979375645,581.7086339587513,521.6093660412487
2023-04-26,569.77,570.54,561.24,561.24,32344,561.0884807501236,570.8866191457347,48.694934217934176,561.2561155850749,563.0595929477734,-1.8034773626984588,-5.126873135527076,3.3233957728286168,553.0155,14.575003286107687,582.1655065722153,523.8654934277846
2023-04-27,562.02,563.18,558.14,562.02,19375,561.1771968691594,570.538908591,49.16105129679239,561.3736362642941,562.9825860627531,-1.6089497984589798,-4.423288468113457,2.814338669654477,554.3415,14.096110801828202,582.5337216036564,526.1492783963436
2023-04-30,562.79,571.01,555.89,558.14,15050,560.8879400244775,570.052676881549,46.87945337478421,560.876153762095,562.6238759840306,-1.7477222219356463,-3.888175218877895,2.1404529969422486,555.4269999999999,13.466033331489477,582.3590666629789,528.4949333370209
2023-05-02,565.12,565.12,553.49,553.49,18441,560.1833743078606,569.4031601410961,44.230089099111666,559.7398224140803,561.9472925778061,-2.207470163725816,-3.552034207847479,1.3445640441216633,556.3575000000001,12.585712816755272,581.5289256335107,531.1860743664895
2023-05-03,554.26,554.26,550.47,552.4,14729,559.4421005642548,568.7363695473276,43.607956298636324,558.6106189657603,561.2400857201909,-2.6294667544306094,-3.3675207171641053,0.7380539627334959,556.9775000000001,12.030682648984408,581.0388652979689,532.9161347020313
2023-05-04,558.14,560.47,548.06,555.81,22581,559.096186224802,568.2294530944912,46.15940981828295,558.1797545094895,560.8378571483249,-2.6581026388354303,-3.2256371014983705,0.5675344626629402,557.7835,11.331190895304754,580.4458817906095,535.1211182093905
2023-05-07,555.81,560.47,549.77,554.19,21718,558.6289303938685,567.678886306472,45.11508188178248,557.5659461234142,560.345423285486,-2.7794771620718848,-3.1364051136130735,0.3569279515411887,558.4775000000001,10.606550049282857,579.6906000985658,537.2643999014343
2023-05-08,551.94,557.36,547.67,548.84,27837,557.6966513087382,566.9401064513162,41.755295533282165,556.2234928736582,559.4931697087834,-3.2696768351252103,-3.163059457915501,-0.10661737720970921,559.059,9.655353519137503,578.369707038275,539.7482929617249
2023-05-09,548.99,558.14,542.71,551.86,20728,557.140779755525,566.3487297277352,44.27793373334228,555.5521862777108,558.927749730355,-3.375563452644201,-3.2055602568612414,-0.17000319578295953,559.7915,8.382333725448055,576.5561674508962,543.0268325491039
2023-05-10,557.36,557.36,549.61,549.61,17826,556.4235626359513,565.6923089540985,42.79093513906125,554.6380037734476,558.237546046625,-3.5995422731773488,-3.2843566601244634,-0.3151856130528854,560.237,7.505138660701929,575.2472773214038,545.2267226785962
2023-05-11,550.31,551.86,548.06,549.61,22977,555.7746519087178,565.0616301715849,42.79093513906125,553.8644647313788,557.5984685616899,-3.734003830311053,-3.374286094161781,-0.35971773614927205,559.423,7.738964367036317,574.9009287340726,543.9450712659274
2023-05-14,555.81,555.81,541.86,541.86,65044,554.4494469650305,564.1517623217188,37.72930334576273,552.0176240034743,556.4326560756388,-4.415032072164422,-3.5824352897623095,-0.8325967824021125,558.5314999999999,8.676744644862671,575.8849892897252,541.1780107102746
2023-05-15,541.94,547.29,537.29,538.45,43687,552.925690111218,563.1438500738083,35.726813098040196,549.9302972337091,555.1006074774433,-5.170310243734207,-3.900010280556689,-1.2702999631775178,557.043,9.446578383651392,575.9361567673028,538.1498432326972
2023-05-16,538.99,545.74,534.34,534.88,72505,551.2070529577687,562.0354637964041,33.70963521902347,547.6148668900615,553.6027847013364,-5.987917811274883,-4.317591786700328,-1.670326024574555,555.5699999999999,10.488281179766268,576.5465623595325,534.5934376404674
2023-05-17,534.88,546.12,534.88,542.64,68132,550.391143152267,561.2748573730157,41.4483248962435,546.849502753129,552.7907265753115,-5.941223822182565,-4.6423181937967755,-1.2989056283857892,554.2135000000001,10.307942402804002,574.829384805608,533.5976151943921
2023-05-18,542.64,550.0,541.16,549.22,96034,550.2796057091939,560.8021178681915,47.08877421702762,547.214194637263,552.5262283104737,-5.312033673210749,-4.77626128967957,-0.535772383531179,552.9649999999999,9.215317054862027,571.3956341097239,534.5343658902759
2023-05-21,551.94,554.26,546.51,548.84,48741,550.1425004035564,560.3330152066939,46.80833422273235,547.4643185392225,552.2531743615498,-4.788855822327264,-4.778780196209109,-0.010075626118155157,551.9575,8.439983708549384,568.8374674170988,535.0775325829012
2023-05-22,548.84,550.31,542.64,547.21,68416,549.8632146508367,559.8183871593726,45.555055025587464,547.4251926101114,551.8796058903239,-4.4544132802125205,-4.713906813009792,0.25949353279727116,551.2945000000001,8.254880199363441,567.8042603987269,534.7847396012733
2023-05-23,551.94,561.24,550.39,558.91,100970,550.7248132555188,559.7827641335149,54.89122266760433,549.1920860547096,552.400375824374,-3.2082897696643613,-4.412783404340706,1.2044936346763446,551.4495000000001,8.372396673188085,568.1942933463762,534.7047066536239
2023-05-24,562.02,588.37,555.89,568.6,37135,552.4272119930885,560.1285380890633,60.87515061500597,552.1779189693697,553.6003479855315,-1.4224290161618,-3.8147125267049247,2.3922835105431246,551.391,8.240701234888006,567.8724024697759,534.909597530224
2023-05-28,569.77,579.07,560.47,562.17,57567,553.3550965651752,560.208595418904,55.604024522864385,553.7151622048513,554.2351370236403,-0.5199748187890236,-3.1557649851217446,2.635790166332721,551.4375,8.301600273793149,568.0407005475863,534.8342994524137
2023-05-30,559.46,562.02,542.64,554.26,66387,553.4412778446824,559.9753171671823,49.88190906248273,553.7989834041049,554.2369787255928,-0.4379953214879606,-2.612211052394988,2.1742157309070276,551.0495,7.95507482849127,566.9596496569825,535.1393503430174
2023-05-31,550.39,555.81,541.09,544.96,86240,552.6335370975698,559.3864811998418,44.131599710427494,552.4391398034734,553.5497951162897,-1.1106553128163341,-2.311899904479257,1.201244591662923,550.3905000000001,7.882366379293854,566.1552327585878,534.6257672414124
2023-06-01,550.39,555.04,541.47,553.1,64360,552.6779621358966,559.1399525253382,49.60732549314913,552.540810602939,553.5164769595275,-0.9756663565884764,-2.0446531949011013,1.0689868383126249,550.371,7.874773781248778,566.1205475624976,534.6214524375024
2023-06-04,550.39,569.77,550.39,552.4,85849,552.6514895515254,558.8756406615995,49.161098994892086,552.5191474332561,553.4337749625255,-0.9146275292694099,-1.8186480617747631,0.9040205325053532,550.371,7.874773781248778,566.1205475624976,534.6214524375024
2023-06-05,561.94,561.94,551.94,552.02,51968,552.5913476894754,558.6067920082035,48.90392709197633,552.4423555204474,553.3290508912273,-0.8866953707798757,-1.632257523575786,0.7455621527959102,550.1815,7.7820557932336385,565.7456115864672,534.6173884135328
2023-06-06,555.04,558.14,552.79,555.04,20101,552.8245526714301,558.4669178118033,51.093582702689005,552.8419931326863,553.4557878622476,-0.6137947295612776,-1.4285649647728844,0.8147702352116069,550.2239999999999,7.807379370323891,565.8387587406477,534.6092412593522
2023-06-07,555.04,561.24,554.34,555.43,35488,553.0726905122463,558.3478229956542,51.383327648100845,553.24014803535,553.6020257983774,-0.3618777630274508,-1.2152275244237978,0.853349761396347,550.5535,7.884574730750574,566.3226494615011,534.7843505384989
2023-06-08,554.26,559.61,553.88,557.36,28350,553.4810057015561,558.3090848389619,52.871359795945274,553.873971414527,553.8803942577568,-0.006422843229870523,-0.9734665881850124,0.9670437449551419,550.8285,8.027167210269914,566.8828344205398,534.7741655794601
2023-06-11,558.91,569.77,555.19,566.67,97299,554.737100396646,558.636963864885,59.33689752968212,555.8425911969074,554.827772460886,1.0148187360214251,-0.5758095233437249,1.59062825936515,551.6814999999999,8.763528053697776,569.2085561073955,534.1544438926044
2023-06-12,568.22,578.29,568.22,572.87,57704,556.4640432160131,559.1951221446935,62.979323882003925,558.4621925512294,556.1642337600796,2.2979587911497674,-0.0010558604450264242,2.299014651594794,552.8444999999999,9.938757454401491,572.7220149088029,532.966985091197
2023-06-13,584.26,584.26,568.22,581.4,87057,558.8388962430595,560.065901668431,67.31697430635128,561.9910860048864,558.0335497778515,3.9575362270348933,0.7906625570509576,3.1668736699839357,554.8215,11.455602754733716,577.7327055094675,531.9102944905326
2023-06-14,569.77,607.75,569.77,600.78,142091,562.8332870770538,561.6625329755514,74.5989770018634,567.9586112349039,561.1999534980107,6.758657736893156,1.9842615930193974,4.7743961438737585,557.938,14.76712586512241,587.4722517302448,528.4037482697552
2023-06-15,600.78,603.1,589.15,603.1,54223,566.6682121173344,563.2875316823925,75.30822764755672,573.3649787372264,564.3036606463062,9.061318090920167,3.3996728925995514,5.661645198320616,561.349,16.887442516184002,595.1238850323681,527.574114967632
2023-06-18,608.53,609.3,596.12,603.1,44461,570.1379062013978,564.8488049497496,75.30822764755672,577.9395973930377,567.1774635613946,10.762133831643155,4.872165080408273,5.889968751234882,564.372,18.67855133570524,601.7291026714105,527.0148973285894
2023-06-19,603.88,604.65,594.57,595.5,54506,572.5533437060265,566.0508125987791,68.08554663377755,580.6411977941088,569.2754292235135,11.365768570595378,6.170885778445694,5.194882792149684,566.6859999999999,19.549067389265627,605.7841347785312,527.5878652214686
2023-06-20,600.78,603.1,585.27,588.37,34384,574.0596919245002,566.9260748498074,62.07096875521682,581.8302442873229,570.6898418736235,11.140402413699348,7.164789105496425,3.9756133082029237,568.6625,19.647873562472107,607.9582471249443,529.3667528750558
2023-06-21,592.25,597.67,581.4,581.4,52004,574.7587688840715,567.493679757658,56.789594731180955,581.764052858504,571.4831869200218,10.28086593848218,7.788004472093576,2.4928614663886037,570.372,19.16455901151491,608.7011180230297,532.0428819769702
2023-06-22,585.27,589.15,575.97,581.4,63239,575.3912670855884,568.0390256495145,56.78959473118095,581.7080447264265,572.2177656666868,9.490279059739692,8.1284593896228,1.3618196701168923,571.4965,19.11636864741136,609.7292372948227,533.2637627051772
2023-06-25,581.4,596.9,573.64,596.12,89107,577.3654321250561,569.1402403299257,64.24170969372634,583.9252686146685,573.9883015432285,9.936967071439994,8.490160925986238,1.4468061454537562,572.8725000000001,19.872402147345877,612.6173042946918,533.1276957053083
2023-06-26,606.82,614.73,600.78,610.08,104175,580.4811052560032,570.7457211013012,69.59686285745931,587.9490734431811,576.6617606881746,11.287312755006496,9.049591291790291,2.2377214632162055,575.268,21.34728026558456,617.9625605311692,532.5734394688309
2023-06-27,620.16,622.79,608.53,620.39,74430,584.281952374479,572.6925555679169,72.83278591287592,592.9399852211532,579.9008895260876,13.039095695065612,9.847492172445355,3.191603522620257,578.5745,22.981023172461338,624.5365463449226,532.6124536550773
2023-06-28,627.13,631.01,606.2,608.91,100750,586.6274807197667,574.11284750643,64.58934424326833,595.3969105717449,582.0497125241551,13.347198047589814,10.547433347474247,2.799764700115567,581.7719999999999,22.501753054526418,626.7755061090528,536.7684938909471
2023-07-02,604.65,616.59,593.8,595.74,85825,587.4953396988366,574.9609711336288,56.665611853333324,595.4496935607073,583.0638078927362,12.385885667971024,10.915123811573602,1.4707618563974219,583.9039999999999,21.645908668980297,627.1958173379605,540.6121826620392
2023-07-03,595.74,600.0,589.92,593.8,37583,588.0957835370426,575.6997565793689,55.58388292356837,595.1958945513677,583.8590813821631,11.33681316920456,10.999461683099796,0.3373514861047653,585.9739999999999,20.419408569210873,626.8128171384217,545.1351828615782
2023-07-04,596.9,603.88,589.92,596.9,48521,588.9342803430385,576.5311386742956,56.996571996822496,595.4580646203881,584.8250753538547,10.6329892665334,10.926167199786518,-0.2931779332531175,588.218,18.901246575446706,626.0204931508933,550.4155068491066
2023-07-05,596.98,604.65,593.8,596.43,56329,589.6481584056062,577.3114861772643,56.70211215059929,595.6075931403284,585.6846994017172,9.922893738611151,10.725512507551445,-0.8026187689402935,590.2875,17.273170517812126,624.8338410356242,555.7411589643758
2023-07-06,603.8,603.8,589.92,593.8,37975,590.0435718907866,577.9580945624697,54.990109230951404,595.3295018879702,586.2858327793678,9.043669108602444,10.389143827761645,-1.345474719159201,592.2059999999999,15.20485635718656,622.615712714373,561.7962872856268
2023-07-09,603.8,612.33,598.68,611.63,43972,592.0994221869022,579.2785614423728,63.119873369233034,597.8372708282825,588.1631784994146,9.674092328867914,10.246133527982899,-0.5720411991149845,594.9195,13.393541049426611,621.7065820988532,568.1324179011467
2023-07-10,615.5,617.83,608.53,611.55,61999,593.951858169102,580.5441080524758,63.06483309806527,599.9469214700852,589.895535647606,10.05138582247912,10.207183986882143,-0.15579816440302352,597.1635,12.10954485435009,621.3825897087002,572.9444102912998
2023-07-11,612.4,615.43,605.43,606.98,37571,595.1926335815684,581.5808096974768,59.85399445277018,601.0289335516105,591.1610515255611,9.867882026049415,10.139323594715597,-0.27144156866618196,598.8689999999999,10.843856810511873,620.5567136210236,577.1812863789762
2023-07-12,612.4,615.12,600.78,604.65,49480,596.0933351452286,582.4854838269875,58.22629290726232,601.5860206975166,592.160232894038,9.425787803478556,9.996616436468189,-0.5708286329896328,600.0315,10.092783391092661,620.2170667821854,579.8459332178147
2023-07-13,612.4,612.4,604.03,606.12,40669,597.0482556075877,583.4123275984782,58.98413651682814,602.2835559748218,593.1942897167019,9.089266258119892,9.81514640079853,-0.7258801426786388,600.2985,10.183849584955064,620.6661991699101,579.9308008300899
2023-07-16,612.4,617.05,606.2,615.35,48967,598.7912788830555,584.6647853397144,63.46585500241225,604.2937781325414,594.8354534413905,9.458324691150892,9.743782058869003,-0.28545736771811114,600.911,10.715707064646034,622.342414129292,579.4795858707079
2023-07-17,618.6,625.58,611.63,622.48,55849,601.0473475608597,586.1477349342354,66.51009663467727,607.0916584198427,596.8831976309172,10.20846078892555,9.836717804880314,0.37174298404523576,601.88,11.750368415301041,625.3807368306021,578.3792631693979
2023-07-18,627.6,634.11,622.48,627.91,83521,603.6056954122064,587.7854708191674,68.65239299297754,610.2944802014053,599.1814792878862,11.113000913519159,10.091974426608083,1.021026486911076,603.5005,12.993294009260797,629.4870880185216,577.5139119814784
2023-07-19,627.91,633.33,620.16,627.91,181640,605.9203910872343,589.3589817674354,68.65239299297754,613.0045601704198,601.3095178591539,11.69504231126598,10.412588003539662,1.2824543077263169,605.4775,13.565453753077357,632.6084075061547,578.3465924938453
2023-07-20,633.33,634.11,624.96,628.68,67669,608.0879728884502,590.9009824824378,68.97874425137715,615.4161662980475,603.336960980698,12.079205317349533,10.745911466301637,1.3332938510478964,607.8415,13.265049556537857,634.3715991130757,581.3114008869243
2023-07-23,635.66,639.61,626.36,637.21,136053,610.8614992800262,592.7170223850874,72.40594408078945,618.7690637906555,605.8460749821277,12.922988808527862,11.181326934746881,1.7416618737809806,610.6320000000001,13.280154009908044,637.1923080198161,584.071691980184
2023-07-24,639.53,639.53,624.88,627.91,89524,612.4851660152618,594.0971391542996,64.09207830471658,620.1753616690162,607.4804397982664,12.694921870749795,11.484045921947466,1.2108759488023288,612.2215,13.354061584028775,638.9296231680576,585.5133768319424
2023-07-25,627.83,631.78,614.73,615.89,86821,612.8094359185702,594.9517611482487,55.26029877096596,619.5160752583982,608.1033701835801,11.412705074818177,11.469777752521608,-0.05707267770343094,612.512,13.368211154610156,639.2484223092202,585.7755776907796
2023-07-26,620.16,624.03,610.85,612.48,68079,612.7780610691825,595.6391430640036,53.02784518178736,618.4336021417216,608.4275649847964,10.006037156925231,11.177029633402332,-1.1709924764771014,612.1165,13.23925990738517,638.5950198147704,585.6379801852296
2023-07-27,600.23,621.71,600.23,607.75,61909,612.2991981102127,596.1140786301212,50.009865300602584,616.7899710429953,608.3773749859225,8.412596057072733,10.624142918136414,-2.211546861063681,612.0585,13.256576233010248,638.5716524660205,585.5453475339795
2023-07-30,618.6,618.6,600.08,602.33,74894,611.3497506711449,596.3578402524694,46.72805909224189,614.5653601133037,607.9294212832616,6.6359388300420505,9.826502100517542,-3.190563270475492,612.388,12.906910266680331,638.2018205333607,586.5741794666394
2023-07-31,609.3,620.16,597.13,608.53,51397,611.0812029881787,596.8351798504118,50.71253169186576,613.6368431727954,607.9739085956126,5.662934577182796,8.993788595850592,-3.3308540186677966,613.1245,12.19080778596081,637.5061155719217,588.7428844280784
2023-08-01,596.9,615.5,596.9,603.1,48045,610.3210884178759,597.0808590719643,47.37076916712255,612.0157903769807,607.6128783292709,4.402912047709833,8.07561328622244,-3.672701238512607,613.4345000000001,11.830011556275453,637.094523112551,589.7744768874492
2023-08-02,612.4,612.4,600.16,603.88,34169,609.7076514256972,597.3474920495343,47.901851722499906,610.7641303189836,607.336368823399,3.4277614955846047,7.146042928094873,-3.7182814325102687,613.807,11.374936946061437,636.5568738921229,591.0571261078771
2023-08-03,612.4,614.81,606.28,611.63,42059,609.8907322422975,597.907590400533,52.97898744905708,610.89734103914,607.6544155772214,3.2429254619186167,6.365419434859622,-3.1224939729410055,614.6985000000001,10.379530602434425,635.457561204869,593.9394387951312
2023-08-06,620.16,629.46,600.0,603.1,141442,609.2439958382691,598.1112143063945,47.49296272140231,609.6977501100416,607.3170514603901,2.380698649651549,5.568475277818008,-3.187776628166459,614.2719999999999,10.683065595926717,635.6381311918534,592.9058688081465
2023-08-07,596.9,609.3,596.9,600.78,52929,608.4379009965293,598.2158725688888,46.094887609419146,608.3257885546506,606.8328254262872,1.4929631283633853,4.753372847927084,-3.2604097195636985,613.7335,11.091141688208937,635.915783376418,591.5512166235821
2023-08-08,600.78,607.75,596.98,596.98,30614,607.3466723301931,598.1674069779519,43.819532045528824,606.5802826231659,606.1029865058215,0.4772961173443946,3.8981575018105463,-3.4208613844661517,613.2335,11.62421486881362,636.4819297376273,589.9850702623728
2023-08-09,597.67,609.22,596.9,609.22,32720,607.5250844892223,598.6008419984245,52.03291937246776,606.9863929888327,606.3338763942792,0.6525165945535036,3.2490293203591376,-2.596512725805634,613.4620000000001,11.490757201037255,636.4435144020746,590.4804855979256
2023-08-10,609.3,612.4,598.68,610.08,65038,607.768409775963,599.0510050573098,52.55773180241404,607.4623325290123,606.61136703174,0.850965497272341,2.7694165557417785,-1.9184510584694374,613.6600000000001,11.391274130506527,636.4425482610131,590.877451738987
2023-08-13,611.63,620.16,606.2,618.6,51617,608.7999897972999,599.8176323099643,57.51683878882943,609.1758198322412,607.4994139182777,1.6764059139635492,2.550814427386133,-0.8744085134225839,613.8225,11.439729420361477,636.7019588407229,590.9430411592771
2023-08-14,618.6,624.81,617.05,618.6,69704,609.733324102319,600.5541957487893,57.51683878882943,610.6256937042042,608.3216795539608,2.304014150243347,2.501454371957576,-0.19744022171422904,613.6285,11.31743009467813,636.2633601893563,590.9936398106438
2023-08-15,619.38,619.38,607.83,608.53,29917,609.61872180686,600.8669723860917,50.30844984950097,610.3032792881728,608.3371106981119,1.9661685900608745,2.394397215578236,-0.4282286255173613,612.6595,10.85030801166156,634.3601160233231,590.9588839766768
2023-08-16,608.53,608.53,599.22,608.53,31107,609.5150340157304,601.1674832729117,50.30844984950097,610.0304670899924,608.3513987945481,1.6790682954442673,2.251331431551442,-0.5722631361071748,611.6905,10.266322805558374,632.2231456111168,591.1578543888833
2023-08-17,608.53,617.83,603.1,606.12,27752,609.1916974428037,601.3616996151504,48.6172665575754,609.428856768455,608.186109994952,1.242746773503086,2.0496144999417707,-0.8068677264386848,610.5625,9.513121063509157,629.5887421270183,591.5362578729817
2023-08-20,601.63,612.4,601.63,604.65,34292,608.7591548292033,601.4906525714191,47.566903118416576,608.6936480348465,607.9241759212518,0.769472113594702,1.7935860226723572,-1.0241139090776552,608.9345,7.223320037834581,623.3811400756691,594.4878599243308
2023-08-21,598.45,612.4,598.45,603.88,26580,608.2944734168982,601.5843524705791,46.994171538268624,607.9530867987163,607.6246073344925,0.32847946422384666,1.5005647109826552,-1.1720852467588085,607.733,5.748945074902571,619.2308901498051,596.2351098501948
2023-08-22,603.49,610.08,602.4,606.2,11727,608.0949997581461,601.7653582560466,48.98717287132701,607.6833811373754,607.5190808652708,0.1643002721045832,1.2333118232070408,-1.0690115511024576,607.2484999999999,5.424484719698898,618.0974694393977,596.3995305606021
2023-08-23,604.73,624.65,604.65,620.16,48779,609.2440474002275,602.4867167558095,58.981357397211475,609.6028609623946,608.4554452456211,1.1474157167734802,1.2161326019203287,-0.06871688514684848,607.6324999999999,6.05007514094566,619.7326502818912,595.5323497181087
2023-08-24,620.16,625.66,615.5,615.89,64412,609.8769952668724,603.0123357065621,55.40574905616549,610.5701131220262,609.0061530052049,1.563960116821363,1.2856981049005356,0.27826201192082745,608.0395000000001,6.3259045328282335,620.6913090656566,595.3876909343436
2023-08-27,611.63,615.5,606.59,612.4,22697,610.1172814319322,603.380479404344,52.5990532787125,610.8516341801761,609.2575490788934,1.594085101282758,1.3473755041769802,0.24670959710577778,608.543,6.247819072160817,621.0386381443217,596.0473618556783
2023-08-28,624.03,624.03,610.85,611.63,23084,610.2613498669863,603.7039900159384,51.973488398142074,610.9713827678413,609.4332861841606,1.5380965836807263,1.3855197200777294,0.15257686360299694,608.698,6.285817453059958,621.2696349061199,596.12636509388
2023-08-29,612.4,616.98,609.3,610.47,18161,610.2812213082257,603.9693237408037,50.98963968401607,610.8942469574042,609.5100798001487,1.384167157255547,1.385249207513293,-0.0010820502577459923,609.0665,6.155036683847527,621.3765733676951,596.756426632305
2023-08-30,613.95,619.38,610.23,610.93,33034,610.3430097550613,604.2422914372428,51.382666440345346,610.8997474254959,609.6152590742117,1.2844883512841534,1.365097036267465,-0.08060868498331164,609.4190000000001,6.043233623825917,621.505467247652,597.3325327523482
2023-09-03,610.85,612.4,605.81,606.98,23300,610.0227231117221,604.3496525573509,47.83529530094365,610.296709360035,609.4200546983442,0.8766546616908499,1.267408561352142,-0.39075389966129204,609.1865,6.043142503395962,621.272785006792,597.100214993208
2023-09-04,607.05,610.23,600.78,606.98,34063,609.7329399582247,604.4528034374547,47.83529530094365,609.7864463815681,609.2393099058742,0.5471364756939465,1.123354144220503,-0.5762176685265565,609.3805,5.898002761910898,621.1765055238218,597.5844944761782
2023-09-05,608.53,608.53,603.1,603.72,14746,609.1602790098224,604.4240660477506,44.87020505523497,608.8531469382499,608.8304721350687,0.022674803181189418,0.9032182760126404,-0.880543472831451,609.5274999999999,5.70587312849276,620.9392462569855,598.1157537430144
2023-09-07,603.88,603.88,599.3,600.78,29986,608.3621571993632,604.2811614968583,42.322355936820394,607.6111243323652,608.2341408658044,-0.6230165334392268,0.597971314122267,-1.220987847561494,609.7175,5.316012430239012,620.349524860478,599.0854751395219
2023-09-10,604.65,612.4,600.78,604.65,27417,608.0086184184714,604.2956257518836,46.6191950070363,607.1555667427706,607.9686489498189,-0.8130822070482964,0.31576060988815435,-1.1288428169364506,609.4889999999999,5.435398498975623,620.3597969979512,598.6182030020486
2023-09-11,604.65,624.03,603.1,618.68,49803,609.0249404738552,604.8597188596528,58.64686286704605,608.928556474652,608.7620823609434,0.1664741137086594,0.2859033106522554,-0.119429196943596,609.919,5.811761124563,621.542522249126,598.2954777508739
2023-09-12,620.16,623.26,613.95,614.34,22370,609.5311366192022,605.2314945906469,54.55213712355175,609.7610862477826,609.1752614453179,0.5858248024646855,0.3458876090147414,0.23993719344994408,609.7059999999999,5.5489822680458465,620.8039645360916,598.6080354639082
2023-09-13,621.71,638.76,618.53,634.88,97903,611.9453140840401,606.3941810772882,66.48034028246914,613.6255345173545,611.0793161530721,2.5462183642823675,0.7859537600682667,1.7602646042141008,610.52,7.699651393375385,625.9193027867508,595.1206972132492
2023-09-17,647.52,660.47,622.56,631.01,337149,613.7609984569887,607.3595073095514,63.11896766613253,616.3000676685307,612.5556631046965,3.744404563834223,1.3776439208214581,2.366760643012765,611.644,8.935501281878592,629.5150025637572,593.7729974362428
2023-09-18,634.11,634.11,619.38,624.73,53973,614.8056652706089,608.0407031013337,57.99455597033614,617.5969803349105,613.457465837682,4.139514497228561,1.930018036102879,2.2094964611256818,612.454,9.362424562300575,631.1788491246011,593.7291508753988
2023-09-19,624.81,624.81,617.52,624.03,48207,615.6841733400747,608.6677343522618,57.434820952680035,618.5866756680012,614.2406165163721,4.346059151629106,2.4132262592081246,1.9328328924209814,613.3495,9.578733832958454,632.5069676659169,594.1920323340831
2023-09-21,634.88,634.88,619.38,620.16,118792,616.1104425457819,609.1184114364869,54.31375675793987,618.8287255652318,614.6790893670112,4.149636198220605,2.7605082470106206,1.3891279512099848,614.125,9.464516280381657,633.0540325607633,595.1959674392367
2023-09-24,625.58,630.23,616.28,617.83,109470,616.2742099223741,609.4600423605463,52.4652180400896,618.675075478273,614.91249015464,3.7625853236330613,2.9609236623351087,0.8016616612979526,614.8225,9.179499972078984,633.181499944158,596.463500055842
2023-09-25,620.16,626.2,613.18,613.95,58347,616.0528565964337,609.636119130721,49.44720609675541,617.9481407893079,614.8411945876296,3.1069462016782836,2.990128170203744,0.11681803147453973,615.21,8.957242879399638,633.1244857587993,597.2955142412007
2023-09-26,620.16,620.16,606.2,611.32,106020,615.6021083491544,609.7021536746144,47.45453377170962,616.928426821722,614.5803653589163,2.348061462805731,2.8617148287241414,-0.5136533659184104,614.768,8.91814861601881,632.6042972320377,596.9317027679624
2023-09-27,620.16,620.16,596.36,602.64,79635,614.3676218397111,609.4252064716883,41.509069310359074,614.7302073106879,613.6958938508484,1.0343134598394954,2.4962345549472125,-1.461921095107717,614.1054999999999,9.313785750196155,632.7330715003922,595.4779284996076
2023-10-01,604.65,612.4,588.06,593.02,122313,612.3345149978338,608.781865041426,36.10938685178606,611.3901754167358,612.1643461581929,-0.7741707414570556,1.842153495666359,-2.6163242371234148,613.1365,10.440548117822084,634.0175962356441,592.2554037643558
2023-10-02,593.02,593.8,586.05,590.31,285352,610.2369421408973,608.0574781770564,34.73845876742355,608.1470715064688,610.5455057020305,-2.398434195561663,0.9940359574207547,-3.3924701529824173,612.0705,11.623814699075977,635.318129398152,588.8228706018481
2023-10-03,600.0,601.0,573.0,573.0,91760,606.6905666989071,606.6826751112895,27.54484189865262,602.7398297362429,607.7643571315098,-5.024527395266887,-0.2096767131167736,-4.814850682150113,610.1969999999999,14.547364782180512,639.2917295643609,581.1022704356388
2023-10-04,573.0,573.0,566.1,568.0,55162,603.0057508228207,605.1657074598664,25.877889381381394,597.3952405460517,604.8188491958423,-7.423608649790594,-1.652463100451538,-5.771145549339057,608.0504999999999,17.333859313054795,642.7182186261095,573.3827813738903
2023-10-05,567.0,567.0,559.0,562.0,38826,599.1004412206473,603.472934618303,24.000841530226765,591.9498189235823,601.6470825887429,-9.697263665160676,-3.261423213393366,-6.4358404517673105,605.8014999999999,20.16658708047184,646.1346741609436,565.4683258390562
2023-10-08,562.0,573.0,548.1,549.0,81362,594.3289706282047,601.3367411038598,20.5267348535273,585.3421544738004,597.7472986932804,-12.405144219480007,-5.090167414610695,-7.314976804869312,602.9024999999999,23.823993848540812,650.5504876970815,555.2545123029183
2023-10-09,555.0,558.0,541.0,541.9,40407,589.3357353302805,599.0058885115516,18.916267904652727,578.6587460932158,593.6104617530374,-14.951715659821616,-7.06247706365288,-7.889238596168736,599.8115,27.447195288610175,654.7058905772203,544.9171094227797
2023-10-10,542.9,544.0,535.3,536.0,56229,584.2561414893014,596.5350693542358,17.675255852643474,572.0958620788749,589.3430201417012,-17.247158062826315,-9.099413263487566,-8.14774479933875,596.5725,30.928414099090073,658.4293281981801,534.7156718018199
2023-10-11,536.3,542.9,531.0,535.0,66243,579.5650803950822,594.1219293795599,17.466100411443023,566.3888063744326,585.317611242316,-18.9288048678834,-11.065291584366733,-7.863513283516667,593.09,33.762436149327705,660.6148722986554,525.5651277013446
2023-10-12,538.0,538.0,529.0,531.0,47891,574.9398346431695,591.6465595999694,16.61896635501286,560.9443746245199,581.294084483626,-20.349709859106042,-12.922175239314596,-7.427534619791446,588.706,35.8902352062297,660.4864704124594,516.9255295875406
2023-10-16,536.0,541.0,510.0,515.0,66053,569.2312789628677,588.6408121646765,13.746838908681909,553.8760092976707,576.3834115589129,-22.50740226124219,-14.839220643700116,-7.668181617542075,583.739,38.90347121571777,661.5459424314356,505.93205756856446
2023-10-17,516.0,528.0,515.0,517.2,57459,564.2759190616422,585.8392116876304,15.899065059011875,548.2335463287984,571.9994551471416,-23.765908818343178,-16.62455827862873,-7.141350539714448,577.855,39.65358475864619,657.1621695172923,498.54783048270764
2023-10-18,520.0,539.0,520.0,538.0,31104,561.773450579581,583.9631641704684,32.937132725545,546.6591545859063,569.4809769880941,-22.821822402187763,-17.864011103340538,-4.957811298847226,573.2045,38.529655629078164,650.2638112581564,496.14518874184375
2023-10-19,538.0,546.0,532.0,542.5,45018,559.9378838577161,582.3371577324108,35.95990443136289,546.019284649613,567.4823861000872,-21.46310145047414,-18.58382917276726,-2.8792722777068818,569.093,37.102953081514215,643.2989061630284,494.88709383697153
2023-10-29,541.0,542.0,531.1,533.6,28904,557.429513966505,580.4258966448652,32.81003798573404,544.1086254727495,564.972579722303,-20.863954249553444,-19.039854188124497,-1.8241000614289469,564.5715,35.532604193755695,635.6367083875114,493.5062916124886
2023-10-30,543.9,543.9,530.2,536.2,16196,555.4076554935046,578.6915477568313,34.611976007608774,542.8919138615573,562.8412775206509,-19.949363659093592,-19.22175608231832,-0.7276075767752737,560.3735,33.52230196766272,627.4181039353255,493.3288960646746
2023-10-31,535.1,543.0,529.0,530.0,21230,552.9878787798375,576.782075295779,32.381798436913954,540.9085424982409,560.408590296899,-19.500047798658102,-19.277414425586276,-0.22263337307182596,555.9820000000001,31.27698373532191,618.5359674706439,493.42803252935624
2023-11-01,539.7,539.7,527.0,530.0,14536,550.7985569912815,574.9474841077092,32.381798436913954,539.2303051908192,558.1561021267582,-18.925796935939047,-19.207090927656832,0.281293991717785,551.7845,28.607267842660228,608.9990356853205,494.5699643146795
2023-11-02,527.0,530.0,519.3,519.4,26372,547.8082182302071,572.769151397603,28.713364695760944,536.1794890076162,555.2852797469984,-19.1057907393822,-19.186830890001907,0.08104015061970671,547.1885,25.783466198538587,598.7554323970771,495.6215676029228
2023-11-05,520.0,520.0,499.9,501.0,60499,543.3502926844731,569.9546748722067,23.695277967596013,530.7672599295214,551.2641479138874,-20.496887984366026,-19.44884230887473,-1.048045675491295,542.1065000000001,24.249720188307098,590.6059403766143,493.6070596233859
2023-11-06,504.0,505.9,497.6,498.0,42864,539.0312171907137,567.1329229164339,22.989809568083615,525.7261430172873,547.3186554758217,-21.59251245853443,-19.877576338806673,-1.7149361197277564,537.3555,23.02708759038811,583.4096751807763,491.3013248192238
2023-11-07,499.9,505.5,499.0,505.5,28094,535.8377679344553,564.715945547162,28.704620103477467,522.6144287069354,544.2209772924275,-21.606548585492078,-20.223370788143754,-1.3831777973483241,533.115,20.42398680088638,573.9629736017728,492.26702639822724
2023-11-08,505.0,509.8,502.0,502.5,15773,532.6627424168881,562.2761045453126,27.815450887956715,519.5199012135607,541.1305345300254,-21.610633316464714,-20.500823293807947,-1.1098100226567666,529.59,19.226623536967157,568.0432470739344,491.1367529260657
2023-11-09,512.5,512.5,498.0,499.3,23830,529.4853383771845,559.806453386673,26.859694752592617,516.4091471807052,538.0319764166902,-21.622829235985023,-20.725224482243362,-0.8976047537416605,526.155,18.10752896625717,562.3700579325143,489.9399420674856
2023-11-20,508.0,508.0,499.0,500.0,23771,526.6772109126907,557.4611022734701,27.446980185729515,513.8846629990583,535.2147929784169,-21.330129979358617,-20.846205581666418,-0.4839243976921992,523.0550000000001,16.915874668197375,556.8867493363948,489.2232506636053
2023-11-21,501.0,501.0,495.0,495.0,13252,523.6603336829106,555.0116472823537,25.850311219768813,510.97933022997233,532.2359194244601,-21.256589194487788,-20.92828230423069,-0.32830689025709603,520.355,16.866237686126134,554.0874753722522,486.62252462774774
2023-11-22,496.0,499.9,490.1,498.0,11581,521.2164923797762,552.7758964085359,28.53652384864519,508.982510194592,529.6999253930186,-20.71741519842658,-20.886108883069873,0.16869368464329426,518.16,16.771102967233116,551.7022059344662,484.61779406553376
2023-11-23,498.0,505.0,498.0,504.0,25084,519.5768264388452,550.8631161572208,33.70901995810637,508.2159701646548,527.796227215758,-19.580257051103217,-20.624938516676544,1.0446814655733263,516.56,16.503856008781394,549.5677120175627,483.5522879824372
2023-11-26,506.0,518.0,502.0,518.0,31405,519.4266524922884,549.5743665039965,43.91041827834454,509.72120552393864,527.0705807553314,-17.3493752313928,-19.969825859619796,2.6204506282269975,515.7099999999999,15.932023362453013,547.574046724906,483.8459532750939
2023-11-27,520.0,527.8,510.0,513.0,19627,518.8145903501658,548.1400776214869,41.4566896073799,510.22563544333275,526.0283155141958,-15.802680070863062,-19.13639670186845,3.3337166310053874,514.81,15.526069757216732,545.8621395144335,483.7578604855665
2023-11-28,508.1,514.0,508.1,511.0,8467,518.07034365015,546.6836039892717,40.48222074422471,510.34476845205074,524.9151069575887,-14.570338505537961,-18.223185062602354,3.652846557064393,514.6099999999999,15.5492392774039,545.7084785548077,483.5115214451921
2023-11-29,511.0,514.0,508.0,508.0,8435,517.1112633025167,545.166599911261,39.00131131428435,509.984034844043,523.6621360718414,-13.67810122779838,-17.31416829564156,3.6360670678431823,514.15,15.604570855350193,545.3591417107003,482.94085828929957
2023-11-30,516.0,516.2,499.0,500.0,42251,515.4816191784676,543.3953606990547,35.29354103235838,508.448029483421,521.909385251705,-13.461355768283966,-16.543605790170044,3.082250021886079,512.25,14.842595176708343,541.9351903534167,482.5648096465833
2023-12-03,500.0,505.0,491.5,498.0,16859,513.8167030662325,541.6151504755624,34.41274051361265,506.8406403321254,520.1383196775046,-13.297679345379152,-15.894420501211867,2.5967411558327154,510.025,13.327331434259234,536.6796628685184,483.3703371314815
2023-12-04,495.1,502.0,495.1,497.0,15691,512.2151122980199,539.8655367314227,33.95643148769881,505.3266956656446,518.4243700717635,-13.097674406118927,-15.33507128219328,2.237396876074353,508.195,12.400402158192737,532.9958043163855,483.3941956836145
2023-12-05,497.0,500.1,495.0,498.9,19564,510.94700636487516,538.2590450948962,35.70097760220476,504.3379732555454,516.978120436818,-12.640147181272596,-14.796086462009143,2.155939280736547,506.3299999999999,10.647910593196277,527.6258211863925,485.03417881360735
2023-12-06,497.0,500.0,495.0,495.6,12300,509.4853867110775,536.5861413656846,34.02011312797811,502.9936696777692,515.3945559600168,-12.40088628224754,-14.317046426056823,1.9161601438092823,504.60999999999996,9.31856663930826,523.2471332786165,485.9728667213834
2023-12-07,505.0,505.0,491.0,497.5,22557,508.34392131002255,535.0533515082068,35.891621300196064,502.1484897273432,514.0690332963118,-11.920543568968583,-13.837745854639175,1.9172022856705926,502.98499999999996,7.265511537079851,517.5160230741596,488.45397692584027
2023-12-10,505.0,530.0,505.0,524.0,6616,509.83497642335374,534.619886743179,55.044682206904206,505.51026053852115,514.8046604595479,-9.294399921026752,-12.929076667916691,3.634676746889939,503.215,7.860914303369168,518.9368286067383,487.49317139326166
2023-12-11,525.0,529.9,505.0,509.9,93195,509.8411691449391,533.6504794199171,46.998888307324904,506.18560507105633,514.4413522773592,-8.255747206302885,-11.99441077559393,3.7386635692910453,503.65999999999997,7.979935364509902,519.6198707290198,487.70012927098014
2023-12-12,509.0,517.8,504.0,510.0,62527,509.8562958930401,532.723009638744,47.05799266601245,506.77243506012456,514.1123632197771,-7.339928159652516,-11.063514252405648,3.7235860927531323,504.25999999999993,7.983100571679206,520.2262011433584,488.2937988566415
2023-12-13,514.0,520.0,505.1,510.0,57588,509.8699819984648,531.8319112215383,47.05799266601245,507.26898351241306,513.8077437220159,-6.538760209602799,-10.158563443845079,3.61980323424228,504.48499999999996,8.082682918350645,520.6503658367012,488.31963416329864
2023-12-14,508.0,511.8,501.6,506.9,40832,509.58712657003963,530.8541892128507,45.24403591021821,507.21221681819566,513.2960590018665,-6.083842183670868,-9.343619191810237,3.2597770081393698,504.70500000000004,8.085690739667486,520.876381479335,488.5336185206651
2023-12-17,500.0,507.0,497.0,501.0,76166,508.7693049919406,529.6834366946997,41.93115829603343,506.2564911538579,512.385239816543,-6.128748662685155,-8.70064508598522,2.571896423300066,504.7900000000001,8.034655201763712,520.8593104035275,488.72068959647265
2023-12-18,504.5,519.0,501.0,515.0,139478,509.3627045165177,529.1076156478488,51.08399549382655,507.6016463609567,512.5789257560583,-4.977279395101618,-7.955971947808501,2.9786925527068826,505.5400000000001,8.2609034806425,522.0618069612851,489.0181930387151
2023-12-19,524.0,532.0,518.0,530.0,107626,511.3281612292303,529.142611112639,58.61134079207508,511.0475469208095,513.869375700054,-2.82182877924447,-6.929143314095695,4.107314534851225,507.2900000000001,9.521604243462434,526.333208486925,488.2467915130752
2023-12-20,532.0,549.8,532.0,545.0,99290,514.5350030169227,529.7644695003786,64.49520399972872,516.271001240685,516.1753478704203,0.09565337026469933,-5.5241839772236165,5.619837347488316,509.64000000000004,12.455918060807134,534.5518361216143,484.72816387838577
2023-12-21,545.0,555.0,530.0,532.0,96029,516.19833606293,529.8521373631088,56.94016504351245,518.6908472036565,517.3475443244632,1.3433028791932884,-4.150686605940236,5.4939894851335245,511.0400000000001,13.331419160869693,537.7028383217395,484.3771616782607
2023-12-24,530.0,540.0,521.5,528.0,75142,517.3223040569367,529.7795045253398,54.81256148733221,520.1230245569401,518.1366151152438,1.9864094416963098,-2.923267396412927,4.909676838109236,511.5400000000001,13.785973039008779,539.1119460780176,483.9680539219825
2023-12-27,523.0,530.0,519.0,520.0,90557,517.5773227181808,529.395994543954,50.729836493380795,520.1040977020263,518.2746436252257,1.8294540768005163,-1.9727231017702382,3.8021771785707545,511.89000000000004,13.91326137560712,539.7165227512143,484.06347724878583
2023-12-28,520.0,525.0,511.0,512.0,66034,517.0461491259731,528.7137986794852,46.96272879189836,518.8573134401761,517.8098552085423,1.0474582316337546,-1.36868683508944,2.4161450667231943,511.94000000000005,13.911691410300712,539.7633828206015,484.11661717939865
2024-01-01,515.0,524.9,512.0,513.9,32342,516.7465158758804,528.1328653979368,47.95128838591924,518.0946498339952,517.5202363042058,0.5744135297893536,-0.9800667621136812,1.5544802919030347,512.235,13.88627777797252,540.007555555945,484.462444444055
2024-01-02,520.0,520.0,509.0,509.9,42542,516.0944667448441,527.417851068606,46.007103125933945,516.833934474919,516.9557743557461,-0.12183988082711039,-0.808421385856367,0.6865815050292566,512.73,13.600700446384236,539.9314008927685,485.52859910723157
2024-01-03,511.0,515.0,509.0,514.1,30658,515.9045175310495,526.8955823992488,48.37400254831658,516.4133291710854,516.7442355145797,-0.3309063434943482,-0.7129183773839634,0.38201203388961513,513.5350000000001,13.152037064579211,539.8390741291585,487.23092587084165
2024-01-04,512.3,517.0,509.0,510.9,51626,515.4278968138067,526.2683046581018,46.694449201649,515.565124683226,516.3113291801665,-0.746204496940436,-0.7195756012952579,-0.02662889564517812,514.23,12.587424802499964,539.404849605,489.0551503950001
2024-01-07,510.0,510.0,498.0,499.0,111777,513.8633352124917,525.1989593773919,40.99429196359033,513.0166439627297,515.0290085001542,-2.012364537424446,-0.9781333885210957,-1.0342311489033504,514.235,12.581033134744482,539.397066269489,489.07293373051107
2024-01-08,499.5,505.0,494.2,504.0,94978,512.9239699541592,524.367627637102,44.082975131659474,511.62946796846364,514.2120449075502,-2.5825769390865503,-1.2990220986341867,-1.2835548404523636,514.655,12.055419178927107,538.7658383578541,490.54416164214575
2024-01-09,514.0,514.0,506.0,507.0,69070,512.3597823394774,523.686544200353,45.91239348834449,510.91724212716156,513.6778193588428,-2.7605772316812818,-1.5913331252436058,-1.169244106437676,515.13,11.519141963689972,538.1682839273799,492.09171607262004
2024-01-10,509.0,523.0,509.0,518.0,112076,512.8969459261939,523.4635424670057,52.10047842123097,512.0068971845213,513.9979808878174,-1.9910837032961126,-1.6712832408541072,-0.31980046244200544,514.83,11.352908275701234,537.5358165514025,492.1241834485976
2024-01-11,522.7,522.7,510.0,512.9,50497,512.8972367903659,523.0492858996721,49.285102813394396,512.1442976176719,513.9166489702013,-1.7723513525294265,-1.6914968631891711,-0.08085448934025541,514.98,11.304056095544743,537.5881121910895,492.3718878089105
2024-01-14,515.0,517.8,510.0,511.2,53006,512.7355951912834,522.5846080212535,48.347260270392155,511.999021061107,513.7154157131494,-1.7163946520423679,-1.6964764209598107,-0.019918231082557192,515.0400000000001,11.279389681168182,537.5987793623365,492.48122063766374
2024-01-16,515.0,515.0,508.0,514.0,209619,512.8560146968755,522.2479567263024,50.03375417672624,512.3068639747828,513.7364960306938,-1.4296320559110427,-1.6431075479500572,0.2134754920390145,515.24,11.220629497335933,537.6812589946719,492.79874100532817
2024-01-17,516.0,525.0,507.0,512.0,114163,512.7744894876492,521.846076070369,48.80790172625702,512.2596541325086,513.6078666950868,-1.3482125625782828,-1.5841285508757024,0.23591598829741955,515.495,11.078166055741821,537.6513321114836,493.33866788851634
2024-01-18,510.0,515.0,505.0,509.0,82751,512.4150142983493,521.342308381335,46.949736984585876,511.7581688813534,513.2665432361915,-1.5083743548381108,-1.5689777116681842,0.06060335683007345,515.895,10.663932078230633,537.2228641564612,494.5671358435387
2024-01-21,509.0,509.0,495.0,496.1,169221,510.86120341279224,520.3524139350081,39.91313402021692,509.34921982268366,511.99494744091805,-2.645727618234389,-1.7843276929814254,-0.8613999252529636,514.95,11.548182814472822,538.0463656289456,491.8536343710544
2024-01-22,495.0,498.0,488.0,489.0,108014,508.77918404014537,519.1229075061843,36.656739341237085,506.2185706191939,510.29161800085006,-4.073047381656181,-2.2420716307163766,-1.8309757509398046,512.9,12.347384125293091,537.5947682505862,488.20523174941377
2024-01-23,495.0,496.0,477.0,478.6,138735,505.904976036322,517.5337738784908,32.4769353120526,501.96955975470246,507.9440907415279,-5.974530986825414,-2.9885635019381844,-2.9859674848872295,509.5799999999999,12.187854178418156,533.9557083568362,485.20429164316363
2024-01-24,469.1,494.4,469.1,477.3,67640,503.1806926042913,515.9559788244323,31.98596387438566,498.17424286936364,505.6741580940073,-7.499915224643644,-3.8908338464792767,-3.609081378164367,506.84499999999997,13.002164799539635,532.8493295990793,480.8406704009207
2024-01-25,486.8,486.8,476.0,480.0,85602,500.9730075943588,514.5459404391605,34.21051687321024,495.37820550484616,503.7723686055623,-8.394163100716128,-4.791499697326647,-3.6026634033894807,504.445,13.317952861523363,531.0809057230467,477.80909427695326
2024-01-28,489.0,489.0,480.0,481.0,55234,499.07081639489604,513.230413363115,35.05772984075638,493.166173888716,502.08552648663175,-8.919352597915747,-5.617070277444467,-3.3022823204712797,502.495,13.768097181553724,530.0311943631075,474.9588056368926
2024-01-29,482.0,483.9,478.0,479.7,50577,497.2259767382393,511.91549519201243,34.43687806355915,491.09445482891357,500.42733933947386,-9.332884510560291,-6.360233124067633,-2.9726513864926583,500.87999999999994,14.470936389906122,529.8218727798122,471.9381272201877
2024-01-30,480.0,487.0,478.5,479.0,46693,495.49016942983553,510.6246914589924,34.08682804939764,489.23376947061917,498.84012901803135,-9.606359547412183,-7.009458408736544,-2.596901138675639,499.13499999999993,14.915667319287401,528.9663346385747,469.30366536142515
2024-01-31,481.0,481.9,474.0,475.0,64290,493.53872472223213,509.22764473511035,32.08009933175208,487.0439587828316,497.0741935352142,-10.030234752382569,-7.613613677465749,-2.4166210749168195,497.39,15.615070318552654,528.6201406371054,466.1598593628947
2024-02-01,475.5,475.5,463.1,466.0,96457,490.91598903440047,507.53244298079227,28.07519570535392,483.80642666239595,494.77240142149464,-10.965974759098685,-8.284085893792337,-2.681888865306348,494.98499999999996,16.58027601194545,528.1455520238909,461.82444797610907
2024-02-04,466.0,470.0,459.0,468.5,71555,488.7811329358861,506.00175894232984,30.664563843856456,481.4515917912581,492.826297612495,-11.374705821236887,-8.902209879281248,-2.472495941955639,492.86499999999995,17.139498088846093,527.1439961776921,458.58600382230776
2024-02-05,471.0,476.1,469.0,474.9,46778,487.45912027532546,504.78208212106205,36.924900702549415,480.443654592603,491.49842371527313,-11.054769122670109,-9.33272172795902,-1.7220473947110886,491.66,17.5282448756791,526.7164897513583,456.60351024864184
2024-02-06,474.9,482.9,474.9,477.8,58942,486.5392040586278,503.7239612535694,39.586714153757455,480.0369385014333,490.4837256622899,-10.446787160856559,-9.555534814538529,-0.89125234631803,490.35,17.5365032822721,525.4230065645443,455.27699343545584
2024-02-07,487.3,487.3,478.6,479.0,52013,485.8211846244727,502.75439414558633,40.701852449354064,479.8774095012128,489.63307931693504,-9.755669815722229,-9.59556181477527,-0.1601080009469591,488.95,17.25268857768595,523.4553771553719,454.4446228446281
2024-02-08,488.5,488.5,470.0,474.6,49857,484.7525003745229,501.6503002575241,37.93674238908343,479.0655003471801,488.51951788605095,-9.454017538870858,-9.567252959594388,0.11323542072353021,486.78000000000003,16.097224343956636,518.9744486879133,454.58555131208675
2024-02-11,465.2,471.0,450.8,455.1,182831,481.92845271980644,499.8247982866409,28.647963586615802,475.3785002937678,486.04399804263977,-10.665497748871985,-9.786901917449907,-0.8785958314220785,483.89000000000004,16.347570236347195,516.5851404726944,451.19485952730565
2024-02-12,450.0,455.0,439.0,450.1,309656,478.8971715083963,497.8748061969687,26.83370454762708,471.4895002485727,483.3814796691109,-11.891979420538178,-10.207917418067561,-1.6840620024706165,480.8349999999999,16.68104108200913,514.1970821640182,447.47291783598166
2024-02-13,450.1,454.0,440.1,441.9,174782,475.37363136473954,495.67971575787186,24.13429551299835,466.9372694411,480.30877747139897,-13.371508030298969,-10.840635540513844,-2.530872489785125,477.23,16.925505512180074,511.0810110243602,443.37898897563986
2024-02-14,433.1,448.0,433.1,443.0,83609,472.2904283776215,493.6138445516808,25.221048767602923,463.25461260400766,477.54516432536946,-14.290551721361794,-11.530618776683436,-2.759932944678358,473.78000000000003,16.491899127839748,506.76379825567955,440.7962017443205
2024-02-15,434.2,440.0,430.0,433.0,200617,468.548482817848,491.23683103985024,22.11903557941723,458.60005681877567,474.24552252349025,-15.645465704714582,-12.353588162289666,-3.291877542424915,469.98,16.703973684211945,503.3879473684239,436.5720526315761
2024-02-18,433.0,455.8,433.0,444.0,307692,466.21053207329106,489.3844062931895,32.02321475675481,456.35389423127174,472.0051134476762,-15.651219216404456,-13.013114373112625,-2.6381048432918313,467.375,16.47712529221889,500.3292505844378,434.4207494155622
2024-02-20,436.0,452.9,436.0,442.0,118355,463.90476711393,487.52619428169186,31.24519189637296,454.14560281107606,469.78251245155207,-15.636909640476006,-13.537873426585303,-2.0990362138907024,465.025,16.581882154635483,498.18876430927094,431.861235690729
2024-02-21,448.0,448.0,439.0,440.0,141689,461.6281226268891,485.6624219569196,30.448522137716196,451.96935622475667,467.5764004181038,-15.607044193347122,-13.951707579937668,-1.6553366134094532,463.0950000000001,17.155158039760757,497.4053160795216,428.7846839204786
2024-02-22,438.6,440.0,423.4,427.0,149028,458.330206186233,483.36193482135417,25.837081425673958,448.1279168055633,464.5707411278739,-16.44282432231057,-14.44993092841225,-1.9928933938983207,460.58000000000004,18.590110557150158,497.76022111430035,423.39977888569973
2024-02-25,427.0,430.0,410.0,410.9,176046,453.81304369230605,480.52029031855596,21.495190439000353,442.4005449893228,460.59513067395727,-18.19458568463449,-15.198861879656699,-2.995723804977791,457.125,21.04941241837047,499.22382483674096,415.02617516325904
2024-02-26,408.0,419.9,405.1,418.0,98421,450.40227762637215,478.0685142276322,27.297513204809903,438.6466149909654,457.4399358092197,-18.7933208182543,-15.917753667376221,-2.87556715087808,453.975,21.981783726309192,497.93856745261843,410.0114325473816
2024-02-27,415.0,426.0,412.3,418.5,70324,447.36396547147956,475.7324940618427,27.702763792689282,435.5471357615861,454.5554961196479,-19.008360358061793,-16.535875005513336,-2.472485352548457,450.9150000000001,22.466589814555718,495.84817962911154,405.9818203708886
2024-02-28,413.4,418.0,413.0,415.0,36695,444.28168304562433,473.35082762804495,26.585632770235506,432.38603795211134,451.6254593700444,-19.239421417933045,-17.076584287997278,-2.1628371299357667,447.71500000000003,22.811037840685525,493.33707568137106,402.092924318629
2024-02-29,415.0,415.0,408.0,412.0,109726,441.20723704127914,470.944912819102,25.63153364087991,429.2497244210173,448.6902401574485,-19.440515736431223,-17.549370577684066,-1.8911451587471575,444.56500000000005,23.191610892524125,490.9482217850483,398.1817782149518
2024-03-03,412.0,417.0,406.0,407.0,60400,437.9494049421097,468.4372691791372,24.080418754158288,425.82668989470693,445.60207421985973,-19.7753843251528,-17.994573327177815,-1.780810997974985,441.61500000000007,24.057809214708225,489.7306184294165,393.49938157058364
2024-03-04,415.1,438.0,415.1,435.0,11800,437.6685092333374,467.12600372113184,44.379520223169585,427.2379683724443,444.816735388759,-17.578767016314714,-17.911412065005194,0.3326450486904804,439.94000000000005,23.239743634801613,486.4194872696033,393.46051273039683
2024-03-05,435.0,439.0,414.0,416.9,107535,435.6905559730195,465.1563565163816,37.415232764768376,425.64751169976057,442.74882906366577,-17.101317363905196,-17.749393124785193,0.6480757608799976,437.03999999999996,22.245127201508772,481.5302544030175,392.5497455969824
2024-03-06,421.0,424.9,411.4,418.0,73115,434.0057411184462,463.30708763338623,38.051476964355416,424.47097143825897,440.91558246635714,-16.444611028098166,-17.48843670544779,1.0438256773496235,434.05,20.42239482840096,474.89478965680195,393.2052103431981
2024-03-07,425.9,425.9,418.1,421.9,39804,432.8528133928799,461.68328027521426,40.36622694000861,424.0754373708345,439.5070208021825,-15.431583431348031,-17.077066050627838,1.6454826192798073,431.195,17.604588965163735,466.4041779303275,395.9858220696725
2024-03-10,425.0,428.9,419.5,420.0,84813,431.62873592689135,460.04864183304903,39.590098861879355,423.44844700609076,438.06205629831715,-14.613609292226386,-16.58437469894755,1.9707654067211635,428.465,14.474633892315824,457.41426778463165,399.5157322153683
2024-03-12,428.4,434.0,422.0,433.5,85533,431.8069515529017,459.00751862390985,47.33789684155314,424.99483977438445,437.7241262021455,-12.729286427761053,-15.813357044710251,3.084070616949198,427.38500000000005,13.12567892983866,453.6363578596774,401.1336421403227
2024-03-13,442.1,442.1,428.0,432.0,84991,431.82533711929204,457.94840024650165,46.622401229549,426.07255673217145,437.3001168538384,-11.227560121666954,-14.896197660101592,3.6686375384346377,426.48,12.057607338839349,450.5952146776787,402.3647853223213
2024-03-14,432.0,432.9,425.1,425.1,67871,431.1848288222166,456.66022768781534,43.374693424770165,425.92293261952966,436.3964044942948,-10.473471874765153,-14.011652503034306,3.538180628269153,425.64,11.499080054771971,448.63816010954395,402.641839890456
2024-03-17,424.2,424.2,417.0,418.0,58774,429.92913083914834,455.14414032750886,40.26641962371685,424.7040199088328,435.03370786508776,-10.329687956254986,-13.275259593678442,2.9455716374234555,424.39,10.853323526908254,446.09664705381647,402.6833529461835
2024-03-18,416.0,421.5,416.0,418.2,45079,428.81207075922947,453.6953505107438,40.39599266113639,423.7034014613201,433.7867665417479,-10.083365080427825,-12.63688069102832,2.5535156106004955,423.65,10.739327627720954,445.1286552554419,402.17134474455804
2024-03-19,420.0,423.0,417.0,417.2,20842,427.7061592583505,452.26416029463627,39.92960633497092,422.7028781595785,432.5581171682851,-9.855239008706576,-12.080552354563972,2.225313345857396,422.31000000000006,9.686936401303587,441.68387280260725,402.93612719739286
2024-03-20,417.0,425.0,415.5,417.0,41724,426.6865250432695,450.8812520477878,39.83055995314828,421.82551228887417,431.4056640447084,-9.580151755834208,-11.580472234818021,2.000320478983813,421.06000000000006,8.559845055210852,438.17969011042175,403.9403098895784
2024-03-21,419.0,419.9,414.1,414.1,28308,425.48780837248194,449.43885000669815,38.34528043994869,420.63697193673966,430.12376300435966,-9.486791067620004,-11.161736001378419,1.6749449337584146,419.765,7.427989385869336,434.62097877173863,404.90902122826134
2024-03-25,410.1,413.0,409.0,410.1,71062,424.02230281319794,447.89615000643545,36.332775166639,419.01589933108744,428.64052130033303,-9.624621969245595,-10.854313194951855,1.2296912257062598,418.91999999999996,7.522289685066788,433.96457937013355,403.87542062986637
2024-03-26,415.0,415.0,409.2,413.0,29379,422.97255968813147,446.52767353559483,38.839013012544065,418.090376357074,427.48196416697505,-9.391587809901068,-10.561768117941698,1.1701803080406297,419.025,7.418389313105567,433.8617786262111,404.18822137378885
2024-03-27,413.0,413.0,408.0,411.0,42526,421.8323159083094,445.13443143615973,37.73575747228785,416.9995492252164,426.2610779323843,-9.261528707167884,-10.301720235786936,1.0401915286190526,418.675,7.631367057001911,433.93773411400383,403.4122658859962
2024-03-28,413.9,414.0,407.0,410.0,33224,420.7054286789466,443.756610595526,37.16726692669471,415.92269549826005,425.05655364109657,-9.133858142836516,-10.068147817196854,0.9342896743603379,418.25,7.874442336195172,433.9988846723903,402.5011153276097
2024-03-31,413.0,413.0,406.0,407.0,30600,419.4001497571422,442.31517488589753,35.44223471215028,414.54997311391236,423.71903114916347,-9.169058035251112,-9.888329860807707,0.7192718255565946,417.85,8.242795897711312,434.33559179542266,401.3644082045774
2024-04-01,410.0,412.5,405.0,407.9,51254,418.3048973993191,440.9655601844898,36.39596849266307,413.5269003271566,422.54725106404027,-9.020350736883643,-9.714734036022895,0.6943832991392522,417.645,8.444460968790839,434.5339219375817,400.7560780624183
2024-04-02,412.0,412.0,405.0,406.8,28130,417.2091928850982,439.625734294902,35.70173924014229,412.49199258451716,421.3807880222595,-8.888795437742317,-9.54954631636678,0.6607508786244622,417.63499999999993,8.4578381585716,434.55067631714314,400.7193236828567
2024-04-03,410.0,410.0,399.0,402.0,59686,415.7606983246127,438.150215302945,32.76482839903966,410.8778398792069,419.9451740946847,-9.067334215477842,-9.453103896188992,0.3857696807111495,415.98499999999996,8.103363499239185,432.1917269984783,399.7782730015216
2024-04-04,400.0,402.0,398.0,398.0,61026,414.0692032460782,436.5756970557707,30.512254129859116,408.8966337439443,418.31960564322657,-9.422971899282288,-9.447077496807651,0.02410559752536301,415.03999999999996,9.039061432458032,433.118122864916,396.9618771350839
2024-04-07,398.0,398.8,390.3,397.0,80715,412.4435648416898,435.02370893593655,29.957749598351683,407.0663823987221,416.74037559558013,-9.67399319685802,-9.492460636817725,-0.18153256004029572,413.98999999999995,9.859587906449967,433.7091758128999,394.2708241871
2024-04-09,400.0,406.9,396.9,398.8,47203,411.1441777139098,433.60317133060573,32.34123269454963,405.7946312604572,415.4114588847964,-9.61682762433918,-9.517334034322017,-0.09949359001716296,412.83500000000004,10.230258267088438,433.2955165341769,392.3744834658232
2024-04-10,405.9,405.9,394.1,395.0,40657,409.6066369792518,432.08932147450355,30.01881017255637,404.1339187588484,413.89949896740404,-9.765580208555662,-9.566983269168746,-0.19859693938691514,411.58500000000004,10.819099826392106,433.2231996527843,389.9468003472158
2024-04-14,398.0,400.0,394.0,395.0,29072,408.2155286955135,430.634838279425,30.01881017255637,402.7287004882563,412.49953608092966,-9.770835592673336,-9.607753733869664,-0.16308185880367176,409.66,10.1169165263339,429.89383305266784,389.4261669473322
2024-04-15,392.0,395.0,390.0,391.0,63551,406.57595453403604,429.0805308959182,27.599294664761445,400.92428502852454,410.90697785271266,-9.98269282418812,-9.682741551933356,-0.2999512722547646,407.61,9.486161666274974,426.58232333254995,388.6376766674501
2024-04-16,389.0,393.0,387.3,390.0,33400,404.9972921974612,427.54796105686256,27.013110314392407,399.2436257933669,409.3583128265858,-10.1146870332189,-9.769130648190465,-0.3455563850284342,405.855,9.325600023070121,424.50620004614024,387.2037999538598
2024-04-18,387.4,390.0,383.0,385.0,38828,403.0927881786554,425.8794135644366,24.240822731187194,397.0522987482335,407.5539933579498,-10.50169460971631,-9.915643440495636,-0.5860511692206742,404.20500000000004,9.96137144440689,424.1277428888138,384.28225711118625
2024-04-21,377.3,380.0,366.1,373.0,127611,400.2268083521168,423.80571107171363,19.15888033866996,393.3519450946591,404.994438294398,-11.642493199738908,-10.26101339234429,-1.3814798073946175,401.94500000000005,11.610089758970087,425.1651795179402,378.7248204820599
2024-04-22,372.0,373.0,357.1,358.0,105899,396.20520755667707,421.22509495125433,14.942041398027115,387.9131843108654,401.51336879110926,-13.600184480243854,-10.928847609924205,-2.6713368703196494,398.985,14.661631811269851,428.3082636225397,369.66173637746033
2024-04-24,358.0,360.0,345.0,351.0,132036,391.8999496941364,418.47116965904826,13.453861895598138,382.23423287842456,397.77163776954563,-15.53740489112107,-11.85055906616358,-3.6868458249574907,395.68500000000006,17.538717320943984,430.76243464188804,360.6075653581121
2024-04-25,351.5,355.0,346.0,348.5,49901,387.76662115183774,415.7272022214386,12.957505703815798,377.0443508971285,394.12188682365337,-17.077535926524888,-12.895954438235842,-4.181581488289046,392.40500000000003,19.89005239337877,432.18510478675756,352.6248952132425
2024-04-28,355.4,355.4,347.0,351.6,60351,384.3221810421389,413.21240997746065,17.044446194362436,373.1298353744933,390.97211742930864,-17.842282054815314,-13.885219961551737,-3.957062093263577,389.47999999999996,21.39539055130648,432.27078110261294,346.689218897387
2024-04-29,358.6,358.6,351.6,352.0,45855,381.2438780857447,410.8119233116779,17.582184613252352,369.87909147072514,388.0852939160265,-18.206202445301358,-14.749416458301662,-3.456785986999696,386.42999999999995,22.198864361678535,430.82772872335704,342.03227127664286
2024-04-30,359.0,365.0,351.1,363.0,69508,379.50636588710233,408.9369459269062,30.856043666350715,368.8207697059982,386.22712399632087,-17.406354290322668,-15.280804024705864,-2.1255502656168037,384.03,21.996509292464275,428.02301858492854,340.0369814150714
2024-05-02,370.2,370.2,357.0,357.0,63914,377.3629024692831,406.9002029493805,28.189174502341316,367.00218975122925,384.06215184844524,-17.059962097215987,-15.63663563920789,-1.4233264580080967,381.38,21.895459755291174,425.17091951058234,337.58908048941765
2024-05-05,356.1,359.0,349.0,349.0,53700,374.6616736626847,404.62960675528717,25.077022127005137,364.23262209719394,381.46495541522705,-17.232333318033113,-15.955775174972937,-1.2765581430601767,378.47999999999996,22.162904046859833,422.80580809371963,334.1541919062803
2024-05-06,345.1,351.9,344.6,346.9,59983,372.01770474242903,402.36570060802103,24.318057785893103,361.56606485147176,378.9045883474324,-17.338523495960658,-16.23232483917048,-1.106198656790177,375.43,22.09834716374207,419.62669432748413,331.2333056725159
2024-05-07,350.0,355.9,347.1,348.0,47490,369.73030429076914,400.23371234888293,25.58846728510143,359.4789779512453,376.61535958095595,-17.136381629710627,-16.41313619727851,-0.7232454324321154,372.49,21.611227588815645,415.7124551776313,329.26754482236873
2024-05-08,349.1,352.0,341.6,350.0,47782,367.85122769164826,398.2637628450052,27.95639739288829,358.02067365105376,374.6438514638481,-16.623177812794324,-16.455144520381676,-0.1680332924126482,369.89,20.99325455576048,411.87650911152093,327.90349088847904
2024-05-09,345.0,352.8,345.0,350.0,29902,366.1511107686341,396.37106626284816,27.95639739288829,356.78672385858397,372.81838098504454,-16.031657126460573,-16.37044704159746,0.3387899151368856,367.49,20.344219404016233,408.17843880803247,326.80156119196755
2024-05-12,350.0,355.0,347.0,352.0,39449,364.8033859335261,394.63102444861886,30.520609783083373,356.05030480341725,371.27627868985604,-15.225973886438794,-16.141552410565726,0.9155785241269321,365.24,19.37403036625156,403.98806073250313,326.4919392674969
2024-05-13,350.0,364.9,350.0,363.0,55261,364.6316348922379,393.3905921173005,42.617768494340716,357.1194886798146,370.663221009126,-13.54373232931141,-15.621988394314863,2.078256065003453,363.45,17.69086889064876,398.83173778129753,328.06826221870244
2024-05-14,368.1,369.0,356.8,365.5,47874,364.7143363310724,392.29684340681814,44.96314720450588,358.4087981136893,370.2807601936352,-11.871962079945945,-14.87198313144108,3.0000210514951355,361.975,16.078192979142486,394.131385958285,329.818614041715
2024-05-15,359.0,370.0,357.8,358.0,64416,364.0748757281131,390.9518691555704,39.71830752550943,358.34590609619863,369.371074253366,-11.025168157167343,-14.102620136586335,3.077451979418992,360.125,14.083131940872475,388.29126388174495,331.95873611825505
2024-05-16,365.1,365.1,355.1,360.1,75546,363.6963161349595,389.74199193378337,41.76659274719083,358.61576669678345,368.68432801237594,-10.06856131559249,-13.295808372387567,3.2272470567950773,358.58,12.068558541268482,382.71711708253696,334.442882917463
2024-05-19,367.3,385.7,362.0,385.0,135375,365.7252384078205,389.5560314657919,59.38753365211472,362.6748795126629,369.8928963077555,-7.218016795092581,-12.08025005692857,4.862233261835989,358.33,11.417673281310934,381.16534656262183,335.49465343737813
2024-05-20,385.0,421.0,385.0,419.9,276638,370.88473951183755,390.74599101615297,72.12096383950325,371.4787442030224,373.59712621088477,-2.118382007862351,-10.087876447115326,7.9694944392529745,360.075,17.0070844371837,394.0891688743674,326.0608311256326
2024-05-21,420.0,432.7,407.1,429.5,201842,376.46714527261497,392.265756074343,74.49027606442765,380.4050912487113,377.7380798248933,2.6670114238179963,-7.536898872928663,10.20391029674666,362.9,22.928653643325806,408.7573072866516,317.04269271334834
2024-05-22,430.5,458.0,420.4,452.9,287668,383.74646477046116,394.6435695616237,79.1431612088801,391.5581541335249,383.30562946749376,8.25252466603115,-4.3790141651367005,12.63153883116785,367.645,30.447910221277255,428.5408204425545,306.7491795574455
2024-05-26,455.0,458.0,435.0,435.1,219186,388.63727764946486,396.2300962454816,68.85493562262775,398.25689965144414,387.1422495069387,11.114650144505447,-1.2802813032082714,12.394931447713718,371.85,33.6654672358988,439.1809344717976,304.5190655282024
2024-05-27,443.8,443.8,424.5,428.0,161570,392.38610834951584,397.4759748240902,65.21338097604155,402.83276124352966,390.16874954346173,12.664011700067931,1.5085772974469693,11.155434402620962,375.825,35.41148899202663,446.6479779840532,305.00202201594675
2024-05-29,435.0,442.0,412.6,414.0,116281,394.44457422099055,398.12397581138083,58.628950104971004,404.5507979752943,391.9340273550572,12.616770620237105,3.730215962004997,8.886554658232107,378.94500000000005,35.910187309904394,450.7653746198088,307.1246253801913
2024-05-30,417.0,417.9,402.0,407.6,99271,395.69747191422954,398.4955846030914,55.85267727379206,405.01990597909514,393.09446977320107,11.925436205894073,5.369260010782812,6.556176195111261,381.725,35.86656374309753,453.45812748619505,309.991872513805
2024-06-02,407.0,429.3,407.0,424.0,112458,398.392950779541,399.49575775591137,60.95495932979579,407.9399204438497,395.3837683085195,12.556152135330194,6.806638435692288,5.749513699637906,384.775,36.772628192874095,458.32025638574817,311.2297436142518
2024-06-03,425.0,427.1,413.0,415.1,52109,399.98409832434663,400.107688824307,57.09827642884687,409.04147114479593,396.84422991529584,12.197241229500094,7.88475899445385,4.312482235046244,387.68,36.75786489419341,461.1957297883868,314.1642702116132
2024-06-04,423.4,423.4,414.0,415.5,31000,401.4618032458374,400.7113088704126,57.22925684047539,410.03509096867344,398.22613881045913,11.80895215821431,8.669597627205942,3.139354531008369,391.005,36.07621282202127,463.1574256440425,318.8525743559575
2024-06-05,415.0,415.0,407.2,412.0,40825,402.46544103194816,401.15400264020036,55.62887138423603,410.33738466580064,399.24642482449923,11.090959841301412,9.153870070025036,1.9370897712763764,394.26,34.801699897997715,463.8633997959954,324.6566002040046
2024-06-06,410.0,412.8,407.0,408.0,40467,402.9925418860483,401.4224731248984,53.77795251307389,409.97778702490825,399.89483780046226,10.082949224445997,9.33968590090923,0.7432633235367678,397.26,33.15101649629553,463.56203299259107,330.9579670074089
2024-06-09,416.1,416.1,401.0,401.0,63378,402.80277599213895,401.405905551373,50.60472689453661,408.59658902107617,399.9767016670947,8.619887353981483,9.19572619152368,-0.5758388375421966,399.81,31.230246809628106,462.27049361925623,337.3495063807438
2024-06-10,409.0,409.0,400.0,401.1,57100,402.64060685003045,401.39390925524077,50.649526548076814,407.4432676332183,400.0599089510136,7.383358682204687,8.833252689659881,-1.4498940074551943,402.36499999999995,28.94759830053662,460.2601966010732,344.46980339892673
2024-06-11,409.1,421.0,402.0,418.0,71137,404.10340619764656,402.0451285001333,57.64152009514658,409.06738030503084,401.38880458427184,7.6785757207589995,8.602317295879706,-0.9237415751207063,405.66499999999996,26.568011533475936,458.8010230669518,352.5289769330481
2024-06-12,425.0,425.0,418.0,418.0,81660,405.4268913216802,402.67080973542215,57.64152009514658,410.44162948887225,402.6192635039554,7.822365984916871,8.44632703368714,-0.6239610487702691,408.41499999999996,24.70022959622166,457.8154591924433,359.0145408075566
2024-06-13,418.0,418.0,411.5,415.1,45758,406.34813976723444,403.15822896148404,56.06081886089528,411.15830187519964,403.5437625036624,7.614539371537262,8.279969501257165,-0.665430129719903,410.895,22.562089185663872,456.0191783713277,365.77082162867225
2024-06-16,416.0,420.0,410.0,412.0,69817,406.88641217035496,403.50496508064157,54.34518803016702,411.28779389439967,404.1701504663541,7.1176434280455965,8.047504286614851,-0.9298608585692545,413.59499999999997,18.819711810555802,451.23442362111155,375.9555763788884
2024-06-18,407.0,410.0,403.0,404.0,58636,406.6115157731783,403.52437821473404,50.08539512503214,410.1665948337228,404.1575467281056,6.0090481056171825,7.639813050415318,-1.6307649447981358,415.7900000000001,14.259692917663239,444.30938583532657,387.2706141646736
2024-06-19,402.0,408.0,402.0,404.0,30586,406.3627999852566,403.5430300494504,50.08539512503214,409.21788793622693,404.1458766000978,5.072011336129151,7.126252707558085,-2.054241371428934,416.74000000000007,12.641552203193006,442.0231044063861,391.45689559361404
2024-06-20,412.0,412.0,401.1,401.1,42682,405.86158093904163,403.447224949472,48.48754883787993,407.96898209988433,403.92025611120164,4.0487259886826905,6.510747363783006,-2.4620213751003153,415.8,13.085387591578806,441.9707751831576,389.6292248168424
2024-06-23,409.0,409.0,400.0,403.0,32541,405.58904942103766,403.4296867161594,49.62153846200425,407.20452331528674,403.85208899185335,3.3524343234333855,5.879084755713082,-2.5266504322796965,414.475,12.966266962706037,440.4075339254121,388.54246607458794
2024-06-24,408.9,408.9,400.0,400.4,40516,405.09485423808167,403.31087547238843,48.06232327689964,406.1576735744734,403.5963786961605,2.5612948783128786,5.215526780233041,-2.654231901920163,411.85,9.674083663977644,431.19816732795533,392.5018326720447
2024-06-25,408.3,408.3,397.2,398.1,42749,404.42867764397863,403.10652741464776,46.665407992172895,404.91803148609284,403.18923953348195,1.7287919526108908,4.518179814708612,-2.789387862097721,410.0,8.454895810043666,426.90979162008733,393.09020837991267
2024-06-26,406.0,406.0,396.6,397.0,45572,403.72118453502827,402.8670557513282,45.977141216459536,403.6998727959247,402.7307773458166,0.9690954501081137,3.808362941788512,-2.839267491680398,408.45,7.7973342273774975,424.04466845475497,392.855331545245
2024-06-27,397.0,399.0,394.0,397.0,56848,403.0810717221684,402.6369751336291,45.977141216459536,402.66912313501325,402.30627532020054,0.3628478148127101,3.119259916393352,-2.7564121015806418,407.6,8.081883574146886,423.7637671482938,391.4362328517062
2024-06-30,400.0,400.0,393.5,394.1,45391,402.22573155815235,402.3021917950554,43.99322984992778,401.3507964988574,401.6984030742598,-0.3476065754023807,2.4258866180342054,-2.773493193436586,406.925,8.627244177955445,424.1794883559109,389.6705116440891
2024-07-01,400.0,400.5,391.1,400.0,48992,402.01375712404257,402.2119097638768,48.83080356179498,401.1429816528793,401.57259543912943,-0.4296137862501155,1.854786537177341,-2.2844003234274566,405.725,7.751935242299473,421.228870484599,390.22112951540106
2024-07-02,408.0,440.0,408.0,418.0,147642,403.5362564455623,402.8310505574503,60.14198381910351,403.7363690908979,402.78944022141616,0.9469288694817237,1.6732150036382176,-0.7262861341564939,405.87,7.960831747127153,421.7916634942543,389.9483365057457
2024-07-03,410.6,420.0,407.0,420.0,75714,405.1042320221754,403.50434269245227,61.169098585259945,406.2384661538366,404.0642965013112,2.174169652525393,1.7734059334156527,0.4007637191097402,406.09499999999997,8.303548702418482,422.70209740483693,389.487902595163
2024-07-04,420.1,430.1,417.0,424.6,106679,406.96097182958727,404.3316233711796,63.49891442732933,409.06331751478484,405.5854597234363,3.4778577913485265,2.1142963050022274,1.363561486346299,406.725,9.204282470148172,425.13356494029637,388.3164350597037
2024-07-07,430.0,430.0,421.3,429.0,73287,409.05992689343606,405.2990106899569,65.62355104629444,412.1304994355872,407.3198701142929,4.8106293212943,2.6535629082606422,2.157066413033658,407.775,10.468392275937465,428.7117845518749,386.838215448125
2024-07-08,430.0,434.0,426.4,427.0,74221,410.7685052845374,406.15002987858605,63.80552878695934,414.4181149070353,408.77765751323415,5.640457393801171,3.2509418053687478,2.389515588432423,409.075,11.173411814649436,431.42182362929884,386.72817637070114
2024-07-09,425.0,435.0,422.0,433.1,72357,412.89531430505764,407.20689145197485,66.82438847763905,417.2922510751837,410.57931251225386,6.712938562929821,3.9433411568809627,2.7695974060488586,410.675,12.214007273823311,435.10301454764664,386.2469854523534
2024-07-10,441.7,441.7,433.0,438.0,98818,415.286236752195,408.41446433621115,69.0570042018412,420.4780586020785,412.6104745483832,7.867584053695282,4.728189736243827,3.1393943174514547,411.675,13.58686962904209,438.8487392580842,384.5012607419158
2024-07-11,446.7,447.2,438.0,446.1,117154,418.22088087103356,409.89232847988916,72.3674714245943,424.4198957402202,415.0911801373918,9.328715602828424,5.648294909560747,3.6804206932676777,413.08000000000004,15.58179099228041,444.2435819845609,381.9164180154392
2024-07-14,455.0,468.0,447.0,449.0,157454,421.15222554998275,411.42596265714843,73.46215898810665,428.20145024172484,417.60294457165907,10.598505670065776,6.638337061661753,3.9601686084040235,414.775,17.534563611719125,449.84412722343825,379.7058727765617
2024-07-15,457.9,457.9,443.0,443.2,155082,423.25201359284154,412.67200333726026,67.68668686262856,430.50891943530564,419.49902275153613,11.009896683769512,7.512648986083304,3.4972476976862072,416.33500000000004,18.628452346958294,453.5919046939166,379.07809530608347
2024-07-16,452.0,469.0,439.0,461.0,139792,426.84705991733284,414.5672188926618,74.35118927162864,435.1998549067971,422.5731692143853,12.626685692411797,8.535456327349003,4.091229365062794,419.18500000000006,20.867660071097863,460.9203201421958,377.4496798578043
2024-07-17,470.2,482.4,466.0,478.6,193151,431.77591135377736,417.07830834785153,78.96976191059011,441.87680030575143,426.7233048281346,15.153495477616843,9.859064157402571,5.294431320214272,422.91499999999996,24.381858549269193,471.67871709853836,374.15128290146157
2024-07-18,478.0,525.0,469.2,500.0,331046,438.27344360579855,420.33013939303385,82.98236003483586,450.8188310279435,432.1512081741987,18.667622853744774,11.620775896671013,7.046846957073761,427.86,29.26482350429637,486.38964700859276,369.33035299140727
2024-07-21,500.0,511.0,492.5,504.2,272349,444.5521632623892,423.6191535344835,83.64203638496015,459.03131856210604,437.48815571685066,21.54316284525538,13.605253286387889,7.937909558867492,432.91999999999996,33.22164164644756,499.36328329289506,366.47671670710486
2024-07-22,508.0,513.0,492.0,502.0,201152,450.02338580882827,426.6929122194057,81.85217305316243,465.64188493716665,442.2668108489358,23.37507408823086,15.559217446756485,7.815856641474376,438.0,35.66528608576844,509.3305721715369,366.6694278284631
2024-07-23,502.0,513.0,490.0,508.0,280089,455.5449681127494,429.8814254657035,82.92532442885854,472.1585180237564,447.13593597123685,25.022582052519567,17.4518903679091,7.570691684610466,443.495,37.60762065831473,518.7102413166294,368.2797586833706
2024-07-24,510.0,520.0,497.9,499.0,218750,459.68354257820187,432.5919578003818,75.6946700952742,476.28797678933233,450.977718491886,25.310258297446353,19.023563953816552,6.286694343629801,448.59499999999997,37.88566559921421,524.3663311984284,372.82366880157156
2024-07-25,499.0,505.0,491.0,501.9,163606,463.7041575707541,435.30992023958254,76.40848629572162,480.22828805251197,454.7497393443389,25.478548708173093,20.314560904687863,5.163987803485231,453.84,37.62720740159762,529.0944148031953,378.58558519680474
2024-07-28,511.9,552.0,511.9,552.0,642139,472.1132854211584,439.88600179881456,84.7442184669182,491.2700898905871,461.9534623558693,29.31662753471778,22.114974230693846,7.201653304023935,461.73499999999996,40.85933862206173,543.4536772441234,380.0163227558765
2024-07-29,563.0,573.0,533.0,534.5,415282,478.05487728581005,443.5963546694493,74.80194223083768,497.9208452920352,467.32727995913825,30.593565332896958,23.81069245113447,6.782872881762486,468.4599999999999,41.23057628815474,550.9211525763094,385.99884742369045
2024-07-30,534.5,537.6,515.5,530.0,296884,483.0020318300186,446.9847329177062,72.4481811280504,502.85609986249136,471.96970366586874,30.886396196622627,25.225833200232106,5.660562996390521,474.05999999999995,41.620470671871026,557.300941343742,390.8190586562579
2024-07-31,533.1,539.0,525.0,530.0,321197,487.4780287985883,450.24023358760013,72.4481811280504,507.03208449903116,476.26824413506364,30.763840363967518,26.333434632979188,4.43040573098833,479.55999999999995,41.367930625198376,562.2958612503967,396.8241387496032
2024-08-01,540.6,540.6,516.0,517.0,397416,490.28964510348465,452.85826364298833,65.5386697746809,508.5656099607187,479.28541123617003,29.280198724548654,26.922787451293082,2.357411273255572,484.18,40.04541632224273,564.2708326444855,404.0891673555145
2024-08-05,506.7,506.7,480.0,495.9,677340,490.82396461743843,454.54617487267507,56.174249189351144,506.6170545821466,480.51612151497227,26.10093306717431,26.75841657446933,-0.6574835072950194,487.525,37.93194563953564,563.3888912790712,411.6611087209287
2024-08-06,495.9,495.9,474.0,474.4,499757,489.2597775110157,455.32475625021726,48.560370269053635,501.6605846464317,480.06307547682616,21.59750916960553,25.72623509349657,-4.128725923891039,489.8950000000001,35.343777461723604,560.5825549234473,419.20744507655286
2024-08-07,470.0,487.4,470.0,483.0,214696,488.6636082242523,456.41005992667937,51.39807272247888,498.7897254700576,480.2806254415057,18.50910002855187,24.282808080507632,-5.7737080519557615,492.39000000000004,32.792680505526256,557.9753610110525,426.80463898894754
2024-08-08,483.0,495.0,480.0,487.0,245160,488.50516934575205,457.6096654197508,52.704938659481854,496.97592155158725,480.7783568902831,16.19756466130417,22.66575939666694,-6.4681947353627685,494.84000000000003,30.246851075784335,555.3337021515687,434.3462978484314
2024-08-11,490.0,508.0,490.0,504.3,437035,490.0094389318709,459.44065893270175,57.968969017999996,498.10270285134305,482.5207008243362,15.582002027006865,21.249007922734926,-5.66700589572806,497.75,28.02922347161484,553.8084469432297,441.6915530567703
2024-08-12,514.0,534.0,504.0,525.0,429436,493.34187331931173,462.0116134843605,63.240970828901844,502.24074856652106,485.6673155780891,16.57343298843199,20.313892935874343,-3.7404599474423534,501.55,26.161753924798667,553.8735078495973,449.2264921504027
2024-08-13,535.5,535.5,513.0,516.0,192089,495.4997901460439,464.12880511242486,59.73284200076855,504.357556479364,487.9141810908232,16.4433753885408,19.539789426407633,-3.0964140378668326,505.18999999999994,22.41169572486245,550.0133914497248,460.36660855027503
2024-08-14,516.0,523.0,508.0,520.0,193085,497.83314346546825,466.319832362918,60.77431895210107,506.7640862517695,490.2909084174289,16.473177834340618,18.92646710799423,-2.4532892736536134,508.14,20.047217945866613,548.2344358917333,468.0455641082668
2024-08-15,520.0,557.0,518.5,545.1,751075,502.3347488497094,469.4092507016271,66.61025129498418,512.6619191361127,494.350841127249,18.311078008863717,18.803389288168127,-0.49231127930440977,511.46500000000003,20.401555023308177,552.2681100466164,470.6618899533837
2024-08-18,550.0,564.0,535.0,537.7,480715,505.70286800687995,472.0873193015633,63.605707590584274,516.5139315767108,497.56188993263794,18.952041644072835,18.83311975934907,0.11892188472376475,513.3499999999999,21.018801107595245,555.3876022151904,471.31239778480943
2024-08-21,539.0,539.0,525.0,530.0,209828,508.0168805776533,474.3584048191491,60.545418675944866,518.5887113341398,499.96471290059065,18.62399843354916,18.79129549418909,-0.16729706063992822,514.64,21.21844778291839,557.0768955658368,472.2031044341632
2024-08-22,530.0,542.6,527.0,528.0,198426,509.92003480835297,476.4619967870256,59.74140081532945,520.0366018981183,502.04140083388023,17.995201064238074,18.632076608198886,-0.6368755439608123,515.9399999999999,21.1997368404871,558.3394736809742,473.54052631902573
2024-08-25,528.0,537.9,515.0,516.0,264501,510.49907911231935,478.0125067169462,55.02029977052232,519.4155862214848,503.0753711424817,16.340215079003087,18.173704302359727,-1.83348922335664,516.3399999999999,21.117351309206175,558.5747026184123,474.10529738158755
2024-08-27,515.0,525.0,496.1,497.0,251927,509.2134525301937,478.7571142966738,48.48676586437586,515.9670344951026,502.625343650446,13.341690844656569,17.207301610819094,-3.8656107661625256,516.24,21.20832507842666,558.6566501568533,473.8233498431467
2024-08-28,506.0,516.0,493.0,498.0,141796,508.1455046701753,479.5117372654317,48.83116480763111,513.2028753420099,502.2827256022648,10.920149739745057,15.949871236604288,-5.029721496859231,516.045,21.36446816563995,558.7739363312799,473.31606366872006
2024-08-29,498.8,503.0,489.3,494.0,125957,506.7983137492062,480.0799044314932,47.46421070953081,510.24858682785447,501.6691903724674,8.579396455387041,14.47577628036084,-5.896379824973799,513.145,20.12773616576248,553.400472331525,472.889527668475
2024-09-01,503.8,503.8,485.0,485.2,122470,504.74133148737707,480.2806924930033,44.5120384499611,506.39495808510765,500.44925034487727,5.945707740230375,12.769762572334749,-6.824054832104373,510.68,20.39188693162631,551.4637738632526,469.8962261367474
2024-09-02,485.0,503.9,480.0,501.0,124169,504.38501420286497,481.09321435602277,50.46883874019643,505.56496453355265,500.4900466156271,5.074917917925575,11.230793641452914,-6.155875723527339,509.23,19.97253640695071,549.1750728139015,469.28492718609857
2024-09-03,501.0,512.0,489.6,498.0,196070,503.77691761211594,481.75622555774737,49.38477162509175,504.401123836083,500.3055987181732,4.095525117909801,9.803739936744291,-5.70821481883449,507.63,19.497181982630636,546.6243639652613,468.6356360347387
2024-09-04,507.9,507.9,480.0,482.0,78221,501.7029254585811,481.7657853397965,43.96119523570978,500.9547970920702,498.94962844275295,2.005168649317227,8.244025679258879,-6.238857029941652,505.88,20.170995330727763,546.2219906614555,465.5380093385445
2024-09-05,484.0,489.0,473.0,479.0,85177,499.54074208157334,481.65732316960845,43.00747152986502,497.5771360009824,497.4718781877342,0.10525781324821537,6.616272106056747,-6.5110142928085315,505.035,20.950022610228487,546.935045220457,463.134954779543
2024-09-08,487.0,488.0,470.0,474.5,63926,497.1559095023759,481.37664382962384,41.55129640890489,494.02680738544666,495.7702575812354,-1.7434501957887392,4.94432764568765,-6.6877778414763895,505.03999999999996,20.942336872585976,546.924673745172,463.155326254828
2024-09-09,476.0,479.0,460.0,465.0,108664,494.09344193072104,480.73442250297194,38.58138633097956,489.56114471076256,493.49097924188465,-3.929834531122083,3.169495210325704,-7.099329741447787,504.14,22.283210578479842,548.7064211569597,459.5735788430403
2024-09-10,468.0,473.0,455.0,460.0,121413,490.84644746112855,479.92130789501226,37.07921212102264,485.0132762937222,491.010165964708,-5.996889670985809,1.3362182340634015,-7.33310790504921,502.78999999999996,24.118564590277856,551.0271291805557,454.55287081944425
2024-09-11,460.0,465.5,457.1,458.5,73610,487.7658334172116,479.0812566050118,36.61858451379458,480.9343107100726,488.6020055228778,-7.667694812805166,-0.46456437531031214,-7.203130437494854,500.5,26.063525632993798,552.6270512659876,448.3729487340124
2024-09-12,467.6,470.0,456.0,469.0,89053,485.978611187001,478.6859132087368,42.04591471304043,479.098262908523,487.15000511377576,-8.051742205252765,-1.9819999412988027,-6.069742263953962,497.7,26.299929957894392,550.2998599157888,445.1001400842112
2024-09-15,475.0,478.2,460.0,462.0,121891,483.6949339310961,478.0315636711393,39.610737011563195,476.46776092259637,485.2870417720146,-8.819280849418249,-3.3494561229226925,-5.469824726495556,495.0,27.082563821739196,549.1651276434784,440.8348723565216
2024-09-16,469.0,469.0,452.1,452.9,93821,480.76208308051554,477.046012154624,36.63983455450736,472.8419515498892,482.8880016407543,-10.046050090865094,-4.688774916511173,-5.357275174353921,491.645,27.96438477403288,547.5737695480657,435.7162304519342
2024-09-18,458.0,458.0,447.0,455.0,59933,478.30855135856166,476.18146265836424,37.79923583541249,470.09703592682934,480.82222374143913,-10.725187814609797,-5.896057496130899,-4.829130318478898,487.14,26.094613277570506,539.329226555141,434.95077344485895
2024-09-22,464.1,471.0,449.2,452.0,78178,475.80297503869866,475.2331700050951,36.764260613339715,467.31287655347097,478.6872442050362,-11.374367651565251,-6.99171952721777,-4.382648124347481,482.855,24.332055421877836,531.5191108437557,434.19088915624434
2024-09-23,461.0,461.0,443.0,444.5,87158,472.8217393207273,474.0279476519541,34.240155952788825,463.80320323755234,476.1548557454039,-12.351652507851554,-8.063706123344527,-4.287946384507027,478.58000000000004,23.092345507837486,524.764691015675,432.3953089843251
2024-09-24,441.1,444.0,430.0,430.2,114932,468.7625260520866,472.3092046067794,30.00956803941834,458.6334796625443,472.75079235685547,-14.117312694311181,-9.274427437537858,-4.842885256773323,473.69000000000005,22.421697668029257,518.5333953360586,428.84660466394155
2024-09-25,427.0,442.6,427.0,442.5,78402,466.26133309474505,471.1402161908273,37.197377067193386,456.1514058683067,470.5099929230143,-14.358587054707584,-10.291259360971804,-4.0673276937357805,470.01500000000004,21.106852840791564,512.2287056815832,427.8012943184169
2024-09-26,433.7,448.0,433.7,437.0,57402,463.47453946667406,469.8013841833439,35.44450956661295,453.20503573472104,468.0277712250132,-14.822735490292189,-11.197554586835881,-3.6251809034563074,467.01500000000004,21.33231487428094,509.6796297485619,424.35037025143816
2024-09-29,435.0,440.0,429.0,436.0,32022,460.8579166603241,468.4758397055657,35.12045444292697,450.5581071601486,465.6553437268641,-15.09723656671548,-11.977490982811803,-3.1197455839036774,463.9150000000001,21.096202576734782,506.10740515346964,421.7225948465305
2024-09-30,442.7,442.9,435.0,440.0,39543,458.8714484069599,467.359140109269,37.578820584501145,448.9337829816642,463.7549478952445,-14.821164913580333,-12.54622576896551,-2.274939144614823,461.21500000000003,20.49000462358234,502.1950092471647,420.23499075283536
2024-10-01,447.5,463.9,441.0,458.7,118682,458.8551199872495,467.0195659873369,47.57904978979861,450.43627790756204,463.3805073104116,-12.944229402849544,-12.625826495742318,-0.31840290710722563,459.89,19.698915278731434,499.2878305574628,420.49216944253715
2024-10-02,465.0,474.0,458.0,462.0,106390,459.1546323694162,466.8227202623433,49.12791816103319,452.2153120756294,463.2782475096404,-11.062935434010967,-12.313248283396048,1.2503128493850806,457.93999999999994,17.1851649610235,492.31032992204695,423.56967007795294
2024-10-06,470.0,476.9,462.0,474.0,70077,460.56847690566224,467.10418221283965,54.4037477532445,455.5668025255326,464.07245139781514,-8.505648872282563,-11.551728401173351,3.046079528890788,456.73999999999995,14.930696039075883,486.6013920781517,426.8786079218482
2024-10-07,483.0,483.4,475.0,475.0,61966,461.94290767655156,467.41382212606163,54.82420370320172,458.5565252139122,464.8818994424214,-6.32537422850919,-10.506457566640519,4.181083338131328,456.39,14.37925772188292,485.1485154437658,427.63148455623417
2024-10-08,470.0,485.0,468.0,480.0,270991,463.6626307549752,467.9073977289612,56.96121137790571,461.8555213348488,466.00175874298276,-4.14623740813397,-9.23441353493921,5.088176126805239,456.43999999999994,14.463507618566442,485.3670152371328,427.51298476286706
2024-10-09,480.0,483.0,473.0,478.0,38554,465.0280944925966,468.3031860533157,55.82367995497403,464.3392872833336,466.8905173546137,-2.551230071280088,-7.897776842207385,5.346546770927297,456.61499999999995,14.712553715886834,486.0401074317736,427.1898925682263
2024-10-15,487.5,489.0,476.0,486.8,14812,467.1016093028255,469.0285513061268,59.64263340985074,467.79478154743606,468.3652938468645,-0.5705122994284579,-6.4323239336516,5.861811634223142,457.70500000000004,16.10784297365436,489.92068594730875,425.4893140526913
2024-10-16,494.0,501.9,484.0,498.7,302170,470.11097984541357,470.19213752941596,64.15525851136337,472.5494305401382,470.61230911746713,1.937121422671055,-4.75843486238707,6.6955562850581245,459.64,18.539045566777713,496.7180911335554,422.5619088664446
2024-10-17,498.0,505.0,493.0,493.0,80563,472.29088652680275,471.08656350865454,60.65663411662145,475.6956719955016,472.27065659024737,3.4250154052542143,-3.121744808858813,6.546760214113027,461.36499999999995,19.976704195814108,501.31840839162817,421.41159160837174
2024-10-20,484.0,495.0,479.1,480.0,187805,473.0250878099644,471.4361100377269,53.491809995022734,476.357876303886,472.84320054652534,3.514675757360635,-1.7944606956149234,5.309136452975558,461.91499999999996,20.345988224778992,502.6069764495579,421.223023550442
2024-10-21,472.0,480.0,468.4,469.2,70285,472.6607937328249,471.3484194480121,48.37911129732893,475.25666456482656,472.57333383937527,2.683330725451299,-0.8989024114016789,3.582233136852978,462.275,20.411165030332697,503.0973300606654,421.45266993933456
2024-10-22,475.0,476.0,459.5,465.0,104000,471.9311943296987,471.0994618225999,46.517085799268024,473.67871617023786,472.0123461475697,1.6663700226681613,-0.38584792458771094,2.052217947255872,462.88,20.297669039123456,503.4753380782469,422.28466192175307
2024-10-23,460.0,460.0,450.0,452.0,182640,470.0329853459179,470.35046331975286,41.22780421848509,470.34352906712434,470.5299501366386,-0.1864210695142674,-0.34596255357302225,0.15954148405875485,462.73,20.369923649204548,503.4698472984091,421.99015270159094
2024-10-24,450.0,455.0,439.0,443.0,104890,467.45841531297333,469.277896130743,38.00585606024424,466.1368322875668,468.49069457096164,-2.3538622833948466,-0.7475424995373872,-1.6063197838574594,462.28000000000003,20.715913029174416,503.71182605834883,420.8481739416512
2024-10-27,443.0,446.0,437.0,444.0,55784,465.22428052126156,468.2866060864002,38.58020900415672,462.7311657817873,466.6765690471867,-3.9454032653994204,-1.387114652709794,-2.5582886126896263,462.255,20.738788347104627,503.73257669420923,420.77742330579076
2024-10-28,452.0,452.0,441.0,443.0,59809,463.1076823763795,467.29497447516883,38.19908541267196,459.6956018153585,464.9227491177654,-5.227147302406934,-2.1551211826492223,-3.0720261197577114,462.895,19.877108626989973,502.64921725397994,423.14078274602
2024-10-29,445.0,452.0,445.0,450.9,65634,461.9450459595814,466.65203429967204,42.990464504610934,458.3424323053033,463.8840269608939,-5.541594655590586,-2.832415877237495,-2.709178778353091,463.31499999999994,19.508817844373553,502.332635688747,424.29736431125286
2024-10-30,450.0,454.0,443.1,445.8,77838,460.4074225348594,465.8343074643908,40.79176491441556,456.4128273352567,462.5444694082351,-6.131642072978423,-3.4922611163856807,-2.639380956592742,463.755,18.976036827666285,501.7070736553326,425.8029263446674
2024-11-05,440.3,455.8,440.0,444.0,51361,458.8448108648728,464.9780601128461,40.01392201495248,454.50316159137105,461.17080500762506,-6.667643416254009,-4.127337576359347,-2.5403058398946623,464.15500000000003,18.436847401494624,501.02869480298926,427.2813051970108
2024-11-06,445.0,447.0,439.0,440.0,63545,457.0500669729802,463.9985283437149,38.2676059148185,452.27190596192935,459.6025972292825,-7.3306912673531315,-4.768008314558104,-2.5626829527950274,464.15500000000003,18.436847401494624,501.02869480298926,427.2813051970108
2024-11-10,448.0,449.8,442.1,449.8,82617,456.3595844041249,463.44172331062805,44.64205246728187,451.8916127370171,458.87647891600227,-6.984866178985158,-5.211379887443515,-1.7734862915416425,463.71000000000004,18.681228968946616,501.07245793789326,426.3475420621068
2024-11-11,458.0,462.1,450.0,454.0,159935,456.1348620799225,463.0714596513877,47.16029550740396,452.21598000824525,458.5152582555576,-6.2992782473123725,-5.4289595594172875,-0.870318687895085,463.31000000000006,18.805007731724306,500.9200154634487,425.6999845365514
2024-11-12,463.0,463.0,450.0,457.0,98128,456.21725616754895,462.83336319447056,48.946772839883565,452.95198308389985,458.4030169032941,-5.45103381939424,-5.433374411412679,-0.017659407981561515,462.46000000000004,18.68017243244831,499.82034486489664,425.09965513510343
2024-11-13,464.1,464.1,448.0,451.7,70413,455.78704129444907,462.39676071625604,45.98858034173533,452.7593703017614,457.90649713267976,-5.147126830918353,-5.376124895313814,0.22899806439546122,461.2950000000001,18.58325434648096,498.461508692962,424.12849130703813
2024-11-14,450.1,453.0,443.3,445.1,124178,454.7692278378349,461.7184563744421,42.54064445002194,451.58100563995197,456.9578677154442,-5.376862075492227,-5.3762723313494964,-0.0005897441427302752,459.55,18.371760366064848,496.2935207321297,422.8064792678703
2024-11-17,445.5,447.0,440.0,440.3,164538,453.3912061389935,460.8785169087777,40.181177882793186,449.84546631072857,455.72395158837423,-5.878485277645666,-5.47671492060873,-0.401770357036936,457.6650000000001,18.313074851784485,494.29114970356903,421.0388502964311
2024-11-19,442.0,442.0,429.1,431.2,230820,451.2777579352798,459.71465350059043,36.093948635081176,446.97693303215493,453.907362581828,-6.930429549673079,-5.767457846421601,-1.1629717032514781,454.88499999999993,17.872333073061107,490.62966614612213,419.14033385387773
2024-11-20,439.8,439.8,428.0,429.9,116555,449.24178098906265,458.5454514025281,35.53780927929532,444.3497125656695,452.1290394276185,-7.779326861949016,-6.169831649527084,-1.6094952124219324,451.44500000000005,15.452490005470839,482.34998001094175,420.54001998905835
2024-11-21,431.0,433.0,426.0,426.3,111250,447.0568494662948,457.2809238965466,33.976559242139714,441.5728337094127,450.21577724779496,-8.64294353838227,-6.664454027298121,-1.978489511084148,448.11,13.01783796426727,474.14567592853456,422.07432407146547
2024-11-24,430.0,430.0,423.0,427.0,112104,445.1466733266477,456.0934366849173,34.57840219388899,439.33085929257993,448.4960900442546,-9.165230751674642,-7.164609372173425,-2.000621379501217,445.46000000000004,11.489189426803572,468.43837885360716,422.4816211463929
2024-11-25,435.5,435.5,422.1,425.0,108838,443.22794253363367,454.8740862266853,33.63500799870437,437.1261117091061,446.7556389298653,-9.6295272207592,-7.65759294189058,-1.9719342788686207,443.25,10.919249058464036,465.08849811692806,421.41150188307194
2024-11-26,431.0,435.7,425.1,434.5,114088,442.3967099113828,454.0751024530898,41.76270928771786,436.7220945230898,445.84781382394937,-9.125719300859544,-7.951218213684373,-1.1745010871751704,441.725,9.793546478796582,461.31209295759317,422.1379070424069
2024-11-27,435.0,438.8,431.6,436.9,77997,441.87321372934633,453.4015690235569,43.640587673688096,436.7494645964606,445.18501279995314,-8.435548203492544,-8.048084211646007,-0.3874639918465377,440.96999999999997,9.538459546860118,460.0469190937202,421.89308090627975
2024-11-28,437.0,437.9,430.0,435.3,81755,441.2471933741705,452.6917035716527,42.6531474620621,436.52647004315895,444.4527896295863,-7.926319586427326,-8.02373128660227,0.09741170017494483,440.58500000000004,9.607358747649368,459.79971749529875,421.3702825047013
2024-12-01,444.0,444.0,427.2,428.8,126527,440.06174638615425,451.7547740198232,38.81116840246279,435.3377823442114,443.2933237310984,-7.955541386886978,-8.010093306659213,0.05455191977223528,439.825,9.91914018985698,459.66328037971397,419.986719620286
2024-12-02,430.0,430.0,425.0,427.9,181491,438.90348482556817,450.81929268571247,38.296793046202545,434.19350813740965,442.15307752879477,-7.959569391385116,-7.999988523604395,0.040419132219278175,439.07,10.234415623701665,459.5388312474033,418.60116875259666
2024-12-03,436.0,436.0,417.0,419.8,410484,437.0841053183712,449.6028498352924,33.937371810761476,431.97912227011585,440.49729400814334,-8.51817173802749,-8.103625166489014,-0.4145465715384766,437.51500000000004,10.69467526146282,458.9043505229257,416.1256494770744
2024-12-04,420.0,425.0,415.0,415.2,143772,434.99990481185966,448.25371846920245,31.728485964609646,429.3977188439442,438.62342037791046,-9.225701533966287,-8.32804043998447,-0.8976610939818173,435.98499999999996,11.597743655363127,459.1804873107262,412.7895126892737
2024-12-05,406.9,415.0,406.0,409.9,155704,432.60943768692067,446.74965107825335,29.357561254926452,426.3980697910297,436.4957596091764,-10.097689818146705,-8.681970315616917,-1.4157195025297877,434.2799999999999,12.801504845781649,459.8830096915632,408.67699030843664
2024-12-08,409.9,414.9,400.1,405.0,159922,429.97996743102345,445.1124098594983,27.324608629585157,423.10605905394823,434.16274037886706,-11.056681324918827,-9.1569125174773,-1.8997688074415269,432.5299999999999,14.284776585793969,461.09955317158784,403.960446828412
2024-12-09,396.9,411.4,396.9,405.0,66907,427.6009229137831,443.5393741787337,27.324608629585157,420.32051150718695,432.0025373878399,-11.68202588065293,-9.661935190112427,-2.0200906905405027,430.28999999999996,14.932017877551742,460.15403575510345,400.4259642448965
2024-12-10,396.9,411.0,396.9,405.0,58539,425.4484540648514,442.02802617172455,27.324608629585157,417.9635097368505,430.0023494331851,-12.038839696334605,-10.137316091356864,-1.9015236049777418,427.84,14.856697940154888,457.5533958803097,398.1266041196902
2024-12-11,404.0,415.0,397.0,415.0,150942,424.45336320153217,440.96810357675497,38.22790001002609,417.50758516195043,428.8910642899862,-11.383479128035788,-10.38654869869265,-0.9969304293431378,425.73999999999995,13.416541243858783,452.5730824877175,398.9069175122824
2024-12-12,423.3,423.3,402.8,403.0,84801,422.4101857537672,439.4791583384509,32.01984694837239,415.27564898318883,426.97320767591316,-11.697558692724328,-10.648750697498986,-1.0488079952253422,423.305,12.865027052184182,449.0350541043684,397.57494589563163
2024-12-16,403.0,403.0,395.0,398.2,113101,420.10445377721794,437.8603678153744,29.926345169003156,412.6486260626982,424.84185895917886,-12.193232896480652,-10.957647137295321,-1.23558575918533,420.9599999999999,12.957273917349431,446.8745478346988,395.04545216530107
2024-12-17,396.0,399.9,395.5,397.0,80508,417.9040296079591,436.2580004500656,29.408673719292054,410.24114512997545,422.7794990362767,-12.538353906301268,-11.27378849109651,-1.264565415204757,418.79499999999996,13.171399438127322,445.1377988762546,392.45220112374534
2024-12-18,389.1,412.0,389.1,392.0,83131,415.4369791691058,434.5223925892787,27.290391863048143,407.43481510997924,420.49953614470064,-13.064721034721401,-11.63197499982149,-1.4327460348999121,416.8349999999999,14.111371860676144,445.0577437213522,388.61225627864764
2024-12-19,384.2,395.1,384.2,392.9,73620,413.29060020061956,432.8901418995031,28.2916253686613,405.19868970844396,418.455126059908,-13.25643635146406,-11.956867270150005,-1.299569081314056,414.985,14.720600495502207,444.4262009910044,385.5437990089956
2024-12-22,392.9,400.6,387.1,390.0,73760,411.07244780056055,431.208175550503,27.001387388053345,402.8604297532987,416.3473389443593,-13.48690919106059,-12.262875654332122,-1.2240335367284683,413.16999999999996,15.470790814365843,444.11158162873164,382.2284183712683
2024-12-23,382.2,391.0,382.2,388.8,82637,408.95126229574527,429.5451098426401,26.463577953436484,400.6972867143297,414.30679531885124,-13.609508604521523,-12.532202244370003,-1.0773063601515194,411.26000000000005,16.021741806905144,443.30348361381033,379.21651638618977
2024-12-24,395.0,398.0,390.0,396.0,51143,407.7178087437695,428.2296153390071,34.84856261250478,399.9746272198174,412.9507364063437,-12.976109186526287,-12.62098363280126,-0.35512555372502774,409.81000000000006,16.02507574498159,441.86015148996324,377.7598485100369
2024-12-26,388.1,409.9,388.0,403.0,92340,407.2684936253153,427.2402186590461,41.797117576141325,400.44006918599933,412.2136448206886,-11.77357563468928,-12.451502033178864,0.6779263984895838,408.235,14.984949466953037,438.20489893390607,378.26510106609396
2024-12-29,400.0,404.7,391.0,391.0,70534,405.71911328004717,425.8190336135933,34.92124124598608,398.9877508496918,410.64226372285987,-11.654512873168073,-12.292104201176707,0.637591328008634,405.94,13.834449754176104,433.6088995083522,378.2711004916478
2024-12-31,383.2,395.0,376.6,385.0,132291,403.7458643962332,424.218287197374,32.0796233920242,396.8357891805084,408.7428367804258,-11.907047599917405,-12.215092880924848,0.308045281007443,403.425,12.745313896354851,428.9156277927097,377.9343722072903
2025-01-01,377.3,388.0,377.3,383.6,43278,401.82721064421094,422.6254131896339,31.43682301969247,394.79951392196864,406.8804044263202,-12.080890504351544,-12.18825240561019,0.10736190125864553,401.165,11.994308957553606,425.15361791510725,377.1763820848928
2025-01-02,390.0,390.0,377.4,386.9,58340,400.4055715352385,421.224416593962,34.755473607405804,393.5842040878196,405.400374468815,-11.816170380995402,-12.113836000687233,0.2976656196918306,399.115,10.608054288619858,420.3311085772397,377.8988914227603
2025-01-05,385.0,389.7,382.7,384.0,88991,398.84313615093004,419.7646355510616,33.23313705251071,392.109711151232,403.8151615451991,-11.705450393967112,-12.032158879343209,0.32670848537609665,397.325,9.932926372254265,417.1908527445085,377.4591472554915
2025-01-06,388.0,390.0,382.1,388.0,78034,397.81045651750816,418.518963568667,37.31181872986585,391.47744789719627,402.6436680974066,-11.166220200210319,-11.85897114351663,0.6927509433063115,395.96500000000003,9.191086929640312,414.34717385928064,377.5828261407194
2025-01-07,395.7,395.7,384.0,387.8,59219,396.85707970631694,417.31429833068006,37.18948851637373,390.91168668224304,401.54413712722834,-10.632450444985295,-11.613667003810363,0.9812165588250679,394.86,8.745248333917715,412.35049666783544,377.3695033321646
2025-01-08,393.5,393.5,383.0,387.0,45107,395.9183102104772,416.12550231771223,36.671569935179186,390.30988873112875,400.46679363632256,-10.156904905193812,-11.322314584087053,1.1654096788932407,393.96,8.571273933491117,411.1025478669822,376.81745213301775
2025-01-09,386.0,388.0,381.0,383.4,78694,394.72609019043176,414.8421492856451,34.35308525119375,389.24682892633973,399.20258670029864,-9.955757773958908,-11.049003222061426,1.0932454481025182,392.88,8.467187440864588,409.8143748817292,375.9456251182708
2025-01-12,385.0,385.2,381.0,381.0,36094,393.41884350562873,413.51500617640414,32.86147550471634,387.9780860145952,397.85424694472096,-9.876160930125764,-10.814434763674294,0.9382738335485303,391.67999999999995,8.359085822643248,408.3981716452864,374.9618283547135
2025-01-13,388.6,388.6,377.5,377.6,84072,391.9122869812831,412.1065745616432,30.81986647941416,386.3814573969652,396.3539323562231,-9.972474959257909,-10.646042802791017,0.6735678435331085,389.81,6.92857545932643,403.66715091865285,375.95284908134715
2025-01-15,370.1,384.0,370.1,377.8,51468,390.56825964973234,410.76121869648074,31.091070909788968,385.0612331820475,394.97956699650285,-9.918333814455366,-10.500501005123887,0.5821671906685211,388.55,6.690960123126276,401.93192024625256,375.16807975374746
2025-01-16,375.2,377.8,368.0,368.9,67591,388.50461587356733,409.11960227701087,26.173774053639136,382.5748896155786,393.0477472189841,-10.472857603405487,-10.494972324780207,0.022114721374720148,387.085,7.61122958465452,402.307459169309,371.86254083069093
2025-01-19,365.1,370.0,361.6,366.0,83984,386.36131912370377,407.428637481834,24.797540839656506,380.0249065977973,391.0442103879482,-11.0193037901509,-10.599838617854346,-0.41946517229655456,385.53499999999997,8.580594691745207,402.6961893834904,368.37381061650956
2025-01-20,362.0,363.6,351.6,357.5,187054,383.6126220643034,405.4706516982327,21.26772300978024,376.55953635198233,388.559454062915,-11.999917710932664,-10.87985443647001,-1.1200632744626535,383.81,10.471912307180144,404.75382461436027,362.86617538563974
2025-01-21,357.0,361.0,354.0,359.0,85995,381.26856282008407,403.6482732002628,23.341495167720055,373.85806922090813,386.36986487306945,-12.511795652161311,-11.206242679608271,-1.3055529725530395,382.115,11.60536513862669,405.3257302772534,358.9042697227466
2025-01-22,359.0,370.0,355.0,369.8,137664,380.1763187419808,402.3208899375074,36.34245193600241,373.23375087923,385.14246747506434,-11.908716595834335,-11.346737462853485,-0.5619791329808503,381.105,11.760973599190361,404.6269471983807,357.5830528016193
2025-01-23,369.0,371.8,364.3,366.0,59766,378.82619314750644,400.8965413125071,34.148006201375864,372.1208661285792,383.72450692135584,-11.603640792776616,-11.39811812883811,-0.20552266393850616,379.96500000000003,12.076609623601062,404.11821924720215,355.8117807527979
2025-01-26,362.1,364.9,356.0,356.5,87702,376.69988903822014,399.1555004767225,29.372908465638275,369.7176559549517,381.70787677903314,-11.990220824081462,-11.516538667886781,-0.47368215619468046,377.99,12.537350513389686,403.0647010267794,352.9152989732206
2025-01-27,362.8,362.8,351.0,353.0,95052,374.4427567488658,397.34548085018434,27.82892560285657,367.1457088849591,379.5813673879937,-12.435658503034574,-11.70036263491634,-0.735295868118234,375.49,12.270027666970709,400.03005533394145,350.94994466605857
2025-01-28,353.0,362.0,350.0,357.0,104728,372.7815418204024,395.7633051305693,32.2143337877301,365.58483059496535,377.90867350740155,-12.323842912436191,-11.825058690420311,-0.49878422201588,373.79,12.363013599604985,398.51602719921,349.06397280079005
2025-02-02,355.0,367.0,355.0,367.0,81796,372.23091878988794,394.63533238035086,41.74465093394586,365.8025489649707,377.10062361796435,-11.298074652993648,-11.719661882934979,0.4215872299413306,372.89,12.157471170601998,397.204942341204,348.57505765879597
2025-02-03,369.2,385.5,369.0,372.0,147482,372.20892652418433,393.74767228700375,45.84449011254361,366.7560029703598,376.7227996462633,-9.966796675903481,-11.36908884152868,1.402292165625198,372.31,11.893470123551358,396.09694024710274,348.52305975289727
2025-02-04,379.0,379.0,367.0,369.3,54568,371.93188590283347,392.78894004045463,44.04198565765202,367.147387128766,376.172962635429,-9.02557550666296,-10.900386174555537,1.8748106678925769,371.43,11.397926866012417,394.22585373202486,348.63414626797515
2025-02-05,366.0,370.1,363.0,365.0,50984,371.2717062930398,391.699177685927,41.25968245335218,366.81701987818667,375.34533577354534,-8.528315895358674,-10.425972118716166,1.897656223357492,370.48,11.082541984714908,392.64508396942983,348.3149160305702
2025-02-06,363.0,368.0,359.0,365.9,73453,370.76011521751224,390.68744522765536,42.08437496231441,366.67593989692716,374.6456812718012,-7.969741374874047,-9.934725969947744,1.9649845950736964,369.375,10.319214321419574,390.01342864283913,348.73657135716087
2025-02-09,358.6,370.0,358.6,366.0,55880,370.3067709110825,389.71931012068853,42.1815074916346,366.57194914355375,374.00526043685295,-7.433311293299198,-9.434443034618035,2.0011317413188365,368.28499999999997,9.379107521273147,387.04321504254625,349.5267849574537
2025-02-10,369.9,369.9,363.2,364.1,28859,369.71564987193176,388.71463129242625,40.78199835753058,366.1916492753147,373.2715374415305,-7.079888166215767,-8.963532060937581,1.8836438947218141,367.14,8.311146605348968,383.7622932106979,350.51770678930205
2025-02-11,367.0,370.0,361.0,364.0,48342,369.1713022650811,387.7454300652723,40.7054497525156,365.85447246372786,372.58475689030604,-6.73028442657818,-8.5168825340657,1.7865981074875208,366.17,7.39516912022013,380.96033824044025,351.3796617595598
2025-02-12,365.0,370.0,360.0,363.1,47038,368.59308300174007,386.7789426117322,39.97814140764598,365.43070746930823,371.8821823058389,-6.451474836530679,-8.103800994558696,1.6523261580280177,365.275,6.539585935775688,378.35417187155133,352.1958281284486
2025-02-13,360.0,366.0,360.0,363.0,47627,368.06040843014574,385.84643505833094,39.89285039805119,365.0567524740301,371.2242428757768,-6.167490401746704,-7.716538875996298,1.5490484742495934,364.54499999999996,5.8721891372832555,376.28937827456645,352.8006217254335
2025-02-16,367.0,370.9,365.0,370.7,70533,368.3117981034652,385.2524572129062,48.92806330803616,365.9249444011024,371.1854100701637,-5.260465669061318,-7.225324234609302,1.964858565547984,364.19,5.205452606928158,374.6009052138563,353.7790947861437
2025-02-17,371.0,386.9,370.7,382.0,108899,369.6154363793256,385.1249098712237,58.73195591078856,368.39802987785583,371.98649080570715,-3.5884609278513153,-6.497951573257705,2.9094906454063896,364.845,6.494003306762138,377.8330066135243,351.8569933864758
2025-02-18,389.0,389.6,375.0,377.0,74518,370.3187281527232,384.8062859547051,53.809815843533556,369.72140989664723,372.35786185713624,-2.636451960489012,-5.725651650703966,3.0891996902149543,365.39500000000004,7.03984711263601,379.47469422527206,351.315305774728
2025-02-20,384.5,384.5,373.6,374.5,42089,370.71694451913055,384.40211787805003,51.48640116920615,370.4565776048554,372.51653875660764,-2.0599611517522476,-4.992513550913623,2.9325523991613753,366.245,7.062687352024472,380.37037470404897,352.11962529595104
2025-02-23,367.1,375.2,365.3,373.1,69490,370.9439021839753,383.9588975691069,50.17973016420765,370.86325797333916,372.55975810797,-1.6965001346308668,-4.3333108676570715,2.6368107330262047,366.95,7.0049230808973,380.9598461617946,352.9401538382054
2025-02-24,380.5,380.5,371.0,372.0,95948,371.0444829283586,383.4899211938478,49.12479967773529,371.0381413620562,372.5182945444167,-1.4801531823604819,-3.762679330597754,2.282526148237272,367.06,7.069013182141308,381.1980263642826,352.9219736357174
2025-02-25,375.0,379.8,373.5,374.5,64721,371.37357979232445,383.1373752646773,51.61447648048865,371.57073499866294,372.6650875411266,-1.094352542463639,-3.229013972970931,2.134661430507292,367.485,7.255000090741246,381.9950001814825,352.9749998185175
2025-02-27,381.0,404.0,381.0,399.0,180854,374.0046674311507,383.759438979788,68.0933822169179,375.79062192194556,374.61582179733944,1.1748001246061222,-2.3482511534555206,3.5230512780616428,369.61,9.685251946336827,388.98050389267365,350.2394961073264
2025-03-02,406.0,410.9,392.0,410.0,158503,377.4327943424697,384.78848058842374,72.6046719007447,381.0536031647232,377.23687203457354,3.8167311301496625,-1.115254696734484,4.931985826884146,372.46,12.513756640754115,397.4875132815082,347.43248671849176
2025-03-03,410.0,417.9,402.0,404.0,104126,379.9630044050917,385.5418735065248,67.03695111050563,384.58381806245814,379.21932595793845,5.364492104519684,0.18069466351634944,5.1837974410033345,374.81,13.804267074877288,402.4185341497546,347.2014658502454
2025-03-04,405.0,409.0,397.0,397.0,81739,381.5855754141306,385.99121180038657,61.145666091199125,386.49399989900303,380.53641292401704,5.957586974985986,1.336073125810277,4.6215138491757095,376.31,14.522211662821972,405.35442332564395,347.26557667435605
2025-03-05,402.0,402.0,390.2,391.0,75942,382.48218727945147,386.18763486703807,56.55764904596668,387.18723068377176,381.3114934481639,5.875737235607858,2.244005947769793,3.6317312878380648,377.26,14.84333626850114,406.94667253700226,347.5733274629977
2025-03-06,391.0,397.0,390.1,395.0,57950,383.6743599195037,386.53321781342873,58.778292063595174,388.38919519396075,382.32545689644803,6.063738297512714,3.007952417718377,3.0557858797943367,378.54499999999996,15.22547985591777,408.9959597118355,348.0940402881644
2025-03-09,402.0,402.0,387.0,387.5,53120,384.0387065938367,386.5711308403531,53.278992381184544,388.2523959333514,382.7087563856,5.543639547751411,3.5150898437249842,2.028549704026427,379.66999999999996,15.00158237270528,409.67316474541053,349.6668352545894
2025-03-10,379.8,393.5,379.8,382.0,51563,383.84454406109035,386.3918708073981,49.613153552902034,387.290488866682,382.6562559125926,4.634232954089384,3.7389184657978642,0.89531448829152,380.475,14.651670463441068,409.77834092688215,351.1716590731179
2025-03-11,380.0,384.0,375.5,379.0,52438,383.38315891241507,386.1019935208335,47.68584991880539,386.0150290410386,382.38542214128944,3.629606899749149,3.7170561525881216,-0.08744925283897276,381.125,14.258806143307671,409.64261228661536,352.60738771338464
2025-03-12,380.0,384.0,379.1,384.0,37447,383.44190568266123,386.01956240236944,51.09568900715841,385.7050245731865,382.50502050119394,3.2000040719925664,3.6136457364690107,-0.41364166447644424,382.12,13.69128035998041,409.5025607199608,354.7374392800392
2025-03-16,381.0,389.7,375.0,378.0,47059,382.9236289509792,385.7050697591393,47.12612869116052,384.51963617731167,382.1713152788833,2.348320898428369,3.3605807688608826,-1.0122598704325134,382.82,13.059402742884057,408.9388054857681,356.7011945142319
2025-03-17,379.0,382.0,374.0,376.0,52266,382.2642357175526,385.32447878819266,45.84752065716032,383.2089229192637,381.71418081378084,1.494742105482885,2.9874130361852833,-1.4926709307023982,383.46500000000003,12.332510522611388,408.1300210452228,358.79997895477726
2025-03-18,383.0,383.0,372.0,374.9,46712,381.5628799349285,384.9156756984596,45.12239186485795,381.93062708553083,381.2094266794267,0.7212004061041171,2.53417051016905,-1.812970104064933,384.06000000000006,11.55578688481066,407.1715737696214,360.94842623037874
2025-03-19,375.0,376.0,371.5,372.1,28240,380.6616532744591,384.413100180873,43.24735886922995,380.41822291852606,380.5346543328025,-0.11643141427646242,2.0040501252799476,-2.12048153955641,384.13,11.474553081575715,407.07910616315144,361.18089383684855
2025-03-20,373.6,375.0,370.0,371.31,26250,379.77101962927253,383.8992531149564,42.70812023290356,379.0169578541374,379.8513466044468,-0.8343887503094152,1.4363623501620753,-2.2707511004714904,383.5955,11.822689370368112,407.24087874073626,359.95012125926377
2025-03-23,371.0,375.0,364.0,365.0,58246,378.3642558550561,383.15810593397777,38.57124846431343,376.8605027996547,378.7512468559692,-1.8907440563145315,0.770941068866754,-2.661685125181285,382.9955,12.462228606591705,407.9199572131834,358.0710427868166
2025-03-24,372.0,372.0,360.2,369.08,31813,377.48004101171745,382.60602334833163,42.45276592758529,375.66350236893857,378.0348581999715,-2.371355831032929,0.14248168888681734,-2.5138375199197465,382.7245,12.713098291083194,408.15069658216635,357.2983034178336
2025-03-25,376.4,376.4,362.0,362.76,56734,376.07813234393484,381.8277479229069,38.404630398727285,373.67834815833265,376.9033872221959,-3.225039063863221,-0.5310224616631904,-2.6940166022000307,382.20750000000004,13.320816663395515,408.84913332679105,355.56586667320903
2025-03-26,360.0,369.8,359.0,366.94,66232,375.2078340254649,381.24391467102816,42.322072500619704,372.6416792108969,376.16535853907027,-3.5236793281733867,-1.1295538349652299,-2.394125493208157,381.9545,13.570599596992801,409.0956991939856,354.8133008060144
2025-03-27,374.2,374.2,365.0,369.68,42064,374.6813736420873,380.7904278211839,44.80034932030447,372.1860362553743,375.68496161025024,-3.4989253548759507,-1.6034281389473741,-1.8954972159285766,381.7135,13.751544324789062,409.2165886495781,354.2104113504219
2025-03-30,370.0,381.9,370.0,376.42,43372,374.8469571047457,380.619038494863,50.44132085208984,372.83741529300903,375.73940889837985,-2.9019936053708193,-1.8631412322320633,-1.038852373138756,380.58450000000005,13.172338830443435,406.9291776608869,354.2398223391132
2025-04-01,375.0,379.0,369.0,371.77,35751,374.5539135709604,380.2720173774174,46.88173864097467,372.673197555623,375.445378609611,-2.7721810539879925,-2.044949196583249,-0.7272318574047434,378.673,11.323117526863697,401.3192350537274,356.0267649462726
2025-04-02,379.2,379.2,368.6,372.08,22972,374.3183027546784,379.9507617939893,47.14950441575885,372.5819363932195,375.1960913051954,-2.614154911975902,-2.15879033966178,-0.4553645723141222,377.077,9.698380819867282,396.47376163973456,357.68023836026543
2025-04-03,373.0,409.0,371.0,378.09,78106,374.67751201613765,379.8777907432446,52.18217489149938,373.4293307942627,375.410454912218,-1.9811241179552894,-2.123257095320482,0.14213297736519248,376.1315,8.50180802757254,393.1351160551451,359.12788394485494
2025-04-07,380.0,384.0,375.0,376.82,39850,374.88155849079124,379.7578773807644,51.07536048394654,373.95097221053,375.5148656594611,-1.5638934489311396,-2.0113843660426136,0.44749091711147404,375.4225,7.7550736364085315,390.93264727281706,359.91235272718296
2025-04-08,374.0,374.9,370.0,372.49,37140,374.65379101547774,379.47286258151877,47.385050609226816,373.72620725506385,375.2908015365381,-1.5645942814742284,-1.9220263491289367,0.35743206765470825,374.297,6.252023756631782,386.8010475132636,361.79295248673645
2025-04-09,374.0,378.5,373.0,375.1,18012,374.6962871092417,379.30137777440035,49.74222620673051,373.937559985054,375.2766680893871,-1.3391081043330928,-1.8054427001697682,0.46633459583667536,373.677,5.435293145710229,384.5475862914205,362.80641370857956
2025-04-10,375.0,379.0,375.0,377.54,38690,374.96711690836156,379.2323041361886,51.91123066544404,374.49178152581493,375.4443223049881,-0.9525407791731482,-1.634862315970444,0.6823215367972959,373.454,5.1603839107299585,383.77476782145993,363.1332321785401
2025-04-13,378.0,379.9,371.0,376.04,39615,375.0692962504224,379.107115738691,50.46921537142538,374.72996898338187,375.4884465786927,-0.7584775953108078,-1.459585371838517,0.7011077765277092,373.306,5.03384795797564,383.37369591595126,363.2383040840487
2025-04-15,383.0,383.0,375.4,378.78,28213,375.42269660752504,379.0942876705071,53.03559754431259,375.3530506782462,375.73226535064134,-0.3792146723951646,-1.2435112319498467,0.8642965595546821,373.045,4.563548365588823,382.17209673117765,363.9179032688224
2025-04-16,385.0,385.0,377.0,377.87,26891,375.65577312109406,379.0462763893107,52.070626159298754,375.74027365082367,375.89061606540866,-0.15034241458499764,-1.0248774684768769,0.8745350538918792,373.0385,4.556206033742387,382.1509120674848,363.9260879325152
2025-04-17,379.0,385.0,378.0,383.07,59899,376.36188996670415,379.20406947208284,56.89680155580763,376.86792385838925,376.42242228278576,0.4455015756034868,-0.7308016596608041,1.176303235264291,373.392,5.046012078423357,383.4840241568467,363.2999758431533
2025-04-20,375.5,375.5,369.0,369.81,122259,375.7379004460656,378.8356745908247,44.571813335839764,375.78208941863704,375.9326132248016,-0.1505238061645855,-0.6147460889615604,0.46422228279697486,373.1375,5.094082092907303,383.3256641858146,362.94933581418536
2025-04-21,370.0,370.0,362.8,363.72,128678,374.59333849882125,378.2429030382433,40.25846687345217,373.92638335423135,375.02797520814966,-1.1015918539183076,-0.7121152419529099,-0.38947661196539773,372.7185,5.51144958970011,383.7413991794002,361.6956008205998
2025-04-22,364.0,367.4,361.6,365.22,62793,373.7006395941716,377.7322009583122,41.75360642670399,372.5869397612727,374.3014585260645,-1.7145187647918192,-0.9125959465206918,-0.8019228182711274,372.414,5.756162281536606,383.9263245630732,360.9016754369268
2025-04-23,365.0,365.0,357.0,358.22,81937,372.22629296615526,376.96701660700586,37.088742879210656,370.3766413364615,373.11023937598566,-2.7335980395241677,-1.276796365121387,-1.4568016744027807,372.075,6.3814636995149545,384.8379273990299,359.31207260097005
2025-04-24,351.1,363.0,351.1,357.67,47357,370.83997935033096,376.2102708577115,36.74140666704022,368.42177343854434,371.9665179407275,-3.544744502183164,-1.7303859925337424,-1.8143585096494217,371.5045,7.129490625550087,385.7634812511002,357.2455187488998
2025-04-27,355.5,361.0,353.0,354.09,67402,369.244743221728,375.34280925544834,34.47803694503719,366.2168852172298,370.6423314265995,-4.425446209369738,-2.2693980359009416,-2.156048173468797,371.071,7.9100308736383775,386.8910617472768,355.25093825272324
2025-04-28,358.0,358.0,350.2,352.89,64893,367.6871486291825,374.46230693170526,33.728015951518515,364.1665951838098,369.32734391351806,-5.160748729708246,-2.8476681746624024,-2.3130805550458433,370.3685,8.862744778050445,388.0939895561009,352.6430104438991
2025-04-29,353.0,354.1,350.0,351.57,63441,366.1521820930699,373.56456940497173,32.880692525550046,362.22865746322367,368.0119851051093,-5.7833276418856485,-3.4348000681070516,-2.348527573778597,369.463,9.811184863303412,389.08536972660687,349.8406302733932
2025-04-30,350.3,351.0,346.3,346.84,119600,364.31292665563467,372.51654707536505,29.974756947789615,359.8611716996508,366.4436899121382,-6.5825182124874,-4.064343696983121,-2.5181745155042794,367.984,10.878707063308761,389.7414141266175,346.2265858733825
2025-05-04,350.0,352.5,346.0,349.46,42458,362.8983622122409,371.61236875868406,33.48156414000819,358.26099143816606,365.1856388075354,-6.924647369369325,-4.636404431460362,-2.2882429379089624,366.8685,11.590597493831885,390.04969498766377,343.6873050123362
2025-05-05,350.0,351.0,344.0,348.79,91034,361.554708668218,370.7173739054023,33.02608079905926,356.80391583229436,363.9711470440143,-7.167231211719923,-5.142569787512275,-2.0246614242076477,365.704,12.193717709534392,390.0914354190688,341.31656458093124
2025-05-06,350.0,350.0,342.1,344.23,61181,359.904736414102,369.6786533600924,30.031609903305366,354.86946724271064,362.50883985556874,-7.6393726128580965,-5.64193035258144,-1.9974422602766566,364.011,12.722634161244564,389.45626832248917,338.5657316775109
2025-05-07,342.0,360.0,340.1,358.27,51281,359.74904723180657,369.2312551891084,46.20473818607943,355.39262612844743,362.1948517181192,-6.802225589671764,-5.873989399999505,-0.9282361896722584,363.0835,12.412062161709125,387.90762432341825,338.2593756765818
2025-05-08,359.0,359.0,347.0,352.29,84006,359.03866178115834,368.5668922405159,41.77546744385004,354.9152990317632,361.4611589982585,-6.5458599664953,-6.008363513298664,-0.5374964531966357,362.07349999999997,12.428197682385338,386.92989536477063,337.2171046352293
2025-05-11,345.3,359.0,345.3,349.98,55925,358.1759320877147,367.83799450559377,40.173403593079634,354.15602225764576,360.6107027761652,-6.454680518519467,-6.097626914342825,-0.35705360417664167,360.8175,12.31121477399355,385.4399295479871,336.1950704520129
2025-05-13,350.0,352.0,344.0,347.21,69156,357.13155760317045,367.0290535445901,38.27775665953005,353.0874034487772,359.61805812607895,-6.530654677301754,-6.184232466934612,-0.3464222103671428,359.30100000000004,12.007192537493994,383.31538507498806,335.28661492501203
2025-05-14,346.0,351.0,345.3,346.24,27056,356.09426640286847,366.21379654284146,37.60851698145165,352.0339567643499,358.6270908574805,-6.593134093130573,-6.266012792173804,-0.32712130095676883,357.81100000000004,11.664779150607746,381.14055830121555,334.4814416987845
2025-05-15,346.0,348.0,339.9,341.58,143396,354.711955316881,365.2477653058673,34.48882004484882,350.4256557236807,357.364343386556,-6.9386876628753384,-6.400547766314111,-0.5381398965612272,355.95099999999996,11.09724664764964,378.1454932952993,333.75650670470066
2025-05-18,343.8,343.8,335.5,337.51,111931,353.07367385813046,364.1600098036764,31.992674408922497,348.43863176619135,355.89365128384816,-7.455019517656808,-6.611442116582651,-0.8435774010741568,353.933,10.558135351762731,375.04927070352545,332.81672929647453
2025-05-19,338.0,344.0,336.0,340.13,76308,351.840943014499,363.21765647804204,35.241881353084224,347.16038072523884,354.72597341097054,-7.565592685731701,-6.802272230412462,-0.7633204553192394,351.786,8.483346162107525,368.75269232421505,334.81930767578496
2025-05-20,340.0,344.9,337.0,341.04,129948,350.8122817750229,362.3479444592953,36.37884868054432,346.2187836905867,353.7121976027505,-7.493413912163817,-6.940500566762734,-0.5529133454010831,350.34749999999997,7.66606457405066,365.6796291481013,335.01537085189864
2025-05-21,347.8,361.0,343.0,344.08,124236,350.1711120821635,361.63155448049946,40.15867493915624,345.88974004588107,352.9987014840283,-7.108961438147219,-6.974192741039631,-0.13476869710758788,349.3655,7.099939566150497,363.565379132301,335.165620867699
2025-05-22,350.0,378.4,344.0,370.91,388565,352.1462442648146,361.9954150891073,61.75490134187186,349.73901080805325,354.32546433706324,-4.586453529009987,-6.496644898633702,1.9101913696237158,349.65,7.843720921579284,365.33744184315856,333.9625581568414
2025-05-25,370.0,377.4,359.2,364.6,154179,353.33231623959415,362.09755567384826,56.58293695166469,352.02531683758355,355.08654105283637,-3.061224215252821,-5.809560761957527,2.7483365467047056,349.969,8.325539590595172,366.62007918119036,333.3179208188096
2025-05-26,371.8,379.0,354.5,362.83,226738,354.236857550109,362.1262789807562,55.18673768307323,353.6875757856476,355.6601306044781,-1.972554818830531,-5.042159573332128,3.069604754501597,350.227,8.65036117291849,367.52772234583693,332.926277654163
2025-05-27,357.1,364.0,355.0,361.45,43915,354.92382349771765,362.0997582364128,54.06657454014319,354.881794895548,356.08900981896124,-1.2072149234132326,-4.27517064334835,3.0679557199351173,350.59499999999997,8.973852954165675,368.5427059083313,332.64729409166864
2025-05-28,356.0,376.9,356.0,371.62,310444,356.5139355455541,362.4731010506711,60.439449952311456,357.456903373156,357.2394535360752,0.2174498370808351,-3.376646547262513,3.594096384343348,351.5315,10.128941481082688,371.78938296216535,331.27361703783464
2025-06-02,376.0,382.5,366.0,369.69,151086,357.76879882692987,362.75611669574283,58.772950678758576,359.33891823882436,358.16171623710665,1.177202001717717,-2.4658768374664675,3.6430788391841844,352.4375,10.912635300943908,374.26277060188784,330.61222939811216
2025-06-03,370.0,370.0,354.0,360.12,127629,357.99272274817463,362.6527395704196,51.229893639470276,359.4590846636206,358.30677429361725,1.152310370003363,-1.7422393959725013,2.8945497659758646,353.10150000000004,10.958047883721477,375.017595767443,331.18540423255706
2025-06-04,355.1,359.0,352.1,353.97,80718,357.6096062959675,362.31223997942277,47.05077642062106,358.6146100999867,357.9855317533493,0.6290783466374137,-1.2679758474505183,1.897054194087932,353.327,10.925523521159349,375.17804704231867,331.47595295768133
2025-06-05,351.1,357.0,350.0,353.75,84068,357.24202474397066,361.9764658625827,46.90337643054487,357.86620854614256,357.6717886605086,0.19441988563397672,-0.9754967008336194,1.169916586467596,353.575,10.873286192888447,375.3215723857769,331.8284276142231
2025-06-08,350.0,361.0,348.0,348.67,68124,356.4256414350211,361.4546436718932,43.51352516803278,356.45140723135137,357.0049895004709,-0.5535822691195449,-0.8911138144908046,0.33753154537125973,353.79699999999997,10.716644751867138,375.23028950373424,332.3637104962657
2025-06-09,348.0,351.9,345.0,349.81,109064,355.7955803459715,360.99799097887785,44.483201447806344,355.42965227268195,356.47202731525084,-1.0423750425688922,-0.9213660601064222,-0.12100898246247005,353.374,10.697744179367703,374.76948835873543,331.9785116412646
2025-06-10,351.0,352.0,345.0,350.1,125344,355.2531441225456,360.57061878362776,44.74306592343344,354.60970576919243,356.0000252918989,-1.390319522706477,-1.0151567526264331,-0.37516277008004395,353.26450000000006,10.720607541250239,374.70571508250055,331.82328491749956
2025-06-11,355.0,355.0,347.2,347.71,60834,354.534749444208,360.06628079211293,42.95840689390348,353.54821257393206,355.3859493443508,-1.8377367704187577,-1.179672756184898,-0.6580640142338596,353.15099999999995,10.76911759082844,374.68923518165684,331.61276481834307
2025-06-12,345.0,350.0,345.0,347.74,54077,353.8876304495215,359.5828972316379,42.98914627331707,352.6546414087117,354.81958272625076,-2.1649413175390464,-1.3767264684557277,-0.7882148490833187,353.1775,10.754370898473448,374.6862417969469,331.66875820305313
2025-06-15,348.5,349.0,344.0,344.15,57297,352.9602370733766,358.97768557549523,40.197500109596554,351.34623503814066,354.029243265047,-2.6830082269063382,-1.6379828201458497,-1.0450254067604885,353.073,10.835181051645272,374.7433621032905,331.40263789670945
2025-06-16,342.2,347.9,342.0,344.81,66024,352.1840240187693,358.4220900627307,40.95661406594833,350.3406604168883,353.346336356525,-3.005675939636717,-1.9115214440440234,-1.0941544955926936,353.2345,10.677788788973704,374.59007757794745,331.8789224220526
2025-06-17,345.0,351.0,340.0,342.68,52555,351.27887887412464,357.8047531975256,39.226069523418566,349.16209727582856,352.5562373671528,-3.394140091324232,-2.2080451735000652,-1.1860949178241667,353.493,10.334126958813675,374.16125391762733,332.82474608237266
2025-06-18,340.5,348.0,340.5,341.66,73017,350.36279517182703,357.17162562115203,38.38954825062088,348.00792846416266,351.7491086732896,-3.7411802091269237,-2.5146721806254373,-1.2265080285014864,353.56949999999995,10.235188258409806,374.03987651681956,333.09912348318034
2025-06-19,344.9,345.9,337.2,340.63,177028,349.43586229831965,356.52293442032254,37.519426306921396,346.8728625465992,350.92547099378663,-4.052608447187424,-2.822259433937835,-1.2303490132495893,353.549,10.261979854160467,374.0729597083209,333.02504029167903
2025-06-22,333.9,345.0,333.9,337.67,74852,348.315303984194,355.7836036587413,35.060082619310975,345.45703753943013,349.9435842535061,-4.486546714075985,-3.155116889965465,-1.3314298241105198,353.2285,10.665445076746227,374.5593901534925,331.8976098465075
2025-06-23,335.5,343.4,333.0,337.54,36751,347.28908455712786,355.06816822114365,34.951722880771555,344.2390317641332,349.0248002347279,-4.7857684705946895,-3.48124720609131,-1.3045212645033795,351.56,10.359583409671169,372.2791668193423,330.8408331806577
2025-06-24,344.0,345.0,335.0,335.39,117512,346.15583840883,354.2964753497262,33.12811472536808,342.87764226195884,348.0148150321554,-5.137172770196571,-3.8124323189123626,-1.3247404512842085,350.0995,10.482728890936894,371.0649577818738,329.1340422181262
2025-06-25,338.5,340.9,335.3,338.68,62197,345.4438537984652,353.6840645516977,38.42262987938466,342.2318511447344,347.32334725199576,-5.091496107261378,-4.068245076582166,-1.0232510306792122,348.892,10.328913735153986,369.54982747030795,328.23417252969205
2025-06-26,340.0,341.0,336.0,337.42,37902,344.6796772462304,353.04625809869,37.20763614420197,341.4915663532368,346.5897659740702,-5.098199620833384,-4.2742359854324095,-0.8239636354009745,347.69050000000004,10.187903288799811,368.0663065775997,327.3146934224004
2025-06-29,340.0,345.0,335.0,343.92,64107,344.6073270323037,352.68836562423155,46.59045486128057,341.8651715296619,346.3920055315465,-4.526834001884595,-4.324755588722847,-0.20207841316174768,346.30550000000005,8.507907451977422,363.3213149039549,329.2896850960452
2025-06-30,340.1,345.0,338.0,340.78,58312,344.24281969589384,352.22137089386956,43.22989491007438,341.6982220635601,345.9763014180986,-4.278079354538534,-4.315420341885985,0.03734098734745128,344.86,6.558290053202939,357.9765801064059,331.74341989359414
2025-07-01,339.2,350.0,338.2,346.22,75776,344.4311225819992,351.9860230156786,49.96360813963273,342.3938802076278,345.99435316490616,-3.6004729572783845,-4.172430864964465,0.5719579076860803,344.165,5.508527838566035,355.1820556771321,333.14794432286794
2025-07-02,352.0,353.9,343.6,352.39,99579,345.18911090752306,352.00186525035787,56.29548132466646,343.9317447910696,346.46810478232055,-2.536359991250947,-3.8452166902217613,1.3088566989708141,344.086,5.37009987174052,354.826199743481,333.345800256519
2025-07-03,355.0,363.0,347.0,360.53,134444,346.65014796394945,352.3363019072066,62.95573966451354,346.48532251552047,347.5097266502968,-1.0244041347763186,-3.281054179132673,2.256650044356354,344.425,6.16712549272297,356.75925098544593,332.0907490145541
2025-07-06,360.0,360.5,353.5,355.23,87837,347.4672767292876,352.44978026378675,56.877960743067135,347.83065751313273,348.0815987502748,-0.25094123714205807,-2.67503159073455,2.424090353592492,344.75300000000004,6.566308023046102,357.88561604609225,331.62038395390783
2025-07-07,352.0,354.9,347.0,347.77,65015,347.4961075169745,352.26625946912844,49.61709301673045,347.8213255880354,348.05851736136555,-0.23719177333015296,-2.1874636272536705,1.9502718539235175,344.65099999999995,6.49911969754315,357.6492393950862,331.6527606049137
2025-07-08,349.5,351.0,342.4,346.83,48932,347.4326687058341,352.0530728232803,48.77222133545448,347.66881395910684,347.9675160753385,-0.2987021162316523,-1.8097113250492671,1.5110092088176148,344.4875,6.395123039089924,357.27774607817986,331.69725392182016
2025-07-09,350.0,365.0,347.4,360.46,164992,348.67336692432605,352.3827562419752,59.53240174372796,349.6366887346289,348.89288525494305,0.7438034796858233,-1.2990083641022492,2.0428118437880727,345.125,7.30415346878914,359.7333069375783,330.5166930624217
2025-07-10,367.6,375.0,363.0,368.59,268028,350.57018912200925,353.0183344285644,64.34338175901306,352.55258277545516,350.35193079161394,2.200651983841226,-0.5990762945135542,2.79972827835478,346.16749999999996,8.990329234111984,364.1481584682239,328.186841531776
2025-07-13,375.9,405.4,375.9,405.4,935652,355.7920758722941,355.0725173921501,77.4279058527421,360.6829546561544,354.42956554779073,6.253389108363649,0.7714167860618866,5.481972322301763,349.23,15.981131967049508,381.19226393409906,317.267736065901
2025-07-14,413.5,413.5,400.0,404.59,591115,360.4394972177899,357.014379455203,76.76039418541313,367.43788470905366,358.14515328499147,9.292731424062197,2.4756797136619486,6.817051710400248,352.21899999999994,20.156030545950784,392.5310610919015,311.90693890809837
2025-07-15,405.0,416.5,391.1,413.64,752172,365.5062117684766,359.2349920255872,78.94450672245128,374.54590244612234,362.25588267128836,12.29001977483398,4.438547725896355,7.851472048937624,355.767,24.223549242330552,404.2140984846611,307.31990151533887
2025-07-16,415.0,426.0,410.5,420.05,652885,370.7008582667169,361.61989429909363,80.35294508921808,381.54653283902655,366.53692839934104,15.009604439685518,6.552759068654188,8.45684537103133,359.6865,27.885926893059924,415.45835378611986,303.9146462138802
2025-07-17,428.4,428.4,414.0,418.72,613888,375.2741098603629,363.8591141305017,79.1696060151763,387.26552778686863,370.4023411105009,16.863186676367718,8.614844590196894,8.248342086170824,363.591,30.42832387242319,424.4476477448464,302.7343522551536
2025-07-20,420.0,420.0,404.0,405.83,774408,378.1841946355664,365.50503122342326,68.62194025392023,390.1216004350427,373.02661213935266,17.09498829569003,10.310873331295522,6.784114964394508,366.999,31.18005484281362,429.3591096856273,304.63889031437276
2025-07-21,404.5,412.0,400.3,410.35,314794,381.2476046702744,367.26365744995564,70.12499916419567,393.23366190657464,375.7913075364376,17.442354370137025,11.737169539063823,5.705184831073202,370.6395,31.803783534449558,434.2470670688991,307.03193293110087
2025-07-22,410.0,418.0,406.0,416.42,379370,384.5973566064388,369.1913571578005,72.06054219281039,396.80079084402473,378.8008403115163,17.99995053250842,12.989725737752742,5.010224794755679,374.691,32.23529136636649,439.16158273273294,310.220417267267
2025-07-23,417.0,417.0,407.1,410.62,264074,387.07570359630176,370.8160098182789,67.55665963150742,398.9268230218671,381.15781510325587,17.769007918611237,13.945582173924443,3.8234257446867943,378.28799999999995,32.018497055375114,442.3249941107502,314.2510058892497
2025-07-24,418.8,418.8,403.0,404.97,211844,388.77992230141587,372.155381982268,63.399645512871835,399.8565425569644,382.9216806511629,16.93486190580154,14.543438120299864,2.391423785501676,381.66549999999995,31.0280725990413,443.72164519808257,319.60935480191733
2025-07-27,407.0,412.0,398.9,400.35,357867,389.8818344631858,373.26105327708103,60.14082156124019,399.9324590866622,384.2126672695953,15.719791817066948,14.778708859653282,0.9410829574136663,384.48699999999997,29.962480942194606,444.4119618843892,324.56203811561073
2025-07-28,400.0,403.0,388.7,396.3,416122,390.49308832383474,374.1645413838622,57.35750836816732,399.3736192271757,385.10802524962526,14.265593977550452,14.676085883232716,-0.4104919056822638,387.26300000000003,28.221284073154568,443.7055681463092,330.8204318536909
2025-07-29,403.0,410.0,395.0,400.89,308929,391.48327038823146,375.2125985844951,59.63739998417114,399.60690857684096,386.27706041631967,13.329848160521294,14.406838338690433,-1.0769901781691384,389.99649999999997,26.640001042176383,443.2765020843527,336.7164979156472
2025-07-30,405.0,406.7,388.0,390.2,189372,391.36105416078084,375.8003398164757,52.58576923448571,398.15969187271156,386.5676485336293,11.592043339082238,13.843879338768794,-2.2518359996865556,391.887,25.129576011687043,442.1461520233741,341.6278479766259
2025-07-31,390.0,396.9,383.5,386.43,170007,390.8914299549922,376.2171892354374,50.325763393977695,396.35512389229444,386.5574523459531,9.797671546341348,13.034637780283305,-3.2369662339419563,393.182,24.073782551078864,441.32956510215774,345.0344348978423
2025-08-03,386.0,388.0,381.0,381.91,146401,390.0360556735644,376.44043671640065,47.67995185356595,394.1327971396338,386.21319661662324,7.919600523010558,12.011630328828755,-4.092029805818196,394.51599999999996,22.551118165784025,439.618236331568,349.4137636684319
2025-08-04,388.7,399.0,385.0,395.76,275662,390.58119322846306,377.19806664909083,55.414852880170756,394.38313604122857,386.9203672376141,7.462768803614495,11.101858023785903,-3.6390892201714085,396.9155,19.686640801657042,436.2887816033141,357.54221839668594
2025-08-05,403.5,403.5,385.9,386.38,168482,390.18107958765705,377.5581424667735,50.02125058802016,393.15188434257806,386.88034003482784,6.271544307750219,10.135795280578767,-3.8642509728285486,398.893,16.03932998340716,430.9716599668143,366.81434003318566
2025-08-06,391.0,391.0,385.0,385.51,63156,389.73621486502304,377.86998001709617,49.539628300058546,391.9762098283353,386.7788333655813,5.197376462753994,9.148111517013813,-3.9507350542598196,400.1455,13.685520767769265,427.5165415355386,372.7744584644615
2025-08-07,392.8,392.8,383.0,384.68,83056,389.25467059216373,378.1370396242689,49.05436968550478,390.85371600859145,386.6233642273901,4.230351781201364,8.164559569851324,-3.9342077886499602,400.95,12.115809159102,425.18161831820396,376.718381681796
2025-08-11,389.0,392.0,381.1,381.26,101169,388.49327339291006,378.25950865861125,47.01097407008216,389.3777596995774,386.2260779883241,3.151681711253275,7.161983998131714,-4.0103022868784395,399.743,12.83051547558611,425.4040309511722,374.0819690488278
2025-08-12,385.0,385.0,376.1,376.92,59057,387.3910568792996,378.2069789072932,44.478896156769984,387.4611812842578,385.53673887807787,1.924442406179935,6.114475679741359,-4.190033273561424,398.3595,13.739943489916465,425.83938697983297,370.8796130201671
2025-08-13,380.0,380.0,370.0,370.48,85556,385.780480033652,377.903960126615,40.953935468213146,384.8486918559105,384.42142488710914,0.42726696880134796,4.977033937553357,-4.549766968752009,396.2015,14.577503314888087,425.35650662977616,367.04649337022386
2025-08-14,371.8,371.9,363.1,365.66,88358,383.8642438399708,377.423804827532,38.49498230916341,381.89658541653966,383.0316897102863,-1.1351042937466218,3.7546062912933613,-4.889710585039984,393.482,14.96256226301239,423.4071245260248,363.55687547397525
2025-08-17,358.4,358.4,340.0,348.64,256794,380.5095539504498,376.29502816762886,31.3394333866012,376.78018766014895,380.484157139154,-3.703969479005025,2.262891137233684,-5.966860616238709,389.97799999999995,16.830384678369462,423.63876935673886,356.31723064326104
2025-08-18,350.0,351.0,344.5,348.23,103749,377.43531071707366,375.1944388277219,31.189032733728325,372.3878510970491,378.0949603140314,-5.707109216982303,0.6688910663904868,-6.37600028337279,387.098,18.789270062312877,424.6765401246258,349.51945987537425
2025-08-19,348.5,355.1,348.1,350.65,83058,374.884328744019,374.2319118148701,33.225991428227985,369.0435663128877,376.06200029076984,-7.018433977882125,-0.8685739424640357,-6.14986003541809,384.113,19.624492511059596,423.3619850221192,344.8640149778808
2025-08-20,353.0,356.0,350.0,351.12,58516,372.62105933982673,373.325562331934,33.63687479899495,366.28609457244346,374.21444471367573,-7.928350141232272,-2.280529182217683,-5.647820959014589,380.848,19.397347512666833,419.6426950253337,342.05330497466633
2025-08-21,350.1,353.9,348.0,348.38,47481,370.31238702174795,372.34730498558366,32.38574492095799,363.53131079206753,372.30078214229235,-8.76947135022482,-3.5783176158191106,-5.191153734405709,377.736,19.362188980229252,416.4603779604585,339.01162203954146
2025-08-24,348.2,349.5,343.0,343.56,94633,367.7645406387244,371.21839106458043,30.253929010727873,360.45880143944174,370.1718353169374,-9.713033877495661,-4.805260868154421,-4.90777300934124,374.6655,19.68266896618515,414.03083793237033,335.3001620676297
2025-08-25,343.0,345.0,337.0,344.34,76387,365.5336320064649,370.1643365130283,31.044961031988024,357.97898583337377,368.2583660342013,-10.279380200827518,-5.900084734689041,-4.379295466138477,371.865,19.82001659675357,411.50503319350713,332.2249668064929
2025-08-26,349.9,349.9,344.0,344.53,34295,363.53328610108736,369.15906841447816,31.24950835805953,355.9099110897778,366.5007092909271,-10.590798201149312,-6.838227427981095,-3.752570773168217,369.2765,19.841416618324004,408.95933323664804,329.59366676335196
2025-08-27,351.4,352.9,345.2,351.44,75720,362.38154456765045,368.46420298645944,38.40563341673674,355.2222324605812,365.38510119530287,-10.162868734721656,-7.503155689329207,-2.659713045392449,366.804,18.745408813354803,404.2948176267096,329.3131823732904
2025-08-28,352.0,355.0,350.0,351.32,63594,361.32806413263614,367.79188130071594,38.33101598000824,354.62188900510716,364.34324184750267,-9.721352842395504,-7.9467951199424665,-1.7745577224530376,364.86,18.19950172830972,401.25900345661944,328.4609965433806
2025-08-31,352.0,353.0,345.0,346.46,31039,359.912058024766,366.95533693598196,35.33661443494276,353.36621377355226,363.01855726620613,-9.65234349265387,-8.287904794484747,-1.3644386981691223,362.8615,17.898295206992326,398.6580904139846,327.06490958601535
2025-09-01,353.3,353.3,341.0,350.02,62119,358.96995726050255,366.2912060757474,39.090191638058194,352.8514116545442,362.0557011724131,-9.204289517868858,-8.47118173916157,-0.7331077787072875,361.267,17.528684191191886,396.3243683823838,326.2096316176162
2025-09-02,357.0,357.0,345.0,345.15,45243,357.6537708547404,365.4621391708162,36.01067978477782,351.6665790923067,360.80342701149357,-9.136847919186891,-8.604314975166634,-0.5325329440202573,358.7365,15.860846620756844,390.45819324151364,327.0148067584863
2025-09-03,346.5,346.8,344.0,344.79,22544,356.42864982095557,364.6514670464705,35.786245890547946,350.6086438473364,359.61724723286443,-9.008603385528033,-8.685172657238915,-0.323430728289118,356.657,14.732023872139239,386.1210477442785,327.1929522557215
2025-09-04,341.3,345.0,341.3,344.18,46045,355.2621117427693,363.84866441719714,35.38383104348563,349.61962171697695,358.4737474378374,-8.854125720860452,-8.718963269963222,-0.13516245089723,354.59049999999996,13.30094870976534,381.19239741953066,327.98860258046926
2025-09-07,338.0,344.7,338.0,341.54,33752,353.9552439577437,362.97381483220903,33.621707342083695,348.37660299128817,357.21939577577535,-8.842792784487187,-8.743729172868015,-0.09906361161917232,352.4335,11.54687028687493,375.52724057374985,329.3397594262501
2025-09-08,341.0,342.0,338.5,339.78,51679,352.60522072367286,362.0642534662401,32.461092560575366,347.0540486849361,355.92758868127345,-8.873539996337342,-8.76969133756188,-0.1038486587754619,350.35949999999997,9.669236335753391,369.69797267150676,331.0210273284932
2025-09-18,333.0,333.0,308.7,314.0,7459,348.92853303570405,360.17938078128947,21.016784605305958,341.96881042571516,352.82184137154945,-10.853030945834291,-9.186359259216363,-1.6666716866179279,347.21349999999995,10.748305264249721,368.7101105284994,325.7168894715005
2025-09-21,310.5,332.4,310.5,331.42,108087,347.26105369897033,359.05156192712127,37.142926622614056,340.3459165140667,351.2365197884717,-10.89060327440501,-9.527208062254093,-1.363395212150916,345.2605,9.80551857244442,364.8715371448888,325.64946285511115
2025-09-23,335.0,338.9,333.0,336.8,49990,346.26476287049695,358.17895165546946,41.13993635788622,339.80039089651797,350.16714795228864,-10.366757055770677,-9.69511786095741,-0.6716391948132667,343.8175,8.707562275995679,361.23262455199136,326.4023754480086
2025-09-24,337.0,338.4,331.0,334.0,31306,345.0966902161639,357.23075747290204,39.72415510401207,338.9080230662844,348.9695814373043,-10.061558371019942,-9.768405962969917,-0.29315240805002496,343.0855,8.894177560323055,360.8738551206461,325.29714487935394
2025-09-25,330.1,336.7,330.1,331.2,24603,343.7731959098626,356.2099434543569,38.30454988033293,337.72217336377906,347.6533161456522,-9.93114278187312,-9.800953326750559,-0.13018945512256153,342.234,9.18614425733997,360.60628851467993,323.86171148532003
2025-09-28,335.0,337.0,333.0,334.0,31511,342.8424153470185,355.3389652796763,40.5909397428492,337.14953130781305,346.6419593941224,-9.49242808630936,-9.73924827866232,0.24682019235295982,341.4015,9.137626822552985,359.676753645106,323.126246354894
2025-10-07,332.0,335.0,326.4,330.2,38679,341.6383757901596,354.3531235040027,38.50535186566939,336.0803726450726,345.4240364760393,-9.343663830966705,-9.660131389123197,0.31646755815649286,340.3555,9.163917500078265,358.68333500015655,322.02766499984347
2025-10-08,331.5,331.5,318.0,321.0,81048,339.6728161910968,353.04515787639474,33.95641291985119,333.76031531506146,343.61484858892527,-9.854533273863808,-9.699011766071319,-0.1555215077924892,338.98650000000004,9.916307289713817,358.81911457942766,319.1538854205724
2025-10-09,327.4,345.0,326.1,328.0,35932,338.5611194109923,352.0629948224185,39.7853096979372,332.87411295889814,342.4581931378938,-9.584080178995634,-9.676025448656183,0.09194526966054895,338.2085,10.146325378435524,358.5011507568711,317.91584924312895
2025-10-12,329.0,329.0,318.0,321.0,61096,336.88863184804063,350.8448381627158,36.332042320352244,331.0473263498369,340.86869734990165,-9.821371000064744,-9.705094558937896,-0.11627644112684798,337.0415,10.72947208937443,358.50044417874886,315.5825558212511
2025-10-13,327.0,327.0,320.0,322.0,43486,335.470666910132,349.71366803868773,37.17102706984184,329.65542998832353,339.47101606472376,-9.815586076400223,-9.727192862430362,-0.08839321396986044,335.915,11.078901000067546,358.0728020001351,313.75719799986496
2025-10-14,322.0,324.5,316.0,316.7,36339,333.6829843472623,348.4190143901118,34.57084535424433,327.66228691319685,337.7842741340035,-10.121987220806659,-9.806151734105622,-0.31583548670103667,334.178,11.238903580202512,356.655807160405,311.700192839595
2025-10-15,316.0,319.0,315.0,317.0,28907,332.0941286951421,347.18689617873486,34.848658358364645,326.0219350803973,336.24469827222543,-10.222763191828108,-9.88947402565012,-0.33328916617798754,332.462,11.103078093878958,354.6681561877579,310.25584381224206
2025-10-16,319.0,319.0,314.0,314.1,33027,330.3804021527476,345.8893708383923,33.373481136981724,324.18779122187465,334.60435025206056,-10.416559030185908,-9.994891026557278,-0.4216680036286302,330.844,11.311729078161475,353.46745815632295,308.22054184367704
2025-10-19,314.0,320.0,313.6,314.1,18515,328.82988766200975,344.6427288447299,33.373481136981724,322.6358233415863,333.08550949264867,-10.449686151062394,-10.085850051458301,-0.363836099604093,329.048,10.95271972957255,350.9534394591451,307.1425605408549
2025-10-26,312.1,316.0,312.0,316.0,25544,327.6079935989612,343.51948457630914,35.449738152919366,321.61492744288074,331.8199161968969,-10.204988754016142,-10.10967779196987,-0.09531096204627154,327.5905,10.632049599446738,348.8545991988935,306.32640080110656
2025-10-28,316.0,327.0,316.0,324.0,39389,327.26437516096485,342.7540145929245,43.44166783371006,321.98186168243757,331.2406631452749,-9.258801462837312,-9.93950252614336,0.6807010633060475,326.55100000000004,9.849463731105349,346.24992746221074,306.85207253778935
2025-10-29,329.7,329.7,317.1,319.0,41189,326.4772918123015,341.8224846088882,40.100003972122195,321.52311373129334,330.333947356736,-8.810833625442683,-9.713768746003225,0.9029351205605423,325.29200000000003,9.054690904128554,343.40138180825716,307.1826181917429
2025-10-30,316.0,323.9,312.0,321.0,30393,325.9556449730347,341.0059165850102,42.02119352818204,321.4426346957098,329.64254384882963,-8.199909153119847,-9.410996827426551,1.2110876743067038,324.265,8.24330765248513,340.75161530497024,307.77838469502973
2025-11-02,327.4,327.5,320.2,323.9,68588,325.7598692613171,340.3350963267745,44.786488582764385,321.82069089636985,329.2171702303978,-7.396479334027958,-9.008093328746833,1.6116139947188746,323.471,7.390960268131588,338.25292053626316,308.68907946373685
2025-11-03,324.0,330.0,321.2,324.0,43294,325.59226266500116,339.6945043139598,44.884107892588894,322.15596922000526,328.8307131762943,-6.674743956289035,-8.541423454255273,1.8666794979662384,323.971,7.046759539028465,338.06451907805695,309.87748092194306
2025-11-04,324.0,328.0,320.0,321.0,38008,325.1549043159534,338.96138649772604,42.45881511566629,321.9781278015429,328.25066034842064,-6.2725325468777555,-8.08764527277977,1.815112725902015,323.45,6.84947174304588,337.14894348609175,309.7510565139082
2025-11-05,322.0,325.0,319.1,322.5,28471,324.9020562858626,338.31584192918774,44.0856720862409,322.0584158320748,327.8246855077969,-5.766269675722128,-7.623370153368242,1.8571004776461137,322.735,6.086419308664987,334.90783861733,310.56216138267
2025-11-06,322.0,326.9,320.5,322.0,31827,324.62566997292333,337.6760049907882,43.64273104699065,322.0494287809864,327.3932273220342,-5.343798541047818,-7.167455830904158,1.8236572898563406,322.135,5.47859711209723,333.09219422419443,311.17780577580555
2025-11-09,320.0,320.0,315.0,316.2,57077,323.8232252135973,336.8338087166396,38.77583285515445,321.1495166608346,326.5640993722539,-5.414582711419314,-6.8168812070071905,1.4022984955878766,321.38500000000005,5.191518893536273,331.7680377870726,311.0019622129275
2025-11-10,316.0,319.9,311.0,315.9,46722,323.0686323361119,336.0128750414773,38.53645167162405,320.3418987130139,325.7741660854203,-5.432267372406386,-6.539958440087029,1.1076910676806433,320.48,4.392888990755738,329.2657779815115,311.6942220184885
2025-11-11,319.0,319.0,311.5,312.2,42493,322.0335244945774,335.0790368045566,35.61606745202364,319.0892989110118,324.76867230131506,-5.679373390303283,-6.367841430130281,0.688468039826998,319.58,4.132872073974811,327.84574414794963,311.31425585205034
2025-11-12,312.4,316.4,311.5,311.8,31341,321.05890311414146,334.1661334004564,35.304578781976545,317.9678683093176,323.8080299086251,-5.840161599307464,-6.262305463965718,0.4221438646582536,319.12,4.465139828169388,328.0502796563388,310.18972034366124
2025-11-13,312.0,314.0,308.2,308.9,46844,319.90091234136605,333.1753046396542,33.04793355431096,316.57281164634566,322.7037313968751,-6.130919750529472,-6.236028321278469,0.10510857074899693,318.16499999999996,4.508270178338386,327.18154035667675,309.1484596433232
2025-11-16,308.9,312.0,307.2,308.3,25022,318.7960635469503,332.19980249692264,32.583874854763565,315.30007139306167,321.6367883304399,-6.336716937378242,-6.256166044498424,-0.08055089287981776,317.53,4.959743202271158,327.4494864045423,307.61051359545763
2025-11-17,308.0,310.0,307.0,307.5,43796,317.72024797105024,331.23118279116096,31.93987576663234,314.10006040951373,320.5896188244814,-6.489558414967689,-6.302844518592278,-0.18671389637541136,316.80499999999995,5.318733030856929,327.4424660617138,306.1675339382861
2025-11-18,306.3,309.6,306.3,309.0,34492,316.88974816428356,330.35937170131155,34.55183244947591,313.315435731127,319.73112854118654,-6.415692810059511,-6.325414176885725,-0.09027863317378593,316.41999999999996,5.598082378519179,327.6161647570383,305.2238352429616
2025-11-19,311.9,311.9,305.7,306.9,35247,315.9383435772089,329.4393963404758,32.661977686349914,312.32844561864596,318.7806745751727,-6.452228956526767,-6.350777132813934,-0.10145182371283301,315.91499999999996,5.985181261895106,327.88536252379015,303.9446374762098
2025-11-20,306.1,307.5,304.5,306.4,47593,315.029929903189,328.53589060163364,32.21023961526535,311.41637706193114,317.86358756960436,-6.447210507673219,-6.370063807785791,-0.07714669988742795,315.53000000000003,6.344919227295077,328.21983845459016,302.8401615454099
2025-11-23,312.2,312.2,307.0,309.0,52221,314.4556508647901,327.76977724470686,37.08326235343022,311.04462674471097,317.2070255274115,-6.162398782700507,-6.328530802768735,0.16613202006822814,315.275,6.505857684535178,328.28671536907035,302.2632846309296
2025-11-24,309.0,316.9,309.0,316.9,87011,314.68844602052434,327.3435114704046,49.06431366612853,311.9454533993708,317.1842828957513,-5.238829496380504,-6.110590541491089,0.8717610451105848,315.32,6.514243503427829,328.34848700685563,302.29151299314435
2025-11-25,316.9,320.0,312.1,320.0,45468,315.19430830428394,327.055530628428,52.857956359043925,313.1846144148522,317.39285453310305,-4.208240118250842,-5.730120456843039,1.5218803385921973,315.12,6.291313978800192,327.7026279576004,302.5373720423996
2025-11-26,315.0,335.0,315.0,326.0,98559,316.223421799114,327.0141372704505,59.19291866658218,315.1562121971826,318.0304208639843,-2.874208666801735,-5.158938098834779,2.2847294320330436,315.46999999999997,6.699968578155222,328.8699371563104,302.0700628436895
2025-11-27,328.9,343.1,321.0,334.9,199986,318.0021435325317,327.32338678925635,66.40463222986344,318.19371801300065,319.280019318504,-1.0863013055033548,-4.344410740168494,3.2581094346651396,316.165,7.914628361847519,331.99425672369506,300.335743276305
2025-11-30,337.2,340.0,328.0,330.0,77227,319.14479652943345,327.4283520132071,60.10645592856751,320.0100690879236,320.0740919615778,-0.06402287365415305,-3.488333166865626,3.424310293211473,316.47,8.334778120423309,333.1395562408467,299.8004437591534
2025-12-01,328.0,330.9,323.4,324.0,60641,319.60719685996355,327.2939068362186,53.42459366485332,320.6239046128585,320.3648999644239,0.2590046484345976,-2.7388656038055816,2.9978702522401792,316.47,8.334778120423309,333.1395562408467,299.8004437591534
2025-12-02,322.0,327.0,317.1,326.9,60134,320.30174953996703,327.27845950930805,55.972213826849575,321.5894577493418,320.84898144854066,0.7404763008011628,-2.042997222884233,2.783473523685396,316.765,8.603626836267328,333.97225367253463,299.55774632746534
2025-12-03,322.9,328.7,319.5,320.0,29618,320.2730114885416,326.9930297246293,49.09168609575296,321.34492578790463,320.7860939338339,0.5588318540707178,-1.5226314074932428,2.0814632615639606,316.64,8.53379658835525,333.7075931767105,299.5724068232895
2025-12-07,316.5,321.0,315.0,315.8,47682,319.84701039439483,326.554087382487,45.43081313697222,320.49186028207316,320.41675364243883,0.07510663963432762,-1.2030837980677287,1.2781904377020563,316.33000000000004,8.440946567078017,333.21189313415607,299.448106865844
2025-12-08,314.0,319.0,314.0,317.0,27639,319.5758665473096,326.1794172890562,46.65483289557601,319.95465100790807,320.16366078003597,-0.2090097721278994,-1.004268992879763,0.7952592207518636,316.37,8.442193528926298,333.2543870578526,299.4856129421474
2025-12-09,321.0,321.0,315.6,316.1,26045,319.24483163804206,325.7841460228187,45.82462696570499,319.3616277759222,319.8626488704037,-0.501021094481473,-0.9036194132001051,0.40259831871863205,316.38,8.441725939818406,333.2634518796368,299.4965481203632
2025-12-10,319.9,319.9,315.0,316.2,34740,318.95484767251423,325.4082971591787,45.9397360313528,318.87522350270336,319.5913415466701,-0.7161180439667305,-0.8661191393534302,0.1500010953866997,316.58000000000004,8.38467273320806,333.34934546641614,299.81065453358394
2025-12-11,316.0,318.5,315.5,316.0,28406,318.67343360846525,325.03934432940696,45.73045598196825,318.4328814253644,319.3253162469167,-0.8924348215522855,-0.8713822757932013,-0.021052545759084218,316.79,8.310924959660491,333.411849919321,300.168150080679
2025-12-14,320.0,320.0,315.3,317.0,47368,318.5140589790876,324.72407592433217,47.02980433003816,318.2124381291545,319.1530705989969,-0.9406324698423987,-0.8852323146030407,-0.05540015523935793,317.19500000000005,8.100908006341792,333.39681601268364,300.99318398731646
2025-12-15,316.1,330.2,316.0,328.0,152335,319.41748193346024,324.8525435351427,58.73394950115395,319.71821687851536,319.8083987027749,-0.09018182425955956,-0.7262222165343446,0.636040392274785,318.18,8.159889060188252,334.4997781203765,301.8602218796235
2025-12-16,331.9,331.9,323.5,326.0,40675,320.04438841598784,324.8975418278822,56.29824298655636,320.68464505105146,320.26703583590273,0.4176092151487296,-0.49745593019772977,0.9150651453464593,319.105,7.930850820544841,334.9667016410897,303.24329835891035
2025-12-17,325.0,327.9,321.0,323.0,31340,320.3258752335128,324.8231284228672,52.76359573516321,321.0408535047358,320.46947762583585,0.5713758788999712,-0.2836895683781896,0.8550654472781608,319.805,7.603079362361515,335.01115872472303,304.598841275277
2025-12-18,322.0,324.0,316.6,317.0,64599,320.0091252112735,324.51633907295087,46.47842194224602,320.4191837347765,320.2124792831813,0.20670445159515793,-0.1856107643835201,0.392315215978678,320.31000000000006,7.013363184577571,334.3367263691552,306.2832736308449
2025-12-21,318.0,320.0,315.2,317.0,26822,319.7225418578189,324.2215806779332,46.47842194224602,319.89315546788777,319.9745178547975,-0.08136238690974551,-0.16476108888876517,0.08339870197901966,320.84000000000003,6.267745334635101,333.3754906692702,308.30450933072984
2025-12-22,315.2,319.0,310.0,315.4,62478,319.3108712046933,323.87563633762215,44.82699035385662,319.2019007805204,319.63566468036805,-0.43376389984763364,-0.21856165108053888,-0.21520224876709476,321.15999999999997,5.775483575182964,332.7109671503659,309.60903284963405
2025-12-23,312.8,319.0,312.8,318.0,33536,319.18602632805585,323.6452192263429,48.056793249065066,319.0169929681326,319.5145043336741,-0.49751136554147024,-0.2743515939727252,-0.22315977156874506,321.21500000000003,5.737895726598157,332.69079145319637,309.7392085468037
2025-12-24,319.0,322.9,316.5,321.0,35797,319.3587857253838,323.5414851390353,51.57900637911236,319.32207097303535,319.6245410496982,-0.3024700766628712,-0.2799752905107544,-0.022494786152116752,321.265,5.731103962804306,332.7272079256086,309.8027920743914
2025-12-28,324.0,336.0,320.6,335.0,131308,320.8484251801092,323.9908386629947,63.88604135452649,321.73406005410686,320.7634639349058,0.9705961192010477,-0.029861008568393993,1.0004571277694416,321.71500000000003,6.4328331321553,334.58066626431065,308.8493337356894
2025-12-29,335.0,335.0,324.0,325.0,56073,321.24381325819405,324.03041361738707,53.43816705877471,322.236512353475,321.0772814212091,1.1592309322659275,0.20795737959847033,0.9512735526674572,321.21999999999997,5.704531901165831,332.62906380233164,309.8109361976683
2025-12-31,327.0,332.0,324.6,327.0,45656,321.79202151931844,324.1468679853327,55.02244890247887,322.96935660678656,321.5160013159343,1.4533552908522438,0.45703696184922504,0.9963183290030188,321.07,5.497185883019732,332.06437176603947,310.0756282339605
2026-01-01,332.9,332.9,322.2,324.8,25445,322.07849566033576,324.17248100551575,52.890591417744744,323.2509940518963,321.75926047771696,1.4917335741793636,0.6639762843152528,0.8277572898641108,321.11,5.522480373398954,332.15496074679794,310.0650392532021
2026-01-04,331.2,356.0,331.0,344.0,634749,324.166257978399,324.95003077000536,65.46613296993547,326.443148813143,323.4067226645527,3.0364261485902944,1.1384662571702613,1.897959891420033,321.96500000000003,7.452535774793415,336.87007154958684,307.0599284504132
2026-01-05,350.0,355.5,344.2,352.3,226433,326.8456619804562,326.0225785829463,69.28340932273444,330.4211259188133,325.5469654301414,4.874160488671862,1.8856051034705814,2.9885553852012805,323.58000000000004,10.05105912203156,343.6821182440632,303.4778817559369
2026-01-06,355.0,359.0,351.0,353.1,147211,329.34607512517465,327.0844382463602,69.63184560101044,333.9101834697651,327.58793095383464,6.322252515930472,2.7729345859625596,3.5493179299679127,325.445,11.833915355133584,349.1128307102672,301.7771692897328
2026-01-07,354.0,354.0,343.8,343.8,135639,330.72263939896754,327.73995047199315,60.97290277542612,335.4316937051859,328.7888249572543,6.6428687479316295,3.5469214183563738,3.0959473295752558,326.78499999999997,12.334089474249028,351.453178948498,302.1168210515019
2026-01-08,337.0,349.0,337.0,345.9,92775,332.1681023133516,328.45210927701305,62.11843140856731,337.0422023659265,330.05631940486506,6.9858829610614634,4.234713726897392,2.751169234164071,328.275,12.76771730827567,353.81043461655133,302.7395653834486
2026-01-12,346.0,348.9,339.0,339.1,63530,332.8282830454134,328.869673619091,56.35060015558604,337.35878661732244,330.72622167117134,6.632564946151092,4.7142839707481325,1.9182809754029595,329.41999999999996,12.65416927344039,354.72833854688076,304.11166145311915
2026-01-13,332.4,373.0,332.4,338.0,142207,333.3208275172788,329.2277256340286,55.45360457676845,337.4574348300421,331.26502006589936,6.192414764142711,5.009910129427048,1.182504634715663,330.52,12.379422654713732,355.2788453094274,305.76115469057254
2026-01-14,331.3,342.0,331.3,334.2,87141,333.4045582299189,329.4227167856354,52.35325247233219,336.95629101003556,331.48242598694384,5.473865023091719,5.102701108159983,0.37116391493173584,331.38,11.981810776112473,355.34362155222493,307.41637844777506
2026-01-18,339.7,347.0,335.0,339.0,163190,333.9374574461171,329.7982965195321,55.72086913486661,337.27070777772235,332.0392833212443,5.2314244564780665,5.1284457778235994,0.10297867865446708,331.92999999999995,12.07062986194333,356.0712597238866,307.7887402761133
2026-01-20,332.5,350.0,332.5,346.0,141100,335.0862710226774,330.43365744033474,60.144869105506906,338.6136758119189,333.07341048263356,5.540265329285319,5.210809688115943,0.32945564116937565,332.92999999999995,12.378040827922694,357.6860816558453,308.1739183441546
2026-01-21,348.0,348.0,340.0,342.0,91181,335.74472140147003,330.88723950149813,56.66111284368082,339.1346487639314,333.7346393357718,5.400009428159592,5.248649636124673,0.15135979203491878,333.88,12.304710266305346,358.48942053261067,309.2705794673893
2026-01-22,347.9,347.9,337.0,341.9,71540,336.33093841085383,331.31911246222376,56.57288976003576,339.5600874156343,334.33948086645535,5.220606549178967,5.243041018735532,-0.022434469556564807,335.125,11.75427693721167,358.63355387442334,311.61644612557666
2026-01-25,343.9,355.0,340.0,351.2,164488,337.74703951458207,332.098755110764,62.43143014858646,341.3508431978444,335.5884082096809,5.762434988163534,5.346919812621133,0.41551517554240114,336.835,11.462766957269274,359.76053391453854,313.9094660854614
2026-01-26,356.9,365.0,347.7,356.0,250861,339.4854167036695,333.0360588319105,65.0519890880532,343.6045596289453,337.1003779719268,6.504181657018535,5.5783721815006135,0.9258094755179211,338.865,11.054709641778487,360.974419283557,316.75558071644303
2026-01-27,355.0,362.0,346.0,347.0,108099,340.20109130332,333.583664367914,57.020659307533684,344.126935070646,337.8336833073396,6.2932517633064435,5.72134809786178,0.5719036654446636,340.315,10.028132795754734,360.3712655915095,320.2587344084905
2026-01-28,344.2,350.0,344.0,345.9,75584,340.74384451252763,334.0666579221135,56.108872551039795,344.3997142905466,338.4311882475366,5.968526043010002,5.770783686891424,0.19774235611857716,341.56,8.9965724467901,359.5531448935802,323.5668551064198
2026-01-29,340.0,343.0,337.0,337.3,106393,340.4158593208584,334.1934556506581,49.451120306780204,343.3074505535394,338.3473965254969,4.960054028042521,5.608637755121643,-0.6485837270791226,341.675,8.922701679649887,359.5204033592998,323.82959664070023
2026-02-01,334.0,338.0,330.5,330.5,88265,339.47149176649094,334.0486142525931,44.91312059848577,341.3370735453026,337.7661078939786,3.570965651324002,5.201103334362116,-1.6301376830381136,341.95,8.454179906744681,358.85835981348936,325.0416401865106
2026-02-02,330.5,338.0,330.5,334.0,39025,338.9503973125394,334.04670781131495,47.57956635369592,340.20829299987145,337.48713693886907,2.7211560610023753,4.705113879690168,-1.9839578186877924,342.3,7.931416545732603,358.16283309146525,326.4371669085348
2026-02-03,337.0,337.8,321.5,328.0,106817,337.9075023303928,333.8095820147928,43.67654647866685,338.3300940768143,336.7843860545084,1.5457080223059165,4.073232708213318,-2.5275246859074016,342.46,7.584499428427391,357.62899885685476,327.2910011431452
2026-02-04,322.0,332.9,322.0,326.0,69033,336.773454489403,333.5033238965657,42.42718550749176,336.43315652653513,335.98554264306335,0.44761388347177444,3.3481089432650095,-2.900495059793235,341.56,8.414673899978201,358.3893477999564,324.7306522000436
2026-02-05,327.0,329.9,325.0,327.7,55997,335.9093159666027,333.27574256728866,43.89623115005955,335.0895939839912,335.3717987435772,-0.2822047595859658,2.6220462026948144,-2.90425096228078,340.33,8.558842764915978,357.4476855298319,323.21231447016805
2026-02-08,333.9,333.9,327.3,328.7,48970,335.2227144459739,333.09630168229694,44.78867673757377,334.1065795249157,334.8775914292381,-0.7710119043224495,1.9434345812913616,-2.714446485613811,339.11,8.379919607755829,355.86983921551166,322.35016078448837
2026-02-09,328.2,328.2,322.2,323.0,114234,334.0586464035002,332.7003682829912,40.80434358667377,332.3978749826209,333.99776984188713,-1.5998948592662146,1.2347686931798465,-2.8346635524460613,338.07,9.032520193916227,356.1350403878324,320.00495961216757
2026-02-10,327.9,327.9,320.5,322.0,74460,332.91020388888114,332.2807459973837,40.1298699280712,330.79820190837154,333.1090461498955,-2.3108442415239665,0.5256461062390839,-2.8364903477630503,336.875,9.510430561996577,355.89586112399314,317.85413887600686
2026-02-11,315.6,328.0,315.6,320.9,72607,331.76637494708297,331.8344422327804,39.359175954545584,329.2754016147759,332.20467236101433,-2.929270746238444,-0.1653372642564217,-2.7639334819820225,335.96500000000003,10.136451938208571,356.2379038764172,315.69209612358287
2026-02-12,320.8,330.0,320.1,329.9,195633,331.58862495212264,331.75858175306354,48.13560826226144,329.3714936740411,332.0339558898281,-2.662462215787002,-0.6647622545625378,-1.9976999612244644,335.56,10.212397007189594,355.9847940143792,315.1352059856208
2026-02-16,330.0,330.0,324.2,325.9,25760,331.0468511471586,331.5288334490218,45.01719607099826,328.8374177241886,331.5795887868779,-2.7421710626892946,-1.0802440161878892,-1.6619270465014053,335.145,10.43675060345754,356.01850120691506,314.2714987930849
2026-02-17,324.2,330.0,322.0,323.0,145521,330.2804843712387,331.1943693921975,42.84979875110311,327.9393534589288,330.9440636915536,-3.0047102326248023,-1.4651372594752718,-1.5395729731495305,334.34499999999997,10.73466960739011,355.8143392147802,312.87566078521974
2026-02-22,325.0,327.5,320.4,321.0,34856,329.396628716835,330.7945902003466,41.370461683314765,326.8717606190936,330.2074663810681,-3.335705761974509,-1.8392509599751192,-1.49645480199939,333.09499999999997,10.761602062344041,354.6182041246881,311.57179587531186
2026-02-23,321.0,324.5,320.0,322.0,53331,328.69218788666024,330.44970431013695,42.4404775623863,326.1222589853869,329.5995059083964,-3.4772469230094885,-2.1668501525819934,-1.310396770427495,332.09499999999997,10.819644658083561,353.73428931616706,310.4557106838329
2026-02-24,322.0,326.9,321.0,323.7,24034,328.21674142126403,330.18501002346494,44.30149686231012,325.74960375686584,329.1625054707374,-3.4129017138715767,-2.4160604648399104,-0.9968412490316663,331.185,10.716454392089,352.617908784178,309.752091215822
2026-02-25,322.0,326.0,322.0,322.3,32708,327.6532422382865,329.87579394411335,43.0665795662796,325.2188954865788,328.6541717321643,-3.4352762455854986,-2.619903620989028,-0.8153726245964705,329.73999999999995,9.783412385033154,349.30682477006627,310.17317522993363
2026-02-26,328.7,328.7,322.8,325.0,29539,327.40055250130683,329.6845863384619,46.182344322379855,325.18521925787434,328.38349234459656,-3.1982730867222244,-2.7355775141356675,-0.4626955725865569,328.18999999999994,7.6206713339332826,343.4313426678665,312.9486573321334
2026-03-01,325.0,329.5,322.0,329.5,42373,327.6004998821347,329.67734765852225,50.99587209771358,325.8490316797398,328.46619661536715,-2.617164935627329,-2.711894998434,0.09473006280667073,327.31499999999994,6.223916096786134,339.7628321935722,314.8671678064277
2026-03-03,336.0,338.0,327.5,334.9,55876,328.29569036955047,329.8821575542665,56.073189423544676,327.24148834439524,328.9427746438585,-1.701286299463277,-2.5097732586398553,0.8084869591765784,326.765,4.82365607144868,336.41231214289735,317.1176878571026
2026-03-09,341.5,355.2,341.5,355.2,690,330.8580055724504,330.87501412076585,69.05381707111644,331.54279782987294,330.887754299869,0.6550435300039226,-1.8768099009110997,2.5318534309150222,327.65999999999997,7.690144068244723,343.04028813648944,312.2797118635105
2026-03-10,360.0,360.0,339.0,349.7,338163,332.65248123221704,331.61324886112794,63.572479997487136,334.336213548354,332.2812539813602,2.05495956699383,-1.0904560073301137,3.145415574323944,328.62,9.127436949332628,346.87487389866527,310.36512610133474
2026-03-11,352.0,352.0,341.0,344.0,110266,333.7331973053392,332.0990038077504,58.398799679841716,335.8229499255303,333.14930924200013,2.6736406835301523,-0.33763666915806057,3.0112773526882126,329.12,9.69398076946611,348.50796153893225,309.73203846106776
2026-03-12,339.0,356.4,338.2,349.7,179017,335.2538451810212,332.7892389525445,61.75103719895404,337.95788070621796,334.3752863351853,3.5825943710326555,0.44640953888008267,3.1361848321525727,330.205,10.72191435189182,351.64882870378364,308.76117129621633
2026-03-15,354.7,354.7,345.0,348.5,100898,336.51538373520964,333.40534722891533,60.64313446180965,339.5797452129537,335.4215614214679,4.158183791485783,1.1887643894012228,2.96941940208456,331.33,11.415460430617188,354.16092086123433,308.49907913876564
2026-03-16,345.5,347.0,341.6,342.6,70422,337.094870998523,333.7659218473893,55.381977192815796,340.04439979557617,335.9532976124703,4.091102183105875,1.7692319481421532,2.3218702349637215,332.075,11.649887056187852,355.3747741123757,308.7752258876243
2026-03-17,339.7,347.0,338.0,345.0,64570,337.84774042723507,334.20647393180536,57.015609559552466,340.806799827026,336.6234237152503,4.183376111775715,2.2520607808688657,1.9313153309068491,332.89,11.96718759559856,356.8243751911971,308.9556248088029
2026-03-19,346.0,367.0,346.0,366.0,326932,340.5289080055936,335.45327887565617,68.04167854702851,344.6826767767143,338.7994664030095,5.883210373704799,2.9782906994360525,2.904919674268746,335.04,13.816595665732963,362.67319133146594,307.4068086685341
2026-03-22,370.0,390.0,367.1,389.0,515134,345.1452024812514,337.5531502922971,75.46488127795203,351.50072650337364,342.518024447231,8.982702056142614,4.179172970777365,4.803529085365249,338.39,17.98282513958453,374.355650279169,302.42434972083095
2026-03-23,396.7,396.7,376.0,389.0,314867,349.3218498639893,339.57067381024626,75.46488127795203,357.26984550285465,345.9611337474362,11.308711755418472,5.6050807277055865,5.703631027712885,341.79499999999996,20.73371206008087,383.2624241201617,300.3275758798382
2026-03-24,389.0,411.0,377.4,394.0,585324,353.5769117817046,341.7051571902366,76.82222736133392,362.9206385024155,349.5195682846631,13.40107021775242,7.164278625714953,6.236791592037466,345.0,23.559867750518414,392.1197355010368,297.8802644989632
2026-03-25,387.0,404.9,387.0,398.0,498555,357.80768208820894,343.9127980847372,77.87668075067383,368.31746334819775,353.11071137468804,15.20675197350971,8.772773295273906,6.433978678235805,348.605,25.884916863947847,400.3748337278957,296.83516627210435
2026-03-26,398.0,402.0,390.0,401.0,321458,361.9212361750462,346.15151188533576,78.66079591420737,373.34554591001347,356.6580660876741,16.687479822339355,10.355714600686996,6.331765221652359,352.505,27.640520883979317,407.78604176795864,297.22395823204135
2026-03-29,401.0,401.0,383.7,383.7,444715,363.99540415837515,347.62400161532264,64.4702674358519,374.9385388469345,358.66117230340194,16.277366543532537,11.540044989256105,4.737321554276432,355.64,27.43410094640778,410.5082018928156,300.7717981071844
2026-03-30,383.6,388.0,370.0,370.6,309907,364.624413286149,348.5250211598198,56.20220970884589,374.2710713320215,359.5455299105574,14.72554142146413,12.17714427569771,2.548397145766419,358.07,26.43166163605596,410.9333232721119,305.20667672788807
2026-03-31,371.0,387.6,365.0,380.2,294429,366.10780249699195,349.7671771927681,60.227620646377034,375.1832142040182,361.0754906579235,14.10772354609469,12.563260129777106,1.5444634163175834,360.895,25.57018154435689,412.0353630887138,309.7546369112862
2026-04-01,387.8,387.8,372.5,374.0,220782,366.8594403544213,350.71748396952233,56.60895623171151,375.0011812495539,362.03286172029954,12.968319529254359,12.644272009672559,0.3240475195818,363.48,24.029994414892972,411.53998882978595,315.4200111702141
2026-04-02,374.0,381.4,367.3,376.9,195379,367.8156841301907,351.74424930405087,57.88361712072463,375.293307211161,363.13413122249955,12.159175988661445,12.547252805470336,-0.3880768168088906,366.075,22.403098352467023,410.88119670493404,321.26880329506594
2026-04-05,371.0,371.0,352.1,353.0,302502,366.40466659398203,351.79349442938224,45.91303759633187,371.86356764021315,362.38345483564774,9.480112804565408,11.933824805289351,-2.453712000723943,367.25,20.95319345088737,409.15638690177474,325.34361309822526
2026-04-06,357.0,375.0,355.0,373.5,157316,367.0804126326504,352.64472994195546,54.58805342227424,372.1153264647957,363.20690262559975,8.908423839195962,11.328744612070675,-2.420320772874714,369.17999999999995,19.547152168425203,408.2743043368504,330.0856956631495
2026-04-07,374.8,377.0,364.0,375.0,120597,367.83465904858843,353.52140719913365,55.154834569579684,372.55912239328865,364.0804653940738,8.47865699921482,10.758727089499505,-2.280070090284685,370.16999999999996,19.301707042064294,408.77341408412855,331.56658591587137
2026-04-08,370.0,379.8,368.0,379.0,282931,368.89802485348474,354.5205677011284,56.706580389190485,373.55002664047504,365.1856161056239,8.364410534851118,10.279863778569828,-1.9154532437187104,371.635,18.77089782786078,409.17679565572155,334.09320434427843
2026-04-09,378.0,382.9,375.0,375.0,154661,369.47916534362906,355.32368269324104,54.66937984095912,373.7730994650173,365.91260750520735,7.860491959809963,9.795989414817855,-1.9354974550078925,373.185,17.613041669255605,408.4110833385112,337.9589166614888
2026-04-10,382.5,382.5,367.6,369.1,135801,369.4430543585215,355.86393043076106,51.718040857034374,373.0541610857839,366.1487106529698,6.905450432814121,9.21788161841711,-2.312431185602989,374.15500000000003,16.765392770158115,407.68578554031626,340.6242144596838
2026-04-13,363.0,372.0,363.0,370.0,70305,369.4960968005671,356.418286100143,52.142465361791686,372.58429014950946,366.43399134534235,6.150298804167107,8.60436505556711,-2.4540662514000022,375.23,15.688517423523333,406.6070348470467,343.85296515295335
2026-04-15,370.0,382.0,370.0,376.5,168998,370.16313520051307,357.20580429229426,55.20512955994169,373.1867070495849,367.1796216160577,6.007085433527209,8.08490913115913,-2.0778236976319207,376.925,13.680369147096332,404.2857382941927,349.5642617058073
2026-04-16,379.0,379.0,371.2,371.6,32826,370.29997946713087,357.77028255534157,52.47866865330983,372.9425982727257,367.5070570519053,5.435541220820426,7.555035549091389,-2.1194943282709637,378.255,11.538652434354017,401.33230486870804,355.17769513129196
2026-04-17,365.1,374.0,365.1,366.3,115093,369.91902904168984,358.1047812786615,49.62387334634214,371.92066007692176,367.4176454184308,4.50301465849094,6.9446313709713,-2.44161671248036,378.27,11.522065787037665,401.3141315740753,355.22586842592466
2026-04-20,360.0,370.0,360.0,362.0,67632,369.16483579962414,358.2575349540081,47.37226136260067,370.39440468047223,367.01633835039894,3.3780663300732954,6.2313183627917,-2.8532520327184043,376.91999999999996,11.777614806366401,400.47522961273273,353.3647703872672
2026-04-21,362.0,365.0,358.3,360.0,51180,368.291994294898,358.32586691659606,46.31954019700487,368.7952654988611,366.49660958370276,2.298655915158349,5.44478587326503,-3.1461299581066804,375.46999999999997,11.995266610353376,399.46053322070674,351.4794667792932
2026-04-22,360.0,368.0,352.1,364.5,120256,367.9308519810982,358.5679897826119,49.06234791174512,368.13445542211326,366.34871257750257,1.785742844610695,4.712977267534163,-2.927234422923468,373.995,11.395542757485087,396.7860855149702,351.2039144850298
2026-04-23,364.0,368.0,357.0,361.0,23161,367.2707708400412,358.66336273231343,47.04877362473733,367.0368468956343,365.9525116458357,1.0843352497985848,3.987248863987048,-2.902913614188463,372.145,10.237931277506027,392.620862555012,351.66913744498794
2026-04-24,361.0,365.0,351.2,361.2,73243,366.6926021886087,358.76283870359526,47.182170762648724,366.1388704501521,365.6004737461442,0.5383967040079369,3.297478431991226,-2.759081727983289,370.15500000000003,7.945437287213577,386.04587457442716,354.2641254255729
2026-04-27,361.2,383.0,360.0,375.0,121835,367.48378293255075,359.3995901269837,55.5105630328167,367.5021211501287,366.2967349501335,1.2053861999951891,2.8790599855920185,-1.6736737855968293,369.72,7.38309591323259,384.4861918264652,354.95380817353487
2026-04-28,370.0,370.0,355.0,359.0,125197,366.6758036056412,359.3839199259255,46.379308075163664,366.1941025116473,365.75623606493843,0.4378664467088811,2.390821277815391,-1.95295483110651,369.14,7.756518481135913,384.6530369622718,353.62696303772816
2026-04-29,359.0,359.0,349.0,359.0,86667,365.94477469081824,359.3688642425559,46.379308075163664,365.08731750985544,365.2557741342023,-0.16845662434684527,1.8789656973829438,-2.047422321729789,368.08000000000004,7.612773199715692,383.3055463994314,352.85445360056866
2026-04-30,355.0,359.0,350.1,358.0,62652,365.18812948216885,359.31518329186747,45.832819862657246,363.9969609698777,364.71830938352065,-0.7213484136429429,1.3589028751777665,-2.080251288820709,367.28000000000003,7.796395928537811,382.87279185707564,351.6872081429244
2026-05-04,375.0,375.0,359.2,359.4,327440,364.6368790552956,359.31850943728443,46.778311948196446,363.28973620528114,364.3243605402969,-1.0346243350157351,0.8801974331390662,-1.9148217681548014,366.40500000000003,7.640368894428006,381.68573778885604,351.124262211144
2026-05-05,365.0,371.5,360.0,365.0,127364,364.6714620024103,359.5413129887635,50.500251675252336,363.552853712161,364.37440790768227,-0.8215541955212871,0.5398471074069955,-1.3614013029282825,367.005,6.9744250848363825,380.95385016967276,353.05614983032723
2026-05-06,373.0,373.0,359.0,361.0,61864,364.3217989545617,359.59851640096883,47.92229876084285,363.16010698721317,364.1244517663725,-0.9643447791593189,0.23900873009373258,-1.2033535092530516,366.38,6.9216365573769245,380.22327311475385,352.53672688524614
2026-05-07,360.1,365.0,356.0,356.0,139029,363.5292466731749,359.45739811073474,44.84088305836222,362.05855206610346,363.522640524419,-1.4640884583155298,-0.10161070758811988,-1.36247775072741,365.43,6.979903483030244,379.3898069660605,351.4701930339395
2026-05-08,364.0,364.0,353.6,356.7,65272,362.8788422281106,359.34926485149026,45.37048879749601,361.2341594405491,363.0172597448324,-1.7831003042833231,-0.43790862692716054,-1.3451916773561625,364.315,6.45985782805897,377.23471565611794,351.39528434388205
2026-05-11,362.0,365.0,355.3,364.8,115151,363.0618096349572,359.5630191710397,51.20833535215019,361.78275029584927,363.14931457854857,-1.3665642826993007,-0.6236397580815887,-0.7429245246177121,363.805,5.954783570312326,375.71456714062464,351.8954328593754
2026-05-12,364.0,364.9,354.3,355.8,102639,362.3702087173423,359.4154497917832,45.402706396082806,360.8623271734109,362.6049209060635,-1.7425937326526082,-0.8474305529957926,-0.8951631796568156,363.14,6.073791844413364,375.2875836888267,350.99241631117326
2026-05-13,356.0,357.9,350.1,354.9,45191,361.6587602680716,359.23837332936034,44.8550543825195,359.9450460698092,362.0341860241329,-2.0891399543236844,-1.095772433261371,-0.9933675210623134,362.385,6.114544782367606,374.6140895647352,350.1559104352648
2026-05-14,358.9,358.9,350.3,351.9,26336,360.72935452825527,358.95059398311093,42.99344474186755,358.7073466744539,361.2835055779008,-2.576158903446924,-1.3918497272984816,-1.1843091761484423,361.15500000000003,5.576310325201486,372.307620650403,350.00237934959705
2026-05-15,335.0,360.0,335.0,352.0,60201,359.89798743032617,358.67802167004777,43.07824924417806,357.6754471860763,360.5958384980563,-2.9203913119799836,-1.697558044234782,-1.2228332677452016,360.175,5.362233921829918,370.89946784365986,349.45053215634016
2026-05-18,355.0,355.0,348.8,349.0,56092,358.8600838655332,358.2984914084773,41.102775776450784,356.340763003603,359.7368874982003,-3.396124494597302,-2.0372713343072864,-1.3588531602900158,359.31000000000006,5.7064967593089335,370.72299351861795,347.89700648138216
2026-05-19,348.6,354.8,346.0,347.0,42771,357.73055206881577,357.8554133140272,39.79266036371727,354.9037225415102,358.79341435018546,-3.889691808675252,-2.4077554291808796,-1.4819363794943725,358.56000000000006,6.290209602465688,371.14041920493145,345.97958079506867
2026-05-20,348.0,351.9,345.0,351.0,45856,357.0895471098809,357.58657357622224,43.66048009744637,354.3031498428163,358.2161243983199,-3.912974555503581,-2.7087992544454202,-1.2041753010581608,358.11,6.500194329144031,371.11038865828806,345.10961134171197
2026-05-21,351.0,357.9,350.0,351.5,16453,356.5572092898923,357.3478844163704,44.14352224858752,353.8718960208446,357.718633702148,-3.8467376813034093,-2.936386939817018,-0.9103507414863912,357.46000000000004,6.477523893458139,370.4150477869163,344.50495221308375
2026-05-22,353.0,353.0,346.0,352.5,58510,356.17080840514063,357.1577713020029,45.15629807948589,353.6608350945608,357.3320682427296,-3.671233148168767,-3.083356181487368,-0.587876966681399,357.035,6.5117929458229,370.0585858916458,344.01141410835424
2026-05-25,365.0,365.0,345.0,356.0,37190,356.1545409379844,357.11236850584595,48.664694514894414,354.02070661847455,357.2333965210459,-3.2126899025713556,-3.1092229257041657,-0.10346697686718986,356.775,6.440159772520007,369.65531954504,343.89468045495994
2026-05-26,358.9,358.9,340.0,347.3,108822,355.31125132484306,356.72756974091084,41.5495445432982,352.9867517540938,356.4975893713388,-3.510837617244988,-3.1895458640123304,-0.3212917532326576,355.39,5.167194087480326,365.72438817496067,345.0556118250393
2026-05-27,354.0,354.0,349.0,350.5,56407,354.85303691295326,356.48335131969867,44.74934500679043,352.6041745611563,356.05332349198034,-3.4491489308240375,-3.241466477374672,-0.2076824534493653,354.965,5.2040748205317024,365.3731496410634,344.5568503589366
2026-06-01,348.0,354.0,338.2,344.1,111231,353.8289381593387,355.99772969931837,40.02947953973503,351.29584001328607,355.167892122204,-3.8720521089179556,-3.3675836036833293,-0.5044685052346263,354.21999999999997,5.643962773647998,365.50792554729594,342.932074452704
2026-06-02,348.0,348.0,343.0,346.1,47782,353.0928488108302,355.6095834366,42.08521437427361,350.49648001124206,354.49619640944815,-3.9997163982060897,-3.4940101625878817,-0.505706235618208,353.625,5.8480653571847085,365.3211307143694,341.9288692856306
2026-06-03,363.4,363.4,345.0,353.2,61136,353.1030536859892,355.5150899684981,48.79562891563315,350.9124061633587,354.4001818606001,-3.4877756972414318,-3.4927632695185915,0.004987572277159735,353.315,5.687962821035593,364.6909256420712,341.9390743579288
2026-06-04,354.9,354.9,350.0,350.3,32020,352.8360961920855,355.3105766364002,46.42929349534071,350.81818983053427,354.0964646857409,-3.2782748552066323,-3.4498655866562,0.1715907314495677,352.58000000000004,5.007636274080207,362.59527254816044,342.56472745183964
2026-06-05,347.2,350.9,345.0,346.0,63840,352.1850394118869,354.94545598399236,43.09233679685233,350.0769298566059,353.4967265608712,-3.419796704265309,-3.443851810178022,0.024055105912712982,351.83000000000004,4.799133693843026,361.4282673876861,342.231732612314
2026-06-08,328.7,350.2,328.7,341.5,62930,351.16741661075486,354.4181832003064,39.86338603256531,348.75740218635883,352.6080801489548,-3.8506779625959666,-3.5252170406616115,-0.32546092193435516,351.105,5.213391158284104,361.53178231656824,340.6782176834318
2026-06-09,343.0,349.9,336.0,344.0,65374,350.4848055049687,354.0096269963728,42.443665141934474,348.02549415768823,351.97044458236553,-3.9449504246773017,-3.60916371746475,-0.33578670721255177,350.47,5.269185495911881,361.00837099182377,339.9316290081763
2026-06-10,327.0,348.0,327.0,343.0,34778,349.77196688544785,353.57787691808363,41.67341553349604,347.2523412103516,351.305967205894,-4.053625995542404,-3.698056173080281,-0.3555698224621233,349.38,4.317723571855982,358.015447143712,340.744552856288
2026-06-11,343.0,343.9,340.0,342.0,29425,349.03177956302426,353.1238425291392,40.87458140995573,346.44428871645135,350.61663630175366,-4.172347585302305,-3.792914455524686,-0.37943312977761856,348.69,4.34037349845832,357.37074699691664,340.00925300308336
2026-06-12,341.9,342.7,339.0,340.0,36575,348.17161008083144,352.6091820378004,39.25390949001044,345.45285968315113,349.83021879792005,-4.377359114768922,-3.9098033873735334,-0.4675557273953883,347.94500000000005,4.494379531067433,356.9337590621349,338.9562409378652
2026-06-15,340.0,342.0,338.0,338.3,41635,347.23145673979985,352.0480376441612,37.879092275012354,344.3524197318971,348.9761285165926,-4.623708784695509,-4.052584466837929,-0.5711243178575804,347.265,4.877043431469157,357.0190868629383,337.51091313706166
2026-06-16,337.5,340.0,335.8,335.9,43787,346.15227038362843,351.4147812659588,35.96405303214324,343.0520474654514,348.0075264042524,-4.955478938801036,-4.233163361230551,-0.7223155775704857,346.46,5.3592418946217375,357.17848378924344,335.7415162107565
2026-06-17,320.0,341.0,320.0,335.0,63723,345.0901493947115,350.7710643535683,35.24446328425205,341.81327093230504,347.0440059298634,-5.230734997558329,-4.432677688496106,-0.7980573090622229,345.76,5.8973142862096655,357.55462857241935,333.96537142758064
