Date,Open,High,Low,Close,Volume,EMA20,EMA50,RSI,EMA12,EMA26,MACD,MACD_Signal,MACD_Hist,BB_Middle,BB_Std,BB_Upper,BB_Lower,Wavelet_Smooth
2022-01-02,185.0,187.5,177.75,183.65,6960,183.65,183.65,,183.65,183.65,0.0,0.0,0.0,,,,,
2022-05-25,102.35,105.45,102.35,105.45,130,176.20238095238096,180.58333333333334,0.0,171.61923076923077,177.8574074074074,-6.23817663817664,-1.247635327635328,-4.990541310541312,,,,,
2022-05-26,106.55,106.55,106.55,106.55,30,169.56882086167803,177.68006535947714,0.10808686253317035,161.6085798816568,172.57537722908094,-10.966797347424148,-3.191467731593092,-7.775329615831056,,,,,
2022-05-30,107.65,112.2,107.65,112.2,80,164.1051236367563,175.1122196591055,0.7017702040693763,154.00725989986344,168.10312706396383,-14.095867164100383,-5.372347618094551,-8.723519546005832,,,,,101.27554770318021
2022-05-31,112.2,113.4,112.2,113.4,30,159.2760642427795,172.6921326136504,0.8365713388604661,147.75998914603832,164.05104357774428,-16.29105443170596,-7.556088980816833,-8.734965450889126,,,,,112.33056537102475
2022-06-01,112.2,119.7,112.2,119.7,60,155.5069152672767,170.61400976605626,1.5918843129863092,143.4430677389555,160.76578109050396,-17.322713351548458,-9.509413854963158,-7.8132994965853,,,,,115.9849823321555
2022-06-02,118.4,126.65,118.4,126.65,80,152.75863762277416,168.8899309517011,2.4744010990808505,140.85951885603927,158.23868619491108,-17.37916733887181,-11.08336455174489,-6.29580278712692,,,,,121.75876325088338
2022-06-03,126.65,134.3,126.65,134.3,70,151.00067213489092,167.53346307124227,3.50024103281433,139.85036210895632,156.46545018047323,-16.615088071516908,-12.189709255699293,-4.425378815817615,,,,,129.3690106007067
2022-06-06,135.95,142.7,135.95,142.7,100,150.21013193156796,166.55960177433082,4.6857944909962725,140.28876793834766,155.44578720414188,-15.157019265794219,-12.78317125771828,-2.3738480080759388,,,,,137.28727915194344
2022-06-07,144.55,151.95,144.55,151.95,120,150.375833652371,165.98667621455314,6.054524881827305,142.08280364014033,155.18684000383507,-13.104036363694746,-12.847344278913573,-0.25669208478117334,,,,,145.99088339222612
2022-06-08,153.95,162.1,153.95,162.1,100,151.49242092357375,165.83425753947262,7.622131925644325,145.16237231088797,155.69892592947693,-10.536553618588954,-12.38518614684865,1.8486325282596958,,,,,155.5593992932862
2022-06-09,164.0,173.3,164.0,173.3,150,153.56933321656675,166.12703175361094,9.418265517675522,149.4912381092129,157.00270919396013,-7.511471084747228,-11.410443134428366,3.898972049681138,,,,,166.08487632508835
2022-06-10,175.75,185.6,175.75,185.6,400,156.61987291022706,166.8906775671948,11.454413742139295,155.04643224625707,159.12102703144456,-4.074594785187486,-9.94327346458019,5.868678679392705,,,,,177.67190812720847
2022-06-13,188.3,199.15,188.3,199.15,2160,160.67036120449114,168.15574903514798,13.754396550954482,161.83159651606368,162.08613614022644,-0.25453962416276,-8.005526696496705,7.750987072333945,,,,,190.42045936395755
2022-06-14,202.1,214.05,185.0,187.0,48906,163.17794585168247,168.89473926906376,13.417837052575663,165.70365859051543,163.9316075372467,1.77205105326874,-6.050011146543616,7.822062199812356,,,,,195.21431095406356
2022-06-15,187.0,187.0,173.3,175.0,34219,164.30385577056984,169.13416125851225,13.0774805557906,167.13386496120538,164.7514884604136,2.3823765007917643,-4.36353361707654,6.745910117868305,,,,,184.95491166077736
2022-06-16,172.5,187.15,165.0,179.95,10055,165.7939647448013,169.55831179739414,14.046039509215234,169.10557804409683,165.87730413001262,3.2282739140842125,-2.84517211084439,6.073446024928602,,,,,176.38763250883392
2022-06-17,182.5,187.5,172.55,182.5,8537,167.38501572148687,170.06582898181006,14.574123331916851,171.16625834500502,167.10861493519687,4.057643409808151,-1.4646090067138817,5.522252416522033,,,,,179.3940989399293
2022-06-19,185.0,185.0,171.5,171.65,8433,167.79120470039288,170.12795333546455,14.175065099721365,171.2406801380812,167.445013828886,3.795666309195184,-0.41255394353206853,4.208220252727252,,,,,179.07650176678447
2022-06-20,171.65,174.05,163.0,164.55,11693,167.4825185384507,169.90921006740712,13.906721109660396,170.21134473222256,167.23056836007964,2.9807763721429126,0.2661121196029277,2.714664252539985,153.8675,30.9848276750514,215.83715535010282,91.89784464989721,170.1873851590106
2022-06-21,162.5,172.5,162.5,166.25,6532,167.36513582050304,169.76571163339116,14.324933137538352,169.6019070811114,167.1579336667404,2.443973414370987,0.7016843785565396,1.7422890358144474,152.9975,30.34219085782421,213.68188171564842,92.31311828435159,164.6178091872792
2022-06-22,168.55,168.55,159.75,162.25,7003,166.8779800280742,169.47097784384644,14.150751436899853,168.47084445324808,166.7943830247596,1.6764614284884658,0.8966397885429249,0.7798216399455409,155.8375,28.243168130587456,212.3238362611749,99.3511637388251,164.12321554770318
2022-06-23,164.45,164.45,151.75,154.5,12774,165.69912478730524,168.88388067349953,13.800617004987728,166.321483768133,165.88368798588854,0.43779578224445004,0.80487098728323,-0.36707520503878,158.23499999999999,25.76556810939746,209.7661362187949,106.70386378120506,160.02812720848056
2022-06-24,152.5,162.2,150.6,156.5,3625,164.82301766470474,168.3982382941466,14.389319995148256,164.8104862653433,165.18859998693384,-0.3781137215905517,0.5682740455084737,-0.9463877670990254,160.45,23.3948824813417,207.23976496268338,113.6602350373166,155.33833922261485
2022-06-26,158.6,167.0,158.6,165.0,7365,164.83987312520907,168.26497404731734,16.984253163551173,164.83964222452124,165.17462961753134,-0.3349873930100955,0.3876217578047599,-0.7226091508148553,163.03,20.612926450218183,204.25585290043637,121.80414709956364,158.56060070671379
2022-06-27,167.3,172.0,162.0,162.0,14086,164.5694090180463,168.01928879055978,16.790808456907257,164.4027741899795,164.93947186808458,-0.536697678105071,0.20275787062279374,-0.7394555487278647,165.145,17.92832146427308,201.00164292854618,129.28835707145385,163.5876325088339
2022-06-28,160.0,164.0,160.0,162.5,6150,164.37232244489903,167.80284609289077,16.960565659815543,164.11003969921342,164.75877024822645,-0.6487305490130382,0.03246018669562736,-0.6811907357086655,166.9375,15.505413952620037,197.94832790524006,135.92667209475994,163.1469964664311
2022-06-29,160.3,166.25,160.3,164.05,11087,164.34162506919435,167.65567565787546,17.522311373364985,164.10080282241134,164.70626874835784,-0.6054659259465041,-0.09512503583279892,-0.5103408901137051,168.425,13.507926522874163,195.44085304574833,141.4091469542517,162.7220141342756
2022-06-30,166.3,170.9,164.2,169.5,10243,164.83289887212823,167.72800210266468,19.582261603930093,164.93144854204036,165.06135995218318,-0.12991141014282448,-0.10208231069480404,-0.027829099448020436,169.76500000000001,12.074953416059158,193.91490683211833,145.6150931678817,165.8518374558304
2022-07-01,167.5,172.9,162.85,172.5,12622,165.56309897954458,167.9151392751092,20.755533393136304,166.09584107403415,165.61237032609554,0.4834707479386111,0.01502830103187898,0.46844244690673215,170.7925,11.330620773164274,193.45374154632853,148.13125845367145,170.29943462897523
2022-07-03,174.95,180.05,168.5,178.0,12589,166.74756574339747,168.31062400941863,22.974284725936585,167.92725013956735,166.52997252416256,1.3972776154047892,0.29147816390646103,1.1057994514983283,171.5875,11.24610897623092,194.07971795246183,149.09528204753818,174.67282685512367
2022-07-04,180.5,184.05,173.55,173.55,19683,167.39541662497868,168.5160897345395,22.4271481581993,168.79228857963392,167.04997455940978,1.7423140202241427,0.5816453351699974,1.1606686850541452,171.6,11.248251326083329,194.09650265216666,149.10349734783333,176.38526501766785
2022-07-05,171.1,180.0,168.75,169.5,15683,167.59585313688547,168.55467445083207,21.91559967996561,168.90116725969023,167.2314579253794,1.6697093343108236,0.7992581349981627,0.8704511993126609,170.795,10.759058606832745,192.31311721366546,149.2768827863345,172.96773851590106
2022-07-06,171.85,174.05,164.7,173.0,6930,168.11053379051543,168.7290009429563,23.538724753006804,169.53175691204558,167.65875733831425,1.8729995737313345,1.0140064227447971,0.8589931509865374,169.4875,8.479245171842202,186.4459903436844,152.52900965631562,170.5609187279152
2022-07-07,175.45,176.0,170.0,172.5,7220,168.52857819141872,168.87688325891878,23.46368858682446,169.9884096948078,168.01736790584653,1.971041788961287,1.205413495988095,0.7656282929731919,168.7625,7.4619363050786935,183.68637261015738,153.8386273898426,172.22512367491166
2022-07-08,170.5,170.5,166.5,166.5,4562,168.33538026842646,168.7836721507259,22.535326307028242,169.451731280222,167.90497028319123,1.5467609970307592,1.273682996196628,0.27307800083413114,168.3375,7.328852049838361,182.99520409967673,153.67979590032328,170.80459363957596
2022-07-11,164.2,166.5,159.5,159.5,7360,167.4939154809573,168.41960657618762,21.468123969413057,167.92069569864938,167.28237989184373,0.6383158068056503,1.1466095583184326,-0.5082937515127823,167.315,7.044484591358957,181.4039691827179,153.2260308172821,164.4678445229682
2022-07-12,158.85,165.95,158.05,165.75,3574,167.3278282922947,168.31491612221947,24.888365607013213,167.5867425142418,167.16887027022568,0.41787224401610956,1.0008620954579681,-0.5829898514418586,166.47750000000002,6.072835871840677,178.62317174368138,154.33182825631866,161.55636042402824
2022-07-13,163.5,173.0,162.5,172.45,6517,167.81565416921902,168.4770762742893,28.48414170553943,168.3349359735892,167.56006506502376,0.7748709085654468,0.955663858079464,-0.18079294951401714,166.51749999999998,6.111212193475475,178.73992438695095,154.29507561304902,166.97922261484098
2022-07-14,172.5,174.85,167.15,172.35,6125,168.24749662929338,168.62895563608186,28.462240682772077,168.95263813149856,167.91487506020718,1.03776307129138,0.9720837007218472,0.06567937056953266,166.9075,6.226836550051055,179.36117310010212,154.45382689989788,172.53583038869255
2022-07-15,169.95,170.5,165.5,169.85,5220,168.4001159979321,168.67683972878453,27.88500043213162,169.0906938035757,168.05821764834,1.0324761552357131,0.9841621916246205,0.048313963611092636,167.0875,6.258780674086197,179.6050613481724,154.5699386518276,172.1141696113074
2022-07-17,167.5,170.35,162.9,168.0,3582,168.36200971241476,168.6502969943224,27.44148218930347,168.92289475687173,168.05390522994446,0.8689895269272654,0.9611276586851496,-0.09213813175788421,167.375,6.156094541184296,179.6871890823686,155.0628109176314,169.3772438162544
2022-07-18,167.5,170.5,165.5,168.5,2688,168.37515164456573,168.64440299454503,27.775836029096013,168.85783402504532,168.0869492869856,0.7708847380597206,0.9230790745600639,-0.1521943365003433,168.075,5.359460400961348,178.7939208019227,157.35607919807728,168.06696113074202
2022-07-19,166.25,174.4,166.25,172.0,7432,168.72037529746424,168.77599503397465,30.200507491026798,169.34124417503833,168.37680489535703,0.9644392796813008,0.9313511155843113,0.03308816409698956,168.85,4.674482802801109,178.1989656056022,159.50103439439778,169.4924734982332
2022-07-20,169.65,176.85,168.3,173.0,10071,169.12795860246766,168.94164228754428,30.914142535491948,169.90412968657088,168.71926379199724,1.1848658945736474,0.9820540713821785,0.20281182319146895,169.25,4.669976896144714,178.58995379228944,159.91004620771056,172.15194346289752
2022-07-21,170.55,172.5,168.15,171.5,2985,169.35386730699454,169.04197004097392,30.41186597218696,170.1496481963292,168.92524425184928,1.224403944479917,1.0305240460017262,0.19387989847819087,169.725,4.367056698799024,178.45911339759803,160.99088660240196,172.7399293286219
2022-07-22,169.1,172.0,166.75,169.5,2640,169.3677847063284,169.05993200015143,29.718541358001772,170.04970231997083,168.9678187517123,1.0818835682585473,1.0407959504530904,0.04108761780545689,170.075,4.024611782520037,178.12422356504007,162.0257764349599,171.00918727915194
2022-07-24,171.5,180.55,165.5,180.0,12895,170.38037663905902,169.4889542746553,37.74316341151444,171.58051734766764,169.78501736269658,1.795499984971059,1.1917367573566842,0.6037632276143747,170.8725,4.336123511301576,179.54474702260316,162.20025297739684,173.0816254416961
2022-07-25,180.0,193.0,180.0,193.0,36630,172.53462648295817,170.41095606780607,45.9687614036729,174.87582237110337,171.50464570620053,3.3711766649028334,1.6276247388659142,1.7435519260369192,172.04749999999999,6.558912678662141,185.16532535732426,158.9296746426757,183.55017667844524
2022-07-26,195.5,203.0,185.55,197.5,21245,174.9122811036288,171.4732715161274,48.50505137868608,178.35646508324132,173.43022750574121,4.926237577500103,2.287347306592752,2.638890270907351,173.29749999999999,8.686778747038469,190.67105749407693,155.92394250592304,194.62049469964663
2022-07-27,194.55,208.6,190.05,206.0,29128,177.87301623661654,172.82726086843616,52.993563536668475,182.6093166088965,175.8428032460567,6.766513362839817,3.183180517842165,3.583332844997652,174.6975,11.336671689697964,197.37084337939592,152.02415662060406,201.28445229681978
2022-07-28,206.5,208.2,195.55,200.0,33095,179.98034802360542,173.89285848143865,49.70039025186668,185.28480636137397,177.63222522783028,7.652581133543691,4.07706064098247,3.575520492561221,176.01999999999998,12.661175633449364,201.3423512668987,150.69764873310126,203.79151943462898
2022-07-29,197.0,203.5,195.05,197.55,8061,181.65364821183348,174.82058952138223,48.378357851046445,187.1717592288549,179.1076159516947,8.064143277160213,4.874477168218019,3.189666108942194,177.42249999999999,13.431095842347156,204.2846916846943,150.56030831530566,200.34144876325087
2022-07-31,194.6,206.5,194.6,202.5,18976,183.63901504880172,175.90605659897508,51.20260523006771,189.5299501167234,180.84038514045807,8.68956497626533,5.637494729827481,3.0520702464378493,178.89749999999998,14.497372493335664,207.8922449866713,149.90275501332866,198.8571378091873
2022-08-01,205.5,205.5,197.5,199.5,20919,185.14958504415395,176.83130928136822,49.437274122137254,191.0638039449198,182.22257883375747,8.841225111162345,6.278240806094454,2.562984305067891,180.2475,15.114279367190251,210.4760587343805,150.0189412656195,200.92028268551235
2022-08-02,196.55,200.0,194.55,199.9,15095,186.55438646852025,177.7359638193538,49.68635667154694,192.42321872262445,183.5320174386643,8.891201283960157,6.800832901667595,2.0903683822925627,181.9175,15.358584732975864,212.63466946595173,151.20033053404825,200.28922261484098
2022-08-03,199.9,214.85,199.9,214.85,39216,189.24920680485164,179.19141621859484,58.01177754008525,195.8734927652976,185.85186799876323,10.021624766534387,7.4449912746409534,2.5766334918934337,184.685,16.076561068508184,216.83812213701637,152.53187786298363,204.70272084805652
2022-08-04,218.1,231.3,218.1,231.3,49371,193.25404425200864,181.23489009237542,64.89509269264559,201.32372464755952,189.21839629515114,12.105328352408378,8.377058690194438,3.7282696622139397,187.9625,18.510657492090154,224.9838149841803,150.9411850158197,219.4978445229682
2022-08-05,234.9,248.5,231.3,236.0,42222,197.32508765657926,183.38254146130188,66.58080252621278,206.65853624024265,192.68370027328808,13.974835966954572,9.496614145546467,4.4782218214081055,191.14000000000001,20.995335321522198,233.13067064304443,149.1493293569556,233.16282685512365
2022-08-07,232.5,240.0,223.5,233.5,38350,200.7703174035717,185.34793199223122,64.79839873327828,210.78799220328224,195.70712988267417,15.080862320608077,10.613463780558789,4.467398540049288,194.1975,22.512706792059966,239.2229135841199,149.17208641588007,236.330777385159
2022-08-08,230.0,236.5,230.0,230.6,31650,203.61123955561249,187.12252289449665,62.701498982117954,213.83599340277726,198.29178692840202,15.544206474375244,11.59961231932208,3.9445941550531636,197.235,23.144205254061003,243.52341050812203,150.946589491878,233.10643109540638
2022-08-09,231.0,234.0,220.0,221.05,18559,205.2720738836494,188.4530121927517,56.24646298280126,214.94584057158076,199.97758048926113,14.968260082319631,12.273341871921591,2.69491821039804,199.8875,22.652041124482867,245.19158224896572,154.58341775103426,227.30696113074202
2022-08-10,220.0,225.0,215.05,220.0,13782,206.67473351377805,189.69014896950654,55.56909497693959,215.72340356056833,201.46072267524178,14.262680885326546,12.671209674602583,1.591471210723963,202.4625,21.807663277654918,246.07782655530985,158.84717344469016,221.0683745583039
2022-08-11,217.5,223.4,217.0,217.05,11647,207.66285413151348,190.7630843040357,53.615488311206185,215.9274953204809,202.6154839585572,13.31201136192368,12.799370012066802,0.512641349856878,204.715,20.7988682637453,246.3127365274906,163.1172634725094,218.19289752650172
2022-08-14,213.75,220.35,211.7,215.0,8260,208.3616299285122,191.71355158623038,52.24102848155727,215.78480373271458,203.5328555171826,12.251948215531968,12.689885652759838,-0.4379374372278697,206.815,19.508440143745606,245.8318802874912,167.7981197125088,216.45257950530035
2022-08-15,211.7,222.7,208.6,222.5,10960,209.70814136389197,192.92086328873114,56.62230205271769,216.8179108507585,204.93782918257648,11.880081668182015,12.527924855844274,-0.647843187662259,209.365,17.917685323959144,245.2003706479183,173.5296293520817,217.42876325088338
2022-08-16,222.5,225.85,211.05,215.1,22557,210.22165171018798,193.79063335583973,51.59317296287781,216.5536168737187,205.69058257645972,10.863034297258992,12.194946744127218,-1.3319124468682269,211.64500000000004,15.28592317684545,242.21684635369093,181.07315364630915,219.2836395759717
2022-08-17,212.55,218.4,212.55,217.0,13437,210.86720869017006,194.70080459678718,52.753502752518926,216.6222912008389,206.52831720042568,10.093974000413226,11.774752195384421,-1.6807781949711948,213.49500000000003,13.37387378436031,240.24274756872066,186.7472524312794,216.92911660777384
2022-08-18,217.3,232.0,213.6,231.0,35571,212.78461738634434,196.1243024557367,60.30407503992712,218.83424640070984,208.34103444483858,10.49321195587126,11.51844414748179,-1.0252321916105291,215.39500000000004,13.003095785235148,241.40119157047033,189.38880842952975,220.9766077738516
2022-08-21,227.45,234.6,220.55,224.5,22050,213.9003681114544,197.23707490845294,55.84195859131898,219.70590080060063,209.537994856332,10.167905944268625,11.248336506839157,-1.0804305625705322,216.74500000000003,12.436680679175998,241.61836135835202,191.87163864164805,228.01455830388687
2022-08-22,224.45,224.45,218.6,222.0,9742,214.67176162464924,198.20817001008226,54.18139408806056,220.05883913896977,210.4611063484556,9.597732790514186,10.918215763574164,-1.3204829730599776,217.54500000000002,12.221873187467068,241.98874637493415,193.10125362506588,225.35936395759714
2022-08-23,219.15,222.0,217.5,220.95,7390,215.26968908896836,199.1000064802751,53.46231470093048,220.1959408098975,211.23806143375518,8.95787937614233,10.526148486087797,-1.5682691099454669,218.59250000000003,11.516421627626498,241.62534325525303,195.55965674474703,221.21685512367492
2022-08-24,218.5,224.35,217.55,222.0,6490,215.91067108049518,199.99804544183297,54.11808669841853,220.47348837760558,212.03524206829184,8.43824630931374,10.108568050732986,-1.6703217414192455,219.815,10.409675408256664,240.63435081651332,198.99564918348668,221.15098939929328
2022-08-25,225.0,225.0,214.0,219.0,10985,216.2048928823528,200.74322013038855,51.86916673603088,220.24679785797395,212.5511500632332,7.695647794740751,9.62598399953454,-1.9303362047937895,220.64000000000001,9.586470729764528,239.81294145952907,201.46705854047096,220.80975265017668
2022-08-26,216.0,217.5,210.0,217.0,13639,216.28061736974774,201.380740909589,50.366486260092145,219.74729049520872,212.8806945029937,6.866595992215025,9.074106398070638,-2.207510405855613,221.51500000000001,8.262615553774376,238.04023110754878,204.98976889245125,218.6144522968198
2022-08-28,220.3,223.5,205.0,206.5,17163,215.34913000120034,201.5814961680365,43.27778906572251,217.70924580363814,212.4080504657349,5.301195337903238,8.319524186037158,-3.0183288481339208,221.84500000000003,7.445272254751267,236.73554450950257,206.95445549049748,213.27667844522966
2022-08-29,206.5,210.65,203.5,205.75,8717,214.43492714394316,201.74496690654487,42.81426750833963,215.86936183384765,211.91486154234713,3.9545002915005227,7.446519407129832,-3.4920191156293097,221.39000000000001,8.140826286783149,237.67165257356632,205.1083474264337,206.76660777385163
2022-08-30,204.5,215.5,204.5,208.5,5877,213.86969598737716,202.00987016511175,45.134647740276414,214.73561385940957,211.6619088355066,3.07370502390296,6.571956530484458,-3.4982515065814983,220.25,8.275327947071306,236.8006558941426,203.6993441058574,205.78180212014135
2022-08-31,205.4,212.5,203.55,203.75,10650,212.90591541715077,202.07811055079367,41.96708061574851,213.0455194195004,211.07584151435796,1.9696779051424471,5.651500805416056,-3.681822900273609,218.6375,8.18639556632962,235.01029113265923,202.26470886734074,206.6256183745583
2022-09-01,201.55,210.7,200.05,209.0,11402,212.5339234726602,202.34955719586057,46.44109937401519,212.42313181650036,210.92207547625736,1.5010563402429966,4.8214119123814445,-3.320355572138448,217.4125,7.661590377021155,232.7356807540423,202.08931924595768,206.11166077738517
2022-09-02,210.0,212.0,203.45,205.0,2217,211.81640695145447,202.45349612935624,43.67814963243418,211.28111153703878,210.48340321875682,0.7977083182819626,4.016671193561549,-3.218962875279586,216.13250000000002,7.4787114531849515,231.08992290636994,201.1750770936301,206.84911660777382
2022-09-04,202.0,207.95,199.55,207.5,15360,211.40532057512547,202.6513982419305,45.84665490449488,210.69940206980206,210.26241038773782,0.4369916820642459,3.300735291262088,-2.8637436091978423,215.455,7.622161248967565,230.69932249793516,200.21067750206487,206.6005300353357
2022-09-05,204.4,207.0,203.55,206.5,2750,210.93814718701827,202.8023238010705,45.0986714507074,210.05334021290943,209.98371332197948,0.06962689092995333,2.6545136111956613,-2.584886720265708,214.78000000000003,7.794302912687981,230.368605825376,199.19139417462407,206.62614840989397
2022-09-06,203.45,205.05,199.55,202.45,11293,210.12975221682606,202.78850718142067,42.10272369584819,208.88359556476954,209.42566048331432,-0.5420649185447814,2.0151979052475726,-2.557262823792354,214.05,8.24139104252364,230.5327820850473,197.56721791495272,205.41261484098936
2022-09-07,199.55,201.5,197.65,200.5,3821,209.21263295808072,202.69876180175714,40.70075840841583,207.59381163172807,208.76450044751326,-1.1706888157851836,1.3780205610410214,-2.548709376826205,213.325,8.773997168667696,230.87299433733537,195.7770056626646,201.96512367491164
2022-09-08,202.5,205.5,195.05,202.0,5024,208.5257155335016,202.67135937815885,42.29260021280462,206.73322522684686,208.26342634029004,-1.5302011134431837,0.7963762261441805,-2.326577339587364,212.3,8.84289783415269,229.9857956683054,194.61420433169462,200.77371024734978
2022-09-11,199.0,202.0,196.5,198.95,3405,207.61374262554907,202.5254237162703,39.94457970184144,205.5358059611781,207.57354290767594,-2.03773694649783,0.22955359161577837,-2.2672905381136084,211.4925,9.299353047672847,230.0912060953457,192.8937939046543,200.6804240282685
2022-09-12,196.5,198.5,194.0,195.45,4585,206.45529094692534,202.2479561195538,37.37992548530454,203.98414350561222,206.67550269229255,-2.69135918668033,-0.35462896404344335,-2.336730222636887,210.41500000000002,9.859247595932143,230.1334951918643,190.69650480813573,198.09681978798582
2022-09-13,198.0,203.95,192.6,196.95,7287,205.55002514245626,202.04019313447327,39.18215415712039,202.9019675816719,205.95509508545607,-3.053127503784168,-0.8943286719915884,-2.1587988317925797,208.7125,9.021857595511197,226.7562151910224,190.66878480897762,195.9189399293286
2022-09-14,195.0,205.0,194.05,205.0,12331,205.49764179555567,202.1562639919449,47.855627787009254,203.22474179987623,205.8843473013482,-2.6596055014719866,-1.247384037887668,-1.4122214635843187,207.7375,8.246241169226824,224.22998233845365,191.24501766154637,199.2780212014134
2022-09-15,207.5,207.5,195.05,199.9,7917,204.96453305312178,202.06778305108435,43.612091478333994,202.71324306143373,205.44106231606315,-2.7278192546294235,-1.543471081236019,-1.1843481733934045,206.6325,7.69687692987765,222.0262538597553,191.2387461402447,202.85544169611305
2022-09-16,196.95,196.95,189.3,196.5,4031,204.15838704806256,201.8494386177085,41.00178730705838,201.75735951352084,204.77876140376216,-3.0214018902413216,-1.8390572430370797,-1.1823446472042418,205.41,7.230720281512219,219.87144056302444,190.94855943697556,199.81572438162544
2022-09-18,194.5,194.5,183.5,185.0,8055,202.3337787577709,201.18867631897484,33.66277350146608,199.1793042037484,203.31366796644645,-4.134363762698058,-2.2981185469692758,-1.8362452157287823,203.56,7.4913037302558765,218.54260746051176,188.57739253948824,192.33787985865723
2022-09-20,183.0,190.4,175.45,181.4,9085,200.34008554274507,200.41264979666212,31.747071595155433,196.44402663394095,201.69043330226523,-5.246406668324283,-2.8877761712402776,-2.3586304970840057,201.68,8.10541404507526,217.89082809015053,185.46917190984948,184.2332862190813
2022-09-21,184.0,184.95,177.5,183.35,3810,198.72198215772175,199.74352627522438,33.940043724865546,194.42956099795003,200.33188268728264,-5.902321689332609,-3.490685274858744,-2.4116364144738656,199.9975,8.249170213453239,216.49584042690648,183.49915957309352,181.25890459363956
2022-09-22,185.25,185.25,177.5,180.0,2164,196.93893623793872,198.96927034286264,32.0357182912844,192.20962853672694,198.82581730303949,-6.616188766312547,-4.115785973149505,-2.500402793163042,198.67249999999999,9.220778523473223,217.11405704694644,180.23094295305353,181.7473851590106
2022-09-25,177.5,179.5,171.5,175.0,4463,194.8495137390874,198.02929895686805,29.385555478819157,189.5619933772305,197.06094194725878,-7.49894857002829,-4.792418492525262,-2.706530077503028,197.135,10.459069345737449,218.05313869147489,176.2168613085251,178.69597173144876
2022-09-27,175.0,185.0,175.0,175.15,1330,192.97336957346005,197.1320715467948,29.573780953411585,187.34476362688736,195.4379092104248,-8.09314558353745,-5.4525639107277,-2.6405816728097493,195.4675,11.185084934858436,217.83766986971688,173.09733013028313,175.0814840989399
2022-09-28,175.15,177.5,172.65,177.35,1815,191.4854296140829,196.3563040351558,32.41906202065482,185.80710768428932,194.09806408372665,-8.290956399437334,-6.0202424084696275,-2.2707139909677068,194.1475,11.702029457365485,217.55155891473098,170.74344108526904,175.43505300353357
2022-09-29,179.5,182.0,174.05,175.5,2590,189.96300774607502,195.53840975926732,31.274816293955112,184.22139880978327,192.72042970715432,-8.499030897371057,-6.516000106249914,-1.983030791121143,192.4725,11.860665586630935,216.19383117326186,168.75116882673814,176.58448763250883
2022-10-09,178.0,180.5,177.5,180.45,1917,189.0570070083536,194.94670741576664,37.61918020019277,183.64118360827814,191.81150898810586,-8.170325379827716,-6.846865160965475,-1.323460218862241,191.24499999999998,11.765917549833082,214.77683509966613,167.71316490033382,177.51441696113073
2022-10-10,183.05,184.75,174.95,181.05,1665,188.2944349123199,194.40173849750127,38.3619458840605,183.24253997623535,191.0143601741721,-7.771820197936762,-7.031856168359733,-0.7399640295770293,189.92249999999999,11.320759633708628,212.56401926741725,167.28098073258272,180.15381625441694
2022-10-11,178.45,183.5,173.55,180.5,2150,187.55210777781326,193.85657228191297,37.91626660410077,182.8206107491222,190.235518679789,-7.4149079306668,-7.108466520821147,-0.30644140984565293,188.6225,10.797666353625047,210.2178327072501,167.0271672927499,181.27325088339222
2022-10-12,177.9,182.5,175.0,179.75,1037,186.809049894212,193.30337336889679,37.28022777433857,182.3482090954111,189.45881359239723,-7.110604496986127,-7.1088941160541435,-0.0017103809319838348,187.4875,10.455316892174293,208.3981337843486,166.57686621565142,180.3356183745583
2022-10-13,181.5,181.5,173.85,177.5,2550,185.92247371381086,192.6836332367832,35.36367245573224,181.60233077304017,188.57297554851596,-6.97064477547579,-7.081244247938473,0.11059947246268287,186.3375,10.210764121620077,206.75902824324015,165.91597175675986,178.98219081272086
2022-10-16,175.0,181.05,172.75,177.5,1070,185.12033336011459,192.08819663926232,35.36367245573224,180.97120296180321,187.75275513751478,-6.7815521757115675,-7.021305833493093,0.23975365778152558,185.1125,9.689140353481768,204.49078070696356,165.73421929303646,177.5826855123675
2022-10-17,174.95,174.95,170.55,171.0,11603,183.77553970677033,191.26120853576185,30.16751253206199,179.43717173691041,186.5118103125137,-7.074638575603274,-7.031972381915129,-0.04266619368814428,183.715,9.60355060436093,202.92210120872187,164.50789879127814,175.076148409894
2022-10-19,173.0,177.95,166.0,168.95,3956,182.36358354422077,190.38625918141827,28.733544277887944,177.82376070046266,185.21093547454973,-7.387174774087072,-7.103012860349518,-0.2841619137375533,182.39,9.726572393516143,201.84314478703226,162.9368552129677,170.7366431095406
2022-10-20,166.6,173.4,164.3,165.2,1235,180.72895654000925,189.39856274293126,26.273307668850435,175.88164366962226,183.7286439579164,-7.84700028829414,-7.251810345938443,-0.595189942355697,180.8025,9.815716117264758,200.43393223452952,161.1710677654705,167.21501766784453
2022-10-23,162.95,171.5,162.95,168.3,3110,179.54524639334173,188.5711681255614,31.49515393078387,174.71523695121883,182.58578144251518,-7.870544491296357,-7.375557175010026,-0.4949873162863314,178.9675,8.379380629666848,195.72626125933368,162.20873874066632,166.32303886925794
2022-10-31,165.95,170.0,163.7,165.0,2763,178.1599848320711,187.64680859122566,29.12991268595067,173.22058511256978,181.28313096529183,-8.062545852722053,-7.512954910552431,-0.5495909421696217,177.2225,7.3630920814555525,191.9486841629111,162.4963158370889,166.62356890459364
2022-11-01,162.7,171.85,162.7,170.0,3859,177.38284341949293,186.95477688176584,36.86622849816162,172.72511047986674,180.44734348638133,-7.722233006514585,-7.554810529744863,-0.16742247676972255,175.89749999999998,5.962679435675265,187.82285887135052,163.97214112864944,167.21088339222615
2022-11-02,167.7,175.0,167.7,172.0,4351,176.8701916652555,186.36831504326523,39.701673052889724,172.6135550214257,179.82161433924196,-7.208059317816264,-7.485460287359143,0.27740096954287896,175.2475,5.616715536774634,186.48093107354927,164.01406892645073,170.04614840989396
2022-11-03,172.0,176.0,166.8,168.0,3544,176.02541150665974,185.64798896313718,36.19994794367833,171.90377732582172,178.94593920300184,-7.042161877180121,-7.396800605323339,0.3546387281432182,174.5775,5.6433350302060425,185.86417006041208,163.2908299395879,170.95618374558302
2022-11-06,165.65,172.0,165.65,169.5,3670,175.4039437441207,185.01473449399455,38.39431845948817,171.53396542954144,178.24624000277947,-6.712274573238034,-7.259895398906278,0.5476208256682442,173.885,5.352473604250945,184.58994720850188,163.1800527914981,168.96289752650176
2022-11-07,167.2,177.5,167.2,172.2,12437,175.09880624468065,184.51219588638693,42.24498420565576,171.63643228653507,177.79837037294396,-6.161938086408895,-7.0403039364068025,0.8783658499979072,173.495,5.1643234641236155,183.82364692824723,163.16635307175278,169.95625441696112
2022-11-08,170.0,179.9,168.45,176.5,8425,175.23225326899677,184.19799212613646,47.83698373265904,172.384673473222,177.70219478976293,-5.317521316540933,-6.695747412433629,1.3782260958926962,173.57,5.198112005434774,183.96622401086955,163.17377598913043,173.62325088339225
2022-11-09,179.0,179.0,170.5,177.0,4003,175.4006101005209,183.9157179251115,48.46185767072907,173.0947237081109,177.6501803608916,-4.555456652780691,-6.267689260503042,1.7122326077223509,173.6625,5.243965830511432,184.15043166102285,163.17456833897714,176.62812720848058
2022-11-10,179.5,179.5,168.05,172.0,5339,175.07674247189988,183.44843486922477,42.9243072465744,172.92630467609382,177.23164848230704,-4.305343806213216,-5.875220169645077,1.5698763634318613,173.395,5.1820515140945185,183.75910302818906,163.03089697181096,175.65173144876323
2022-11-13,169.65,170.5,167.5,168.5,2810,174.45038604600464,182.8622217370983,39.52008266183135,172.24533472592555,176.58485970583985,-4.339524979914302,-5.568081131698923,1.2285561517846215,173.04500000000002,5.26807415125777,183.58114830251554,162.5088516974845,171.18657243816256
2022-11-14,170.5,172.5,166.55,170.5,1890,174.074158803528,182.37742872780035,42.33443270098359,171.97682169116777,176.1341293572591,-4.157307666091327,-5.285926438577404,1.1286187724860763,172.5475,4.994693895050571,182.53688779010116,162.55811220989887,168.96183745583042
2022-11-15,168.25,177.5,166.2,172.0,3244,173.87661986985867,181.97047073847486,44.42327578008607,171.98038758483426,175.82789755301766,-3.8475099681834024,-4.998243144498604,1.1507331763152013,172.095,4.576280378785301,181.2475607575706,162.9424392424294,170.55865724381627
2022-11-16,174.4,175.0,168.15,169.6,4460,173.46932273939595,181.48535423892685,41.813459059807386,171.61417411024436,175.36657180834968,-3.7523976981053124,-4.749074055219946,0.9966763571146338,171.55,4.152012828292784,179.85402565658558,163.24597434341445,171.2624028268551
2022-11-17,171.95,176.8,169.55,175.0,6300,173.61510152612013,181.23102662171405,49.06430776163656,172.13507040097602,175.33941834106452,-3.204347940088496,-4.440128832193656,1.2357808921051596,171.3125,3.7772126662802274,178.86692533256044,163.75807466743956,171.74113074204945
2022-11-22,177.5,180.0,171.0,175.0,3567,173.74699661887058,180.9866726365488,49.06430776163656,172.57582880082586,175.3142762417264,-2.7384474409005293,-4.099792553935031,1.3613451130345018,171.1875,3.598825649100488,178.38515129820098,163.98984870179902,174.41865724381628
2022-11-23,172.5,172.5,170.5,171.05,1085,173.49013979802578,180.59699919982143,44.37335292668814,172.34108590839114,174.99840392752444,-2.6573180191332995,-3.8112976469746846,1.1539796278413852,170.86499999999998,3.2780811139240593,177.4211622278481,164.30883777215186,174.14399293286218
2022-11-24,170.0,177.0,170.0,175.5,4113,173.68155505535665,180.3971168782598,50.155157430253894,172.82707269171559,175.03555919215225,-2.2084865004366634,-3.490735417667081,1.2822489172304175,171.08999999999997,3.4383518083358915,177.96670361667177,164.21329638332818,172.8341696113074
2022-11-27,175.5,177.45,173.5,176.5,3419,173.94997838341794,180.24428876538684,51.37818530632858,173.39213843145166,175.14403628902986,-1.7518978575782,-3.142967905649305,1.391070048071105,171.4675,3.601617874758716,178.67073574951743,164.26426425048257,175.1824734982332
2022-11-28,179.0,181.55,172.7,173.0,2796,173.85950425166385,179.96019900988148,47.02875536271376,173.33180944199756,174.98521878613874,-1.6534093441411812,-2.8450561933476806,1.1916468492064993,171.8575,3.2966200793176794,178.45074015863534,165.26425984136463,175.64385159010598
2022-11-29,171.5,177.25,171.5,177.25,1886,174.18240860864825,179.85391669576848,52.30836004058911,173.93460798938256,175.15298035753585,-1.2183723681532967,-2.5197194283088042,1.3013470601555075,172.305,3.394302501792731,179.09360500358548,165.51639499641453,174.77685512367492
2022-11-30,174.75,176.0,169.9,176.0,1515,174.35551255068174,179.70278270769913,50.70755063666933,174.2523606064006,175.21572255327393,-0.9633619468733343,-2.20844793202171,1.2450859851483758,172.855,3.0187527923042885,178.89250558460856,166.81749441539142,176.21890459363956
2022-12-01,173.5,175.5,172.5,175.5,2291,174.46451135537873,179.53796769955406,50.0477724548943,174.4443051284928,175.23678014192032,-0.79247501342752,-1.9252533483028722,1.1327783348753522,173.13,2.9954087674644487,179.1208175349289,167.1391824650711,176.3007067137809
2022-12-04,175.5,185.25,169.6,176.95,10881,174.70122455962837,179.4364787701598,51.998354072790775,174.8297966471862,175.3636853165929,-0.5338886694066787,-1.6469804125236336,1.113091743116955,173.3775,3.0998079312303712,179.57711586246074,167.17788413753925,175.91455830388688
2022-12-05,177.5,180.05,172.5,172.55,16723,174.49634603013996,179.16642077917317,46.11384831960607,174.47905870146528,175.15526418203046,-0.6762054805651871,-1.4528254261319444,0.7766199455667573,173.605,2.84049198851793,179.28598397703584,167.92401602296414,175.3051590106007
2022-12-06,170.5,175.5,170.5,174.95,1335,174.53955117012663,179.0010709446958,49.47269208367229,174.55151120893217,175.140059427806,-0.5885482188738251,-1.2799699846803207,0.6914217658064956,173.8775,2.6830106322234486,179.24352126444688,168.5114787355531,173.79681978798587
2022-12-07,172.5,175.5,171.15,173.5,2618,174.44054629678124,178.7853426723548,47.54448264750587,174.3897402537118,175.0185735442648,-0.6288332905529899,-1.1497426458548548,0.5209093553018649,173.9425,2.6558413772371896,179.25418275447439,168.6308172455256,173.8927915194346
2022-12-11,171.1,177.5,171.05,174.5,5210,174.44620855423065,178.61729001853698,49.02020094090957,174.4067032916023,174.98016068913407,-0.5734573975317687,-1.0344855961902377,0.461028198658469,173.8425,2.5913456674889077,179.02519133497782,168.65980866502218,174.15749116607773
2022-12-12,174.5,176.5,171.0,174.0,8010,174.40371250144676,178.4362198217316,48.28870398439936,174.34413355443272,174.90755619364265,-0.5634226392099322,-0.9402730047941766,0.37685036558424445,173.6925,2.483539229659079,178.65957845931814,168.72542154068185,174.13
2022-12-13,171.6,173.4,171.6,173.4,1180,174.3081208346423,178.23872100519313,47.375109244902,174.19888223836617,174.79588536448392,-0.5970031261177553,-0.8716190290588924,0.27461590294113714,173.7625,2.4528648663601595,178.6682297327203,168.85677026727967,173.91992932862192
2022-12-14,170.95,180.0,170.95,174.8,5119,174.35496646943827,178.1038692010679,49.76341338979668,174.29136189400214,174.7961901522999,-0.5048282582977777,-0.7982608749066695,0.29343261660889186,174.0775,2.123953302587294,178.32540660517458,169.8295933948254,173.87257950530034
2022-12-15,172.5,173.5,170.0,170.15,4937,173.9544934723489,177.79195276181036,42.813371048704255,173.6542292949249,174.4520279187962,-0.7977986238713015,-0.7981684246995959,0.00036980082829440875,174.06,2.156178393164724,178.37235678632945,169.74764321367056,173.06406360424026
2022-12-18,168.05,174.5,164.0,172.45,6993,173.81120837974424,177.58246441820995,46.77312180200189,173.46896324955185,174.30372955444093,-0.8347663048890865,-0.805488000737494,-0.029278304151592494,174.08249999999998,2.135802265141134,178.35410453028226,169.8108954697177,171.37491166077734
2022-12-19,170.05,174.85,165.3,173.5,4141,173.78156948643527,177.4223677743586,48.5254367688089,173.47373813423616,174.24419403188975,-0.7704558976535907,-0.7984815801207135,0.02802568246712278,174.27749999999997,1.866002975682441,178.00950595136484,170.5454940486351,172.2300706713781
2022-12-20,172.5,174.5,165.5,172.45,1150,173.65475334487002,177.22737295967787,46.86392095038802,173.31623995973828,174.11129077026828,-0.7950508105300003,-0.7977954262025708,0.0027446156725705606,174.15,1.900830843270748,177.9516616865415,170.3483383134585,173.28077738515898
2022-12-21,174.85,174.85,166.05,173.0,7414,173.59239588345383,177.0615936279258,47.87079285048452,173.26758765824007,174.0289729354336,-0.7613852771935115,-0.790513396400759,0.02912811920724756,174.05,1.9063605446788672,177.86272108935773,170.2372789106423,172.80395759717314
2022-12-22,170.55,170.55,165.8,166.25,5891,172.89312008502966,176.63760956408558,38.28303876802696,172.1879587877416,173.45275271799406,-1.2647939302524662,-0.8853695031711005,-0.3794244270813657,173.81,2.5103784575223873,178.8307569150448,168.78924308495522,170.56328621908128
2022-12-26,165.55,175.75,165.55,175.0,3105,173.09377531502682,176.57338958118027,51.76850468764754,172.62058051270444,173.56736362777227,-0.9467831150678307,-0.8976522255504467,-0.04913088951738409,173.78500000000003,2.4951057355493824,178.7752114710988,168.79478852890125,169.74007067137808
2022-12-27,177.5,181.45,171.0,178.0,22551,173.5610348088338,176.62933508780065,55.369258343006,173.4481835107499,173.8957070627521,-0.4475235520021954,-0.8076264908407964,0.360102938838601,173.86,2.601295223940904,179.06259044788183,168.6574095521182,174.82120141342756
2022-12-28,180.0,180.0,174.55,178.0,6525,173.9837933984687,176.68308665298494,55.369258343006,174.14846297063454,174.1997287618075,-0.051265791172966146,-0.6563543509072305,0.6050885597342643,174.11,2.7502918505406733,179.61058370108137,168.60941629891866,178.59628975265016
2022-12-29,180.0,187.5,175.5,186.4,11938,175.1662892652812,177.0641420783581,64.0779222531008,176.03331482130616,175.10345255722916,0.929862264077002,-0.33911102791038394,1.268973291987386,174.56750000000002,3.8437671694087068,182.25503433881744,166.8799656611826,181.14077738515903
2023-01-01,186.0,190.25,180.0,182.6,13556,175.8742617162068,177.28123454587345,58.51534342308594,177.04357407956675,175.65875236780477,1.3848217117619868,0.005675520024090219,1.3791461917378967,174.8975,4.236479266907848,183.3704585338157,166.4245414661843,184.5389399293286
2023-01-02,185.0,187.5,177.75,183.65,6960,176.6148082194252,177.5309900538784,59.559990028341026,178.05994729809495,176.25069663685628,1.8092506612386785,0.3663905482670079,1.4428601129716707,175.305,4.667522164691616,184.64004432938324,165.96995567061677,183.97932862190814
2023-01-03,181.0,191.4,181.0,185.95,18322,177.50387410328946,177.86114730666748,61.82753211633838,179.27380155992648,176.9691635526447,2.3046380072817954,0.7540400400699654,1.55059796721183,175.755,5.233945377105034,186.22289075421006,165.28710924578994,184.0181625441696
2023-01-04,187.0,199.5,183.55,199.0,34950,179.55112418869047,178.6901219220923,71.56865241289209,182.3086013199378,178.60107736355988,3.707523956377912,1.3447368233315546,2.3627871330463575,177.07750000000001,7.311013231671604,191.69952646334323,162.4554735366568,190.34583038869255
2023-01-05,201.0,204.0,192.8,201.45,14253,181.6367314088152,179.58266616044162,72.9635691431998,185.2534318861012,180.29359015144433,4.959841734656862,2.0677578055966164,2.892083929060246,178.40249999999997,9.090039010395916,196.5825780207918,160.22242197920815,199.16982332155473
2023-01-08,204.0,205.5,193.5,201.45,31897,183.5237093698804,180.4402086639537,72.9635691431998,187.74521159593178,181.8607316217077,5.884479974224064,2.8311022393221057,3.053377734901958,179.8,10.356894474594602,200.5137889491892,159.08621105081082,202.4752296819788
2023-01-09,200.0,208.6,197.5,207.0,23527,185.75954657274895,181.48176910850455,76.05060485356823,190.7074867350192,183.72289964972938,6.984587085289803,3.6617992085156454,3.3227878767741577,181.425,11.914117013464322,205.25323402692865,157.59676597307137,203.56780918727915
2023-01-10,210.0,213.5,198.6,202.5,35951,187.35387547058238,182.30601345719066,69.15575467564797,192.52171954501625,185.11379597197165,7.407923573044599,4.411024081421436,2.9968994916231626,182.85,12.660319277590126,208.17063855518023,157.52936144481976,205.0913427561837
2023-01-12,205.0,208.0,191.15,191.15,26029,187.71541114005072,182.65283645886947,55.49072469494778,192.3106857688599,185.56092219627004,6.74976357258987,4.878771979655124,1.8709915929347467,183.7375,12.584920749180421,208.90734149836086,158.56765850163916,199.433851590106
2023-01-17,193.5,205.0,186.5,205.0,20540,189.3615624600459,183.5291958134236,64.6659087560715,194.26288795826608,187.00085388543522,7.262034072830858,5.355424398290271,1.9066096745405865,185.2475,13.25029766299191,211.74809532598383,158.74690467401618,196.22936395759717
2023-01-18,207.5,216.5,205.5,209.9,32901,191.3176041305177,184.5633449972109,67.23898470059997,196.66859750314822,188.69708693095853,7.971510572189686,5.8786416330701545,2.0928689391195316,187.23499999999999,13.834825432105616,214.90465086421122,159.56534913578875,204.7079858657243
2023-01-19,207.75,219.5,204.15,216.4,34024,193.70640373713508,185.81184127183008,70.32598679440656,199.70419788727926,190.74915456570236,8.955043321576909,6.493921970771506,2.461121350805403,189.4325,14.818314370719362,219.06912874143873,159.79587125856128,213.05240282685511
2023-01-23,216.4,219.0,206.4,207.0,16873,194.9724605240746,186.64274945724853,61.32633398089301,200.826628981544,191.95292089416887,8.873708087375121,6.96987919409223,1.903828893282891,191.10750000000002,14.815934478583474,220.73936895716696,161.47563104283307,213.2016961130742
2023-01-24,207.5,214.7,204.5,214.25,19606,196.8084166646389,187.72538673343487,65.04211341162093,202.89176298438338,193.6045563834897,9.287206600893683,7.4333446754525205,1.8538619254411621,193.1975,14.992695370535566,223.18289074107113,163.21210925892885,210.6984098939929
2023-01-25,211.05,230.65,211.05,230.65,66151,200.03142460133998,189.40870490075113,71.67243203250804,207.16226098678592,196.34866331804602,10.813597668739902,8.109395274109998,2.7042023946299043,196.07999999999998,16.38261594688566,228.8452318937713,163.31476810622866,218.5043109540636
2023-01-26,234.25,236.0,227.55,234.0,18758,203.26652702025999,191.15738313993737,72.80700370425804,211.29114391189577,199.137651220413,12.153492691482768,8.918214757584552,3.2352779338982156,199.4675,16.886628741793093,233.24075748358618,165.69424251641382,231.35339222614843
2023-01-29,230.35,233.95,223.3,228.55,25831,205.67447682785428,192.62376027170453,68.03304216891534,213.94635254083488,201.31634372260464,12.630008818230237,9.66057356971369,2.9694352485165467,202.145,17.047548828281045,236.2400976565621,168.0499023434379,233.40989399293284
2023-01-30,228.6,232.0,219.5,220.0,18635,207.03881236805864,193.69733830026513,61.24800824972165,214.87768291916797,202.700318261671,12.17736465749698,10.163931787270348,2.013432870226632,204.245,16.49462352595999,237.23424705192,171.25575294808002,226.30282685512364
2023-01-31,216.6,230.0,216.6,226.05,20222,208.8494016663388,194.9660701316273,63.985093748119645,216.59650093160366,204.42992431636202,12.166576615241638,10.564460752864607,1.6021158623770315,206.64749999999998,15.961462429700227,238.57042485940042,174.72457514059954,222.14229681978796
2023-02-01,226.0,231.0,223.05,230.0,13400,210.86374436478272,196.3399497343086,65.68903146647312,218.65857771135694,206.3240039966315,12.334573714725451,10.918483345236776,1.4160903694886748,208.82750000000001,16.02781689668557,240.88313379337114,176.77186620662889,226.2126501766784
2023-02-02,226.5,233.6,223.05,225.0,19747,212.2100544252796,197.46387327413962,61.70907728279872,219.63418114037896,207.7074111079921,11.926770032386855,11.120140682666792,0.8066293497200636,210.9475,15.156564280517832,241.26062856103565,180.63437143896434,228.57964664310953
2023-02-05,222.6,230.5,222.6,224.15,14498,213.34719209906248,198.51038804770278,61.03209531807685,220.32892250339756,208.92538065554825,11.403541847849311,11.176820915703296,0.22672093214601574,212.9725,13.97713805318851,240.92677610637702,185.01822389362297,225.40565371024732
2023-02-06,227.6,227.6,221.5,224.5,4647,214.40936428010414,199.52958851642032,61.22074726192219,220.9706267336441,210.07905616254467,10.891570571099436,11.119770846782524,-0.2282002756830881,214.9,12.64954752675267,240.19909505350535,189.60090494649467,223.8707067137809
2023-02-07,222.6,235.0,222.6,235.0,16628,216.37037720580852,200.92058504518815,66.46578181937303,223.128991851545,211.92505200235615,11.203939849188856,11.136604647263791,0.06733520192506504,216.7,12.828032625957395,242.35606525191477,191.0439347480852,227.98310954063606
2023-02-08,237.5,247.35,233.5,236.45,27447,218.28272223382677,202.31389543557293,67.12701023528481,225.1783777205381,213.74171481699642,11.436662903541674,11.19661629851937,0.2400466050223038,218.45,13.023985969215095,244.49797193843017,192.4020280615698,234.8219081272085
2023-02-09,233.25,242.5,229.5,236.3,20080,219.99865344965278,203.64668384986422,66.97987536912635,226.889396532763,215.41269890462632,11.476697628136662,11.252632564442829,0.22406506369383372,220.19250000000002,12.960986753776696,246.1144735075534,194.27052649244663,237.2586925795053
2023-02-12,235.0,235.0,226.4,226.4,18708,220.6083055020668,204.5389707577127,57.95146425779109,226.81410475849174,216.22657305983918,10.587531698652555,11.119612391284774,-0.5320806926322188,221.1625,12.643761463558402,246.4500229271168,195.87497707288318,233.06296819787988
2023-02-14,223.1,229.0,223.1,226.5,6278,221.16941926377473,205.40018759074357,58.01302885280374,226.765780949493,216.98756764799924,9.778213301493764,10.851332573326573,-1.0731192718328089,222.3625,11.896105897574715,246.15471179514944,198.57028820485058,227.08512367491164
2023-02-15,223.0,229.95,223.0,223.5,8209,221.39137933389142,206.10998415581244,55.392798951924874,226.26335311110947,217.46997004444373,8.79338306666574,10.439742671994406,-1.6463596053286658,223.97999999999996,9.35717287488708,242.69434574977413,205.2656542502258,224.5667137809187
2023-02-16,223.5,225.5,218.1,222.0,9400,221.44934320685414,206.73312203205512,54.0776162590221,225.60745263247725,217.80552781892936,7.801924813547885,9.912179100305101,-2.1102542867572165,224.82999999999998,8.248786194598983,241.32757238919794,208.33242761080203,223.19851590106006
2023-02-20,218.6,220.0,215.3,216.0,11861,220.9303581395347,207.09652901119023,49.0599208691039,224.1293829967115,217.67178501752718,6.457597979184328,9.221262876080948,-2.7636648968966195,225.135,7.766359643054101,240.6677192861082,209.6022807138918,219.7791519434629
2023-02-22,215.0,227.5,215.0,226.25,16014,221.43699069767425,207.84764552055532,56.48765778738572,224.45563176644822,218.30720834956222,6.148423416886004,8.606694984241958,-2.458271567355954,225.62749999999997,7.490704327083386,240.60890865416675,210.64609134583318,219.76484098939926
2023-02-23,222.75,223.9,217.55,223.9,9294,221.67156301218148,208.47714961778846,54.52466552268256,224.37014995622542,218.72148921255763,5.64866074366779,8.015088136127124,-2.366427392459334,226.4725,6.103589862574533,238.67967972514907,214.26532027485092,224.2126855123675
2023-02-26,220.45,228.5,217.55,225.5,18983,222.0361760586404,209.14471237787518,55.65459274597396,224.54397303988304,219.22360112273853,5.320371917144513,7.476144892330602,-2.155772975186089,227.035,5.395175720273426,237.82535144054685,216.24464855945314,225.53837455830393
2023-02-27,226.0,228.5,217.0,228.0,9301,222.60415929115084,209.88413542188007,57.434262588282486,225.07566949528564,219.87370474327642,5.201964752009218,7.0213088642663255,-1.8193441122571077,226.9025,5.333915195781216,237.57033039156244,216.23466960843757,226.03169611307416
2023-02-28,224.45,229.95,224.45,227.15,8189,223.03709650151742,210.5612281504338,56.6025176951846,225.39479726524172,220.4126895771078,4.982107688133908,6.613468629039843,-1.6313609409059344,226.56,5.067455501842535,236.69491100368506,216.42508899631494,227.68787985865723
2023-03-01,230.5,230.5,221.65,225.45,4240,223.26689683470624,211.14510155629915,54.8904131804651,225.40328999366608,220.7858236825072,4.617466311158864,6.214268165463647,-1.5968018543047826,226.40499999999997,5.050765965880971,236.5065319317619,216.30346806823803,226.8546996466431
2023-03-02,222.0,224.0,216.5,221.35,7078,223.08433523140087,211.54529365213057,50.89220494423038,224.77970691771742,220.82761452084003,3.95209239687739,5.761833011746396,-1.809740614869006,226.4725,4.969021798259214,236.41054359651844,216.53445640348156,224.08713780918728
2023-03-05,221.4,222.5,215.2,217.0,5511,222.50487473317222,211.75920370498818,46.98207502841025,223.58282893037628,220.54408751929634,3.03874141107994,5.217214691613106,-2.178473280533166,226.01999999999998,5.4026650343770575,236.82533006875408,215.21466993124588,219.98544169611304
2023-03-07,214.05,220.0,214.05,217.5,3047,222.02821999667964,211.98433297145925,47.481554009966864,222.64700909493376,220.318599554904,2.328409540029753,4.639453661296435,-2.311044121266682,225.39499999999998,5.635995685627981,236.66699137125593,214.12300862874403,217.0889399293286
2023-03-09,219.0,223.5,216.0,220.5,5918,221.8826752350911,212.31828069806872,50.495105160479284,222.31670000340551,220.33203662491113,1.984663378494389,4.108495604736026,-2.123832226241637,225.17,5.741432977190894,236.65286595438178,213.6871340456182,218.09388692579503
2023-03-12,221.0,227.15,216.2,220.95,10421,221.7938490222253,212.6567794942229,50.94976203441836,222.10643846442005,220.37781168973254,1.7286267746875126,3.6325218387263236,-1.903895064038811,225.01,5.81546486352927,236.64092972705853,213.37907027294145,220.4977738515901
2023-03-13,217.65,220.0,215.0,216.5,4160,221.2896729248705,212.8074940238612,46.41051148716691,221.24390946989388,220.09056637938198,1.1533430905118962,3.136686089083438,-1.9833429985715418,224.60999999999999,6.11956740817143,236.84913481634285,212.37086518365712,219.67431095406357
2023-03-14,219.75,219.75,214.2,217.5,6400,220.92875169393045,212.99151386606275,47.541562053488796,220.6679233976025,219.89867257350184,0.7692508241006522,2.6631990360868807,-1.8939482119862285,223.73499999999999,5.798459414270604,235.3319188285412,212.13808117145877,217.18113074204945
2023-03-15,214.2,218.0,214.2,216.95,2377,220.54982296117518,213.14674861641322,46.95457610284131,220.09593518258671,219.68025238287208,0.41568279971463085,2.213695788812431,-1.7980129890978,222.76,5.151254318379897,233.0625086367598,212.4574913632402,216.83943462897523
2023-03-16,214.05,217.95,214.05,217.5,2165,220.25936363153946,213.31746435694603,47.65064191511436,219.69656053911183,219.51875220636305,0.17780833274878205,1.8065182975997012,-1.6287099648509191,221.82,4.172825623508176,230.16565124701634,213.47434875298364,217.26583038869256
2023-03-19,214.5,220.85,214.5,217.5,5751,219.99656709520238,213.481485362556,47.65064191511436,219.35862814847923,219.3692150058917,-0.010586857412477002,1.4430972665972657,-1.4536841240097427,221.375,4.133066276035397,229.6411325520708,213.1088674479292,217.41293286219076
2023-03-20,214.65,218.0,214.65,216.45,2910,219.65879880042118,213.5978977012793,46.30531088308857,218.91114689486704,219.15297685730712,-0.24182996244007882,1.1061118207897969,-1.3479417832298757,220.87250000000003,4.087866352485767,229.04823270497155,212.6967672950285,217.19173144876325
2023-03-22,218.0,220.35,213.75,215.0,7548,219.21510367657154,213.6528821051507,44.43939554738634,218.30943198796444,218.84534894195104,-0.5359169539866002,0.7777060658345174,-1.3136230198211176,220.44750000000005,4.239366729023769,228.9262334580476,211.9687665419525,216.02554770318022
2023-03-23,212.0,214.9,210.0,214.9,10940,218.80414142165998,213.70178868926246,44.30679413854189,217.7849039898161,218.55310087217688,-0.7681968823607974,0.4685254761954545,-1.236722358556252,220.09250000000003,4.396867156222649,228.88623431244534,211.29876568755472,214.9674911660777
2023-03-26,212.0,215.0,211.85,212.5,6011,218.2037470005495,213.6546597210561,41.1344410398481,216.97184183753672,218.1047230297934,-1.13288119225669,0.1482441425050256,-1.2811253347617155,219.91750000000002,4.63170637533989,229.1809127506798,210.65408724932024,213.9553003533569
2023-03-27,210.0,218.0,207.05,217.5,5354,218.13672347668765,213.8054573790539,49.2818261842927,217.05309693945412,218.0599287312902,-1.0068317918360776,-0.08277104436319505,-0.9240607474728826,219.48000000000002,4.410018498588242,228.3000369971765,210.65996300282353,214.35872791519432
2023-03-28,218.0,220.65,212.5,216.9,10137,218.01894028843168,213.92681199164002,48.41584115247847,217.02954356415347,217.97400808452795,-0.9444645203744813,-0.2551097395654523,-0.689354780809029,219.12999999999997,4.317571198327518,227.765142396655,210.49485760334494,216.74070671378092
2023-03-29,213.6,216.75,211.05,216.5,5542,217.87427930858104,214.0277213253012,47.81264332110895,216.94807532351444,217.86482230048884,-0.9167469769743946,-0.3874371870472408,-0.5293097899271537,218.67999999999998,4.081260125319392,226.84252025063876,210.5174797493612,217.2595759717314
2023-03-30,213.2,214.45,213.2,213.5,4422,217.45768127919237,214.00702637136783,43.44124391156858,216.4176021968199,217.54150213008225,-1.1238999332623507,-0.5347297362902628,-0.589170196972088,217.95499999999998,3.5977661197786786,225.15053223955735,210.75946776044262,215.44812720848057
2023-04-02,213.5,215.0,209.0,211.5,6470,216.89028306212643,213.90871161170634,40.76538791039225,215.66104801269375,217.09398345377986,-1.4329354410861015,-0.7143708772494306,-0.7185645638366709,217.17249999999999,3.1689893374778664,223.51047867495572,210.83452132504425,212.98226148409893
2023-04-03,208.55,211.5,208.55,211.5,1870,216.37692277049533,213.8142523328159,40.76538791039224,215.02088677997165,216.6796143090554,-1.6587275290837624,-0.9032422076162969,-0.7554853214674655,216.475,2.760029557430599,221.9950591148612,210.9549408851388,211.36077738515903
2023-04-04,208.5,214.0,208.5,210.05,2539,215.77435869711482,213.66663459427411,38.758009169283916,214.2561349676683,216.1885317676439,-1.9323967999756064,-1.109073126088159,-0.8233236738874474,215.91,2.864189055799959,221.6383781115999,210.1816218884001,210.82272084805652
2023-04-05,207.0,211.25,207.0,211.2,2370,215.33870548786578,213.56990382587122,41.22978751710189,213.78596035725778,215.81901089596658,-2.0330505387088067,-1.2938686086122886,-0.7391819300965181,215.61999999999998,3.036462623375059,221.6929252467501,209.54707475324986,210.5398939929328
2023-04-06,208.5,210.5,208.0,209.0,2393,214.73501925092617,213.39069191113117,38.06465669870574,213.04965876383352,215.31389897774682,-2.264240213913297,-1.4879429296724902,-0.7762972842408067,215.195,3.3392364396663874,221.87347287933278,208.5165271206672,210.23964664310955
2023-04-09,206.0,215.0,198.1,212.0,7110,214.47454122702845,213.33615497343976,44.33960444456296,212.8881728001668,215.0684249793952,-2.1802521792283756,-1.6264047795836674,-0.5538473996447082,214.76999999999998,3.164872991547596,221.09974598309518,208.4402540169048,210.27657243816256
2023-04-10,208.8,209.0,200.05,203.5,4080,213.4293468244543,212.95042340585388,33.86928471775157,211.4438385232181,214.21150461055112,-2.7676660873330263,-1.8546570411335392,-0.9130090461994871,213.89749999999998,3.7269104955849337,221.35132099116984,206.44367900883012,208.69660777385155
2023-04-11,202.5,207.0,200.5,200.5,8317,212.19798046022058,212.4621715075851,31.079744768843867,209.7601710581076,213.19583760236213,-3.4356665442545307,-2.1708589417577375,-1.2648076024967931,213.0975,4.722997347804076,222.54349469560816,203.65150530439183,203.32014134275616
2023-04-12,197.5,215.5,197.5,215.05,8731,212.46960136877098,212.5636549778759,51.81017553990804,210.5739908953218,213.33318296515012,-2.759192069828316,-2.2885255673718534,-0.4706665024564627,212.975,4.633729315402117,222.24245863080424,203.70754136919575,204.89303886925796
2023-04-13,212.5,218.15,207.0,210.5,7640,212.28202028603087,212.48272733168469,47.0447100139261,210.5626076806569,213.12331756032418,-2.560709879667286,-2.34296242983094,-0.21774744983634564,212.6525,4.566481860135141,221.7854637202703,203.51953627972972,212.24653710247344
2023-04-16,208.0,209.45,205.5,206.7,3270,211.7503993064089,212.2559537108343,43.450205857586184,209.96836034517122,212.6475162595594,-2.67915591438819,-2.41020112674239,-0.2689547876457996,212.1125,4.601512194233565,221.31552438846714,202.90947561153288,210.83484098939925
2023-04-17,205.0,207.0,203.0,206.0,2920,211.20274222960805,212.01062219276236,42.801443362062045,209.35784336899104,212.1551076477402,-2.797264278749168,-2.487613757143746,-0.30965052160542195,211.5375,4.611366819866368,220.76023363973272,202.31476636026727,206.30137809187278
2023-04-18,203.0,207.0,201.0,206.0,3700,210.7072429696454,211.77491151853638,42.801443362062045,208.84125208145394,211.69917374790762,-2.8579216664536773,-2.5616753390057325,-0.29624632744794477,211.01500000000001,4.617475386763262,220.24995077352654,201.7800492264735,205.7005653710247
2023-04-19,207.0,209.0,202.9,207.45,2590,210.3970293534887,211.60530714526044,44.78211725161833,208.62721329969182,211.38442013695152,-2.7572068372597016,-2.600781638656527,-0.15642519860317483,210.6375,4.583031489262879,219.80356297852575,201.47143702147423,206.43113074204942
2023-04-20,210.0,210.0,203.05,206.5,630,210.0258837007755,211.4050990219169,43.714072473476584,208.29994971512386,211.02261123791808,-2.722661522794226,-2.625157615484067,-0.09750390731015912,210.21750000000003,4.556668768207113,219.33083753641426,201.1041624635858,207.02837455830385
2023-04-23,203.4,216.0,200.05,212.0,2599,210.21389477689212,211.4284284720378,51.000289749264965,208.8691882204894,211.0950104054797,-2.2258221849903066,-2.545290529385315,0.3194683443950086,210.19250000000002,4.54484308686304,219.2821861737261,201.10281382627394,208.57335689045934
2023-04-24,212.0,212.0,212.0,212.0,10,210.3840000362357,211.45084304176183,51.000289749264965,209.35085157118334,211.16204667174046,-1.8111951005571143,-2.398471443619675,0.5872763430625607,209.91750000000002,4.235261596344428,218.38802319268888,201.44697680731116,211.54413427561838
2023-04-25,209.15,209.15,200.8,207.5,3805,210.10933336611802,211.29590802051626,45.421008501036155,209.06610517561668,210.89078395531524,-1.8246787796985586,-2.283712910835452,0.4590341311368933,209.4475,3.9301960243059137,217.30789204861182,201.58710795138816,210.96537102473496
2023-04-26,204.35,205.0,200.0,204.4,2875,209.56558733124965,211.02548025500585,42.01138465192898,208.34824284090644,210.40998514381042,-2.06174230290398,-2.2393187892491575,0.17757648634517764,208.84249999999997,3.7127190702682134,216.2679381405364,201.41706185946356,206.7439575971731
2023-04-27,201.7,207.0,200.05,201.5,3365,208.79743615684492,210.65193200971152,39.057616385887385,207.2946670192285,209.7499862442689,-2.455319225040398,-2.282518876407406,-0.17280034863299232,208.24249999999998,3.8860165980083687,216.0145331960167,200.47046680398324,203.20798586572437
2023-04-30,198.55,200.0,196.5,197.5,4073,207.72148985619305,210.136169970115,35.36426415861742,205.78779517011642,208.84257985580453,-3.054784685688105,-2.436972038263546,-0.6178126474245591,207.54249999999996,4.483369122011616,216.50923824402318,198.57576175597674,200.04671378091874
2023-05-02,200.45,202.5,194.5,202.0,2010,207.17658606036514,209.8171044810909,42.00810881591197,205.205057451637,208.3357220887079,-3.1306646370709075,-2.5757105580250186,-0.5549540790458889,207.06749999999997,4.5448430868631,216.15718617372616,197.97781382627377,199.0402120141343
2023-05-03,205.0,205.0,193.5,199.45,1490,206.44072072128273,209.41055136418538,39.528573684263556,204.319663997539,207.6775204525073,-3.3578564549682994,-2.732139737413675,-0.6257167175546243,206.5375,4.790172917436727,216.11784583487344,196.95715416512655,200.46279151943463
2023-05-04,196.5,197.9,193.6,197.85,1200,205.62255684306535,208.95719640872713,38.01247399942578,203.3243310748407,206.9495559745438,-3.625224899703113,-2.910756769871563,-0.7144681298315501,205.86999999999998,5.030391844107201,215.93078368821438,195.80921631178558,199.48530035335685
2023-05-07,194.9,203.75,192.4,203.0,5000,205.37278952467818,208.72358086328686,45.286621101400414,203.27443398640366,206.65699627272576,-3.3825622863220985,-3.0051178731616703,-0.3774444131604282,205.57,5.012783657809018,215.59556731561804,195.54443268438195,199.48286219081274
2023-05-08,199.95,199.95,191.5,194.45,6210,204.3325238556612,208.16383259413837,37.432909800892105,201.9168287577262,205.75277432659794,-3.8359455688717503,-3.1712834123036866,-0.6646621565680637,204.6925,5.352527071639056,215.39755414327811,193.98744585672188,199.58989399293287
2023-05-09,192.0,199.95,189.2,197.0,1110,203.63418825036013,207.7260352375055,40.73408632009814,201.16039356422988,205.10442067277586,-3.9440271085459813,-3.325832151552146,-0.6181949569938352,204.3675,5.619427649259364,215.60635529851874,193.12864470148128,196.3639575971731
2023-05-10,194.1,199.75,190.5,199.5,2163,203.24045603604011,207.4034456203484,43.86138250094304,200.90494840050218,204.6892784007184,-3.7843300002162152,-3.41753172128496,-0.36679827893125516,204.3175,5.659953389244344,215.6374067784887,192.9975932215113,196.90268551236744
2023-05-11,196.55,196.55,190.0,193.0,2700,202.2651745087982,206.83860461562887,38.21516276948642,199.68880249273263,203.8234059265911,-4.134603433858473,-3.560946063799663,-0.5736573700588101,203.215,5.606647839841358,214.42829567968272,192.0017043203173,197.34590106007064
2023-05-14,190.35,193.15,185.5,188.95,3160,200.99706265081744,206.13709070913362,35.17668077903231,198.03667903231224,202.72167215425102,-4.684993121938788,-3.7857554754274885,-0.8992376465112999,202.1375,6.174882803064118,214.48726560612823,189.78773439387174,192.28187279151942
2023-05-15,186.5,190.0,183.5,186.5,1883,199.61639001740625,205.36700872054016,33.44431725091077,196.26180533503344,201.52006680949168,-5.258261474458237,-4.080256675233638,-1.178004799224599,201.1275,6.987836706886009,215.10317341377203,187.15182658622797,187.7930388692579
2023-05-16,184.05,188.25,184.05,187.5,750,198.4624481109866,204.66634171189153,34.85453749542667,194.91383528348982,200.48154334212194,-5.567708058632121,-4.377746951913335,-1.189961106718786,200.2025,7.513574995335091,215.22964999067017,185.1753500093298,186.63660777385158
2023-05-17,185.05,192.5,185.05,190.5,1991,197.70411971946407,204.1107988996605,39.02837475560154,194.23478370141447,199.74216976122403,-5.507386059809562,-4.60367477349258,-0.903711286316982,199.42749999999998,7.681616383493542,214.79073276698708,184.06426723301288,188.23353356890462
2023-05-18,187.75,194.95,187.75,194.5,2494,197.39896546046748,203.73390482516402,44.165036810925415,194.27558620888917,199.35386089002228,-5.078274681133109,-4.698594755020686,-0.3796799261124235,198.78,7.513748801539095,213.8074976030782,183.7525023969218,191.75512367491166
2023-05-21,197.0,201.95,192.0,197.3,10960,197.38954017851822,203.48159483202033,47.49930838910818,194.74088063829083,199.20172304631694,-4.46084240802611,-4.651044285621771,0.1902018775956611,198.32,7.2946700080479605,212.9093400160959,183.73065998390408,195.46070671378092
2023-05-22,194.4,197.3,191.6,196.5,1660,197.3048220662784,203.2078067993921,46.64228786950146,195.0115143862461,199.0015954132564,-3.9900810270103193,-4.518851633899481,0.5287706068891618,197.54500000000002,6.550168740293223,210.64533748058648,184.44466251941355,197.20360424028266
2023-05-23,199.35,201.0,193.6,198.5,3793,197.41864853615664,203.02318692490613,49.11415768363582,195.54820448066977,198.96444019745962,-3.4162357167898563,-4.298328450477556,0.8820927336877,196.87,5.610338201645325,208.09067640329064,185.64932359670937,197.49166077738514
2023-05-24,196.55,200.5,189.0,199.45,2160,197.61211058033217,202.88306194745883,50.29212140762756,196.14848071441287,199.00040759024037,-2.851926875827502,-4.009048135547546,1.1571212597200438,196.4675,5.07035436838999,206.60820873677997,186.32679126322003,198.61706713780916
2023-05-28,202.4,202.4,194.5,196.95,5695,197.54905242982434,202.65039285148006,47.195844479538906,196.27179137373398,198.84852554651886,-2.5767341727848816,-3.7225853429950133,1.1458511702101317,196.095,4.718354418762061,205.53170883752412,186.65829116247588,198.7151943462897
2023-05-30,195.0,199.85,186.5,190.0,2970,196.83009505555538,202.15429901416712,39.85062956399133,195.3069003931595,198.1930792097397,-2.886178816580184,-3.5553040377120477,0.6691252211318637,195.52,4.72572467291625,204.97144934583253,186.0685506541675,194.83212014134276
2023-05-31,190.0,192.8,180.5,181.5,7026,195.37008600264534,201.34432650380765,33.07150635257082,193.18276187113497,196.95655482383307,-3.773792952698102,-3.599001820709259,-0.17479113198884288,194.72,5.638948203530884,205.99789640706177,183.44210359293822,187.33727915194348
2023-06-01,180.5,190.5,180.0,185.15,2651,194.39674447858388,200.70925487620735,37.952635534862395,191.9469523524988,196.08199520725285,-4.135042854754033,-3.7062100275182144,-0.42883282723581884,193.8775,5.751646789352822,205.38079357870564,182.37420642129436,182.68296819787986
2023-06-04,187.75,192.5,187.75,190.0,7132,193.97800690919496,200.28928409674825,43.816104812352336,191.64742122134516,195.63147704375262,-3.98405582240747,-3.761779186496066,-0.2222766359114039,193.405,5.657154296715009,204.71930859343001,182.09069140657,185.7855477031802
2023-06-05,192.5,192.5,185.0,189.5,8243,193.5515300607002,199.86617491648363,43.36117405838154,191.3170487257536,195.1772935590302,-3.860244833276596,-3.781472315852172,-0.07877251742442404,192.9875,5.619839738303001,204.227179476606,181.747820523394,189.8364664310954
2023-06-06,192.25,195.0,184.8,195.0,5955,193.68947957872876,199.67534452760194,49.564507990215624,191.8836566140992,195.16416070280576,-3.28050408870655,-3.681278670423048,0.4007745817164978,192.5875,5.133324433234388,202.8541488664688,182.32085113353122,191.85310954063604
2023-06-07,197.45,197.45,190.5,196.35,5190,193.94286247599268,199.54493885985283,50.9835921784031,192.57078636577623,195.25200065074608,-2.6812142849698546,-3.4812657933324096,0.800051508362555,192.6825,5.186908495128977,203.05631699025795,182.30868300974205,195.04597173144876
2023-06-08,199.0,199.0,190.45,194.0,5485,193.94830414494578,199.3274902771135,48.42914191856212,192.79066538642604,195.15925986180193,-2.368594475375886,-3.2587315297411052,0.8901370543652192,192.5325,5.098097555383731,202.72869511076746,182.33630488923254,195.9586219081272
2023-06-11,191.15,205.0,188.35,205.0,17351,195.00084660733188,199.54994163879533,58.827863094305776,194.66902455774513,195.88820357574252,-1.2191790179973907,-2.850821027392363,1.6316420093949722,192.8075,5.615773719950194,204.0390474399004,181.5759525600996,198.03561837455825
2023-06-12,208.1,208.1,198.55,201.5,9771,195.61981359710978,199.62641451570533,55.025941956889554,195.71994385655358,196.3038921997616,-0.5839483432080215,-2.3974464905554944,1.813498147347473,193.23250000000002,5.943202109619737,205.11890421923948,181.34609578076055,202.8525441696113
2023-06-13,204.5,204.5,199.0,202.5,9598,196.27506944500408,199.7391041425404,55.902836415829846,196.7630294170838,196.76286314792742,0.00016626915638084938,-1.9179239386131195,1.9180902077695003,193.91000000000003,6.19625523581521,206.30251047163046,181.5174895283696,203.07915194346288
2023-06-14,203.5,208.6,200.0,204.45,16710,197.05363425976557,199.92384515655846,57.637388209454826,197.94564027599398,197.3322806925254,0.6133595834685934,-1.411667234196777,2.0250268176653705,194.8075,6.36417346930199,207.53584693860398,182.07915306139603,202.77939929328625
2023-06-15,207.5,207.5,198.3,202.5,3725,197.57233575883552,200.02487083669342,55.29506059550055,198.64631100276415,197.71507471530128,0.9312362874628661,-0.9430865298648484,1.8743228173277147,195.5575,6.341493992162291,208.24048798432457,182.87451201567544,203.74462897526502
2023-06-18,199.55,203.95,199.5,202.5,10003,198.0416371151369,200.12193472545056,55.29506059550055,199.23918623310814,198.06951362527897,1.1696726078291704,-0.5205347023260447,1.690207310155215,196.1575,6.405163932328258,208.96782786465653,183.34717213534347,202.8086925795053
2023-06-19,205.5,205.5,194.0,195.0,12830,197.75195738988577,199.9210745401388,46.80961863732336,198.5870037357069,197.84214224562868,0.7448614900782218,-0.2674554638451915,1.0123169539234134,196.1825,6.399327164467647,208.9811543289353,183.3838456710647,199.7621554770318
2023-06-20,197.9,200.0,193.6,194.9,6210,197.48034240037285,199.72416965621179,46.70670077905157,198.01977239175199,197.62420578298952,0.39556660876246497,-0.13485104932366018,0.5304176580861252,196.0625,6.39977127469567,208.86204254939133,183.26295745060867,195.46939929328622
2023-06-21,197.75,197.75,188.5,190.0,15074,196.7679288384326,199.34282966969366,41.8510969411686,196.78596125455937,197.05944979906437,-0.2734885445049997,-0.1625785483599281,-0.1109099961450716,195.7375,6.5398952792194365,208.81729055843888,182.65770944156114,192.5503886925795
2023-06-22,192.8,195.65,189.0,189.5,5612,196.07574513953423,198.95683634931353,41.37838540295583,195.66504413847332,196.49949055468923,-0.8344464162159113,-0.29695212193112475,-0.5374942942847866,195.2875,6.6485430734860085,208.58458614697201,181.99041385302797,190.14918727915196
2023-06-25,192.25,195.1,185.0,195.1,14532,195.98281703100716,198.80558786502675,48.407186806233206,195.5781142710159,196.3958245876752,-0.8177103166593156,-0.4011037608767629,-0.4166065557825527,195.07,6.575961006415223,208.22192201283045,181.91807798716954,190.99837455830388
2023-06-26,198.0,200.95,191.5,197.5,19250,196.1273106471017,198.75438834090806,51.1125689027464,195.8737889985519,196.4776153589585,-0.6038263604066003,-0.44164828078273044,-0.16217807962386988,195.0975,6.585380039386997,208.26826007877398,181.92673992122602,195.49766784452294
2023-06-27,194.65,197.5,192.5,195.0,8962,196.01994772833012,198.60715742557835,48.27297078591261,195.73935992185162,196.36816236940604,-0.6288024475544205,-0.4790791141370685,-0.149723333417352,195.3475,6.475672592581761,208.29884518516351,182.39615481483648,196.99604240282687
2023-06-28,197.75,200.7,190.0,191.5,5844,195.58947651610822,198.32844536967332,44.542081213082646,195.0871507031052,196.00755774945003,-0.9204070463448204,-0.567344700578619,-0.35306234576620144,195.8475,5.688411002805696,207.22432200561138,184.4706779943886,194.19194346289754
2023-07-02,189.0,193.0,186.35,190.5,8614,195.10476446695506,198.02144751203906,43.50744287754627,194.3814352103198,195.59959050875003,-1.2181552984302186,-0.6975068201489389,-0.5206484782812797,196.115,5.2692279470424825,206.65345589408497,185.57654410591505,191.1657243816254
2023-07-03,193.3,193.3,185.0,186.0,3020,194.23764404153079,197.55001819784144,39.105420756163795,193.09198363950136,194.8885097303241,-1.7965260908227378,-0.9173106742836987,-0.8792154165390391,195.91500000000002,5.580277770863993,207.075555541728,184.75444445827205,188.71201413427565
2023-07-04,188.7,191.4,182.0,191.4,3846,193.96739222805166,197.30884101361235,46.14692001782438,192.8316784641935,194.63010160215194,-1.7984231379584514,-1.0935331670186494,-0.704889970939802,196.01000000000002,5.480602156697639,206.9712043133953,185.04879568660473,188.05420494699646
2023-07-05,189.0,192.5,182.3,191.5,8760,193.73240249204676,197.081043326804,46.27082466701465,192.62680485431756,194.39824222421475,-1.7714373698971997,-1.2291140075943594,-0.5423233623028403,195.835,5.569704234800687,206.97440846960137,184.69559153039864,190.66134275618373
2023-07-06,188.7,191.0,181.0,191.0,7096,193.4721736832804,196.84257103947837,45.70459630284405,192.37652718442254,194.14652057797662,-1.7699933935540741,-1.3372898847863024,-0.43270350876777175,195.5675,5.671217148669872,206.90993429733973,184.22506570266026,191.81491166077737
2023-07-09,188.4,188.7,185.25,188.7,2555,193.0176809515394,196.5232545281263,43.092276550087504,191.8109076175883,193.74307460923762,-1.932166991649325,-1.4562653061589068,-0.4759016854904181,195.30249999999998,5.868705474580169,207.03991094916032,183.56508905083965,190.25759717314486
2023-07-10,186.25,187.25,182.0,187.25,6754,192.46837800377375,196.15959748780762,41.48253342703256,191.10922952257474,193.26210611966448,-2.152876597089744,-1.5955875643450743,-0.5572890327446696,194.415,5.663551517331905,205.7421030346638,183.08789696533617,188.31388692579503
2023-07-11,189.5,189.5,176.9,182.0,7222,191.47138962246197,195.6043191549524,36.20849172785432,189.7078095960248,192.4278760367264,-2.7200664407016006,-1.8204833396163798,-0.8995831010852209,193.44,6.04528089112743,205.53056178225486,181.34943821774513,185.34561837455828
2023-07-12,179.55,186.65,177.55,186.0,14040,190.95030489651322,195.2276791880915,42.23453105982265,189.1373773504825,191.95173707104294,-2.8143597205604465,-2.0192586158051933,-0.7951011047552532,192.61499999999998,5.867037717532267,204.34907543506452,180.88092456493544,183.58565371024733
2023-07-13,188.7,188.7,177.65,180.0,7622,189.9074187158929,194.63051529836244,36.64294063217369,187.73162698886978,191.06642321392866,-3.3347962250588807,-2.2823661376559308,-1.05243008740295,191.39249999999998,5.818307653207015,203.029115306414,179.75588469358595,183.20477031802116
2023-07-16,180.0,182.6,175.25,180.0,3290,188.963855028665,194.05676960038744,36.64294063217369,186.54214591365906,190.24668816104506,-3.7045422473860015,-2.566801359601945,-1.1377408877840565,190.26749999999998,5.7321869391412985,201.73187387828258,178.80312612171738,180.76749116607775
2023-07-17,180.0,182.5,175.15,182.45,1820,188.34348788307784,193.60160216507813,40.38092200127818,185.91258500386533,189.66915570467137,-3.756570700806037,-2.8047552278427634,-0.9518154729632737,189.26500000000001,5.209710063656843,199.6844201273137,178.84557987268633,180.28929328621905
2023-07-18,180.0,182.5,180.0,181.0,2878,187.6441080846895,193.10742168801625,38.917486763260776,185.15680269557834,189.02699602284386,-3.8701933272655253,-3.017842847727316,-0.8523504795382095,188.565,5.337555620319004,199.24011124063802,177.88988875936198,181.79056537102474
2023-07-19,183.6,186.0,178.5,180.0,9399,186.91609779090953,192.5934051512313,37.89743142196702,184.3634484347201,188.35832965078137,-3.994881216061259,-3.2132505213941047,-0.7816306946671543,187.82,5.445553473392581,198.71110694678515,176.92889305321484,180.97936395759714
2023-07-20,180.0,182.5,175.0,179.0,12072,186.1621837155848,192.06033043941832,36.85706953602834,183.53830252168626,187.6651200470198,-4.126817525333536,-3.3959639221819913,-0.7308536031515445,187.27,5.760194623904843,198.79038924780969,175.74961075219034,179.5936042402827
2023-07-23,177.0,187.5,177.0,179.2,6704,185.4991185998148,191.55600375551958,37.22822320526881,182.87087136450378,187.0380741176109,-4.167202753107119,-3.550211688367017,-0.6169910647401022,186.755,6.005543491773089,198.7660869835462,174.7439130164538,179.0442402826855
2023-07-24,179.2,185.0,177.5,184.5,7734,185.40396444745147,191.27929772589138,46.24548235541935,183.1215065391955,186.8500686274175,-3.7285620882219916,-3.5858817683380124,-0.14268031988397922,186.225,5.689753023961887,197.60450604792376,174.84549395207623,180.90452296819788
2023-07-25,182.5,182.5,180.05,182.5,2254,185.12739640483704,190.9350115405623,43.694676156429935,183.02589014855005,186.52784132168287,-3.5019511731328237,-3.569095649296975,0.06714447616415153,185.475,5.081403142315728,195.63780628463144,175.31219371536855,183.47971731448763
2023-07-26,179.85,182.0,177.5,182.0,3670,184.8295491281859,190.5846189311285,43.05529561134994,182.86806089492697,186.19244566822488,-3.3243847732979077,-3.520153474097162,0.19576870079925435,184.825,4.608302004905974,194.04160400981195,175.60839599018803,182.94678445229678
2023-07-27,179.5,180.0,177.4,177.4,3165,184.12197302073963,190.0675750514764,37.60358653564084,182.0268207572459,185.5411533965045,-3.514332639258612,-3.5189893071294525,0.004656667870840625,184.12,4.6119239049731275,193.34384780994625,174.89615219005375,180.2810600706714
2023-07-30,179.9,179.9,173.4,173.4,4160,183.10083273305014,189.41394465730087,33.617404565666874,180.69961756382347,184.64180870046712,-3.9421911366436575,-3.6036296730322936,-0.33856146361136386,183.26500000000001,4.940277533222465,193.14555506644496,173.38444493355507,176.29787985865727
2023-07-31,171.0,180.55,170.5,180.55,3545,182.85789628228346,189.06633898446557,44.86771654291138,180.6765994770814,184.33871175969176,-3.662112282610366,-3.615326194947908,-0.04678608766245773,182.9925,4.93177866387708,192.85605732775417,173.12894267224584,175.6897879858657
2023-08-01,178.5,178.5,173.5,177.25,4188,182.323810922066,188.60295314193752,41.38183471373305,180.14943032676118,183.8136219997146,-3.6641916729534216,-3.625099290549011,-0.039092382404410486,182.285,4.6702051121415735,191.62541022428314,172.94458977571685,178.57886925795054
2023-08-02,179.5,179.5,171.5,174.0,3449,181.53106702472638,188.03028831284192,38.231517179808584,179.20336412264407,183.0866870367728,-3.883322914128712,-3.6767440152649518,-0.20657889886376024,181.41,4.488687535290622,190.38737507058124,172.43262492941875,177.01402826855124
2023-08-03,176.45,176.45,171.0,172.05,2215,180.62810826046672,187.4036103397893,36.43906433492173,178.1028465653142,182.2691546636785,-4.166308098364311,-3.774656831884824,-0.39165126647948734,180.4625,4.35590570073366,189.17431140146732,171.7506885985327,173.25173144876325
2023-08-06,170.1,174.0,166.15,172.0,7144,179.8063836642318,186.79954718920933,36.39195015764782,177.1639470937274,181.50847654044304,-4.344529446715654,-3.88863135485099,-0.45589809186466423,179.6275,4.2939208864331935,188.2153417728664,171.0396582271336,171.86756183745584
2023-08-07,169.6,172.4,165.0,166.9,3130,178.57720426763828,186.01917278963248,31.866118309647092,175.58487831007702,180.4263671670769,-4.841488856999888,-4.07920285528077,-0.7622860017191178,178.61,4.776576620397314,188.16315324079466,169.05684675920537,170.08473498233215
2023-08-08,169.0,169.0,164.6,165.15,2370,177.29842290881558,185.20077385670572,30.466011268925058,173.97951241621902,179.2947844139601,-5.315271997741064,-4.326416683772829,-0.9888553139682354,177.76749999999998,5.567676331903831,188.90285266380764,166.63214733619233,166.6404946996466
2023-08-09,163.0,169.8,162.85,169.8,2031,176.5842873936903,184.59682194075648,38.231975320492026,173.3365105060315,178.59146704996306,-5.25495654393157,-4.512124655804577,-0.7428318881269931,176.9575,5.484746191891995,187.926992383784,165.988007616216,166.38978798586572
2023-08-10,167.45,167.55,165.15,166.5,1340,175.6238790704817,183.8871426489621,35.225223001705146,172.28473965894972,177.69580282403987,-5.411063165090155,-4.691912357661693,-0.7191508074284627,176.2825,5.905200094653429,188.09290018930685,164.47209981069315,168.2018374558304
2023-08-13,164.2,167.5,162.5,167.0,4625,174.80255725424536,183.22490176076752,36.04591454463914,171.47170278834204,176.90352113337028,-5.431818345028233,-4.839893555135001,-0.5919247898932323,175.6325,6.183387655220807,187.99927531044162,163.26572468955837,167.31614840989397
2023-08-14,165.0,166.5,163.5,165.5,4055,173.9165994205077,182.52980757407076,34.628447436115266,170.55297928244326,176.05881586423175,-5.505836581788486,-4.973082160465698,-0.5327544213227879,174.785,6.358895551239957,187.5027911024799,162.0672088975201,166.15356890459364
2023-08-15,163.2,163.2,159.0,159.0,5170,172.4959709042689,181.60707002214644,29.259066794450135,168.77559785437506,174.79519987428864,-6.019602019913577,-5.1823861323552745,-0.8372158875583029,173.685,7.088224111343553,187.8614482226871,159.5085517773129,163.4275618374558
2023-08-16,157.5,163.35,155.55,163.35,3531,171.62492605624328,180.8911064918662,36.369809720293816,167.9408904921635,173.947407291008,-6.006516798844501,-5.34721226565312,-0.6593045331913814,172.8525,7.282594155352858,187.4176883107057,158.28731168929428,160.7844876325088
2023-08-17,163.5,163.5,157.5,159.15,1215,170.43683786041058,180.03851408042047,32.9282338549867,166.58844580106143,172.85130304722964,-6.26285724616821,-5.530341261756138,-0.7325159844120721,171.85999999999999,7.739009184507767,187.33801836901551,156.38198163098446,161.03173144876325
2023-08-20,157.5,163.2,155.35,163.2,1130,169.74761520703814,179.3781801949138,38.92944115540076,166.06714644705198,172.1363917103978,-6.069245263345806,-5.638122062074071,-0.43112320127173476,171.06,7.767249055794326,186.59449811158865,155.52550188841136,161.21098939929328
2023-08-21,163.0,165.0,153.4,157.5,8211,168.5811756635107,178.5202123441329,34.2805329825311,164.7491239167363,171.0522145466646,-6.303090629928306,-5.771115775644918,-0.531974854283388,169.70999999999998,7.653905092036092,185.01781018407218,154.40218981592778,160.59954063604238
2023-08-22,155.5,157.0,151.9,155.1,6082,167.29725417174777,177.601772644363,32.519614481419055,163.26464331416148,169.87056902468944,-6.60592571052797,-5.938077762621528,-0.6678479479064414,168.34,7.696181554921721,183.73236310984345,152.94763689015656,157.43268551236747
2023-08-23,155.0,159.5,153.05,159.0,3016,166.50703948872416,176.8722913641919,38.08535701684306,162.608544342752,169.06534168952726,-6.456797346775261,-6.041821679452275,-0.4149756673229854,167.19,7.253249725395445,181.6964994507909,152.6835005492091,156.07272084805652
2023-08-24,156.9,159.5,154.4,154.5,5951,165.36351191836948,175.99494660481184,34.54487958238663,161.36107598232863,167.98642749030304,-6.625351507974415,-6.158527645156704,-0.4668238628177104,166.04500000000002,7.363331983194751,180.77166396638953,151.3183360336105,156.98332155477033
2023-08-27,152.55,156.0,152.55,153.6,2040,164.24317744995335,175.11671340462317,33.866781671045956,160.1670642927396,166.92076619472502,-6.7537019019854085,-6.277562496522446,-0.47613940546296263,165.055,7.647959824272504,180.35091964854502,149.759080351455,154.85045936395755
2023-08-28,152.2,157.5,152.2,154.0,3703,163.26763674043397,174.28860699659873,34.4823400768676,159.21828517077967,165.96367240252317,-6.745387231743507,-6.3711274435666585,-0.3742597881768486,163.72750000000002,7.1015468107494355,177.9305936214989,149.52440637850114,153.38671378091874
2023-08-29,152.15,156.05,152.15,153.3,1930,162.31833800324978,173.46552436928113,33.88788800699696,158.30777975989048,165.02562259492888,-6.717842835038397,-6.440470521861006,-0.2773723131773904,162.53,6.70978076353761,175.94956152707522,149.11043847292478,153.6521554770318
2023-08-30,152.0,153.95,152.0,153.95,2100,161.5213534315117,172.70020968813284,35.00830066198982,157.63735210452273,164.20520610641563,-6.567854001892897,-6.465947217867385,-0.10190678402551168,161.5275,6.396369755778214,174.32023951155642,148.73476048844358,153.60533568904594
2023-09-03,152.5,152.5,150.0,150.0,6020,160.42408167612962,171.81000538663744,31.513212937719246,156.46237485767307,163.15296861705153,-6.690593759378459,-6.510876526169601,-0.17971723320885769,160.425,6.387518668218897,173.20003733643782,147.6499626635622,152.49424028268552
2023-09-04,148.0,150.9,148.0,150.9,1480,159.517026278403,170.99000517539676,33.15083299067608,155.60662487956952,162.24534131208475,-6.638716432515224,-6.536444507438726,-0.10227192507649807,159.37,6.1116454843453365,171.59329096869067,147.14670903130934,150.63166077738515
2023-09-05,150.0,150.5,150.0,150.0,2676,158.610642823317,170.16686771753805,32.31860252156696,154.74406720578958,161.33827899267106,-6.594211786881488,-6.547997963327279,-0.046213823554208666,158.525,6.183626512177812,170.89225302435563,146.1577469756444,150.17226148409893
2023-09-07,148.0,152.0,147.5,148.0,1055,157.6001054115725,169.29757878743854,30.48698092760182,153.70651840489887,160.35025832654728,-6.643739921648404,-6.567146354991504,-0.07659356665689998,157.66750000000002,6.401835160409537,170.47117032081908,144.86382967918095,149.45978798586572
2023-09-10,148.0,149.95,146.35,147.5,1170,156.63819061047036,168.44277177616644,30.02879080967689,152.75166941952983,159.3983873393956,-6.646717919865779,-6.583060667966359,-0.06365725189941962,156.5525,6.112981764461182,168.77846352892237,144.32653647107765,147.881554770318
2023-09-11,147.5,154.0,147.5,152.5,5040,156.24407721899698,167.8175650398462,39.776102249959,152.71295104729447,158.88739568462557,-6.174444637331106,-6.501337461839309,0.326892824508203,155.85250000000002,5.701672769321696,167.25584553864343,144.4491544613566,149.05795053003533
2023-09-12,154.0,154.5,150.5,153.0,4205,155.9351174838544,167.23648405789143,40.666229495389736,152.7571124246338,158.45129230057924,-5.694179875945451,-6.339905944660538,0.6457260687150868,155.1525,5.0873546791611215,165.32720935832225,144.97779064167776,152.28939929328618
2023-09-13,152.5,157.5,151.2,157.25,3505,156.060344390154,166.84485723209175,47.73720704458065,153.44832589776706,158.36230768572153,-4.913981787954469,-6.054721113319325,1.140739325364856,154.74,4.505365222651475,163.75073044530296,145.72926955469705,154.87296819787986
2023-09-17,158.5,158.5,150.75,152.0,2568,155.67364492442505,166.26270596808817,41.20470730506327,153.22550652887983,157.89102563492736,-4.665519106047526,-5.776880711864965,1.1113616058174394,154.39000000000001,4.428246653141218,163.24649330628245,145.53350669371758,155.21819787985862
2023-09-18,152.0,155.0,150.5,152.0,1433,155.3237739792417,165.70338416541804,41.20470730506327,153.03696706289833,157.4546533656735,-4.4176863027751665,-5.505041830047006,1.0873555272718392,153.82250000000002,3.9173525901804354,161.6572051803609,145.98779481963913,152.73992932862188
2023-09-19,151.0,162.2,151.0,162.0,10903,155.95960502883773,165.55815341383303,54.8525904370357,154.41589520706782,157.79134570895695,-3.3754505018891336,-5.079123564415432,1.7036730625262981,153.965,4.16533627883672,162.29567255767344,145.63432744232657,154.93480565371024
2023-09-21,164.2,173.2,164.2,172.0,25755,157.48726169275795,165.81077484858469,63.88153034355667,157.12114209828815,158.84383861940458,-1.7226965211164327,-4.407838155755632,2.6851416346391996,154.40500000000003,5.456789590187871,165.31857918037576,143.4914208196243,164.74204946996466
2023-09-24,169.6,171.85,162.5,167.15,10026,158.40752248392388,165.86329348197353,57.839852996271354,158.6640433139361,159.45910983278202,-0.7950665188459141,-3.685283828373689,2.890217309527775,154.8875,6.129971129837012,167.14744225967402,142.62755774032595,170.5847703180212
2023-09-25,164.85,170.0,161.05,164.15,6760,158.95442510450255,165.7961055022883,54.41185953775051,159.50803665025362,159.80658317850188,-0.29854652824826644,-3.0079363683486045,2.709389840100338,155.33999999999997,6.471020419003596,168.28204083800716,142.3979591619928,167.36325088339225
2023-09-26,166.0,170.65,166.0,170.0,6025,160.00638461835945,165.9609641100417,59.457771983777995,161.12218485790692,160.56165109120545,0.560533766701468,-2.2942423413385904,2.8547761080400584,155.89,7.222326494974003,170.33465298994798,141.445347010052,165.90611307420497
2023-09-27,168.0,170.0,166.0,166.0,6535,160.57720513089663,165.96249492925574,54.976953877216275,161.87261795669048,160.96449175111616,0.9081262055743196,-1.6537686319560083,2.561894837530328,156.46499999999997,7.555916120567774,171.57683224113552,141.35316775886443,167.96837455830388
2023-10-01,164.0,170.85,162.05,166.0,13208,161.09366178509694,165.96396571634375,54.976953877216275,162.50759980950733,161.3374923621446,1.1701074473627386,-1.0889934160922592,2.259100863454998,157.08499999999998,7.812828519408792,172.71065703881757,141.4593429611824,166.80187279151943
2023-10-02,163.7,171.5,162.55,167.5,10249,161.70378923413534,166.02420235491851,56.405776329433095,163.27566137727544,161.79397440939314,1.4816869678822968,-0.5748573392973481,2.056544307179645,157.76,8.109799140870638,173.97959828174126,141.54040171825872,166.14734982332155
2023-10-03,165.5,170.5,163.2,170.5,4600,162.54152359278913,166.19972383119622,59.19492852624743,164.38709808846383,162.43886519388252,1.9482328945813094,-0.07023929252161654,2.018472187102926,158.62,8.513864853099616,175.64772970619924,141.59227029380077,168.4233215547703
2023-10-04,169.5,172.0,167.0,170.1,7532,163.26137848871397,166.35267583781598,58.65606399071075,165.266006074854,163.00635666100234,2.259649413851662,0.3957384487530392,1.8639109650986225,159.42749999999998,8.808406197312019,177.04431239462403,141.81068760537593,170.29879858657245
2023-10-05,171.5,171.5,165.55,167.5,2500,163.6650567278841,166.39766894221535,55.14225869490271,165.60969744795338,163.33921913055775,2.2704783173956287,0.7706864224815572,1.4997918949140714,160.30249999999998,8.69103402181947,177.68456804363893,142.92043195636103,169.51286219081268
2023-10-08,165.15,165.5,161.1,163.25,13655,163.62552751570465,166.27423094448142,49.88198031560662,165.24666707134517,163.33261030607198,1.9140567652731875,0.9993604910398833,0.9146962742333041,160.92,8.42240745680375,177.7648149136075,144.07518508639248,166.1873851590106
2023-10-09,161.05,168.25,160.55,161.35,2958,163.40881060944707,166.0811238486194,47.691619790495395,164.64717982959974,163.18575028339998,1.4614295461997528,1.0917743020718573,0.3696552441278955,161.4875,8.020694860960228,177.52888972192048,145.44611027807954,162.64975265017665
2023-10-10,160.0,163.0,159.15,162.35,6176,163.30797150378544,165.9348052663206,48.96189419585008,164.29376754812284,163.12384285499996,1.16992469312288,1.107404380282062,0.06252031284081805,162.20499999999998,7.365761832181593,176.93652366436316,147.4734763356368,161.43144876325084
2023-10-11,160.15,163.0,159.0,163.0,2490,163.2786408843773,165.8197148637198,49.81499101388502,164.09472638687316,163.11466931018515,0.9800570766880128,1.0819349195632522,-0.10187784287523938,162.98,6.501890413362129,175.98378082672426,149.97621917327572,162.33151943462897
2023-10-12,160.75,160.75,153.9,153.9,8830,162.38543699062706,165.35227506514255,39.788037309416666,162.52630694273884,162.43210121313442,0.09420572960442541,0.8843890815714868,-0.7901833519670614,163.05,6.389691533614025,175.82938306722806,150.27061693277196,159.9413074204947
2023-10-16,152.0,155.5,151.8,153.5,1615,161.53920489628163,164.88747996454873,39.412505885111365,161.13764433616362,161.7704640862356,-0.6328197500719739,0.5809473152427946,-1.2137670653147685,163.075,6.349150378303989,175.77330075660797,150.376699243392,154.43367491166077
2023-10-17,151.5,157.0,151.5,155.0,4460,160.91642347758815,164.49973565221347,41.63707926893344,160.1933913613692,161.2689482279959,-1.0755568666266981,0.24964647886889607,-1.3252033454955943,162.9625,6.476452793734824,175.91540558746965,150.00959441253036,153.20925795053
2023-10-18,153.5,157.1,153.5,155.8,1258,160.42914505115118,164.15856954820512,42.84245032824426,159.51748499808164,160.86384095184806,-1.3463559537664196,-0.06955400765816705,-1.2768019461082525,163.15249999999997,6.187199753481017,175.526899506962,150.77810049303795,155.13590106007067
2023-10-19,154.0,156.05,154.0,154.0,1400,159.81684552247012,163.76019427180492,40.800628704036185,158.6686411522229,160.3554082887482,-1.6867671365253045,-0.3929966334315945,-1.2937705030937101,163.2525,6.011118535899406,175.27473707179882,151.23026292820117,155.26862190812722
2023-10-29,151.95,156.05,148.0,156.05,1710,159.4580983298539,163.4578337121263,44.06992966328073,158.26577328265014,160.03648915624834,-1.770715873598192,-0.6685404814649141,-1.102175392133278,162.95499999999998,6.21997842270769,175.39495684541538,150.5150431545846,154.8935335689046
2023-10-30,153.95,153.95,151.9,153.0,482,158.8430413460583,163.04772258616057,40.48741089492609,157.45565431608858,159.51526773726698,-2.0596134211783976,-0.9467550694076109,-1.1128583517707868,162.005,6.216762145920447,174.43852429184088,149.5714757081591,154.70717314487635
2023-10-31,151.3,153.0,151.0,153.0,830,158.28656121786227,162.6536942494484,40.48741089492609,156.77016903669033,159.03265531228425,-2.262486275593915,-1.2099013106448717,-1.052584964949043,161.2975,6.40280520347811,174.10311040695623,148.4918895930438,153.3916607773852
2023-11-01,151.0,155.05,151.0,152.1,962,157.6973649113992,162.23982388672493,39.39153577540071,156.05168149258412,158.5191252891521,-2.467443796567977,-1.4614098078294928,-1.0060339887384844,160.695,6.681157715624956,174.05731543124992,147.33268456875007,152.41473498233216
2023-11-02,151.0,153.0,150.5,150.5,2690,157.01190158650405,161.77943863626516,37.45080889701975,155.1975766475712,157.92511600847416,-2.7275393609029663,-1.7146357184441876,-1.0129036424587787,159.72,6.674625950489643,173.06925190097928,146.37074809902072,151.61427561837453
2023-11-05,150.0,152.0,149.9,149.9,1700,156.3345776258846,161.3135782975881,36.720204057573675,154.38256485563718,157.3306629708094,-2.948098115172229,-1.961328197789796,-0.9867699173824329,158.91500000000002,6.846034195834029,172.60706839166807,145.22293160833198,150.32056537102474
2023-11-06,147.95,155.0,147.95,155.0,1311,156.20747499484798,161.06598699180034,46.30829503726989,154.47755487784684,157.15802126926798,-2.6804663914211346,-2.105155836516064,-0.5753105549050708,158.365,6.686890159110039,171.73878031822008,144.99121968177994,151.53526501766783
2023-11-07,155.5,155.5,151.45,151.8,1595,155.78771547152914,160.70261495290623,42.00741329264529,154.0656233581781,156.76113080487775,-2.6955074466996507,-2.223226158552781,-0.47228128814686965,157.58,6.47628060898527,170.53256121797057,144.62743878202946,153.51060070671377
2023-11-08,150.0,154.05,150.0,152.0,285,155.42698066471684,160.3613359351452,42.3676844376053,153.74783514922763,156.4084544489609,-2.66061929973327,-2.310704786788879,-0.349914512944391,156.65500000000003,5.821916396369738,168.29883279273952,145.01116720726054,152.54805653710247
2023-11-09,150.5,158.0,150.5,153.0,1030,155.19583964902952,160.0726560945513,44.23315234767167,153.632783587808,156.15597634163046,-2.523192753822457,-2.3532023801955946,-0.1699903736268622,155.8,4.930944182032377,165.66188836406477,145.93811163593526,152.03618374558303
2023-11-20,151.0,155.0,148.0,148.0,7605,154.5105215872172,159.59921860064733,37.66794651877341,152.76620149737602,155.55182994595413,-2.785628448578109,-2.4396875938720974,-0.34594085470601144,154.825,4.394419307785146,163.61383861557027,146.0361613844297,151.24438162544172
2023-11-21,148.0,150.45,147.5,148.5,1315,153.9380909598632,159.16395512611214,38.648586757758586,152.109862805472,155.02947217217974,-2.919609366707732,-2.5356719484392243,-0.3839374182685078,154.0875,4.136196924712774,162.35989384942556,145.81510615057445,148.59752650176677
2023-11-22,148.0,152.0,148.0,150.0,2155,153.56303467797144,158.80458433685283,41.61613023554143,151.78526852770707,154.65691867794422,-2.8716501502371443,-2.602867588798808,-0.2687825614383361,153.51999999999998,3.8564846277684044,161.2329692555368,145.80703074446316,148.5226148409894
2023-11-23,148.5,154.0,148.0,152.0,4075,153.41417423245036,158.53773789227037,45.40776759114279,151.81830413882906,154.4601098869854,-2.6418057481563437,-2.6106552206703153,-0.031150527486028423,153.0025,3.2570763043925015,159.516652608785,146.488347391215,150.62756183745586
2023-11-26,150.5,158.5,150.1,156.0,4281,153.66044335316937,158.43821875924016,52.10694035546502,152.4616419636246,154.57417582128278,-2.1125338576581782,-2.511030948067888,0.3984970904097098,152.6525,2.385784379458197,157.4240687589164,147.8809312410836,153.3678445229682
2023-11-27,153.9,157.75,153.9,154.1,1910,153.70230589096275,158.2680925333876,49.029257046865474,152.7136970461439,154.53905168637294,-1.825354640229051,-2.373895686500121,0.5485410462710698,152.6625,2.391700287068065,157.44590057413612,147.87909942586387,155.26522968197878
2023-11-28,153.0,158.45,153.0,155.5,6722,153.87351485372818,158.15953988501946,51.31125903709063,153.14235903904483,154.6102330429379,-1.4678740038930584,-2.1926913499787086,0.7248173460856502,152.7625,2.4691184768323953,157.70073695366477,147.8242630463352,155.07010600706712
2023-11-29,155.0,157.0,152.5,152.5,2981,153.74270391527787,157.93759714443044,46.50634957188307,153.04353457149946,154.45391948420175,-1.410384912702284,-2.036230062523424,0.6258451498211399,152.6375,2.4125153394665637,157.46253067893312,147.81246932106686,154.2087632508834
2023-11-30,152.0,153.0,150.5,153.0,1600,153.67197020906096,157.74396588386455,47.39058806750332,153.03683694511494,154.34622174463126,-1.309384799516323,-1.890861009922004,0.581476210405681,152.4975,2.2978522580887573,157.0932045161775,147.9017954838225,152.9997173144876
2023-12-03,151.0,152.5,149.05,152.5,762,153.5603539986742,157.53832016292867,46.56172848980192,152.95424664586648,154.2094645783623,-1.2552179324958104,-1.7637323944367653,0.508514461940955,152.4225,2.2705479862575815,156.96359597251518,147.88140402748485,152.52226148409895
2023-12-04,150.45,156.55,150.45,155.2,2065,153.71651076070523,157.44662133300992,51.495193804824645,153.299747161887,154.28283757255767,-0.9830904106706555,-1.6076039976835435,0.624513587012888,152.38,2.2061159009500564,156.7922318019001,147.9677681980999,153.500777385159
2023-12-05,153.1,153.5,151.0,152.0,2052,153.55303354539998,157.23302833955856,46.06694230038741,153.09978606005825,154.11373849310897,-1.0139524330507186,-1.4888736847569786,0.47492125170626,152.32999999999998,2.202653901667249,156.73530780333448,147.9246921966655,153.88084805653708
2023-12-06,152.0,152.5,150.0,151.5,680,153.35750654107616,157.00820369879156,45.264060734497754,152.8536651277416,153.92012823436016,-1.0664631066185564,-1.4043915691292943,0.33792846251073794,152.255,2.204176657358879,156.66335331471777,147.84664668528222,152.2903180212014
2023-12-07,151.5,158.95,150.05,154.0,2070,153.418696394307,156.89023492628993,49.960114838571506,153.03002433885825,153.92604466144462,-0.8960203225863665,-1.302717319820709,0.4066969972343424,152.35,2.237832598038946,156.8256651960779,147.8743348039221,152.09519434628973
2023-12-10,156.05,158.15,156.05,158.15,30,153.86929673770635,156.93963747820013,56.61436663068425,153.81771290211083,154.23893024207837,-0.42121733996754074,-1.1264173238500754,0.7051999838825347,152.73250000000002,2.5385592163155057,157.80961843263103,147.655381567369,155.20314487632507
2023-12-11,160.0,162.5,155.5,160.0,6994,154.45317323887718,157.05965169474132,59.21788691420792,154.76883399409377,154.66567615007256,0.10315784402121153,-0.8805022902758181,0.9836601342970296,153.2375,2.921196357299212,159.07989271459843,147.3951072854016,158.73077738515903
2023-12-12,157.85,170.0,157.85,166.2,15408,155.5719186446984,157.4180967263201,66.47808525464046,156.52747491807932,155.52007050932644,1.0074044087528762,-0.5029209504700792,1.5103253592229553,153.79749999999999,4.10892721945037,162.01535443890072,145.57964556109926,162.37045936395756
2023-12-13,164.0,171.5,163.0,164.0,6540,156.37459305948903,157.67621058018992,62.24370486007711,157.67709416145172,156.14821343456154,1.5288807268901792,-0.09656061499802754,1.6254413418882068,154.40749999999997,4.664769272796269,163.7370385455925,145.07796145440744,165.20144876325085
2023-12-14,163.0,170.0,161.75,168.5,9853,157.52939372049008,158.10067291037853,66.88942090056995,159.34215659815146,157.06316058755698,2.278996010594483,0.37855071012047453,1.9004453004740083,155.2325,5.584901521065789,166.40230304213156,144.0626969578684,166.24897526501766
2023-12-17,166.5,180.35,166.15,180.35,42423,159.70278479472913,158.97319554134407,75.45441686658978,162.57413250612817,158.78811165514534,3.7860208509828226,1.0600447382929443,2.725976112689878,156.59999999999997,7.884478422825607,172.36895684565118,140.83104315434875,172.0422261484099
2023-12-18,182.95,187.5,178.05,178.05,25927,161.45013862380253,159.72130552011487,71.58389199622378,164.95503519749306,160.21491819920865,4.740116998284407,1.796059190291237,2.9440578079931696,158.10250000000002,8.950528872936243,176.0035577458725,140.20144225412753,179.17957597173145
2023-12-19,176.55,180.6,176.15,180.5,9694,163.26441113582132,160.53615628403196,73.16310390978393,167.3465682440326,161.71751685111914,5.629051392913453,2.5626576308156803,3.066393762097773,159.70250000000001,9.948201040759589,179.59890208151919,139.80609791848084,180.12102473498234
2023-12-20,178.8,193.55,178.1,193.55,41092,166.14875293240976,161.83081682191306,79.65036697471349,171.37786543725835,164.07547856585109,7.302386871407265,3.5106034789339975,3.7917833924732673,161.88000000000002,12.21959599642274,186.3191919928455,137.44080800715454,184.58035335689044
2023-12-21,196.4,207.5,196.4,202.5,43145,169.61077646265645,163.4256867504655,82.73312945549316,176.1658861392186,166.92173941282508,9.244146726393524,4.657312128425903,4.586834597967621,164.40500000000003,14.977016602641193,194.3590332052824,134.45096679471766,195.9522261484099
2023-12-24,200.0,205.55,195.0,202.5,67144,172.74308346621297,164.95801276025117,82.73312945549316,180.2172882716465,169.5571661229862,10.66012214866032,5.857874132472787,4.802248016187534,166.73000000000002,17.067022679949027,200.86404535989806,132.59595464010198,203.08883392226153
2023-12-27,205.55,215.0,193.1,209.5,53449,176.2437421837165,166.70475735788838,84.81917264403346,184.72232084523935,172.51589455832053,12.206426286918827,7.127584563361996,5.078841723556831,169.5,19.263655443675027,208.02731088735004,130.97268911264996,205.7053356890459
2023-12-28,209.5,212.0,205.0,205.0,14936,178.98243340431492,168.20653157914765,78.27253617058892,187.84196379212563,174.92212459103752,12.91983920108811,8.286035490907219,4.63380371018089,171.975,20.509840385326676,212.99468077065336,130.95531922934663,207.49399293286217
2024-01-01,205.0,205.0,194.55,195.5,15168,180.55553498485637,169.27686367408305,66.58789786490614,189.02012320872166,176.44641165836805,12.573711550353607,9.143570702796497,3.4301408475571105,174.125,20.61440158315483,215.35380316630966,132.89619683369034,202.69752650176673
2024-01-02,195.0,197.5,190.0,190.0,14696,181.45500784344148,170.08953568686408,60.917999571300456,189.17087348430294,177.4503811651556,11.720492319147354,9.65895502606667,2.0615372930806846,175.975,20.276272755171302,216.5275455103426,135.42245448965738,193.85017667844522
2024-01-03,190.0,198.55,185.0,197.0,14274,182.93548328692324,171.1448480128694,65.00248377929844,190.3753544867179,178.89850107884777,11.476853407870124,10.022534702427361,1.4543187054427626,178.2,20.004446874053727,218.20889374810744,138.19110625189253,191.89257950530032
2024-01-04,197.5,202.45,196.0,199.5,22781,184.51305630721626,172.25681475746276,66.35489563095156,191.77914610414592,180.42453803597016,11.354608068175764,10.288949375577042,1.0656586925987224,180.41500000000002,19.77497820878419,219.9649564175684,140.86504358243164,196.88197879858654
2024-01-07,197.5,199.5,192.5,192.5,9738,185.27371761129092,173.05066515913092,59.42990064327513,191.8900467035081,181.31901669997237,10.571030003535725,10.34536550116878,0.22566450236694457,182.44,18.75965435659574,219.9593087131915,144.9206912868085,197.58091872791516
2024-01-08,190.0,201.9,190.0,201.5,15069,186.819077838787,174.16632534896894,64.55219975908886,193.36850105681452,182.81390435182627,10.554596704988256,10.387211741932678,0.1673849630555786,184.94,17.72237360840197,220.38474721680393,149.49525278319607,196.26996466431095
2024-01-09,200.05,206.95,194.05,197.0,30742,187.78868947318824,175.061763570578,60.44297953784836,193.92719320192,183.86472625169097,10.062466950229037,10.32226278359195,-0.25979583336291334,187.09,16.324469847118035,219.73893969423608,154.44106030576393,198.721554770318
2024-01-10,197.0,198.0,188.45,197.0,11595,188.66595714240842,175.92208656781023,60.44297953784835,194.39993270931694,184.83770949230643,9.562223217010512,10.170254870275663,-0.6080316532651509,189.0325,14.95343012049117,218.93936024098235,159.12563975901764,198.1226148409894
2024-01-11,194.15,203.5,194.0,197.5,8508,189.50729455741714,176.76827925142553,60.764827522195766,194.8768661386528,185.77565693732075,9.10120920133204,9.95644573648694,-0.8552365351548996,190.9075,13.390877442654803,217.6892548853096,164.1257451146904,196.76042402826855
2024-01-14,199.5,204.0,197.0,201.5,21948,190.64945698052026,177.73815065333042,63.334951955938706,195.89580980962927,186.9404230901118,8.955386719517463,9.756233933093045,-0.8008472135755813,192.6725,12.239780646038877,217.15206129207778,168.19293870792225,198.83180212014133
2024-01-16,201.5,207.0,201.5,205.05,28106,192.02093726808977,178.8092035688861,65.49523521728705,197.30414676199402,188.28187323158502,9.022273530408995,9.609441852556234,-0.5871683221472388,194.725,10.496283803527778,215.71756760705554,173.73243239294445,202.48879858657244
2024-01-17,202.0,205.85,196.0,197.45,43455,192.53799086160504,179.54021519363567,57.6623668287944,197.32658572168725,188.96099373294908,8.365591988738174,9.360671879792623,-0.9950798910544485,196.1725,8.494696100632066,213.16189220126415,179.18310779873588,202.58212014134273
2024-01-18,195.0,210.5,195.0,206.5,32427,193.86770601764263,180.59746165663034,63.29212834596572,198.73788022604307,190.26017938236026,8.477700843682811,9.18407767257066,-0.7063768288878496,197.48000000000002,7.924485704712847,213.32897140942572,181.63102859057432,201.37303886925793
2024-01-21,207.5,217.0,207.0,209.95,43089,195.39935306358143,181.74854159166443,65.19230462019141,200.46282172972877,191.71868461329655,8.744137116432228,9.096089561342975,-0.3519524449107472,199.075,6.959459673520313,212.99391934704062,185.15608065295936,206.37717314487628
2024-01-22,207.5,208.5,202.0,205.0,24765,196.3137003908594,182.66036349003053,60.36411506608267,201.16084915592435,192.70248575305237,8.458363402871981,8.968544329648775,-0.510180926776794,200.3,5.526538842615137,211.3530776852303,189.24692231476973,208.8537809187279
2024-01-23,202.6,205.0,200.05,204.0,15896,197.04572892506326,183.49721198061758,59.40691122019882,201.59764159347446,193.53933866023368,8.058302933240782,8.786496050367177,-0.7281931171263949,200.8225,5.345816736377487,211.51413347275496,190.13086652724502,205.3055123674911
2024-01-24,202.5,207.5,200.95,203.5,12304,197.66042140839056,184.2816350402012,58.90396125079891,201.89031211755534,194.2771654261423,7.61314669141305,8.551826178576352,-0.9386794871633022,200.8725,5.366967069612226,211.60643413922446,190.13856586077554,203.44519434628975
2024-01-25,200.5,204.5,199.0,204.5,11165,198.3118098456867,185.07451209744823,59.63992172824679,202.29180256100835,195.03441243161325,7.257390129395105,8.292938968740103,-1.0355488393449974,200.9725,5.417284107857864,211.80706821571573,190.13793178428426,203.78374558303886
2024-01-28,201.45,203.5,198.5,202.0,5315,198.66306605085938,185.73825672107773,56.89666752959062,202.24690985931477,195.55038188112337,6.696527978191398,7.973656770630362,-1.2771287924389645,200.5975,5.042542043765651,210.6825840875313,190.5124159124687,203.5339222614841
2024-01-29,199.1,207.5,199.1,204.55,17230,199.223726426968,186.47597214378058,58.9697564828295,202.60123141942017,196.21702026029942,6.384211159120753,7.655767648328441,-1.271556489207688,200.575,5.0228294605192465,210.62065892103848,190.5293410789615,203.12943462897522
2024-01-30,203.5,217.0,203.5,210.0,21830,200.25003819582818,187.39848304010292,63.059116720238066,203.73950350874014,197.23798172249946,6.501521786240687,7.42491847591089,-0.923396689670203,201.3,5.2910550136887435,211.8821100273775,190.71788997262252,206.01120141342756
2024-01-31,210.0,212.75,203.0,204.5,13197,200.65479646289216,188.06913076402046,56.89621141661906,203.85650296893397,197.7759090023143,6.080593966619659,7.1560535740526445,-1.0754596074329852,202.025,4.610899558310486,211.246799116621,192.80320088337902,207.98918727915196
2024-02-01,201.55,202.0,199.0,201.5,12903,200.73529203785483,188.5958315183726,53.8071882987607,203.49396405063644,198.05176759473548,5.442196455900955,6.813282150422308,-1.3710856945213523,202.25,4.460115646363107,211.1702312927262,193.3297687072738,204.3420848056537
2024-02-04,201.5,203.0,199.45,202.9,10885,200.9414547009163,189.15677930196583,55.03409795405481,203.40258496592313,198.41089592105138,4.991689044871748,6.448963529312197,-1.4572744844404486,202.42,4.4143426523795295,211.24868530475905,193.59131469524092,201.67787985865726
2024-02-05,200.0,205.95,200.0,201.95,5510,201.03750663416236,189.6584742313005,53.98624211636909,203.17911035578112,198.67305177875127,4.506058577029847,6.060382538855727,-1.5543239618258795,202.89249999999998,3.7528331402998383,210.39816628059967,195.3868337194003,202.20823321554772
2024-02-06,204.9,204.9,199.0,200.45,6001,200.981553621385,190.08167132026912,52.29320196862916,202.75924722412248,198.80467757291783,3.9545696512046504,5.639219961325512,-1.6846503101208619,202.83999999999997,3.7805805736248512,210.40116114724967,195.27883885275028,201.62939929328618
2024-02-07,200.0,206.25,200.0,204.0,4818,201.2690247050626,190.62748813123898,55.824146424822004,202.95013226656516,199.1895162712202,3.760615995344949,5.2634991681294,-1.5028831727844505,203.19,3.5269861892177348,210.24397237843547,196.13602762156452,201.67586572438162
2024-02-08,206.75,213.5,203.55,211.75,48546,202.26721282838997,191.45582193001394,62.37175377103636,204.30395807170896,200.11992247335206,4.1840355983569,5.0476064541748995,-0.8635708558179997,203.92749999999998,3.7022921420720136,211.332084284144,196.52291571585596,206.27031802120138
2024-02-11,214.95,214.95,210.55,213.25,33891,203.31319255901948,192.31049557981734,63.499397604772064,205.68027221452297,201.09252080865932,4.587751405863656,4.955635444512652,-0.3678840386489952,204.71499999999997,3.931154243246542,212.57730848649305,196.8526915135069,212.0653356890459
2024-02-12,214.95,229.55,211.0,229.55,122077,205.81193612482716,193.77086830217746,72.97658117889074,209.3525380276733,203.2004822302401,6.152055797433178,5.194919515096757,0.9571362823364211,206.11749999999998,6.730630591399227,219.57876118279844,192.6562388172015,219.41971731448768
2024-02-13,233.1,245.0,230.0,235.0,114319,208.59175173198648,195.38769699620974,75.28703696393195,213.29830140803125,205.55600206503715,7.742299342994102,5.704395480676227,2.037903862317875,207.615,9.315904623135232,226.24680924627046,188.98319075372956,230.45272084805652
2024-02-14,232.0,239.45,229.5,232.5,53202,210.86872775751158,196.84308142773094,72.23605540997056,216.25240888371874,207.5518537639233,8.700555119795439,6.303627408500069,2.39692771129537,209.36749999999998,10.521772851917682,230.41104570383533,188.32395429616463,235.26674911660777
2024-02-15,233.55,246.95,233.55,242.25,122222,213.8574203520343,198.62374490115326,76.2742609211875,220.25203828622355,210.12208681844749,10.129951467776067,7.06889222035527,3.061059247420797,211.15499999999997,12.79921769813271,236.7534353962654,185.55656460373456,236.4927915194346
2024-02-18,243.5,247.0,238.5,244.05,88889,216.732904128031,200.40516666973548,76.94106622112078,223.9132631652661,212.63526557263657,11.277997592629532,7.910713294810122,3.3672842978194097,212.85999999999999,14.752462773880145,242.36492554776027,183.3550744522397,241.98190812720847
2024-02-20,245.5,246.9,235.25,239.0,81512,218.8535799253614,201.91868954543213,70.91900094927566,226.234299601379,214.58820886355238,11.646090737826626,8.657788783413423,2.9883019544132026,214.56,15.725922280709947,246.0118445614199,183.1081554385801,243.0942402826855
2024-02-21,242.5,246.5,237.5,241.95,29245,221.05323898008888,203.48854485737598,72.28370282525601,228.6520996627053,216.61500820699294,12.037091455712357,9.33364931787321,2.703442137839147,216.45749999999998,16.64723206801351,249.751964136027,183.16303586397296,240.5101060070671
2024-02-22,242.5,244.9,227.5,234.5,31487,222.3338828867471,204.70468035316517,64.10241289287973,229.5517766376737,217.93982241388235,11.611954223791344,9.789310299056837,1.822643924734507,218.0075,16.81957095485031,251.6466419097006,184.36835809029938,238.74855123674908
2024-02-25,231.25,231.25,217.0,217.5,16221,221.87351308800928,205.20645759421754,50.153007263874535,227.69765715495467,217.90724297581698,9.790414179137684,9.789531075073008,0.0008831040646768429,218.65749999999997,16.518596179361698,251.69469235872336,185.62030764127658,229.46628975265017
2024-02-26,216.0,225.95,216.0,221.5,13269,221.8379404129608,205.84542004150313,52.75799339372863,226.74417143880783,218.17337312575648,8.570798313051341,9.545784522668676,-0.9749862096173345,219.6325,16.0525639450683,251.7376278901366,187.5273721098634,219.32752650176678
2024-02-27,222.5,231.05,220.5,227.5,14593,222.37718418315498,206.69461925556186,56.435669196704865,226.8604527559143,218.86423437570045,7.996218380213861,9.235871294177713,-1.2396529139638517,220.77999999999997,15.734795501488549,252.24959100297707,189.31040899702288,221.72968197879862
2024-02-28,224.0,231.05,221.05,223.5,12947,222.4841190228545,207.35365379455942,53.448407302836294,226.34346002423518,219.20762442194484,7.135835602290342,8.81586415580024,-1.6800285535098975,221.45499999999998,15.536323313617126,252.52764662723425,190.38235337276572,226.0964664310954
2024-02-29,220.5,223.0,210.5,210.5,18863,221.3427743540112,207.47703992026297,45.09414963772675,223.90600463589132,218.56261520550447,5.34338943038685,8.121369210717562,-2.7779797803307122,221.75499999999997,15.246931529085169,252.24886305817031,191.26113694182962,219.87809187279146
2024-03-03,210.5,214.5,206.0,206.4,14308,219.9196529869625,207.4348030606448,42.82086547624764,221.2127731534465,217.6616807458375,3.551092407609019,7.207313850095854,-3.656221442486835,222.0,14.940619306546084,251.88123861309217,192.11876138690783,209.60862190812722
2024-03-04,209.5,222.0,209.5,222.0,1080,220.11778127391844,208.00598725434503,52.61002543457932,221.33388497599321,217.98303772762728,3.3508472483659375,6.436020529749872,-3.085173281383934,222.955,14.24996675896328,251.45493351792658,194.45506648207345,210.81505300353354
2024-03-05,222.0,223.0,216.5,218.0,17331,219.91608781925953,208.3979093228021,50.23517719293722,220.82097959507118,217.9842941922475,2.83668540282369,5.716153504364636,-2.8794681015409456,223.75750000000002,13.433327320314804,250.62415464062963,196.89084535937042,219.21349823321557
2024-03-06,215.6,226.95,215.6,224.5,37307,220.35265088409196,209.0293638591628,53.878586847985716,221.386982734291,218.4669390668958,2.9200436673951913,5.156931536970747,-2.236887869575556,224.95999999999998,12.262529575047973,249.48505915009594,200.43494084990402,221.90946996466428
2024-03-07,226.2,232.0,221.6,232.0,21416,221.46192222846415,209.93017311958778,57.724560171695344,223.01975462132316,219.46938802490354,3.5503665964196216,4.835618548860522,-1.2852519524409,226.35999999999999,11.304547291849534,248.96909458369905,203.75090541630092,226.25901060070672
2024-03-10,232.0,235.0,223.5,226.5,14785,221.94173915908658,210.57997025215298,54.15797816421345,223.55517698727343,219.9901740971329,3.5650028901405335,4.581495417116525,-1.0164925269759912,227.0975,10.769724560323786,248.63694912064756,205.55805087935244,230.21166077738516
2024-03-12,226.5,230.0,223.55,228.0,11929,222.51871638203073,211.26310867363716,54.97504599608398,224.23899591230827,220.5834945343823,3.655501377925958,4.396296609278412,-0.740795231352454,227.83499999999998,10.264746773095156,248.3644935461903,207.30550645380967,228.0650176678445
2024-03-13,231.5,231.5,221.0,222.5,9890,222.51693386945635,211.70377107859258,51.360298217979185,223.97145807964546,220.72545790220585,3.246000177439612,4.166237322910652,-0.9202371454710399,227.48250000000002,10.323635056967664,248.12977011393534,206.8352298860647,225.52049469964663
2024-03-14,225.95,236.65,219.6,220.5,7018,222.32484492950812,212.04872123237328,50.07100790040001,223.43738760585387,220.7087573168573,2.728630288996584,3.878715916127838,-1.1500856271312543,226.75750000000002,10.276957810659901,247.31141562131984,206.2035843786802,222.3233215547703
2024-03-17,220.0,223.0,216.65,218.5,14390,221.96057398384067,212.30171255659394,48.753026005268765,222.67778951264557,220.54514566375676,2.1326438488888186,3.5295015026800343,-1.3968576537912156,226.05750000000003,10.341819485135893,246.74113897027183,205.37386102972823,219.45017667844522
2024-03-18,221.85,225.15,216.0,221.0,6770,221.86909074728442,212.64282186810007,50.50675989054581,222.41966804916163,220.57883857755257,1.8408294716090552,3.191767096465839,-1.3509376248567837,224.99500000000003,9.659776885294146,244.31455377058833,205.67544622941173,219.3053003533569
2024-03-19,217.6,228.3,217.6,223.7,7837,222.04346305706684,213.07643669680203,52.401279833721475,222.61664219544446,220.8100357199561,1.8066064754883655,2.9147349722703444,-1.1081284967819789,223.97750000000002,8.555676401325009,241.08885280265002,206.86614719735002,221.57144876325086
2024-03-20,223.5,232.05,220.55,222.95,6530,222.12979990877474,213.46363525771176,51.80803684557125,222.6679280115299,220.96855159255193,1.6993764189779768,2.6716632616118714,-0.9722868426338946,223.175,7.790995139463076,238.75699027892617,207.59300972107386,223.4906360424028
2024-03-21,221.0,229.5,218.5,221.5,3490,222.0698189650819,213.77878681623287,50.61497980039632,222.48824677898682,221.00791814125176,1.480328637735056,2.433396336836508,-0.9530676991014522,222.1525,6.418260852318234,234.98902170463646,209.31597829536355,222.75155477031797
2024-03-25,218.25,219.0,215.6,218.5,5019,221.72983620650265,213.96393243128256,48.14467647920889,221.8746703514504,220.82214642708496,1.0525239243654312,2.1572218543422927,-1.1046979299768616,221.35250000000002,5.761795110442302,232.87609022088463,209.8289097791154,220.50494699646643
2024-03-26,221.85,230.0,215.65,226.95,24225,222.2269946630262,214.47318998299698,54.83159601234281,222.6554902973811,221.27606150656015,1.3794287908209526,2.001663241638025,-0.6222344508170723,221.825,5.816458046827651,233.45791609365529,210.1920839063447,221.4535689045936
2024-03-27,225.0,235.1,225.0,234.5,45375,223.39585231416658,215.25855508170298,59.817507326070654,224.4777225593225,222.25561250607421,2.2221100532482865,2.0457526039600773,0.17635744928820918,222.475,6.468110030634965,235.41122006126992,209.53877993873007,228.6863250883392
2024-03-28,231.0,236.5,230.7,232.0,21472,224.21529495091264,215.9150823334009,57.552087859741924,225.63499601173442,222.97741898710575,2.657577024628665,2.168117488093795,0.4894595365348704,222.7,6.725266576597192,236.15053315319437,209.2494668468056,233.9101060070671
2024-03-31,235.5,237.5,225.65,226.5,21788,224.43288590796857,216.33017714385576,52.81326276665035,225.76807354839065,223.2383509139868,2.5297226344038393,2.2404385173558037,0.2892841170480356,222.85,6.777303453826058,236.40460690765212,209.29539309234787,230.97876325088342
2024-04-01,230.0,230.0,222.5,222.5,11941,224.24880153578107,216.57213098135162,49.6136822601186,225.26529300248438,223.18365825369148,2.081634748792908,2.208677763643225,-0.127043014850317,223.45,6.126323702290176,235.70264740458035,211.19735259541963,225.27597173144878
2024-04-02,222.5,228.5,219.05,220.45,17075,223.88701091332575,216.7242042762006,48.00841994909714,224.52447869440988,222.98116504971435,1.5433136446955302,2.075604939853686,-0.532291295158156,224.1525,4.710192615346346,233.5728852306927,214.73211476930732,221.56738515901057
2024-04-03,223.5,228.75,217.6,224.5,3921,223.94539082634236,217.0291374418398,51.356928294992265,224.52071274142375,223.0936713423281,1.427041399095657,1.9458922317020804,-0.5188508326064234,224.2775,4.683157813403488,233.64381562680697,214.91118437319304,221.60540636042396
2024-04-04,224.5,225.95,221.2,224.0,12115,223.95059170002406,217.30250460098333,50.92090056497231,224.44060308889703,223.16080679845192,1.2797962904451197,1.8126730434506884,-0.5328767530055687,224.57750000000001,4.446035342092634,233.46957068418527,215.68542931581476,223.87053003533572
2024-04-07,221.25,224.0,220.15,223.0,6220,223.86005915716464,217.52593579310164,50.0064592205699,224.21897184445135,223.1488951837518,1.0700766606995558,1.664153766900462,-0.5940771062009063,224.5025,4.460041155106314,233.42258231021262,215.58241768978738,224.0614487632509
2024-04-09,220.25,229.5,220.25,225.0,8339,223.9686249517204,217.8190363502349,51.868147785881305,224.33913002222806,223.28601405902944,1.0531159631986213,1.5419462061600941,-0.4888302429614728,224.1525,4.100913730015749,232.3543274600315,215.9506725399685,223.70424028268545
2024-04-10,222.5,230.5,222.5,225.0,21347,224.06685114679462,218.10064276787276,51.868147785881305,224.44080232650066,223.41297598058281,1.0278263459178447,1.4391222341116443,-0.4112958881937996,224.07750000000001,4.069316346303747,232.21613269260752,215.9388673073925,224.77455830388692
2024-04-14,222.0,227.95,222.0,224.0,2553,224.06048437090942,218.33199011030914,50.77178338816262,224.37298658396207,223.45645924128038,0.9165273426816896,1.3346032558256535,-0.418075913143964,223.8775,3.9633012223305126,231.80410244466103,215.95089755533897,224.84098939929328
2024-04-15,221.0,227.45,220.1,222.35,7745,223.89758109748948,218.48955912559114,48.93384008315567,224.06175787873713,223.37449929748183,0.6872585812552927,1.2051343209115812,-0.5178757396562885,223.86999999999998,3.966186024246283,231.80237204849254,215.9376279515074,223.50392226148412
2024-04-16,221.0,222.35,217.5,222.35,5944,223.7501924215381,218.64094896380325,48.93384008315567,223.79841051277756,223.29861046063132,0.49980005214624157,1.0640674671585133,-0.5642674150122717,223.9625,3.904547787008345,231.7715955740167,216.15340442598333,222.36961130742046
2024-04-18,219.05,220.0,214.5,217.0,4980,223.10731695282016,218.57659802404626,43.070693390831536,222.75250120311946,222.83204672280678,-0.07954551968731494,0.8353448697893476,-0.9148903894766626,223.8875,4.027467370573199,231.9424347411464,215.83256525885358,220.37339222614835
2024-04-21,214.0,220.0,213.05,220.0,3923,222.81138200493254,218.6324177093778,46.911925839050696,222.32903947956262,222.62226548408037,-0.2932260045177486,0.6096306949279284,-0.902856699445677,223.8375,4.071171918434897,231.9798438368698,215.6951561631302,218.38321554770317
2024-04-22,216.6,221.5,213.55,218.0,3390,222.3531551473199,218.6076170148924,44.74438798329269,221.66303340578378,222.27987544822258,-0.6168420424388046,0.3643361474545818,-0.9811781898933865,223.5525,4.27568015518619,232.1038603103724,215.00113968962762,218.62816254416958
2024-04-24,218.5,222.35,214.5,215.0,6232,221.65285465709897,218.46614183783782,41.63671155742044,220.6379513433555,221.7406254150209,-1.1026740716654047,0.07093410363058453,-1.1736081752959893,223.15500000000003,4.684630525225465,232.52426105045095,213.7857389495491,217.38374558303886
2024-04-25,217.5,217.5,211.5,214.7,8791,220.99067802308954,218.31845000105986,41.327595162957,219.72442036745466,221.21909760650084,-1.494677239046183,-0.24218816490476902,-1.252489074141414,222.815,5.044045473310261,232.90309094662052,212.72690905337947,214.91667844522965
2024-04-28,217.95,217.95,211.5,214.35,2964,220.35823249708102,218.16282451082222,40.94566407553576,218.89758646476932,220.71027556157483,-1.8126890968055136,-0.5562883512849179,-1.2564007455205957,222.60750000000002,5.309283701313422,233.22606740262685,211.98893259737318,214.3271731448763
2024-04-29,217.6,217.6,211.5,212.5,6088,219.60982940212094,217.94075296137822,38.89933525008609,217.91334239326636,220.10210700145817,-2.1887646081918035,-0.8827836026662951,-1.3059810055255086,221.88500000000005,5.658926344139942,233.20285268827993,210.56714731172016,213.71466431095405
2024-04-30,210.05,220.75,210.0,215.5,10670,219.2184170781094,217.84503715897122,43.80397703582693,217.54205894814845,219.76121018653535,-2.2191512383868996,-1.150057129810416,-1.0690941085764836,220.93500000000003,4.984320151073908,230.90364030214783,210.96635969785223,213.6163250883392
2024-05-02,213.05,222.15,210.25,211.0,6707,218.43571068971804,217.57660432920767,38.77592803181881,216.535588340741,219.11223165419938,-2.5766433134583906,-1.4353743665400112,-1.1412689469183794,219.88500000000005,4.736451592087823,229.35790318417568,210.4120968158244,213.59388692579506
2024-05-05,209.05,217.95,209.0,211.45,4675,217.7704049097449,217.3363453359054,39.523507282990685,215.75319013447316,218.54465893907349,-2.7914688046003278,-1.7065932541520745,-1.0848755504482532,219.13250000000002,4.824888190685106,228.78227638137022,209.48272361862982,211.72922261484095
2024-05-06,211.45,214.5,208.25,210.0,1572,217.03036634691207,217.0486455188111,37.9169060616465,214.86808395993882,217.91172123988284,-3.043637279944022,-1.9740020593104641,-1.069635220633558,218.50750000000002,5.163441197494287,228.8343823949886,208.18061760501143,210.51459363957593
2024-05-07,207.5,216.0,207.5,210.0,6424,216.36080764720617,216.77222804748516,37.91690606164649,214.11914796610205,217.32566781470632,-3.206519848604273,-2.220505617169226,-0.9860142314350471,217.98499999999999,5.4758104422981475,228.93662088459627,207.0333791154037,210.13837455830387
2024-05-08,207.1,213.45,207.1,210.0,5345,215.75501644271034,216.50665047699556,37.91690606164649,213.48543289439402,216.78302575435768,-3.2975928599636575,-2.4359230657281126,-0.8616697942355449,217.26,5.52748158129547,228.31496316259094,206.20503683740904,209.86780918727916
2024-05-09,212.0,212.45,207.75,209.75,5023,215.18311011483317,216.2416837916232,37.587882849899714,212.9107509106411,216.26206088366453,-3.351309973023433,-2.619000447187177,-0.7323095258362562,216.54749999999999,5.531381168529338,227.61026233705866,205.4847376629413,209.9146643109541
2024-05-12,208.05,212.45,208.05,209.85,2013,214.67519486580144,215.99102952528503,37.82031000791642,212.43986615515786,215.7870934108005,-3.3472272556426503,-2.7646458088782717,-0.5825814467643786,215.88999999999996,5.505513982409693,226.90102796481935,204.87897203518057,209.80091872791522
2024-05-13,206.7,212.5,206.7,209.5,2495,214.18231916429656,215.7364793478229,37.29677947257576,211.98757905436435,215.32138278777825,-3.3338037334139017,-2.878477393785398,-0.4553263396285039,215.115,5.240181294572037,225.5953625891441,204.63463741085593,209.70102473498233
2024-05-14,206.35,214.45,206.35,214.35,8526,214.19828876769688,215.6821076086926,48.03200703673735,212.35102843061597,215.24942850720208,-2.898400076586114,-2.882461930345541,-0.01593814624057277,214.58249999999998,4.695638373727794,223.97377674745556,205.1912232525444,211.18812720848052
2024-05-15,215.0,218.0,210.55,212.5,6425,214.03654698029717,215.5573190750184,44.8759167783809,212.3739471335981,215.04576713629822,-2.671820002700116,-2.840333544816456,0.16851354211634018,214.0075,4.1546826783615955,222.31686535672318,205.6981346432768,213.3609893992933
2024-05-16,210.0,213.0,209.25,210.0,4373,213.6521139345546,215.33938499364513,40.959192251452215,212.00872449765995,214.67200660768353,-2.663282110023573,-2.8049232578578795,0.14164114783430648,213.39000000000001,3.747300782947391,220.8846015658948,205.89539843410523,212.21300353356887
2024-05-19,207.65,219.7,207.65,219.7,5894,214.22810308364464,215.51038950369826,56.73689549268054,213.19199765186613,215.04445056266994,-1.8524529108038053,-2.614429188447065,0.7619762776432597,213.2575,3.4487707573605912,220.15504151472118,206.3599584852788,213.31021201413424
2024-05-20,223.05,223.05,213.5,217.3,15956,214.5206646947261,215.58057030747483,52.96544582814115,213.82399801311752,215.21152829876846,-1.3875302856509393,-2.36904940788784,0.9815191222369006,213.27249999999998,3.4665117838184054,220.2055235676368,206.33947643236317,218.0016254416961
2024-05-21,215.0,224.0,215.0,223.45,16465,215.37107758094265,215.8891753934562,60.256033158234196,215.3049213957148,215.82178546182263,-0.5168640661078143,-1.9986123395318347,1.4817482734240204,213.445,3.880073927671209,221.2051478553424,205.68485214465758,220.44469964664313
2024-05-22,226.85,226.85,217.5,217.5,8946,215.57383209704335,215.9523449858697,51.87778129218318,215.64262579637406,215.94609764983576,-0.30347185346170136,-1.659584242317808,1.3561123888561066,213.42,3.850680049301504,221.121360098603,205.71863990139698,220.78731448763253
2024-05-26,217.5,219.5,213.05,214.0,4315,215.42394332589637,215.87578243740424,47.6781778242177,215.38991413539344,215.80194226836645,-0.4120281329730062,-1.4100730204488476,0.9980448874758414,213.36999999999998,3.8355470343374707,221.0410940686749,205.69890593132504,217.26544169611304
2024-05-27,214.0,220.0,211.0,212.5,3067,215.14547253295387,215.743398812408,45.96096574215684,214.9453119607175,215.55735395219114,-0.6120419914736317,-1.2504668146538045,0.6384248231801728,213.26,3.8269336357735564,220.9138672715471,205.60613272845288,213.18053003533572
2024-05-29,215.75,217.45,211.3,214.0,5640,215.03637991076778,215.67503023152926,47.97872774320754,214.79987935137635,215.44199440017698,-0.6421150488006333,-1.1287964614831703,0.48668141268253695,213.2425,3.822484552994057,220.88746910598812,205.5975308940119,212.7936395759717
2024-05-30,211.15,218.95,211.15,217.9,9099,215.30910563355178,215.76228394793986,52.90270825864531,215.27682098962615,215.62406888905275,-0.3472478994266055,-0.9724867490718573,0.6252388496452518,213.5125,3.9556713117117206,221.42384262342344,205.60115737657654,215.09378091872793
2024-06-02,221.25,224.0,217.85,221.75,8985,215.9225241446421,215.9970963421383,57.20868603965059,216.2726946835298,216.07784156393774,0.19485311959206797,-0.7390187753390723,0.9338718949311403,213.825,4.348336039886141,222.52167207977226,205.12832792022772,219.08908127208477
2024-06-03,225.15,225.15,217.55,222.35,6585,216.53466470229523,216.2462298189172,57.85537177517612,217.20766473221752,216.54244589253494,0.6652188396825807,-0.45817125233474176,1.1233900920173223,214.3925,4.687645436338492,223.76779087267698,205.01720912732304,222.05187279151943
2024-06-04,225.75,225.75,216.0,221.0,2815,216.95993473064806,216.43265217895964,55.81161390726676,217.79110092726097,216.8726350856805,0.9184658415804563,-0.18284383355170214,1.1013096751321585,214.87000000000003,4.855528590660305,224.58105718132063,205.15894281867944,222.19989399293286
2024-06-05,217.6,220.0,214.5,219.5,5523,217.20184570868156,216.55294032880437,53.54815587687574,218.05400847691314,217.06725470896345,0.9867537679496934,0.05107568674857699,0.9356780812011164,215.34500000000003,4.81857425954187,224.98214851908378,205.70785148091628,220.6333215547703
2024-06-06,222.85,222.85,213.75,215.0,5851,216.99214611737855,216.49204070806695,47.34480767091779,217.58416101892652,216.9141247305217,0.6700362884048161,0.1748678070798248,0.4951684813249913,215.59500000000003,4.653547034250599,224.9020940685012,206.28790593149884,217.94159010600708
2024-06-09,215.0,220.0,212.75,219.45,11229,217.22622743953298,216.60803911167216,53.12752196284177,217.8712131698609,217.10196734307567,0.7692458267852373,0.29374341102090734,0.47550241576433,216.06750000000002,4.533770215659747,225.1350404313195,206.99995956868054,216.68434628975263
2024-06-10,219.0,225.5,219.0,222.45,23547,217.72372958814887,216.83713561709678,56.58881301793189,218.5756419129592,217.49811791025525,1.0775240027039672,0.45049952935751936,0.6270244733464478,216.70250000000001,4.491555673528182,225.68561134705638,207.71938865294365,219.76501766784455
2024-06-11,225.0,234.6,222.55,228.55,35873,218.75480296070612,217.2964636321126,62.63136869502195,220.11015854173473,218.31677584282895,1.7933826989057877,0.719076163267173,1.0743065356386148,217.6375,4.916296075832395,227.47009215166477,207.8049078483352,224.73646643109535
2024-06-12,232.1,237.65,232.0,233.45,38428,220.15434553587696,217.92993564653955,66.64742091286385,222.16244184300632,219.4377554100268,2.7246864329795244,1.1201982172096434,1.604488215769881,218.83499999999998,5.686389567710857,230.2077791354217,207.46222086457826,230.08653710247344
2024-06-13,230.55,238.0,230.5,233.95,29645,221.46821738960296,218.55817346432232,67.03671805230346,223.97591232869766,220.51273649076555,3.4631758379321127,1.5887937413541375,1.8743820965779752,219.815,6.503057985123288,232.82111597024658,206.80888402975341,233.84780918727913
2024-06-16,237.5,237.5,227.5,229.5,20937,222.23314906678362,218.98726470101556,60.291687525626344,224.8257719704365,221.1784597136718,3.6473122567647067,2.0004974444362515,1.6468148123284552,220.66500000000002,6.606796739561119,233.87859347912226,207.45140652087778,232.8441696113074
2024-06-18,229.5,233.0,222.45,223.5,20071,222.35380153661376,219.16423471274044,52.606005323609,224.6218070519078,221.35042566080722,3.27138139110059,2.2546742337691192,1.0167071573314708,221.34,6.132433191000591,233.60486638200118,209.07513361799883,227.79628975265018
2024-06-19,225.0,229.95,221.55,224.5,8348,222.5582013902696,219.37348041028005,53.66613011504665,224.60306750546047,221.58372746371037,3.019340041750098,2.407607395365315,0.611732646384783,221.57999999999998,6.1587421819019355,233.89748436380387,209.2625156361961,223.83848056537101
2024-06-20,225.0,227.45,221.75,224.5,6210,222.7431345911963,219.57452039419064,53.66613011504665,224.58721096615886,221.79974765158366,2.7874633145752057,2.4835785792072933,0.3038847353679124,221.94,6.105597087054947,234.1511941741099,209.7288058258901,223.8858657243816
2024-06-23,226.0,226.0,219.0,221.0,2650,222.57712177298714,219.63042155520276,49.19901169708604,224.0353323559806,221.7405070847997,2.2948252711808834,2.4458279176020117,-0.15100264642112826,221.81749999999997,6.098280063823104,234.0140601276462,209.62093987235374,223.3964664310954
2024-06-24,218.1,224.0,218.1,221.45,7853,222.46977684222645,219.7017775726458,49.77784259235536,223.63758891659893,221.71898804148123,1.9186008751177042,2.34038250910515,-0.42178163398744584,222.01499999999996,6.014480333677271,234.0439606673545,209.98603933264542,221.38858657243813
2024-06-25,224.5,229.5,223.5,228.45,11338,223.03932190487157,220.04484511881657,57.82752648442541,224.3779598525068,222.21758151989002,2.160378332616773,2.3043816738074745,-0.14400334119070157,222.7375,5.867099951601737,234.47169990320347,211.00330009679655,223.4901060070671
2024-06-26,230.0,236.0,228.1,230.5,32843,223.7498626758362,220.45485119258848,59.856779395751076,225.31981218289036,222.83109399989817,2.488718182992187,2.341248975644417,0.14746920734777014,223.6375,5.587977578787524,234.81345515757505,212.46154484242493,228.72081272084804
2024-06-27,234.0,234.0,225.1,226.95,5750,224.05463765908988,220.7095629105262,54.927784575981896,225.57061030859956,223.13619814805386,2.4344121605456905,2.359881612624672,0.07453054792101854,224.285,5.145209831533157,234.5754196630663,213.9945803369337,229.78876325088336
2024-06-30,224.5,230.45,223.0,224.95,4640,224.1399102629861,220.87585456109377,52.314117624924144,225.47513179958423,223.2705538407906,2.204577958793635,2.328820881858465,-0.12424292306482965,224.6375,4.921378577720083,234.48025715544014,214.79474284455983,226.69254416961127
2024-07-01,221.55,230.0,221.55,229.95,8458,224.6932521427017,221.2317034018352,57.72940177450848,226.16357306118667,223.76532763036167,2.398245430825,2.342705791651772,0.055539639173227684,225.04749999999999,5.0089518548484095,235.0654037096968,215.02959629030318,226.4673498233215
2024-07-02,233.5,242.0,226.6,231.45,16154,225.33675193863488,221.63242091548872,59.225386694340855,226.97686951331178,224.33456262070524,2.642306892606541,2.402626011842726,0.2396808807638151,225.50249999999997,5.161993571437059,235.8264871428741,215.17851285712584,229.9439929328622
2024-07-03,228.5,232.0,225.0,230.45,6850,225.82372794447917,221.9782083305676,57.757835845505795,227.51119728049457,224.78755798213447,2.723639298360098,2.4668286691462007,0.2568106292138972,225.975,5.160668561337605,236.2963371226752,215.6536628773248,231.46378091872788
2024-07-04,228.0,233.5,225.0,230.0,9384,226.22146814024305,222.29278839603558,57.072490801028124,227.89409000657233,225.17366479827265,2.720425208299673,2.5175479769768954,0.2028772313227778,226.5,4.998841971157888,236.49768394231577,216.50231605768423,230.50028268551236
2024-07-07,226.4,228.5,225.0,226.5,14033,226.24799498402945,222.45777708638713,51.91291502725613,227.6796146209458,225.27191185025245,2.407702770693362,2.495578935720189,-0.08787616502682694,227.075,4.204743561863252,235.4844871237265,218.66551287627348,228.7443462897526
2024-07-08,224.0,226.5,222.55,222.55,7233,225.89580498555046,222.46139367123467,46.77363773949749,226.8904431408003,225.07028875023374,1.8201543905665574,2.3604940266894627,-0.5403396361229054,227.22999999999996,3.9588142828748025,235.14762856574956,219.31237143425037,225.34565371024735
2024-07-09,226.0,226.5,221.0,224.2,9207,225.73429974883135,222.52957431157841,49.04299094435067,226.4765288114464,225.0058229168831,1.4707058945633094,2.1825364002642322,-0.7118305057009229,227.31750000000002,3.865851679837707,235.04920335967543,219.58579664032462,223.0593286219081
2024-07-10,222.0,241.6,222.0,241.6,62716,227.2453188203712,223.2774341424969,65.66703311401452,228.8032166866085,226.2350212193362,2.5681954672722895,2.2596682136658437,0.30852725360644584,227.96999999999997,5.015276662356462,238.00055332471288,217.93944667528706,229.668480565371
2024-07-11,245.4,260.75,245.4,260.75,109134,230.43624083747872,224.74694652906564,75.24065177030846,233.71810642713027,228.79168631420018,4.926420112930089,2.793018593518693,2.1334015194113958,229.33499999999998,8.841113587872345,247.01722717574467,211.6527728242553,247.1189399293286
2024-07-14,264.95,266.5,249.95,253.0,74589,232.58517028152838,225.85490941027876,67.08752546318716,236.68455159218715,230.58489473537054,6.099656856816608,3.454346246178276,2.645310610638332,230.2875,10.274468548170498,250.836437096341,209.738562903659,258.40519434628976
2024-07-15,248.95,261.0,247.0,257.5,66121,234.9580112070971,227.09589335497373,69.17612127766887,239.8869282703122,232.57860623645422,7.308322033857991,4.225141403714219,3.0831806301437714,231.6875,11.934975966283517,255.55745193256703,207.81754806743297,256.8021908127209
2024-07-16,257.45,273.45,255.0,265.5,68683,237.8667720445164,228.6019367528179,72.51535046188287,243.82740084411031,235.01722799671685,8.81017284739346,5.1421476924500675,3.6680251549433924,233.7875,13.944399696462789,261.67629939292556,205.89870060707443,259.2220848056537
2024-07-17,265.5,267.5,258.6,267.5,75913,240.68898423075294,230.12735099780545,73.29426213768747,247.46933917578565,237.4233592562193,10.04597991956635,6.122914137873324,3.9230657816930252,235.9375,15.647943155570756,267.2333863111415,204.64161368885848,266.0558303886926
2024-07-18,271.85,271.85,258.95,259.25,65750,242.4567000183003,231.26941566455818,65.09869639408566,249.28174853335707,239.0401474594623,10.24160107389477,6.9466515250776135,3.294949548817157,237.675,16.229574207210156,270.13414841442034,205.21585158557968,265.2789752650176
2024-07-21,263.4,266.8,258.55,263.65,72155,244.47510954036693,232.53924250124217,67.20490446696485,251.49224875899444,240.86309949950214,10.629149259492294,7.68315107196055,2.9459981875317443,239.80749999999998,16.717901491010455,273.2433029820209,206.37169701797907,261.48812720848053
2024-07-22,263.5,282.5,259.55,278.3,71631,247.69652767937959,234.33378201099737,73.03890851358112,255.6165181806876,243.63620324027977,11.980314940407823,8.542583845650004,3.437731094757819,242.65,18.199703583473166,279.04940716694637,206.25059283305367,267.6031448763251
2024-07-23,282.85,282.85,270.1,274.5,45648,250.2492393289625,235.90892781448767,69.58126055583139,258.5216692298126,245.92241040766646,12.599258822146112,9.353918840949227,3.245339981196885,244.95249999999996,19.194444611588466,283.34138922317686,206.56361077682303,276.42045936395755
2024-07-24,275.0,276.5,263.5,264.5,41274,251.60645463096608,237.03014633156658,61.35040434392957,259.441412425226,247.29852815524671,12.142884269979305,9.911711926755242,2.2311723432240633,246.65249999999997,19.352053304629756,285.3566066092595,207.94839339074048,272.6772791519434
2024-07-25,268.75,268.75,260.5,265.0,33252,252.88203038039788,238.12700333817185,61.59502599090297,260.29657974442205,248.6097482918951,11.686831452526945,10.266735831909584,1.4200956206173618,248.55499999999998,19.182762958886016,286.920525917772,210.18947408222795,264.99561837455826
2024-07-28,269.0,269.3,257.5,265.0,46733,254.03612272512188,239.18084634451807,61.59502599090297,261.0201828606648,249.82384101101397,11.19634184965085,10.452657035457836,0.7436848141930135,250.55749999999998,18.67256836138223,287.90263672276444,213.2123632772355,264.05477031802116
2024-07-29,269.0,269.0,258.25,258.25,29837,254.43744437034837,239.92865629179187,56.041569706708174,260.594000882101,250.44800093612403,10.145999945976968,10.391325617561664,-0.24532567158469654,251.9725,18.092005176755702,288.1565103535114,215.78848964648859,262.74151943462897
2024-07-30,258.0,275.9,253.85,262.5,85984,255.20530681126758,240.8138070254471,58.57412670139476,260.8872315156239,251.34074160752226,9.546489908101648,10.222358475669662,-0.6758685675680134,253.525,17.562733422309947,288.6504668446199,218.3995331553801,260.15388692579506
2024-07-31,262.5,274.0,262.5,266.9,56383,256.3190871149564,241.8367949852335,61.07447202689488,261.81227282091254,252.4932792662243,9.318993554688234,10.041685491473377,-0.722691936785143,255.3475,16.921719731876383,289.1909394637528,221.50406053624724,263.10120141342753
2024-08-01,270.0,270.95,259.0,260.5,28884,256.71726929448437,242.56868537796944,55.79894014490071,261.6103846946183,253.08636969094843,8.52401500366986,9.738151393912673,-1.214136390242814,256.87250000000006,15.858066808243061,288.58863361648616,225.15636638351393,264.8074558303887
2024-08-05,262.5,265.0,258.5,263.5,31217,257.3632436473906,243.38952124550008,57.64577977508477,261.9010947416001,253.85774971384114,8.04334502775896,9.399190120681931,-1.355845092922971,258.7225,14.199837610263627,287.12217522052725,230.32282477947277,262.35484098939924
2024-08-06,265.5,267.5,245.05,246.5,35956,256.32864901430577,243.51150080450006,45.93356547842781,259.5316955505847,253.31273121651958,6.218964334065106,8.763144963358567,-2.544180629293461,259.92,11.795030175547137,283.5100603510943,236.32993964890574,256.912296819788
2024-08-07,246.5,260.0,243.7,257.5,51764,256.44020625103855,244.06006940040203,52.638917181611596,259.2191270043409,253.62289927455518,5.596227729785738,8.129761516644,-2.5335337868582624,261.58500000000004,8.328219307995369,278.2414386159908,244.9285613840093,251.66961130742047
2024-08-08,257.5,261.5,254.0,256.5,38979,256.44590089379676,244.54790981607255,52.00744913010923,258.8007997729039,253.83601784681036,4.964781926093508,7.496765598533902,-2.5319836724403944,262.33000000000004,7.008198206759316,276.3463964135187,248.3136035864814,254.87031802120146
2024-08-11,260.5,263.5,257.5,261.0,72823,256.87962461819706,245.1930898232854,54.64423079220318,259.13913826938017,254.3666831914911,4.772455077889077,6.951903494404938,-2.1794484165158607,262.34250000000003,7.005454172133029,276.3534083442661,248.33159165573397,259.1060070671378
2024-08-12,265.2,274.0,261.0,269.45,68970,258.0768032259878,246.1443412027644,59.1795419458828,260.7254246894755,255.48396591804732,5.241458771428199,6.609814549809591,-1.3683557783813916,263.165,6.8139002665188935,276.7928005330378,249.53719946696222,263.49106007067144
2024-08-13,265.1,276.25,265.0,269.4,51275,259.1552029187509,247.05632782226382,59.141857035470885,262.0599747372485,256.51478325745126,5.545191479797268,6.396889935807127,-0.851698456009859,263.76,6.812751202512034,277.38550240502406,250.13449759497593,269.27586572438156
2024-08-14,265.05,280.0,265.0,269.05,68242,260.0975645455365,247.91882477041037,58.859308042770195,263.1353632392103,257.4433178309734,5.692045408236879,6.255921030293078,-0.5638756220561989,263.9375,6.906078081925001,277.74965616385,250.12534383615,270.0542402826855
2024-08-15,269.0,289.5,269.0,278.0,68353,261.8025583983425,249.09847870098253,63.642642916588244,265.4222304331779,258.9660350286791,6.456195404498828,6.295975905134229,0.16021949936459912,264.4625,7.559359395718974,279.58121879143795,249.34378120856204,272.1239575971731
2024-08-18,280.0,282.05,266.5,273.5,46522,262.9166004556432,250.05540110486555,59.87329263179324,266.664964212689,260.0426250265547,6.6223391861342975,6.361248561334244,0.26109062480005374,265.175,7.712216897471474,280.59943379494297,249.75056620505705,275.83116607773843
2024-08-21,270.0,270.5,263.0,264.45,30238,263.0626385074867,250.61989517918457,53.06626432726815,266.3242004876599,260.3690972468099,5.955103240850008,6.280019497237397,-0.3249162563873895,265.21500000000003,7.705963172830048,280.62692634566014,249.80307365433993,271.52890459363954
2024-08-22,265.0,271.5,259.5,267.0,43033,263.4376253162975,251.26225223098126,54.631414237099406,266.4281696434045,260.86027522852766,5.567894414876832,6.137594480765285,-0.569700065888453,264.65,7.085344399753504,278.82068879950697,250.47931120049296,265.51777385159005
2024-08-25,270.0,275.0,260.5,262.5,44801,263.34832766712634,251.70294822192318,51.375422877114175,265.82383585211153,260.9817363227108,4.842099529400741,5.878495490492377,-1.0363959610916362,264.05,6.7052218456931465,277.46044369138633,250.63955630861372,264.46770318021197
2024-08-27,258.5,271.0,256.0,257.6,27669,262.8008678893048,251.93420515439678,48.019393738963096,264.5586303364021,260.73123733584333,3.827393000558743,5.468274992505651,-1.640881991946908,263.70500000000004,6.856650632393159,277.41830126478635,249.99169873521373,261.36201413427557
2024-08-28,260.0,264.0,248.15,260.5,29700,262.5817376141329,252.27011867775377,50.09709334228973,263.9342256692633,260.71410864429936,3.2201170249639404,5.01864339899731,-1.7985263740333695,263.48,6.88569073093368,277.25138146186737,249.70861853813267,258.5086219081272
2024-08-29,260.5,264.5,253.5,255.3,13773,261.8882387937393,252.38893755313597,46.50742948948928,262.6058832586074,260.31306355953643,2.2928196990709466,4.473478659012037,-2.1806589599410904,262.995,7.110923768545555,277.2168475370911,248.77315246290888,258.0836042402827
2024-09-01,251.25,275.0,251.25,263.0,42962,261.9941208133832,252.80505764909142,51.992955606063774,262.666516603437,260.51209588845967,2.1544207149773342,4.009667070205097,-1.855246355227763,263.2325,7.0228813062777915,277.2782626125556,249.18673738744442,258.5418374558304
2024-09-02,265.0,272.0,265.0,271.5,38984,262.89944264068004,253.5381926432447,57.209523090150164,264.02551404906205,261.32601471153674,2.6994993375253102,3.74763352366914,-1.0481341861438298,263.6825,7.257886364062535,278.19827272812506,249.16672727187495,264.9103886925795
2024-09-03,275.0,275.0,263.65,266.5,28703,263.24235286537714,254.04649881409784,53.52507130629915,264.4062041953602,261.7092728810525,2.696931314307676,3.5374930817968475,-0.8405617674891714,263.6625,7.249099308840676,278.16069861768136,249.16430138231868,269.92459363957596
2024-09-04,265.0,267.0,251.0,262.5,25774,263.17165259248407,254.37800866452537,50.7113296609969,264.11294201145864,261.7678452602338,2.345096751224844,3.299013815682447,-0.9539170644576029,263.7625,7.216900395304768,278.19630079060954,249.32869920939046,266.24522968197874
2024-09-05,258.5,275.0,255.95,269.0,28091,263.72673329796174,254.95142008944597,54.86365523984209,264.86479708661886,262.30356042614244,2.5612366604764247,3.1514583846412427,-0.590221724164818,264.0375,7.310552484699053,278.65860496939814,249.4163950306019,264.53144876325086
2024-09-08,264.75,280.0,264.75,278.45,80773,265.12894917434636,255.87293302711475,60.12340945734218,266.9548283040621,263.4995929871689,3.4552353168932086,3.212213771091636,0.24302154580157254,265.635,6.745585300964737,279.12617060192946,252.14382939807052,271.42462897526497
2024-09-09,278.45,280.0,270.6,277.5,58587,266.3071444910753,256.72105330056127,59.374353200077124,268.5771624111295,264.53666017330454,4.040502237824967,3.3778714644383028,0.6626307733866641,266.635,6.955329270646898,280.5456585412938,252.7243414587062,278.08385159010595
2024-09-10,273.0,283.5,273.0,277.5,24161,267.3731307300205,257.53591395544123,59.374353200077124,269.9499066555711,265.4969075678746,4.452999087696526,3.5928969890899474,0.8601020986065784,267.685,6.929857217330732,281.54471443466144,253.82528556533853,278.4253003533568
2024-09-11,273.0,281.5,270.5,274.95,24469,268.0947373271614,258.218819290522,57.15753406477808,270.71915178548323,266.1971366369209,4.522015148562332,3.7787206209844246,0.7432945275779073,268.3825,6.9236299233673995,282.2297598467348,254.5352401532652,276.5429681978799
2024-09-12,270.5,279.5,270.5,277.7,30098,269.00952424838414,258.9827871614819,58.93805892630746,271.79312843387044,267.0492005897416,4.743927844128848,3.9717620656133095,0.7721657785155385,268.79499999999996,7.22957922630581,283.2541584526116,254.33584154738833,276.05989399293287
2024-09-15,277.75,299.5,277.75,295.0,114095,271.4848076532999,260.3952268806395,67.95941964831144,275.36341636712115,269.11963017568667,6.243786191434481,4.426166890777544,1.8176193006569363,270.075,9.309410914709138,288.69382182941825,251.45617817058172,283.1881272084805
2024-09-16,297.5,299.5,283.7,287.5,39975,273.0100640672714,261.4581591598301,61.63712423460268,277.23058307987174,270.48113905156174,6.749444028309995,4.890822318284035,1.85862171002596,270.9975,10.084373985734977,291.16624797146994,250.82875202853006,291.52915194346286
2024-09-18,290.0,290.2,282.5,283.2,27310,273.9805341561027,262.3107803692485,58.28898513440086,278.1489549137376,271.4232768995942,6.725678014143398,5.257793457455907,1.4678845566874905,271.2575,10.338256431941959,291.93401286388394,250.58098713611608,288.11293286219075
2024-09-22,278.75,292.0,278.75,279.5,24374,274.50619756980717,262.9848674135917,55.495558295522756,278.35680800393186,272.0215526848095,6.335255319122382,5.473285829789202,0.8619694893331795,271.5575,10.492657520478918,292.54281504095786,250.57218495904218,281.5419787985865
2024-09-23,278.0,292.5,262.5,270.5,33220,274.1246549441113,263.27957849541167,49.30579245928177,277.1480683110193,271.9088450785273,5.239223232492009,5.426473310329764,-0.1872500778377555,271.86,10.363379351297759,292.58675870259555,251.13324129740448,276.2843109540636
2024-09-24,266.1,270.0,254.0,269.5,26225,273.6842116161007,263.52351659363086,48.656413426935835,275.97144241701636,271.7304121097475,4.241030307268886,5.189384709717589,-0.948354402448703,271.985,10.316645976793215,292.61829195358644,251.3517080464136,270.42558303886926
2024-09-25,265.5,286.5,253.5,276.0,17940,273.9047628907578,264.01279045270417,52.99037581160516,275.97583589132154,272.0466778793958,3.929158011925722,4.937339370159216,-1.008181358233494,272.65999999999997,10.102821388105255,292.8656427762105,252.45435722378946,270.96537102473496
2024-09-26,278.0,278.0,262.0,264.0,10827,272.96145213925706,264.0122888663236,45.3753482596713,274.133399600349,271.45062766610727,2.682771934241714,4.486425882975715,-1.8036539487340013,272.97999999999996,9.693777168340036,292.36755433668003,253.5924456633199,271.37632508833923
2024-09-29,262.5,267.45,255.85,264.0,13970,272.1079805069469,264.0118069499972,45.3753482596713,272.57441504644913,270.89872932046967,1.6756857259794629,3.924277851576465,-2.248592125597002,273.155,9.485985507715496,292.12697101543097,254.18302898456898,265.3982332155477
2024-09-30,260.0,276.0,256.0,268.45,4940,271.7596014110472,264.18585373627184,48.554905035229105,271.9398896546877,270.71734196339787,1.222547691289833,3.383931819519139,-2.161384128229306,273.8125,8.597381409779361,291.0072628195587,256.6177371804413,264.4249823321555
2024-10-01,264.5,280.5,261.05,273.85,22430,271.95868699094746,264.56483986426116,52.191550738158085,272.23375278473577,270.94939070684984,1.2843620778859304,2.9640178711924974,-1.679655793306567,274.35499999999996,8.212921462386253,290.78084292477246,257.92915707522747,269.9944876325089
2024-10-02,269.5,277.5,262.6,269.3,13811,271.70547870609533,264.7505324186039,49.04554912710303,271.78240620246874,270.82721361745354,0.9551925850151974,2.5622528139570373,-1.6070602289418399,274.245,8.26772259101995,290.7804451820399,257.7095548179601,272.34003533568904
2024-10-06,269.3,269.3,263.0,268.45,10271,271.3954331150386,264.89560957865865,48.45790341429131,271.26972832516583,270.6511237198644,0.6186046053014138,2.1735231722259125,-1.5549185669244987,274.3425,8.182640080326571,290.7077801606531,257.97721983934684,269.80763250883393
2024-10-07,264.5,276.5,264.5,268.7,16064,271.1387251993206,265.04480135988774,48.652770617352715,270.8743855059096,270.5065960369115,0.36778946899806897,1.812376431580344,-1.444586962582275,274.6525,7.819770406506991,290.29204081301395,259.012959186986,268.1775971731448
2024-10-08,264.55,271.0,264.5,271.0,10575,271.1255132755758,265.27833856146077,50.50670990049552,270.8937108126927,270.54314447862174,0.3505663340709475,1.5200144120784647,-1.1694480780075172,274.75249999999994,7.756211008635755,290.26492201727143,259.24007798272845,269.39081272084803
2024-10-09,266.6,284.0,266.6,274.4,12939,271.43736915409244,265.6360507747368,53.196934595425006,271.4331399184323,270.8288374802053,0.6043024382269664,1.3368720173081652,-0.7325695790811988,274.55,7.707310268758072,289.96462053751617,259.13537946248385,272.0289399293286
2024-10-15,269.95,274.4,266.0,274.4,7662,271.7195244727503,265.9797350580805,53.19693459542501,271.8895799309812,271.09336803722715,0.7962118937540481,1.228739992597342,-0.4325280988432938,274.395,7.675968994202383,289.74693798840474,259.0430620115952,274.3814134275618
2024-10-16,269.95,276.5,267.5,273.5,16886,271.8890935705836,266.27464740874404,52.323813308103155,272.1373368646764,271.27163707150663,0.8656997931697674,1.156131952711827,-0.2904321595420596,274.195,7.642848394342504,289.480696788685,258.909303211315,274.4027561837455
2024-10-17,269.55,273.5,268.7,270.0,16714,271.7091798971947,266.42073966722467,48.95849428585711,271.80851580857234,271.1774417328765,0.6310740756958353,1.0511203773086286,-0.4200463016127933,273.9475,7.697068392710422,289.34163678542086,258.5533632145791,272.3657243816254
2024-10-20,270.0,270.0,265.65,269.0,18767,271.4511627641285,266.5218871312551,48.00841283246558,271.37643645340734,271.0161497526634,0.3602867007439272,0.9129536419956883,-0.5526669412517611,273.5125,7.719641302681234,288.95178260536244,258.07321739463754,269.81159010600703
2024-10-21,273.0,277.45,269.15,276.5,42615,271.9320044056401,266.91318567512747,55.053335112718784,272.16467699903694,271.42236088209575,0.7423161169411969,0.8788261369847901,-0.13651002004359314,272.5875,5.904344408543088,284.39618881708617,260.7788111829138,271.3081272084806
2024-10-22,277.5,280.0,275.0,276.5,17213,272.367051605103,267.2891391780637,55.05333511271879,272.83164976841584,271.7984822982368,1.0331674701790234,0.9096944036236367,0.1234730665553867,272.0375,4.862527905476366,281.76255581095273,262.3124441890473,275.9053003533569
2024-10-23,277.5,277.5,265.5,271.9,15561,272.3225704998551,267.4699572495122,50.21351022931714,272.6883190348134,271.8060021279971,0.8823169068162997,0.9042189042621693,-0.021901997445869625,271.4725,4.092820253998045,279.6581405079961,263.28685949200394,275.6135689045936
2024-10-24,270.0,271.85,265.0,269.05,8278,272.0108971189165,267.53191971031566,47.43134350129953,272.1285776448421,271.60185382221954,0.5267238226225572,0.828719887934247,-0.30199606531168977,270.95,3.6580121147334683,278.26602422946695,263.633975770533,271.23600706713773
2024-10-27,271.0,275.0,265.75,271.0,25168,271.9146212028292,267.66792285893075,49.493329650232624,271.9549503148664,271.55727205761065,0.397678257255734,0.7425115617985445,-0.34483330454281047,270.975,3.6564830672396798,278.2879661344794,263.66203386552064,269.4875971731449
2024-10-28,272.5,275.0,271.5,274.5,26734,272.16084775494073,267.93584745269817,53.05280988811659,272.34649642027154,271.77525190519503,0.5712445150765006,0.7082581524541357,-0.13701363737763506,271.225,3.7206924935469665,278.666384987094,263.78361501290607,271.8039575971731
2024-10-29,278.35,279.95,275.0,279.0,31522,272.8121955878035,268.3697357878865,57.2266890289358,273.37011235561437,272.31041843073615,1.0596939248782178,0.7785453069389522,0.2811486179392656,271.375,3.975103441217447,279.3252068824349,263.4247931175651,275.9788339222615
2024-10-30,282.5,298.0,278.0,291.5,69537,274.5919864842032,269.2768049726753,66.21268351816425,276.15932583936603,273.73186891734827,2.427456922017768,1.1083276299547156,1.3191292920630526,272.75,5.680252032951702,284.1105040659034,261.3894959340966,283.28374558303886
2024-11-05,295.95,310.0,291.5,306.6,133401,277.64036872380285,270.74045967962917,73.46483266434643,280.84250647946357,276.166545293841,4.675961185622555,1.8218543410882835,2.854106844534271,274.88,9.152399742831829,293.18479948566363,256.57520051433636,296.2253003533569
2024-11-06,312.7,337.2,312.7,337.2,5247,283.31271455963116,273.346716162781,81.92953271054128,289.51289009800763,280.6875419387417,8.825348159265957,3.2225531047238185,5.602795054542138,278.3175,16.539699251066953,311.3968985021339,245.2381014978661,317.17088339222613
2024-11-10,343.9,370.9,343.9,370.9,63084,291.65436079204727,277.17233513678957,86.88969341938376,302.0339839290834,287.3699462395756,14.66403768950778,5.510850021680611,9.153187667827169,283.17,26.435917552490178,336.04183510498035,230.29816489501965,348.02544169611303
2024-11-11,378.3,407.9,374.0,395.0,157509,301.4968026213761,281.79302787652335,89.17752817593639,316.3364479399936,295.34254281442185,20.993905125571757,8.60746104245884,12.386444083112917,289.45500000000004,36.12976939923719,361.71453879847445,217.19546120152566,379.65349823321543
2024-11-12,402.9,407.0,384.0,386.8,21037,309.6209166574355,285.91094835195383,83.81795320453226,327.1769944107638,302.11716927261284,25.059825138150984,11.89793386159727,13.161891276553714,295.3725,41.76144493303225,378.89538986606453,211.8496101339355,393.65526501766783
2024-11-13,392.0,425.0,385.1,425.0,37426,320.60940078529876,291.3654209656027,87.56676246921003,342.22668757833867,311.2196011783452,31.007086399993455,15.719764369276508,15.287322030716947,303.1875,50.26599215279858,403.7194843055972,202.65551569440282,402.58692579505305
2024-11-14,425.0,433.5,399.0,410.0,84484,329.12279118669886,296.0177573983242,79.75366698461619,352.65335102782507,318.53666775772706,34.11668327009801,19.39914814944081,14.7175351206572,310.1375,54.97059231749996,420.0786846349999,200.1963153650001,416.56763250883387
2024-11-17,410.0,418.2,396.0,398.5,57919,335.73014440701326,300.0366688728997,74.2815419323469,359.7066816389289,324.459877553451,35.24680408547789,22.568679336648227,12.678124748829664,316.3425,57.662482729012154,431.66746545802425,201.01753454197566,410.5641696113074
2024-11-19,395.0,399.8,385.0,386.1,27507,340.5272735111072,303.4117014661193,68.80000492467376,363.7671921560168,329.0258125494917,34.74137960652507,25.0032193906236,9.738160215901473,321.9275,58.784784719122875,439.4970694382458,204.35793056175424,393.6719434628975
2024-11-20,386.1,386.1,377.1,377.1,21524,344.01039031957316,306.3014386635264,65.0480204508811,365.8183933627834,332.5868634717516,33.23152989103181,26.648881490705243,6.582648400326569,327.1075,58.85732140434759,444.82214280869516,209.39285719130484,382.8120141342756
2024-11-21,384.6,390.0,375.0,376.0,16686,347.05701981294715,309.03471557868227,64.5844291822208,367.3847943838937,335.80265136273295,31.582143021160732,27.63553379679634,3.9466092243643907,332.4075,58.21327004395527,448.8340400879106,215.98095991208947,376.19830388692577
2024-11-24,383.0,390.0,367.1,367.1,14358,348.9658750688569,311.3117855559888,60.80830665547972,367.34097986329465,338.120973484012,29.220006379282665,27.95242831329361,1.2675780659890563,337.3125,56.70272868909754,450.7179573781951,223.90704262180492,372.215406360424
2024-11-25,367.1,376.0,363.0,370.0,12431,350.9691250622991,313.61328416163633,61.596231456011374,367.7500598843262,340.48238285556664,27.26767702875958,27.8154780563868,-0.5478010276272229,341.9875,55.26109765896452,452.5096953179291,231.46530468207095,368.5871378091873
2024-11-26,377.0,395.0,370.1,394.9,33643,355.15301791350873,316.8009985082388,67.61632111157012,371.92697374827605,344.51331745885795,27.4136562894181,27.735113702993065,-0.32145741357496505,347.9075,54.20826377815501,456.32402755631006,239.49097244369,377.4933568904593
2024-11-27,402.7,410.0,397.0,401.5,38846,359.5670162074603,320.12252797850397,69.00331221766027,376.4766700946951,348.7345532026463,27.74211689204884,27.736514340804224,0.005602551244617615,354.3875,52.35877716345709,459.10505432691417,249.6699456730858,395.74551236749113
2024-11-28,407.0,407.0,385.1,385.5,17708,362.0368241877022,322.6863504107195,62.063546472037046,377.8648746955113,351.4579196320799,26.406955063431383,27.470602485329657,-1.063647421898274,360.21000000000004,48.71769266855,457.64538533710004,262.77461466290004,397.865441696113
2024-12-01,380.0,390.5,369.5,369.5,21410,362.7476028364925,324.5221798063776,55.99847709688864,376.57797089620186,352.7943700297036,23.78360086649826,26.73320216156338,-2.9496012950651185,365.13500000000005,43.972255307659914,453.07951061531986,277.19048938468023,381.7144169611307
2024-12-02,370.0,392.1,370.0,376.0,22828,364.0097358996837,326.54091785318633,57.80258730911394,376.4890522967862,354.51330558305887,21.975746713727347,25.781711071996174,-3.8059643582688274,370.21000000000004,38.47477505833389,447.1595501166678,293.2604498833323,371.33427561837453
2024-12-03,383.5,392.0,383.4,385.0,18487,366.0088086711424,328.8334308785516,60.233801749260884,377.7984288665114,356.77157924357306,21.026849622938357,24.83073878218461,-3.8038891592462534,375.51000000000005,32.00619841283904,439.52239682567813,311.49760317432197,377.1770318021201
2024-12-04,385.0,388.0,381.0,387.9,14482,368.0936840357955,331.14976692253,61.013262953308036,379.3525167332019,359.0773881884936,20.27512854470831,23.919616734689352,-3.6444881899810433,380.33000000000004,25.230226233416662,430.79045246683336,329.8695475331667,385.97823321554773
2024-12-05,389.0,389.0,373.4,374.5,13011,368.70380936571974,332.8497760628229,55.591047481317396,378.6059756973247,360.21980387823487,18.38617181908984,22.812927751569454,-4.426755932479615,383.725,18.4420536303627,420.6091072607254,346.84089273927464,383.95180212014134
2024-12-08,372.0,375.0,361.2,368.0,11133,368.63677990231787,334.22821621722204,53.12476518428816,376.9742871285055,360.7961147020693,16.17817242643622,21.485976686542806,-5.307804260106586,385.265,15.385135512459815,416.0352710249196,354.49472897508036,373.4453003533569
2024-12-09,370.0,370.2,362.0,366.5,10270,368.4332770544781,335.4937763655663,52.545422664720874,375.36285833950467,361.21862472413824,14.144233615366431,20.01762807230753,-5.873394456941099,385.04499999999996,15.63085595527791,416.3067119105558,353.7832880894441,366.7027561837456
2024-12-10,366.6,370.0,360.0,362.1,8043,367.83010781119447,336.5371576845637,50.795535583371155,373.3224185949655,361.2839117816095,12.03850681335598,18.421803820517223,-6.383297007161243,383.4,16.2471050052784,415.8942100105568,350.9057899894432,364.5062190812721
2024-12-11,356.2,367.9,355.2,367.9,9586,367.83676421012836,337.76707306948276,53.01668996731639,372.4882003495862,361.77399239037914,10.714207959207044,16.880284648255188,-6.166076689048143,382.45500000000004,16.585074932789034,415.6251498655781,349.28485013442196,364.238445229682
2024-12-12,370.0,372.0,362.1,363.0,8023,367.3761199996399,338.7565996157776,50.925181661721815,371.02847721888065,361.8648077688696,9.16366945001107,15.336961608606366,-6.173292158595295,379.355,13.76962618457998,406.89425236916,351.81574763084006,365.4368904593639
2024-12-16,363.0,363.0,342.3,342.3,11389,364.98791809491235,338.8955564935903,43.176113523357365,366.608711492899,360.41556274895333,6.193148743945642,13.508199035674222,-7.31505029172858,375.97,14.15560517585351,404.28121035170705,347.658789648293,356.79194346289745
2024-12-17,343.0,349.0,335.0,345.0,8044,363.08430684777784,339.1349464350181,44.36527529207739,363.2842943401453,359.2736692119938,4.010625128151503,11.608684254169678,-7.598059126018175,373.295,14.717818595513428,402.73063719102686,343.8593628089732,344.16466431095404
2024-12-18,351.9,351.9,335.0,335.5,6302,360.4572300051323,338.9923995159978,41.105730876120525,359.0097875185845,357.51265667777204,1.4971308408124742,9.586373571498237,-8.089242730685763,370.765,16.626145389904146,404.01729077980826,337.5127092201917,339.6888339222615
2024-12-19,335.5,340.0,327.0,328.6,9067,357.42320809988166,338.58485443693905,38.871854419706814,354.3313586695715,355.3709784053445,-1.0396197357729875,7.461174910043993,-8.500794645816981,368.34,19.018395526988286,406.37679105397655,330.3032089460234,334.0286925795053
2024-12-22,328.0,355.0,318.2,347.5,13658,356.4781406617977,338.93446798843166,47.31729379851351,353.28038041271435,354.7879429679116,-1.5075625551972394,5.667427416995746,-7.174989972192986,366.91499999999996,19.476443936739795,405.86788787347956,327.96211212652037,334.6485512367492
2024-12-23,353.0,382.0,347.0,382.0,34246,358.90879393210264,340.62331238104224,58.5696119545635,357.69878342614294,356.80365089621444,0.8951325299285031,4.712968439582298,-3.8178359096537946,367.65999999999997,19.766702464389578,407.1934049287791,328.12659507122083,357.3783745583039
2024-12-24,389.6,410.0,381.3,389.0,42337,361.77462308142617,342.5204373857073,60.41695177306022,362.51435520673635,359.188565644643,3.325789562093348,4.4355326640845085,-1.1097431019911603,368.61,20.333532066901334,409.2770641338027,327.94293586619733,383.796183745583
2024-12-26,383.0,383.0,364.6,364.6,11371,362.0437065974808,343.3863025862678,51.75430269515484,362.83522363646927,359.5894126339287,3.245811002540563,4.197588331775719,-0.9517773292351563,367.09499999999997,19.377971079496696,405.85094215899335,328.3390578410066,383.34650176678446
2024-12-29,371.8,371.8,346.0,349.9,19444,360.8871631120065,343.64174170053184,47.34956457420928,360.84518923085864,358.8716783647488,1.973510866109848,3.7527728386425454,-1.7792619725326975,364.515,17.937677928695237,400.39035585739043,328.63964414260954,361.8585865724381
2024-12-31,346.0,346.0,327.0,341.0,9334,358.99314757752967,343.5381439867855,44.86017997558235,357.7920831953419,357.5478503377303,0.2442328576115642,3.0510648424363493,-2.806831984824785,362.28999999999996,17.95757866692678,398.20515733385355,326.3748426661464,345.6245229681979
2025-01-01,341.0,370.0,335.2,352.3,4848,358.35570495109823,343.8817461833821,48.558168439060935,356.9471473191354,357.15912068308364,-0.21197336394823196,2.398457201159433,-2.610430565107665,361.42999999999995,18.005908387027347,397.44181677405464,325.41818322594526,344.1145583038869
2025-01-02,359.3,365.0,337.3,350.0,8938,357.5599235271841,344.12167770560245,47.85467722969792,355.8783554238838,356.62881544729964,-0.7504600234158261,1.7686737562443813,-2.5191337796602076,360.13,17.836393900347062,395.8027878006941,324.4572121993059,349.94487632508833
2025-01-05,354.0,376.0,354.0,374.7,24421,359.19231176269034,345.3208275995004,55.33790950262199,358.77399305097856,357.9674217104626,0.8065713405159727,1.5762532730986996,-0.7696819325827269,359.61499999999995,17.218511305535806,394.05202261107155,325.17797738892835,359.6157597173144
2025-01-06,375.0,387.0,375.0,384.5,27218,361.6025677852913,346.8572657328533,57.91827488296645,362.73184027390494,359.93279788005793,2.799042393847003,1.8208110972483604,0.9782312965986426,359.445,16.939069600993008,393.323139201986,325.566860798014,376.17717314487635
2025-01-07,384.0,385.0,370.8,377.0,14857,363.06898990097784,348.0393337433297,55.28573408217708,364.92694177022724,361.1970350741277,3.7299066960995333,2.202630217018595,1.527276479080938,359.57,17.06477134486567,393.69954268973135,325.44045731026864,383.533780918728
2025-01-08,383.7,384.0,371.2,378.0,14673,364.4909908627895,349.21426183182655,55.575671180458684,366.93818149788456,362.44169914271083,4.496482355173725,2.6614006446496212,1.8350817105241042,360.07,17.466542453017844,395.00308490603567,325.1369150939643,378.73830388692573
2025-01-09,375.0,375.0,365.0,366.0,25320,364.63470601871427,349.87252607371573,51.278716633686635,366.7938458828254,362.7052769839915,4.088568898833898,2.946834295486477,1.1417346033474214,360.04499999999996,17.457210092407177,394.9594201848143,325.1305798151856,373.15300353356884
2025-01-12,359.0,370.0,359.0,359.1,12266,364.1075911597891,350.2343877963151,48.93580809139441,365.6101772854676,362.43821942962177,3.1719578558458466,2.991859007558351,0.18009884828749545,359.895,17.45151101887805,394.7980220377561,324.9919779622439,364.541554770318
2025-01-13,355.0,369.2,355.0,358.0,8199,363.5259158112377,350.53892160822437,48.55493538955908,364.43938078001105,362.109462434835,2.329918345176054,2.859470875081892,-0.5295525299058377,359.4,17.352627588075624,394.1052551761512,324.69474482384874,358.0937809187279
2025-01-15,360.0,360.0,350.9,353.0,8529,362.52344763873884,350.6354344863332,46.77292743855617,362.6794760446247,361.434687439662,1.2447886049627073,2.536534421058055,-1.2917458160953479,358.9,17.387472804471408,393.6749456089428,324.1250543910572,355.7380918727915
2025-01-16,350.0,362.0,350.0,359.0,10856,362.1878811969542,350.96345666333974,49.183111743775875,362.11340280699017,361.2543402219093,0.859062585080892,2.2010400538626227,-1.3419774687817307,359.735,16.943661289539925,393.6223225790799,325.84767742092015,355.2834628975265
2025-01-19,355.0,363.9,355.0,363.9,14878,362.3509401305776,351.4707720883068,51.129346967593726,362.38826391360703,361.4503150202864,0.9379488933206517,1.9484218217542286,-1.010472928433577,360.67999999999995,16.602206574965006,393.88441314992997,327.47558685006993,359.8139222614841
2025-01-20,365.5,373.0,362.0,368.1,10785,362.8984696419512,352.1228986730791,52.79807241425614,363.2669925422829,361.9428842780429,1.3241082642399533,1.8235591102513737,-0.4994508460114204,362.31,15.568047573895514,393.446095147791,331.173904852209,365.5516607773851
2025-01-21,360.8,375.3,356.1,361.0,15791,362.7176630093844,352.47102029374264,49.70807957558204,362.91822445885475,361.8730409981879,1.0451834606668626,1.6678839803344716,-0.622700519667609,363.93,13.412056634156087,390.75411326831215,337.10588673168786,365.84120141342754
2025-01-22,355.0,384.0,355.0,377.3,28677,364.1064570084907,353.4447057724194,56.06521994780692,365.13080531133863,363.01577870202584,2.1150266093127925,1.7573125061301358,0.35771410318265673,365.42,13.143323300000501,391.706646600001,339.133353399999,367.42346289752646
2025-01-23,371.1,384.0,371.0,374.8,13957,365.1248896743487,354.2821682911481,54.9185983610216,366.6183737249788,363.8886839833572,2.7296897416215984,1.9517879532284286,0.7779017883931698,365.06000000000006,12.758254294044075,390.5765085880882,339.54349141191193,374.70501766784446
2025-01-26,370.0,385.5,367.4,385.0,33656,367.01775732441075,355.48678914247563,58.635642457715214,369.4463162288282,365.45248516977523,3.9938310590529795,2.360196574393339,1.6336344846596407,364.86,12.38923131721634,389.6384626344327,340.0815373655673,379.93554770318025
2025-01-27,385.0,392.7,380.0,385.8,21710,368.80654234113354,356.6755425094374,58.9217221498043,371.9622675782393,366.95970849053265,5.002559087706629,2.8886690770559973,2.113890010650632,365.91999999999996,13.243294231616915,392.4065884632338,339.43341153676613,384.36035335689047
2025-01-28,380.3,388.0,380.1,388.0,12565,370.63449068959704,357.9039526071065,59.74621119043103,374.4296110277409,368.51824860234507,5.9113624253958506,3.493207746723968,2.4181546786718826,367.825,13.554213755368824,394.93342751073766,340.7165724892623,387.42713780918723
2025-02-02,388.0,400.0,388.0,390.0,29842,372.47882490963536,359.162621132318,60.52195846239626,376.82505548501155,370.10948944661584,6.715566038395707,4.137679405058316,2.577886633337391,370.275,12.861033559183277,395.99706711836654,344.5529328816334,388.60791519434633
2025-02-03,382.2,399.5,380.0,383.5,17027,373.52846063252724,360.1170281467369,56.69770212112802,377.851970025779,371.1013791172369,6.750590908542108,4.660261705755075,2.090329202787033,371.83500000000004,12.451686632738202,396.7383732654764,346.93162673452366,387.8475618374558
2025-02-04,387.0,390.0,379.0,386.0,10563,374.7162262865723,361.13204665078644,57.802126348865926,379.1055130987361,372.20498066410823,6.9005324346278485,5.10831585152963,1.7922165830982184,373.63500000000005,11.709028230607926,397.0530564612159,350.2169435387842,384.9720848056536
2025-02-05,388.3,393.0,382.1,388.8,18121,376.05753806880347,362.21706442918696,59.061514098107665,380.59697262200746,373.4342413556558,7.1627312663516705,5.519198934494038,1.6435323318576325,374.34000000000003,12.191083886008629,398.7221677720173,349.95783222798275,386.1953356890459
2025-02-06,381.2,405.0,375.0,384.0,14893,376.81396301463167,363.07129719666983,55.97727162771858,381.1205152955448,374.2168901441257,6.903625151419078,5.796084177879046,1.107540973540032,374.315,12.169646234529335,398.65429246905865,349.97570753094135,387.2014840989399
2025-02-09,386.3,388.0,375.0,379.0,11356,377.02215701323814,363.69595220856513,52.87953147083367,380.7942821731533,374.5711945778942,6.2230875952591305,5.881484861355063,0.34160273390406726,374.415,12.201047194052183,398.8170943881044,350.01290561189563,382.87081272084805
2025-02-10,375.0,386.0,370.0,377.0,6011,377.0200468215012,364.21767957293514,51.64831590190181,380.2105464542066,374.75110609064274,5.4594403635638855,5.7970759617968275,-0.337635598232942,374.365,12.187624223384805,398.7402484467696,349.9897515532304,378.215406360424
2025-02-11,369.5,382.5,369.0,380.0,8436,377.3038518861201,364.83659409948666,53.400982081916325,380.178154692021,375.1399130468914,5.038241645129574,5.645309098463377,-0.6070674533338032,375.065,12.083493525855133,399.23198705171023,350.89801294828976,377.7024734982331
2025-02-12,373.0,385.0,373.0,373.0,8298,376.89396123029917,365.15672766421267,48.942987416191585,379.07382320094086,374.9814009693439,4.09242223159697,5.334731725090096,-1.242309493493126,375.76,11.50269533630743,398.76539067261484,352.75460932738514,377.22685512367497
2025-02-13,365.6,377.0,365.6,375.0,9183,376.7135839702707,365.54273834404745,50.22162554174257,378.4470811700269,374.9827786753184,3.464302494708477,4.960645879013772,-1.4963433843052956,376.61,10.722916924434744,398.0558338488695,355.16416615113053,374.42614840989387
2025-02-16,367.5,377.4,363.0,372.0,14637,376.2646712111973,365.7959642913397,48.26892425606858,377.4552225284843,374.7618321067763,2.6933904217079885,4.507194787552615,-1.8138043658446268,377.56,9.26341985275029,396.0868397055006,359.0331602944994,373.20353356890456
2025-02-17,379.4,379.4,360.0,364.0,18853,375.0966072863214,365.7255343191303,43.42057363975397,375.3851882933329,373.96465935812626,1.4205289352066188,3.889861617083416,-2.4693326818767973,377.81,8.791616820340638,395.3932336406813,360.22676635931873,369.6530035335689
2025-02-18,357.0,371.3,357.0,368.0,7016,374.4207399257193,365.81472905171347,46.323685534855414,374.24900547897397,373.52283273900576,0.7261727399682059,3.2571238416603743,-2.5309511016921684,378.015,8.492924299544972,395.0008485990899,361.02915140091005,365.6289752650177
2025-02-20,374.0,374.0,356.0,366.0,3477,373.6187646946984,365.8219945790973,45.07823404348977,372.979927712978,372.96558586944974,0.014341843528256959,2.6085674420339506,-2.5942255985056937,377.90999999999997,8.633770902676702,395.17754180535337,360.64245819464657,366.31943462897516
2025-02-23,359.2,365.5,352.0,363.5,6358,372.65507281901284,365.7309359681523,43.50372607012266,371.52147729559675,372.26443136060163,-0.7429540650048807,1.9382631406261843,-2.6812172056310652,378.03499999999997,8.39073894242377,394.81647788484753,361.2535221151524,365.6455830388692
2025-02-24,356.3,363.7,349.0,355.0,45130,370.9736373124402,365.31011494979344,38.57084420361796,368.97971155781266,370.98558459314967,-2.005873035337004,1.1494359054335468,-3.1553089407705506,376.91999999999996,9.848569225495725,396.61713845099143,357.2228615490085,360.5840989399294
2025-02-25,356.0,357.0,349.0,355.0,8325,369.4523385207792,364.9057967164682,38.57084420361796,366.8289867027646,369.8014672158793,-2.9724805131147036,0.3250526217238967,-3.2975331348386003,375.92999999999995,11.000674620457229,397.9313492409144,353.9286507590855,355.34275618374556
2025-02-27,355.0,362.0,350.1,360.0,14434,368.55211580451453,364.7134125315087,42.9815690572028,365.7783733638778,369.0754326072957,-3.297059243417891,-0.3993697513044609,-2.89768949211343,374.67999999999995,11.331214456206416,397.3424289124128,352.0175710875871,355.9318021201413
2025-03-02,355.1,366.0,355.1,366.0,23607,368.3090571564655,364.7638669420378,47.823068478661405,365.81246976943504,368.84762278453303,-3.0351530150979897,-0.9265264040631667,-2.108626611034823,373.68999999999994,11.172376649572396,396.0347532991447,351.34524670085517,361.712367491166
2025-03-03,370.0,376.0,367.0,369.1,28106,368.3843850463259,364.9339113756834,50.17697825612264,366.3182436510604,368.86631739308615,-2.5480737420257356,-1.2508358716556804,-1.2972378703700551,372.745,10.687054392060453,394.1191087841209,351.3708912158791,367.1111660777385
2025-03-04,372.0,376.0,362.1,365.9,10087,368.14777694667583,364.97179720408803,47.78070259202747,366.2538984739742,368.6465901787835,-2.3926917048093514,-1.4792070382864146,-0.9134846665229368,371.53999999999996,9.973987219389441,391.48797443877885,351.5920255612211,368.34657243816247
2025-03-05,360.0,367.0,358.7,365.0,9073,367.84798866604007,364.9729031960846,47.09942347169976,366.06099101643974,368.3764723877625,-2.3154813713227327,-1.6464619048936784,-0.6690194664290543,370.61499999999995,9.65931647357903,389.933632947158,351.2963670528419,366.09024734982324
2025-03-06,358.1,367.2,358.1,358.6,9835,366.96722784070295,364.7229854236891,42.46278561840123,364.91314624467975,367.6522892479282,-2.7391430032484436,-1.8649981245646314,-0.8741448786838122,369.245,9.298753453522037,387.8425069070441,350.6474930929559,362.5840989399293
2025-03-09,365.7,373.0,351.0,351.0,11360,365.44653947492174,364.18482913256406,37.71471939289929,362.7726622070367,366.4187863406743,-3.6461241336375565,-2.2212233263792167,-1.4249008072583398,367.355,8.949888267454288,385.2547765349086,349.4552234650914,356.35342756183746
2025-03-10,352.0,355.0,345.0,353.9,5286,364.3468690487387,363.7815024999145,40.45094708841563,361.407637252108,365.49146883395764,-4.083831581849665,-2.593744977473307,-1.4900866043763585,365.85,8.524237888448715,382.89847577689744,348.8015242231026,351.9166784452297
2025-03-11,350.0,353.0,340.0,343.0,8072,362.31383390123983,362.9665416175649,34.34391988136076,358.57569305947595,363.8254341055163,-5.249741046040356,-3.1249441911867164,-2.1247968548536393,364.05,9.361145903760809,382.77229180752164,345.3277081924784,349.2918021201413
2025-03-12,340.0,348.9,340.0,343.5,6320,360.52204019635985,362.20314782864085,34.829965798305835,356.25635566571043,362.3198463939966,-6.063490728286183,-3.7126534986066098,-2.3508372296795734,362.375,9.903421790361904,382.1818435807238,342.5681564192762,344.16685512367485
2025-03-16,340.0,343.0,337.0,340.0,7805,358.56756017765895,361.3324361490863,32.98896586121319,353.75537787098574,360.66652443888574,-6.911146567900005,-4.352352112465289,-2.5587944554347155,360.375,10.191527699124759,380.7580553982495,339.9919446017505,341.2780212014134
2025-03-17,333.2,340.0,333.2,339.0,4311,356.7039830178819,360.4566543393182,32.46103179747597,351.4853197369879,359.061596702672,-7.576276965684087,-4.997137083109049,-2.5791398825750385,358.675,10.792730253078357,380.26046050615673,337.0895394938433,339.93922261484096
2025-03-18,333.4,345.0,333.4,344.9,5412,355.579794159036,359.8465894632665,38.69472628945486,350.47219362360516,358.01258953951105,-7.54039591590589,-5.505788849668417,-2.0346070662374727,357.17,10.490903327716998,378.15180665543403,336.188193344566,340.76197879858654
2025-03-19,340.0,344.0,335.3,335.9,5794,353.7055280486517,358.9075075235306,33.60015591006393,348.230317681512,356.3746199439917,-8.144302262479698,-6.0334915322306735,-2.1108107302490247,355.365,10.902547988039547,377.1700959760791,333.5599040239209,341.34063604240276
2025-03-20,335.0,340.0,334.0,335.11,1876,351.9345253773515,357.97427193437255,33.187113606183985,346.2118072689717,354.79946291110343,-8.587655642131722,-6.544324354210883,-2.0433312879208385,353.9205,11.590412769087312,377.10132553817465,330.73967446182536,336.7724593639575
2025-03-23,331.0,336.0,324.4,326.29,9103,349.4921896271276,356.731751466358,28.91363003438215,343.1469138429761,352.6876508436143,-9.54073700063816,-7.143606883496339,-2.3971301171418204,351.83500000000004,12.629626197741011,377.09425239548204,326.575747604518,331.33190106007066
2025-03-24,325.0,340.0,313.1,339.37,8729,348.52817156740116,356.0508984676773,41.03914452947841,342.565850174826,351.70115818853174,-9.135308013705753,-7.5419471095382224,-1.5933609041675307,350.50350000000003,12.460279744681495,375.424059489363,325.58294051063706,331.27489752650183
2025-03-25,340.0,344.0,320.6,329.72,7508,346.73691713241055,355.0183142140429,36.141132497922875,340.58956553254507,350.0729242486405,-9.483358716095438,-7.930229430849666,-1.553129285245772,348.8145,12.887985623090392,374.5904712461808,323.0385287538192,334.39379505300354
2025-03-26,323.3,335.0,323.3,331.64,2802,345.2991155007524,354.10151757819807,37.7334688828229,339.2127092967689,348.7075224524449,-9.494813155676013,-8.243146175814935,-1.2516669798610778,347.6465,13.34821465491237,374.34292930982474,320.95007069017527,332.2157102473498
2025-03-27,326.0,335.0,326.0,331.62,4508,343.99634259591886,353.2198894378766,37.72291694255151,338.0446001741891,347.4417800485601,-9.397179874370977,-8.473952915526144,-0.9232269588448325,346.4775,13.689729871232036,373.8569597424641,319.09804025753596,330.6245159010601
2025-03-30,331.0,340.0,330.5,339.08,6685,343.5281194915457,352.6653839697246,44.012087627099596,338.2038924550831,346.8223889338519,-8.618496478768805,-8.502861628174678,-0.1156348505941267,345.4315,13.398248226027578,372.2279964520552,318.63500354794485,334.3427985865725
2025-04-01,340.0,340.0,333.2,335.27,4700,342.7416319209223,351.9832120493432,41.69612449844112,337.75252438507033,345.9666564202333,-8.214132035162947,-8.445115709572333,0.2309836744093854,343.89500000000004,12.656856473445947,369.2087129468919,318.58128705310816,337.276812720848
2025-04-02,333.5,335.0,312.7,319.0,56038,340.4805241189297,350.6897527532905,33.57188587867721,334.86752063352105,343.9691263150308,-9.101605681509739,-8.576413703959814,-0.525191977549925,341.39,12.360149888375021,366.11029977675,316.66970022324995,330.65224734982326
2025-04-03,313.0,315.0,287.1,305.36,175313,337.1357122980792,348.91211539041643,28.54962873007851,330.3279020745178,341.1091910324359,-10.781288957918093,-9.01738875475147,-1.7639002031666227,338.363,13.410245533289089,365.1834910665782,311.5425089334218,315.089074204947
2025-04-07,301.0,307.0,295.1,298.6,67574,333.4656444601669,346.9390912574589,26.4386696498147,325.4466863707458,337.96036206707026,-12.51367569632447,-9.716646143066072,-2.7970295532583975,335.043,14.632295607210349,364.3075912144207,305.7784087855793,302.48501060070674
2025-04-08,296.0,301.9,285.2,293.4,40089,329.64986879729383,344.83951905128407,24.91271462310236,320.5164269290926,334.65959450654657,-14.143167577453994,-10.601950429943656,-3.541217147510338,331.783,16.278226691211632,364.3394533824233,299.22654661757673,296.03536395759716
2025-04-09,295.0,298.0,288.0,289.34,54443,325.810833673742,342.6630673237828,23.759660381535,315.720053555386,331.3025875060616,-15.58253395067561,-11.598067134090048,-3.984466816585563,328.7,18.175533004562805,365.0510660091256,292.3489339908744,291.7469823321554
2025-04-10,288.0,292.9,281.5,283.49,73647,321.7802780857666,340.3425548797129,22.16759199108634,310.7615837776343,327.76091435746446,-16.999330579830144,-12.678319823238068,-4.3210107565920755,325.1795,19.785262584213317,364.75002516842665,285.6089748315734,287.14166077738514
2025-04-13,277.9,277.9,255.2,255.2,344914,315.4392992204555,337.00363115893987,16.433023616188052,302.2136478118444,322.3860318124671,-20.172384000622685,-14.177132658714992,-5.995251341907693,320.7895,24.7426691907759,370.2748383815518,271.3041616184482,273.85603533568906
2025-04-15,250.1,260.2,229.7,230.46,8678225,307.34603262803114,332.82544954486383,13.213739016697758,291.1746250715606,315.5766961226547,-24.402071051094083,-16.22212033719081,-8.179950713903274,315.1375,31.318855574136983,377.77521114827397,252.499788851726,248.12118727915194
2025-04-16,225.9,253.5,211.7,253.5,1816089,302.2178390444092,329.714647601928,27.465100858681524,285.3785289067051,310.9784223357914,-25.59989342908625,-18.0976749555699,-7.502218473516351,310.8125,33.59469614701849,378.00189229403696,243.62310770596304,237.40643816254416
2025-04-17,258.5,266.1,244.0,245.32,990972,296.7989972306559,326.40505357832296,25.84255721409785,279.2156783056736,306.1148354961031,-26.89915719042955,-19.85797140254183,-7.04118578788772,306.12850000000003,35.90880544041911,377.94611088083826,234.3108891191618,246.90551236749118
2025-04-20,240.5,240.5,220.8,227.49,2483763,290.1981403515458,322.52603186936915,22.69528980115365,271.25788164326224,300.2907736075029,-29.03289196424066,-21.692955514881596,-7.339936449359065,300.258,38.72367215622949,377.705344312459,222.810655687541,241.88351236749116
2025-04-21,228.0,232.0,224.1,224.64,1205420,283.9545079371129,318.6873639529233,22.229272953916293,264.08589985199114,294.6870125995397,-30.60111274754854,-23.474586961414985,-7.126525786133556,294.695,41.24364276371627,377.18228552743255,212.20771447256746,226.96850176678447
2025-04-22,225.0,227.0,222.0,222.17,691652,278.0702690859593,314.90236928810276,21.811265972769732,257.6372998747617,289.3153820366108,-31.67808216184909,-25.115286001501808,-6.562796160347283,289.048,43.10846450036171,375.26492900072344,202.83107099927656,222.36273498233214
2025-04-23,222.0,224.9,214.7,216.15,1004689,272.17310060158223,311.029727355236,20.785376905039314,251.2546383555676,283.89572410797297,-32.64108575240536,-26.62044595168252,-6.02063980072284,283.54100000000005,45.09000670004975,373.72101340009954,193.36098659990057,220.02112367491168
2025-04-24,215.0,220.9,213.6,217.51,642792,266.9670910204792,307.3622870667953,21.68158837856724,246.06315553163412,278.9782630629379,-32.91510753130379,-27.879378267606775,-5.035729263697014,277.448,45.381301574895254,368.2106031497905,186.6853968502095,216.79321554770314
2025-04-27,220.8,227.0,219.0,220.29,728854,262.52165378043355,303.9476875739798,23.584750330649513,242.09805468061347,274.63098431753514,-32.532929636921665,-28.810088541469753,-3.722841095451912,271.97650000000004,45.344132594961955,362.66476518992397,181.28823481007612,217.81880565371026
2025-04-28,220.0,227.0,220.0,223.04,588236,258.7614962775351,300.77483708088255,25.51300724801267,239.1660462682114,270.8094299236436,-31.643383655432217,-29.376747564262246,-2.2666360911699712,266.54650000000004,44.314110058345776,355.17472011669156,177.9182798833085,221.16603533568903
2025-04-29,227.0,227.0,217.3,217.76,482378,254.85659187015082,297.51935327378914,24.24785137723032,235.87280838079425,266.8798425218922,-31.00703414109796,-29.70280487962939,-1.3042292614685707,260.8535,42.80212971521307,346.4577594304261,175.24924056957386,221.30652296819787
2025-04-30,218.0,223.0,216.5,221.02,479296,251.63405931108883,294.51937863560136,26.6658551580161,233.58776093759514,263.4828171499002,-29.895056212305064,-29.741255146164526,-0.153801066140538,254.9505,39.45606356909492,333.86262713818985,176.03837286181016,219.47797173144875
2025-05-04,225.0,225.3,220.0,220.51,394641,248.66986318622324,291.6170500616562,26.52322034646687,231.57579771642665,260.29964550916685,-28.7238477927402,-29.537773675479663,0.8139258827394613,249.2125,35.284759774844254,319.7820195496885,178.64298045031148,220.1456890459364
2025-05-05,223.0,224.0,218.0,218.46,327861,245.7927333589639,288.74814613766966,25.922982531647065,229.55798268313023,257.20041250848783,-27.642429825357596,-29.158704905455252,1.5162750800976568,244.1855,31.80969538976326,307.8048907795265,180.56610922047346,220.1416890459364
2025-05-06,220.0,221.0,217.9,218.85,337105,243.2267587533483,286.00704236756496,26.2648573032224,227.91060073187944,254.3596412115628,-26.44904047968336,-28.61677202030088,2.167731540617517,239.85999999999999,28.79203727641331,297.4440745528266,182.27592544717336,218.68426148409893
2025-05-07,219.9,227.9,219.0,224.52,601632,241.44516268160083,283.5957858041311,31.23377586554807,227.38896985005184,252.1492974181137,-24.760327568061854,-27.845483129853076,3.085155561791222,236.156,25.40325557254961,286.96251114509926,185.34948885490078,220.57233922261486
2025-05-08,229.0,229.9,223.0,226.85,623183,240.05514718811506,281.3704608706357,33.22517207868927,227.30605141158233,250.2752753871423,-22.96922397555997,-26.870231298994458,3.901007323434488,232.8285,21.58150213663893,275.9915042732779,189.66549572672213,224.97021201413426
2025-05-11,229.0,230.0,221.0,221.58,391155,238.29560936067554,279.02573691492455,31.0359636545313,226.42512042518504,248.14969943253917,-21.724579007354123,-25.841100840666392,4.1165218333122695,229.4405,17.095508328215075,263.6315166564301,195.24948334356984,225.41160424028268
2025-05-13,220.0,226.0,219.0,219.49,308252,236.5045989453731,276.69100213394717,30.186484427363396,225.35817882131042,246.02675873383257,-20.668579912522148,-24.806596655037545,4.138016742515397,226.24050000000003,11.529677256179115,249.29985451235825,203.1811454876418,221.43282685512366
2025-05-14,215.2,222.0,215.2,218.2,349529,234.76130380771852,274.39723734438064,29.6471006699672,224.2569205411088,243.96551734614124,-19.708596805032442,-23.786996685036524,4.078399880004081,224.39050000000003,9.412429338524086,243.21535867704821,205.56564132295185,218.7095406360424
2025-05-15,220.0,220.0,216.3,217.07,250905,233.07641773079297,272.14911038969905,29.15564828595275,223.1512404578613,241.97325680198264,-18.82201634412135,-22.79400061685349,3.97198427273214,223.721,9.434173547608399,242.5893470952168,204.8526529047832,217.71035335689044
2025-05-18,221.4,221.4,215.2,215.54,206505,231.40628270881268,269.9291452763775,28.46755540697312,221.9802803874211,240.01523777961356,-18.034957392192467,-21.842191971921288,3.8072345797288207,221.823,6.485452627963169,234.79390525592635,208.85209474407367,216.5060070671378
2025-05-19,215.0,218.8,214.0,215.3,273979,229.8723510222591,267.7868258537745,28.35451049779104,220.95254494320247,238.1844794255681,-17.23193448236563,-20.920140474010157,3.6882059916445264,220.32199999999997,3.5875612593454487,227.49712251869087,213.14687748130908,215.45778091872788
2025-05-20,215.0,222.3,215.0,221.27,234258,229.05307949632964,265.96263660460687,35.24316239701625,221.00138418270978,236.93155502367415,-15.930170840964365,-19.922146547401,3.9919757064366337,220.01100000000002,3.1799154242441987,226.37083084848842,213.65116915151162,217.21444522968198
2025-05-21,225.6,230.1,218.0,218.57,253165,228.05469097286968,264.10410183579876,33.666573656238555,220.6273250776775,235.57143983673532,-14.944114759057811,-18.926540189732364,3.982425430674553,219.70750000000004,2.9994032301318696,225.7063064602638,213.7086935397363,219.92568197879854
2025-05-22,220.0,221.2,217.1,217.82,203827,227.07995849926303,262.28903901870865,33.22199213926767,220.19542891188095,234.2565183673475,-14.061089455466544,-17.9534500428792,3.8923605874126572,219.49,2.969003022472709,225.42800604494542,213.5519939550546,219.03952650176677
2025-05-25,217.9,220.0,215.0,216.65,237541,226.08662911838084,260.49927278268086,32.50095458867392,219.64997831005314,232.95233182161806,-13.302353511564917,-17.023230736616345,3.720877225051428,219.51500000000001,2.9413754391046103,225.39775087820922,213.6322491217908,217.22483392226147
2025-05-26,220.9,225.0,216.0,216.74,141844,225.19647396424932,258.7832228696345,32.6220955574088,219.20228933927575,231.75141835335006,-12.54912901407431,-16.128410392107938,3.5792813780336274,219.4765,2.973860285905119,225.42422057181022,213.52877942818975,216.69089752650174
2025-05-27,212.5,219.6,212.5,215.6,146409,224.28252406289224,257.0897631492567,31.842538129335054,218.64809097938718,230.55501699384266,-11.906926014455479,-15.284113516577447,3.377187502121968,219.24199999999996,3.089018921084947,225.42003784216985,213.06396215783008,216.23816254416963
2025-05-28,218.0,218.0,213.0,214.52,484935,223.3527598664263,255.4203606728153,31.08468283893602,218.01300005948144,229.36723795726172,-11.35423789778028,-14.498138392818015,3.1439004950377356,218.81599999999997,3.124956252338879,225.06591250467773,212.56608749532222,215.3160918727915
2025-06-02,218.8,218.8,213.6,214.6,273991,222.51916368867143,253.81956221505783,31.21527632676269,217.48792312725354,228.27336847894605,-10.785445351692516,-13.755599784592917,2.970154432900401,218.65800000000004,3.258203573504955,225.17440714700996,212.14159285299013,214.51588692579506
2025-06-03,215.0,216.5,211.9,212.88,208007,221.60114809927416,252.21408918701636,29.903236261289976,216.77901187690685,227.1331189619871,-10.354107085080244,-13.075301244690383,2.721194159610139,218.25099999999998,3.4503636726828306,225.15172734536563,211.35027265463432,213.90906007067136
2025-06-04,214.0,214.0,210.0,211.25,170281,220.61532447077187,250.6076543169373,28.673248872724685,215.92839466507502,225.95659163146954,-10.028196966394518,-12.465880389031211,2.4376834226366935,217.78799999999995,3.7403821926982417,225.26876438539642,210.30723561460348,212.44638162544163
2025-06-05,210.5,213.7,209.0,209.51,251658,219.55767452117453,248.99598159862603,27.378634063248583,214.94094933198656,224.73832558469402,-9.797376252707465,-11.932179561766462,2.134803309058997,217.34049999999996,4.166832035325222,225.67416407065042,209.0068359293495,210.60869257950526
2025-06-08,211.0,212.5,209.6,210.62,235382,218.7064674239198,247.49104114377795,29.56347586723122,214.2761878962963,223.6925236895315,-9.416335793235191,-11.429010808060209,2.0126750148250174,216.929,4.409243759013838,225.74748751802767,208.11051248197234,209.857109540636
2025-06-09,213.0,213.3,210.0,211.48,239330,218.01823243116553,246.07884345186508,31.288306249227006,213.84600514301997,222.78789230512174,-8.941887162101779,-10.931586078868524,1.989698916766745,216.277,4.186151479654523,224.64930295930904,207.90469704069093,210.68040282685507
2025-06-10,213.4,214.6,212.0,213.34,233063,217.57268648534023,244.79496723806648,34.99586980717028,213.76815819793998,222.0880484306683,-8.319890232728312,-10.409246909640483,2.089356676912171,215.60150000000004,3.4079246269901757,222.4173492539804,208.78565074601968,212.15835335689044
2025-06-11,214.0,215.0,211.2,212.7,181039,217.10862110578404,243.5363410718678,34.30986265533065,213.60382616748768,221.39263743580398,-7.7888112683162944,-9.885159781375647,2.096348513059352,215.15749999999997,3.157268764726931,221.47203752945384,208.8429624705461,213.07506713780913
2025-06-12,214.0,218.9,213.0,214.31,337002,216.84208576237603,242.39021004944163,37.622474707394886,213.7124682955665,220.8679976257444,-7.155529330177899,-9.339233691136098,2.183704360958199,214.8985,2.9912561610704067,220.88101232214083,208.9159876778592,213.4620989399293
2025-06-15,214.0,218.0,212.7,213.04,244959,216.47998235643547,241.23922142005176,36.07699505052232,213.60901163471013,220.28814594976336,-6.679134315053233,-8.807213815919525,2.128079500866292,214.64049999999997,2.9130152130856244,220.46653042617123,208.81446957382872,213.71005653710242
2025-06-16,215.0,215.0,211.5,212.0,237108,216.0533173701083,240.0925852859321,34.81573173856307,213.36147138321627,219.67420921274385,-6.312737829527578,-8.308318618641136,1.9955807891135589,214.387,2.9110679899643177,220.20913597992865,208.56486402007135,212.9170459363957
2025-06-17,215.0,215.0,211.1,211.66,133195,215.63490619200272,238.97758194138575,34.39241220915139,213.09970655502914,219.08056408587393,-5.980857530844787,-7.842826401081867,1.8619688702370798,214.19300000000004,2.9590754246066298,220.1111508492133,208.2748491507868,211.83798586572436
2025-06-18,212.0,215.5,210.1,212.41,196163,215.32777226895485,237.93571598290006,36.23423309836213,212.99359785425543,218.58644822766104,-5.592850373405611,-7.392831195546616,1.7999808221410056,214.04850000000002,2.9727043774784425,219.9939087549569,208.10309124504315,211.8440212014134
2025-06-19,213.9,214.8,211.0,211.44,272986,214.9575082433401,236.89666829729615,34.870749976699116,212.7545827997546,218.05708169227876,-5.30249889252417,-6.974764734942127,1.672265842417957,213.55700000000002,2.4891894686055753,218.53537893721116,208.57862106278887,211.99754770318017
2025-06-22,214.8,214.8,209.1,209.5,251321,214.4377455534982,235.82228914838257,32.25641368536441,212.25387775363848,217.423223789147,-5.169346035508511,-6.613680995055404,1.444334959546893,213.1035,2.350151786830746,217.8038035736615,208.4031964263385,210.91129328621903
2025-06-23,210.1,211.0,208.0,208.39,145123,213.86176978649837,234.74651310334798,30.832088856959473,211.65943502230948,216.75409610106203,-5.0946610787525515,-6.309877011794834,1.2152159330422823,212.632,2.2995024633687686,217.23100492673754,208.03299507326247,209.162925795053
2025-06-24,210.5,210.9,207.5,207.96,194579,213.29969647349853,233.69606160909905,30.274391548827154,211.09029117272343,216.10268157505743,-5.012390402334006,-6.050379689902669,1.0379892875686627,212.1975,2.3212289735096334,216.83995794701926,207.55504205298072,208.14088339222616
2025-06-25,206.0,209.5,206.0,207.02,143366,212.70163014268917,232.64994154599714,29.037862495078016,210.46409253076598,215.4298903472754,-4.965797816509422,-5.83346331522402,0.8676654987145982,211.71149999999997,2.33759047110888,216.38668094221774,207.0363190577822,207.56681272084802
2025-06-26,208.0,210.0,206.6,207.55,179182,212.2109987005283,231.66563011282076,30.75517342054181,210.01577060295585,214.84619476599573,-4.830424163039879,-5.632855484787192,0.8024313217473127,211.30900000000003,2.325825037563302,215.96065007512664,206.65734992487342,207.22481978798587
2025-06-29,209.0,210.0,205.5,206.28,185443,211.64614168143038,230.67011520643564,28.94739865040046,209.44103666403956,214.21166182036643,-4.770625156326872,-5.460409419095129,0.6897842627682564,210.897,2.45341030106193,215.80382060212386,205.99017939787612,206.99521554770314
2025-06-30,202.2,217.0,202.2,214.95,703021,211.96079485462747,230.05364010030092,50.38717178722725,210.28856948495655,214.26635353737632,-3.9777840524197643,-5.1638843457600565,1.1861002933402922,210.9145,2.4822919693594154,215.87908393871882,205.9499160612812,209.37302473498232
2025-07-01,217.0,220.3,215.0,219.6,597248,212.6883382018058,229.6436934297009,57.75058888500664,211.7210972565017,214.66143846053365,-2.940341204031938,-4.7191757174144335,1.7788345133824954,211.25050000000002,3.1320961116678445,217.51469222333571,204.98630777666432,215.83937809187276
2025-07-02,215.3,224.0,215.3,216.59,308411,213.05992503972905,229.13178388343815,52.33578891490267,212.4701592170399,214.80429487086448,-2.3341356538245748,-4.242167704696462,1.9080320508718875,211.51749999999998,3.3519434661242373,218.22138693224846,204.8136130677515,219.050777385159
2025-07-03,216.0,218.0,213.5,213.79,198509,213.12945598832627,228.5301452997739,47.84201061305714,212.6732116451876,214.7291619174671,-2.0559502722795173,-3.804924218213073,1.7489739459335558,211.7315,3.3536567238084096,218.43881344761684,205.02418655238318,216.26024734982335
2025-07-06,216.0,216.0,212.0,212.75,219360,213.09331732277138,227.91131607233177,46.253403317556845,212.68502523823565,214.58255733098807,-1.8975320927524137,-3.4234457931209414,1.5259137003685277,211.83800000000002,3.3503206445272125,218.53864128905445,205.1373587109456,213.34857950530034
2025-07-07,209.0,216.0,209.0,210.89,103100,212.88347757774554,227.24381348125996,43.47310090170768,212.40886750927632,214.3090345657297,-1.9001670564533697,-3.1187900457874274,1.2186229893340577,211.8085,3.356231086405672,218.52096217281135,205.09603782718867,211.92966077738512
2025-07-08,212.0,212.0,210.0,211.23,113249,212.72600352272215,226.61582079572037,44.13416759099038,212.22750327707996,214.0809579312312,-1.8534546541512498,-2.865722967460192,1.012268313308942,211.70300000000003,3.3386730739666026,218.38034614793324,205.02565385206682,211.03612014134274
2025-07-09,213.0,213.0,210.1,211.94,89102,212.65114604436766,226.04029841157447,45.5657824957755,212.18327200368304,213.9223684548437,-1.7390964511606626,-2.640397664200286,0.9013012130396234,211.66500000000002,3.3310445651221254,218.32708913024427,205.00291086975577,211.2799575971731
2025-07-10,212.0,213.8,210.1,210.44,150162,212.44056070680884,225.42852200327744,43.05548050149889,211.91507631080873,213.6644152359664,-1.749338925157673,-2.4621859163917637,0.7128469912340907,211.47149999999996,3.2813432342785562,218.03418646855707,204.90881353144286,211.41131448763247
2025-07-13,214.6,218.8,211.0,211.59,175776,212.359554925208,224.88583486589403,45.532971501946435,211.8650645706843,213.51075484811702,-1.6456902774327204,-2.298886788599955,0.6531965111672347,211.39899999999997,3.2608182699388184,217.92063653987762,204.87736346012233,210.99797879858653
2025-07-14,213.0,213.0,210.0,210.35,109737,212.16816874185486,224.31580212605505,43.34324389999375,211.63197771365594,213.27662485936762,-1.644647145711673,-2.168038860022299,0.5233917143106259,211.3165,3.265681640797304,217.84786328159458,204.7851367184054,210.952777385159
2025-07-15,214.5,214.5,209.4,210.77,125509,212.03500981405915,223.7845941995431,44.319976753213844,211.4993657577089,213.0909489438589,-1.591583186150018,-2.0527477252478428,0.46116453909782473,211.272,3.2668181848282942,217.80563636965658,204.7383636303434,210.68145583038873
2025-07-16,214.0,214.0,210.0,210.74,244488,211.91167554605352,223.27304148583553,44.261281264920804,211.3825402565229,212.91680457764713,-1.5342643211242262,-1.9490510444231197,0.41478672329889354,211.18850000000003,3.2575293754120316,217.7035587508241,204.67344124917597,210.61851590106005
2025-07-17,214.9,217.0,211.0,215.73,337693,212.27532549404845,222.9772359373714,54.94877304269965,212.05138021705784,213.12518942374734,-1.0738092066895035,-1.7740026768763966,0.700193470186893,211.40300000000002,3.412517360678946,218.22803472135791,204.57796527864213,212.48360424028266
2025-07-20,216.0,224.0,215.2,219.5,763891,212.96338973271048,222.840873743749,61.028588969186536,213.19732172212588,213.59739761458087,-0.40007589245499275,-1.499217319992116,1.0991414275371232,211.90300000000002,3.826501906728621,219.55600381345727,204.24999618654277,216.67910954063603
2025-07-21,220.0,220.9,216.2,218.63,200063,213.50306690102377,222.67574144007256,59.0481887148904,214.03311838026036,213.97018297646375,0.06293540379661522,-1.1867867752343697,1.249722179030985,212.41500000000002,4.012275243757692,220.43955048751542,204.39044951248462,219.40484098939933
2025-07-22,220.0,222.0,217.0,219.33,411124,214.0580129104501,222.54453589340304,60.16817654529224,214.8480232448357,214.36720645968865,0.4808167851470557,-0.8532660631580846,1.3340828483051403,212.9835,4.150935563547431,221.28537112709486,204.68162887290512,219.27104593639575
2025-07-23,221.0,227.4,219.0,224.99,717381,215.09915453802626,222.6404364466029,67.8294611835827,216.4083273610148,215.1540800552673,1.2542473057475263,-0.4317633893769624,1.6860106951244886,213.88199999999998,4.700625490303413,223.2832509806068,204.48074901939316,221.13568904593637
2025-07-24,228.0,229.0,223.0,224.48,465492,215.99256839154756,222.71257619379497,66.58667289208,217.6501231516279,215.8448889400623,1.8052342115655904,0.015636130811548188,1.7895980807540421,214.7285,5.014263103764437,224.75702620752887,204.69997379247113,224.4997314487633
2025-07-27,224.5,228.9,220.0,220.66,561935,216.43708568759064,222.6320830097246,58.012740787846134,218.1131811283005,216.20156383339102,1.9116172949094903,0.3948323636311366,1.5167849312783537,215.4475,4.763789817061714,224.97507963412343,205.91992036587655,223.7263109540636
2025-07-28,221.0,222.0,216.7,219.66,277281,216.74402990782008,222.51553073483345,55.98060992720942,218.3511532624081,216.45774429017686,1.8934089722312422,0.6945476853511577,1.1988612868800845,215.683,4.853477429429614,225.38995485885923,205.97604514114076,220.528628975265
2025-07-29,224.0,224.0,220.0,220.63,252478,217.1141222975515,222.44158835307528,57.53450225965721,218.70174506819146,216.7668002686823,1.934944799509168,0.9426271081827597,0.9923176913264082,215.73450000000003,4.902445657132828,225.53939131426569,205.92960868573437,219.70998586572438
2025-07-30,216.3,223.0,216.3,217.63,219904,217.1632535073085,222.252898613739,51.48160646513656,218.5368612115466,216.83074098952062,1.7061202220259872,1.0953257309514053,0.610794491074582,215.7865,4.917490026220955,225.6214800524419,205.95151994755807,219.44968197879857
2025-07-31,215.8,219.4,215.5,216.06,216653,217.0581817447077,222.01003984457276,48.600003022744005,218.15580564053946,216.77364906437094,1.3821565761685122,1.1526918999948266,0.2294646761736856,215.9,4.895129695618881,225.69025939123776,206.10974060876225,217.3839363957597
2025-08-03,215.0,216.8,212.0,212.87,315598,216.6593072928308,221.65160690949148,43.29706778401826,217.34260477276413,216.48448987441756,0.858114898346571,1.0937764996651755,-0.23566160131860459,215.906,4.891137420196408,225.6882748403928,206.1237251596072,214.80302473498233
2025-08-04,210.0,215.0,210.0,212.96,137028,216.3069923125612,221.3107595797075,43.484431132917706,216.66835788464658,216.22341655038664,0.4449413342599371,0.9640094665841279,-0.5190681323241908,216.00949999999997,4.800469796097611,225.6104395921952,206.40856040780474,212.9717597173145
2025-08-05,212.0,215.9,211.0,211.29,127522,215.82918352088868,220.9177886157974,40.7910218498758,215.84091821008556,215.85797828739504,-0.017060077309480448,0.7677955578054063,-0.7848556351148868,216.0125,4.797343426049042,225.60718685209807,206.4178131479019,212.09309540636045
2025-08-06,214.0,227.0,211.9,216.57,1057048,215.89973747128022,220.74728710145243,51.103214223652614,215.95308463930317,215.9107206364769,0.04236400282627528,0.6227092468095801,-0.5803452439833048,216.24399999999997,4.70122761124356,225.64645522248708,206.84154477751287,213.21261484098935
2025-08-07,220.9,229.0,217.3,218.01,468475,216.1007148549678,220.63994250923864,53.48274211162637,216.26953315633344,216.06622281155268,0.2033103447807605,0.5388294664038162,-0.33551912162305575,216.6225,4.510201156685916,225.64290231337185,207.60209768662816,216.55479858657242
2025-08-11,222.3,222.3,209.0,211.27,784628,215.6406467735423,220.27249378338615,42.947773827839356,215.5003742092052,215.71094704773395,-0.21057283852874775,0.38894900541730343,-0.5995218439460512,216.6065,4.529519871161256,225.66553974232252,207.5474602576775,216.09402826855123
2025-08-12,212.0,215.5,209.0,209.59,261460,215.06439469987163,219.8535724585475,40.79093687627005,214.59108586932746,215.25754356271662,-0.6664576933891624,0.17786766565601028,-0.8443253590451727,216.56850000000003,4.587586540136841,225.7436730802737,207.39332691972635,211.28033215547705
2025-08-13,212.7,212.7,201.0,202.35,1667514,213.85349996655052,219.16715785232995,33.08073461363756,212.70784188943094,214.3014292247376,-1.5935873353066654,-0.17642333453652484,-1.4171640007701405,216.14749999999998,5.452528988323525,227.05255797664702,205.24244202335294,206.6170106007067
2025-08-14,205.0,206.0,195.0,200.4,1853556,212.57221425545046,218.4311908777288,31.361332987402506,210.81432775259543,213.27169372660887,-2.4573659740134417,-0.6326118624319083,-1.8247541115815333,215.63050000000004,6.400116343521751,228.43073268704353,202.83026731295655,202.01730035335686
2025-08-17,202.0,204.3,199.0,199.69,547124,211.34533670731233,217.6962422158571,30.734945525069065,209.1028927137346,212.26564233945265,-3.1627496257180496,-1.1386394150891366,-2.024110210628913,214.8285,7.325132853121391,229.47876570624277,200.1782342937572,199.62852296819787
2025-08-18,203.6,210.0,197.9,204.33,587716,210.67720940185401,217.17207585445092,39.271548183925944,208.3686015270062,211.67781698097468,-3.309215453968477,-1.5727546228650047,-1.7364608311034724,214.07000000000002,7.596339146005948,229.2626782920119,198.87732170798813,201.1437243816254
2025-08-19,204.5,207.0,202.0,202.96,205440,209.94223707786793,216.61473954643324,37.7905931713251,207.53650898438988,211.03205276016175,-3.495543775771864,-1.9573124534463766,-1.5382313223254875,213.28650000000002,7.903177425639846,229.0928548512797,197.48014514872034,203.48611307420492
2025-08-20,205.0,207.0,202.0,202.37,122174,209.2210716418805,216.05612230931823,37.141011593855644,206.7416614483299,210.39041922237197,-3.648757774042082,-2.295601517565518,-1.3531562564765638,212.43850000000003,8.12730309059576,228.69310618119155,196.1838938188085,203.27359717314488
2025-08-21,199.0,206.0,196.0,199.59,714789,208.3038267236062,215.41039202267828,34.1613781434684,205.64140584089452,209.59038816886292,-3.9489823279683947,-2.6262776796460936,-1.322704648322301,211.1685,8.046881890396293,227.26226378079258,195.0747362192074,201.33578091872792
2025-08-24,202.0,202.0,197.0,197.31,207247,207.2567956070723,214.7005727276713,31.90096575785425,204.35965109614153,208.68072978598417,-4.321078689842636,-2.965237881685402,-1.3558408081572342,209.81,7.974450649291739,225.75890129858348,193.86109870141652,198.9445936395759
2025-08-25,197.1,200.0,197.1,198.93,120674,206.46376745401778,214.08211889521363,35.18273361838655,203.5243201582736,207.9584535055409,-4.434133347267277,-3.2590169748017774,-1.1751163724654998,208.7235,7.898326454988403,224.52015290997682,192.9268470900232,197.76260777385164
2025-08-26,200.0,201.0,198.2,198.58,84326,205.71293245839703,213.47419266402878,34.792619431230634,202.76365551853922,207.2637532458712,-4.500097727331962,-3.5072331253078146,-0.9928646020241474,207.66950000000003,7.767519738940745,223.20453947788153,192.13446052211853,198.49390812720847
2025-08-27,201.0,201.0,197.6,199.29,194173,205.10122460521634,212.91794981445904,36.33481398255458,202.2292469772255,206.67310485728814,-4.443857880062637,-3.6945580762587795,-0.7492998038038579,206.60250000000002,7.347840982585408,221.29818196517084,191.9068180348292,198.99354063604238
2025-08-28,201.0,202.0,198.0,198.52,141798,204.47444130948145,212.35332433153908,35.35814161527574,201.6585935961139,206.06917116415568,-4.410577568041788,-3.8377619746153817,-0.5728155934264061,205.647,7.075852264092119,219.79870452818423,191.49529547181575,198.94759010600706
2025-08-31,198.5,199.5,196.1,196.64,136945,203.7283040419118,211.73711553422385,33.02409918477899,200.88650227363482,205.37071404088488,-4.484211767250059,-3.9670519331423173,-0.5171598341077419,204.676,6.902038905478034,218.48007781095606,190.87192218904391,197.99469964664308
2025-09-01,198.6,198.6,195.0,195.44,127488,202.93894175220592,211.09801296425428,31.590638456638573,200.04857884692177,204.63510559341194,-4.586526746490165,-4.0909468958118875,-0.49557985067827737,203.80450000000002,6.913360425185636,217.63122085037128,189.97777914962876,196.2864098939929
2025-09-02,199.0,199.0,193.0,193.23,147169,202.0142806329482,210.3973065734992,29.086586757732093,198.9995667166261,203.7902829568629,-4.790716240236804,-4.230900764696871,-0.5598154755399332,202.818,6.94576629852943,216.70953259705888,188.92646740294114,194.59480565371024
2025-09-03,195.0,195.0,190.2,190.56,148580,200.92339676314361,209.6193729823816,26.367304474567362,197.70117183714515,202.81026199709527,-5.109090159950114,-4.4065386437475205,-0.7025515162025933,201.7815,7.158457842602328,216.09841568520466,187.46458431479533,192.35759010600705
2025-09-04,192.0,192.0,187.9,188.92,184613,199.7802161190347,208.80763286542546,24.83168039912168,196.35022232373822,201.78135370101413,-5.431131377275904,-4.611457190453198,-0.8196741868227058,200.399,6.813759994545141,214.02651998909027,186.77148001090973,189.97797879858655
2025-09-07,185.2,190.0,185.2,187.91,217764,198.64971934579327,207.98811785109507,23.90819880135402,195.05172658162465,200.75384601945754,-5.702119437832891,-4.829589639929137,-0.8725297979037547,198.894,5.9940605690442315,210.88212113808848,186.90587886191153,188.44193639575968
2025-09-08,188.7,189.0,184.0,184.1,122783,197.26403178905105,207.051328915758,20.770210507396555,193.36684556906704,199.52022779579403,-6.15338222672699,-5.0943481572887075,-1.0590340694382823,197.5355,6.11913777466829,209.7737755493366,185.29722445066344,186.5277809187279
2025-09-18,180.5,180.5,167.0,167.0,40058,194.38174304723665,205.48068856612045,12.708189095708903,189.31040778921056,197.11132203314264,-7.800914243932084,-5.635661374617383,-2.165252869314701,195.406,8.607962898576494,212.62192579715298,178.19007420284703,178.42675618374557
2025-09-21,164.0,183.7,164.0,183.7,300743,193.3644341855951,204.62654391646868,38.01323233057077,188.447268129332,196.11789077142836,-7.670622642096362,-6.042653628113179,-1.6279690139831828,194.4735,8.823603676628833,212.12070735325767,176.82629264674233,173.5011378091873
2025-09-23,187.3,199.2,186.0,199.2,283139,193.92020235839556,204.4137382726856,51.93917772084811,190.10153457097323,196.34619515872998,-6.244660587756755,-6.083055020041894,-0.16160556771486068,194.4135,8.785179071362299,211.98385814272459,176.8431418572754,186.31067137809185
2025-09-24,200.0,200.0,190.0,193.6,107851,193.8897068956912,203.9896701051293,47.764066900305274,190.63976002159274,196.14277329512035,-5.503013273527614,-5.967046670739038,0.46403339721142434,194.10899999999998,8.697773399288817,211.50454679857762,176.71345320142234,197.77031802120138
2025-09-25,193.0,195.0,190.0,192.0,72903,193.70973481038726,203.5194869637517,46.61119821189219,190.84902771057847,195.8359011991855,-4.986873488607046,-5.7710120343126405,0.7841385457055949,193.4925,8.365818848153102,210.2241376963062,176.7608623036938,194.84289752650176
2025-09-28,194.0,195.8,191.1,193.5,66858,193.68976006654086,203.12656590634967,47.881270174552164,191.2568696012587,195.66287148072735,-4.406001879468647,-5.4980100033438415,1.0920081238751944,193.0195,8.064357888760206,209.14821577752042,176.89078422247957,192.10890459363955
2025-10-07,190.0,192.0,186.0,189.0,133187,193.24311625067983,202.57258292963007,44.463902770163486,190.90965889337275,195.16932544511792,-4.25966655174517,-5.250341313024108,0.9906747612789379,192.351,7.79821227826975,207.9474245565395,176.7545754434605,191.71738515901055
2025-10-08,188.9,189.0,180.0,181.0,228636,192.07710517918653,201.72659928533085,39.11860908975236,189.3850959867,194.11974578251662,-4.734649795816608,-5.147203009582609,0.4125532137660004,191.42149999999998,7.995369893692103,207.41223978738418,175.43076021261578,186.70812720848056
2025-10-09,184.6,195.7,184.6,186.0,127902,191.49833325735926,201.1098699015924,43.676057280285306,188.86431198874615,193.51828313195983,-4.653971143213681,-5.048556636308824,0.3945854930951427,190.856,7.956841743206432,206.76968348641287,174.94231651358712,182.83356890459362
2025-10-12,186.0,187.0,180.0,182.0,129206,190.59373008999174,200.36046323878483,41.02991917853062,187.8082639904775,192.66507697403688,-4.856812983559365,-5.010207905758932,0.15339492219956696,190.00949999999997,7.953229383822425,205.91595876764484,174.1030412323551,183.56961130742047
2025-10-13,182.0,184.3,178.5,181.9,89376,189.7657557957068,199.63652350393053,40.96310223417647,186.8993002996348,191.86766386484896,-4.968363565214162,-5.001839037649978,0.033475472435815945,189.1755,7.881432861319494,204.938365722639,173.412634277361,182.69024734982332
2025-10-14,181.5,183.9,179.2,179.2,59481,188.75949333897282,198.83509120965877,39.11112882171133,185.71479256122944,190.92931839337865,-5.2145258321492065,-5.044376396549824,-0.17014943559938267,188.171,7.804350271355984,203.77970054271196,172.56229945728802,180.62042402826856
2025-10-15,180.0,180.0,175.7,178.0,77118,187.7347796876421,198.01802880928,38.28271599449364,184.52790139796338,189.97159110498023,-5.443689707016858,-5.124239058643232,-0.3194506483736266,187.14499999999998,7.7205934459739085,202.5861868919478,171.70381310805217,178.96254416961133
2025-10-16,178.0,180.0,175.5,175.5,55863,186.56956257453334,197.1349688559749,36.54599634999677,183.1389934905844,188.8996213935002,-5.7606279029158145,-5.251516827497748,-0.5091110754180663,186.088,7.798953101141578,201.68590620228315,170.49009379771684,176.9810600706714
2025-10-19,179.0,179.0,174.7,177.0,48174,185.65817566267302,196.34536223417197,38.353063974506874,182.1945329535714,188.01816795694464,-5.8236350033732265,-5.365940462672844,-0.4576945407003823,185.166,7.724805839843513,200.61561167968702,169.71638832031297,176.0704593639576
2025-10-26,177.0,178.0,173.5,176.0,54992,184.73834940908512,195.54750489165542,37.584608288254444,181.2415278837912,187.12793329346727,-5.886405409676058,-5.470033452073487,-0.4163719576025713,184.3045,7.738909534914924,199.78231906982984,168.82668093017014,176.33003533568905
2025-10-28,176.0,183.0,175.0,182.5,81081,184.52517327488653,195.03583803315914,45.26187642989187,181.43513897859253,186.7851234198771,-5.349984441284562,-5.446023649915702,0.09603920863114013,183.9015,7.604709257746855,199.11091851549372,168.69208148450628,178.4226148409894
2025-10-29,185.0,186.7,180.0,182.3,92829,184.31325201061162,194.53639340440782,45.07814545818944,181.56819452034753,186.45289205544177,-4.884697535094233,-5.333758426951409,0.4490608918571759,183.57049999999998,7.51835891598678,198.60721783197354,168.53378216802642,181.9041696113074
2025-10-30,185.0,185.0,177.8,182.4,78958,184.1310375334105,194.06045640815654,45.19793019047534,181.69616459414024,186.15267782911275,-4.456513234972505,-5.158309388555629,0.7017961535831239,183.29500000000002,7.451631753488505,198.198263506977,168.39173649302302,182.94014134275616
2025-11-02,182.5,189.7,182.0,187.0,106629,184.40427205403807,193.78357576469944,50.541591514547015,182.51213927196483,186.21544243436364,-3.703303162398811,-4.867308143324265,1.164004980925454,183.44,7.496202547403805,198.43240509480762,168.44759490519237,183.94522968197876
2025-11-03,190.0,190.0,184.2,185.8,101233,184.53719852508206,193.4704943621622,49.19398812911704,183.01796399935483,186.18466892070708,-3.166704921352249,-4.5271874989298615,1.3604825775776126,184.38000000000002,6.428931318256577,197.23786263651317,171.52213736348688,186.29067137809184
2025-11-04,187.0,187.0,182.3,183.8,52318,184.4669891417409,193.09125928913625,46.947228695802565,183.13827723022334,186.00802677843248,-2.8697495482091426,-4.195699908785718,1.3259503605765754,184.385,6.428413490132958,197.2418269802659,171.52817301973408,185.6172438162544
2025-11-05,183.0,185.0,181.5,182.2,38790,184.25108541395605,192.66415108171915,45.16989768301881,182.99392688711205,185.7259507207708,-2.732023833658758,-3.9029646937603264,1.1709408601015685,183.535,5.409569980002605,194.3541399600052,172.7158600399948,183.27872791519434
2025-11-06,183.5,183.5,180.0,181.0,86482,183.94145823167452,192.20673339223998,43.82968820166957,182.68716890447942,185.37588029701,-2.6887113925305925,-3.66011403351438,0.9714026409837873,182.90500000000003,4.883859022073983,192.67271804414798,173.13728195585207,181.7154770318021
2025-11-09,183.0,183.0,178.5,178.6,57202,183.432747923896,191.67313600430901,41.196974800530455,182.05837368840565,184.87396323797225,-2.815589549566596,-3.491209136724823,0.6756195871582271,182.235,4.472286004426471,191.17957200885294,173.29042799114708,180.11547703180207
2025-11-10,180.0,180.0,177.0,178.0,51758,182.91534335971542,191.13693459237533,40.541345947395975,181.434008505574,184.36478077590024,-2.93077227032623,-3.3791217634451045,0.4483494931188745,181.46,3.692438931557899,188.8448778631158,174.0751221368842,178.44692579505298
2025-11-11,180.0,181.0,177.0,179.0,52389,182.542453515933,190.66097637306652,42.19258412378433,181.05954565856263,183.96738960731506,-2.9078439487524292,-3.2848662005065696,0.3770222517541404,180.96,3.2706670815021517,187.50133416300432,174.4186658369957,178.16282685512365
2025-11-12,181.0,181.0,176.5,177.0,75582,182.01460080012987,190.12525180941685,39.81127688028574,180.4350001726299,183.45128667343988,-3.0162865008099686,-3.2311502605672495,0.2148637597572809,180.76000000000002,3.3882770035460292,187.53655400709206,173.98344599290797,178.19547703180214
2025-11-13,176.0,178.9,175.0,177.0,65759,181.53701977154608,189.6105360521848,39.81127688028574,179.90653860760992,182.9734135865184,-3.066874978908487,-3.1982952042354973,0.13142022532701025,180.31,3.2505708000970466,186.8111416001941,173.8088583998059,177.22544169611308
2025-11-16,175.0,180.0,175.0,178.0,86074,181.20016074568457,189.15522091288344,41.71870368788831,179.61322497566994,182.60501258010964,-2.9917876044397076,-3.1569936842763395,0.16520607983663194,180.11,3.2641433147267516,186.63828662945352,173.5817133705465,177.15901060070672
2025-11-17,178.0,180.7,178.0,178.5,63737,180.9430025794289,188.73736911237822,42.69654470316929,179.44195959479762,182.3009375741756,-2.8589779793779826,-3.0973905432966684,0.23841256391868582,179.94,3.254535297108967,186.44907059421794,173.43092940578205,178.10353356890457
2025-11-18,180.0,182.0,180.0,181.0,60578,180.9484309051976,188.4339428726771,47.44455299514878,179.6816581186749,182.20457182794038,-2.522913709265481,-2.9824951764904313,0.4595814672249503,180.03000000000003,3.2578811325480044,186.54576226509604,173.51423773490401,179.41095406360424
2025-11-19,180.5,182.0,178.6,179.6,80077,180.8200089142264,188.08751374041526,45.18660922447989,179.66909533118647,182.01164058142626,-2.3425452502397945,-2.854505191240304,0.5119599410005096,180.11,3.2248867789381506,186.55977355787633,173.6602264421237,180.39985865724378
2025-11-20,181.0,181.0,176.1,177.9,89992,180.54191282715723,187.6880033976539,42.53919671261334,179.39692681869624,181.70707461243174,-2.3101477937354957,-2.7456337117393423,0.4354859180038466,180.23000000000002,3.0859784765974285,186.40195695319488,174.05804304680515,179.3416254416961
2025-11-23,179.0,182.5,179.0,181.0,149180,180.58554017695178,187.42572875460863,48.468236007139424,179.64355346197374,181.65469871521458,-2.0111452532408407,-2.598736020039642,0.5875907667988014,180.43,2.993870932091492,186.417741864183,174.442258135817,178.94466431095407
2025-11-24,182.0,184.4,181.5,182.0,102250,180.7202506362897,187.2129550779573,50.251499901708996,180.00608369859316,181.68027658816163,-1.6741928895684737,-2.4138273939454082,0.7396345043769346,180.73000000000002,2.8222984287952184,186.37459685759046,175.08540314240958,180.97823321554768
2025-11-25,185.6,185.6,180.1,182.0,120571,180.84213152807166,187.008525467057,50.251499901708996,180.31284005265576,181.70395980385337,-1.391119751197607,-2.209285865395848,0.8181661141982408,180.705,2.807972671954473,186.32094534390896,175.08905465609106,182.21547703180212
2025-11-26,183.5,183.5,180.0,181.6,105931,180.9143094777791,186.79642642913322,49.45753296994866,180.5108646599395,181.696259077642,-1.185394417702497,-2.0045075758571778,0.8191131581546807,180.67000000000002,2.7913588466289503,186.25271769325792,175.0872823067421,181.95462897526502
2025-11-27,178.1,182.8,178.1,182.3,182994,181.0462800037049,186.62009598093192,50.91900162746897,180.78611625071804,181.7409806274463,-0.954864376728267,-1.7945789360313957,0.8397145593031288,180.66500000000002,2.788184657503502,186.24136931500703,175.088630684993,181.8657950530035
2025-11-30,181.0,185.0,178.8,181.1,124853,181.05139619382825,186.4036216287385,48.3385564559689,180.83440605829986,181.6935005809688,-0.8590945226689257,-1.6074820533589018,0.7483875306899761,180.37,2.3622246428495353,185.09444928569908,175.64555071430092,181.806925795053
2025-12-01,180.0,182.9,180.0,181.3,66062,181.075072746797,186.2034796040821,48.80423074682962,180.9060358954845,181.6643523897859,-0.7583164943013969,-1.4376489415474007,0.6793324472460038,180.145,2.0051184503983692,184.15523690079675,176.13476309920327,181.31265017667843
2025-12-02,180.0,182.6,180.0,181.7,68188,181.1345896280544,186.02687256078477,49.7792508948831,181.0281842192561,181.66699295350546,-0.638808734249352,-1.277880900087791,0.6390721658384391,180.04000000000002,1.8528498675572753,183.74569973511458,176.33430026488546,181.31371024734977
2025-12-03,185.3,185.3,180.2,181.0,78853,181.12177156823972,185.82974030349908,48.054461918088315,181.0238481855244,181.61758606806063,-0.5937378825362316,-1.1410522965774792,0.5473144140412476,179.98000000000002,1.797834955284807,183.57566991056964,176.3843300894304,181.45243816254415
2025-12-07,180.0,182.0,178.0,178.9,89621,180.9101742760264,185.55798578179326,43.21669339785897,180.69710231082834,181.41628339635244,-0.7191810855240988,-1.0566780543668033,0.3374969688427045,179.875,1.7964511800306502,183.4679023600613,176.2820976399387,180.36664310954063
2025-12-08,177.3,180.0,176.4,178.0,87285,180.63301482116674,185.26159418250725,41.2978197105844,180.28216349377783,181.163225366993,-0.8810618732151738,-1.0215548181364775,0.1404929449213037,179.84499999999997,1.8236675020471858,183.49233500409434,176.1976649959056,178.66996466431092
2025-12-09,180.0,180.0,176.8,178.0,60455,180.38225150486517,184.97682578319325,41.2978197105844,179.931061417812,180.92891237684537,-0.9978509590333715,-1.0168140463158564,0.01896308728248486,179.84499999999997,1.8236675020471858,183.49233500409434,176.1976649959056,177.86897526501767
2025-12-10,179.0,179.1,176.0,176.9,49908,180.05060850440182,184.66008751718567,38.85251210059362,179.46474427661013,180.63047442300498,-1.16573014639485,-1.0465972663316552,-0.11913288006319478,179.73999999999998,1.9321109263464524,183.6042218526929,175.87577814730707,177.54247349823322
2025-12-11,174.0,177.8,174.0,176.7,63995,179.73150293255404,184.34792722239408,38.40722379933758,179.0393990032855,180.33932816944903,-1.2999291661635368,-1.0972636462980316,-0.20266551986550518,179.725,1.9555252357095376,183.63605047141908,175.8139495285809,176.90558303886928
2025-12-14,178.0,178.0,175.2,176.2,46759,179.39516931992983,184.02840066465313,37.25758458522337,178.60256838739542,180.03271126800837,-1.430142880612948,-1.163839493161015,-0.26630338745193294,179.685,2.0212750015045984,183.72755000300918,175.64244999699082,176.44247349823323
2025-12-15,177.9,177.9,174.9,175.9,43601,179.06229605136508,183.7096398542746,36.55064926160403,178.18678863548845,179.72658450741514,-1.5397958719266853,-1.239030768914149,-0.30076510301253623,179.57999999999998,2.162990133106956,183.9059802662139,175.25401973378607,176.1129328621908
2025-12-16,179.0,179.0,174.1,177.5,73456,178.91350595123507,183.4661245658717,42.78586823193242,178.08112884541333,179.5616523216807,-1.480523476267365,-1.2873293103847923,-0.19319416588257265,179.53,2.2005023350236224,183.93100467004726,175.12899532995274,176.4207067137809
2025-12-17,178.5,179.0,176.6,177.7,86068,178.79793395587936,183.24000203387672,43.53285864127795,178.02249363842665,179.42375214970434,-1.401258511277689,-1.3101151505633717,-0.09114336071431728,179.36499999999998,2.208184536558758,183.7813690731175,174.94863092688246,177.4334982332155
2025-12-18,179.0,179.0,176.1,177.1,51680,178.63622596008133,182.99921764039135,41.77091644745726,177.88057154020717,179.25162236083736,-1.3710508206301881,-1.3223022845767352,-0.04874853605345297,179.23999999999998,2.2642298563163132,183.76845971263262,174.71154028736734,177.62763250883393
2025-12-21,179.0,179.0,175.1,177.0,62279,178.48039491626406,182.76395420351326,41.46965860437084,177.7450989955599,179.08483551929385,-1.339736523733933,-1.3257891324081748,-0.013947391325758174,179.195,2.300909431215251,183.79681886243048,174.5931811375695,177.12438162544169
2025-12-22,177.0,177.0,174.1,174.9,52785,178.13940492423893,182.45556384259118,35.65425682264298,177.30739145778148,178.77484770304986,-1.4674562452683801,-1.3541225549802158,-0.11333369028816431,178.89,2.448608627497582,183.78721725499514,173.99278274500483,176.23519434628977
2025-12-23,174.1,175.7,173.2,174.0,47689,177.7451758838352,182.12397310366603,33.486892073261004,176.79856200273818,178.4211552806017,-1.6225932778635297,-1.4078166995568786,-0.2147765783066511,178.48999999999998,2.5645149331276924,183.61902986625537,173.3609701337446,174.72466431095407
2025-12-24,174.0,176.0,172.1,175.0,39145,177.48373056156518,181.84460160940463,37.99688925057776,176.5218601561631,178.1677363709275,-1.645876214764428,-1.4554286025983885,-0.19044761216603945,178.14,2.53779846574971,183.21559693149942,173.06440306850055,174.2103180212014
2025-12-28,175.2,179.0,175.2,178.5,87278,177.5805181271304,181.713440761977,50.61783459953847,176.82618936290723,178.19234849159955,-1.366159128692317,-1.4375747078171741,0.07141557912485719,177.98499999999999,2.406630096459109,182.7982601929182,173.17173980708176,176.04551236749117
2025-12-29,179.9,180.0,177.5,178.0,41415,177.62046878168942,181.56781563405633,49.08082388544077,177.00677561476766,178.17810045518476,-1.1713248404170997,-1.3843247343371592,0.21299989392005947,177.76999999999998,2.182490127818469,182.13498025563692,173.40501974436305,178.18551236749113
2025-12-31,179.0,180.0,176.0,178.8,81675,177.7328050881952,181.4592738444855,51.612516832796935,177.28265628941878,178.22416708813404,-0.9415107987152567,-1.2957619472127788,0.35425114849752215,177.655,2.0546417283091953,181.7642834566184,173.54571654338162,178.62572438162545
2026-01-01,178.8,179.0,177.0,177.1,44697,177.6725379369385,181.28832192901547,46.33987643376125,177.2545553218159,178.14089545197598,-0.8863401301600788,-1.2138775838022389,0.32753745364216,177.445,1.8687105039302017,181.1824210078604,173.7075789921396,178.12042402826853
2026-01-04,174.0,180.9,174.0,177.0,57352,177.60848670484913,181.1201524416031,46.04191349983579,177.21539296461344,178.05638467775555,-0.8409917131421025,-1.1393004096702117,0.2983086965281092,177.20999999999998,1.5784402694880166,180.366880538976,174.05311946102395,177.25293286219082
2026-01-05,177.9,178.2,175.5,177.5,58747,177.59815463772063,180.9781856791873,47.84757591310852,177.25917866236523,178.0151709979218,-0.7559923355565843,-1.0626387948474862,0.30664645929090195,177.035,1.3067738499326846,179.64854769986536,174.42145230013463,177.02240282685514
2026-01-06,179.0,179.0,176.3,176.9,62785,177.53166371984247,180.8182568290231,45.86413549455361,177.20392040661673,177.9325657388165,-0.7286453321997612,-0.9958401023179413,0.26719477011818005,176.935,1.2308640525747028,179.3967281051494,174.4732718948506,177.25250883392226
2026-01-07,177.0,177.8,174.0,176.4,184821,177.42388622271463,180.64499185533592,44.21910992525249,177.08024034406031,177.819042350756,-0.7388020066956926,-0.9444324831934916,0.20563047649779898,176.855,1.2098172981355764,179.27463459627114,174.43536540372884,176.81519434628976
2026-01-08,177.4,182.0,174.4,180.8,151089,177.74542086817038,180.65107060610706,58.36974345179213,177.65251106035873,178.03985402847778,-0.387342968119043,-0.833014580178602,0.44567161205955896,176.995,1.4809225432406863,179.95684508648137,174.03315491351864,177.88077738515898
2026-01-12,184.4,184.4,178.4,179.9,95741,177.95061888072559,180.62161685684796,55.28060247884528,177.99827858953432,178.1776426189609,-0.17936402942657992,-0.7022844700281976,0.5229204406016177,177.145,1.616518350987182,180.37803670197437,173.91196329802565,180.15180212014133
2026-01-13,180.0,181.9,178.4,179.5,82778,178.09817898732317,180.57763188206962,53.91488523284561,178.2293126526829,178.2755950175564,-0.046282364873519555,-0.571084048997262,0.5248016841237424,177.285,1.695279824790392,180.67555964958078,173.89444035041922,180.2250176678445
2026-01-14,178.5,181.0,177.1,178.6,81935,178.14597146472096,180.5000776906159,50.86969544258073,178.28634147534706,178.29962501625596,-0.013283540908901159,-0.4595239473795898,0.44624040647068863,177.405,1.6993729494090843,180.80374589881816,174.00625410118184,179.13759717314483
2026-01-18,182.1,182.1,179.0,180.0,98159,178.322545610938,180.48046680078784,55.11650295284179,178.5499812483706,178.42557871875553,0.12440252961508236,-0.34273865198065534,0.4671411815957377,177.60999999999999,1.7546629606262447,181.11932592125248,174.1006740787475,179.10183745583038
2026-01-20,182.0,187.5,181.0,187.0,288256,179.14896983846774,180.73613476938442,69.37209143410513,179.8499841332367,179.06072103588474,0.7892630973519488,-0.11633830211413454,0.9056013994660833,178.08499999999998,2.7352042163964967,183.55540843279297,172.614591567207,182.21335689045932
2026-01-21,190.7,190.7,185.0,185.5,202038,179.75382985385176,180.9229530137223,64.63467121501787,180.71921734350798,179.53770466285624,1.1815126806517355,0.1432318944390395,1.0382807862126961,178.475,3.1948766552458454,184.8647533104917,172.0852466895083,186.14565371024733
2026-01-22,187.0,192.0,184.6,191.5,257754,180.8725127249135,181.33773917004692,72.67340027793254,182.3777992906606,180.4238006137558,1.9539986769048028,0.5053852509321922,1.4486134259726104,179.195,4.300119337404297,187.7952386748086,170.5947613251914,188.28692579505295
2026-01-25,187.7,208.0,187.7,207.5,557069,183.40846389396935,182.36371018298624,83.46622509422596,186.2427532459436,182.42944501273686,3.813308233206726,1.166969847387099,2.646338385819627,180.72,7.612911470177419,195.94582294035484,165.49417705964515,196.4219081272085
2026-01-26,210.0,213.0,200.3,206.0,604579,185.56003876121036,183.29062350914364,80.26559898782857,189.28232966964458,184.17541204883042,5.1069176208141585,1.954959402072511,3.1519582187416475,182.275,9.34152444451623,200.95804888903245,163.59195111096756,206.46077738515896
2026-01-27,202.0,210.0,196.6,197.0,375868,186.64955887919032,183.8282461166282,64.32690415530982,190.46966356662236,185.12538152669484,5.344282039927521,2.632823929643513,2.7114581102840076,183.425,9.678836108808605,202.78267221761723,164.0673277823828,204.48727915194345
2026-01-28,193.1,199.7,193.0,198.0,259574,187.7305532716484,184.38400117087807,65.15486096089724,191.62817686406507,186.07905696916188,5.5491198949031855,3.216083122695448,2.3330367722077376,184.575,9.986616043491587,204.54823208698315,164.60176791301683,197.80883392226147
2026-01-29,198.0,214.0,198.0,207.5,1237374,189.6133577219676,185.29051092888284,71.84121141172268,194.06999580805507,187.66579348996473,6.404202318090341,3.8537069617744266,2.5504953563159147,186.025,11.10125052226175,208.2275010445235,163.8224989554765,200.35512367491162
2026-02-01,207.5,215.0,205.8,206.0,487787,191.17399031987543,186.1026477552012,69.57119633165712,195.9053810683543,189.02388286107845,6.881498207275854,4.459265210874713,2.4222329964011413,187.425,11.780710147485507,210.98642029497103,163.863579705029,206.44134275618367
2026-02-02,207.0,209.2,202.2,203.0,200896,192.30027695607777,186.76528901970312,65.13812205521602,196.9968609039921,190.05915079729485,6.937710106697239,4.954954190039218,1.9827559166580206,188.635,12.087021094855746,212.80904218971148,164.4609578102885,205.94275618374556
2026-02-03,205.0,205.0,196.2,196.5,329580,192.70025057930846,187.1470423914795,56.706938861900916,196.92042076491637,190.53625073823596,6.384170026680408,5.240797357367456,1.143372669312952,189.605,11.889423650327231,213.38384730065445,165.82615269934553,200.8459363957597
2026-02-04,197.0,201.1,195.1,199.2,208207,193.31927433366002,187.6197073957352,59.07646510625495,197.27112526262155,191.1780099428111,6.093115319810465,5.411260949856058,0.6818543699544071,190.715,11.68522571455585,214.0854514291117,167.3445485708883,197.5845229681978
2026-02-05,202.0,207.0,198.1,204.0,356998,194.33648630188287,188.26207181158873,62.95797021168807,198.30633676067978,192.12778698408434,6.178549776595446,5.564718715203936,0.6138310613915099,192.04000000000002,11.610086358992936,215.26017271798588,168.81982728201416,200.06459363957595
2026-02-08,206.0,209.8,204.2,204.6,419827,195.31396379694166,188.90277487780094,63.42495909093844,199.2745926436521,193.05165461489293,6.222938028759188,5.696362577914988,0.5265754508442004,193.425,11.358413297274119,216.14182659454826,170.70817340545176,204.12869257950527
2026-02-09,206.0,210.0,203.0,207.9,422129,196.51263391151866,189.64776409827934,65.96632925925286,200.60157839078255,194.1515320508268,6.4500463399557475,5.8470993303231396,0.6029470096326079,195.0,11.053268152099553,217.1065363041991,172.8934636958009,206.12374558303887
2026-02-10,210.0,212.0,206.1,207.0,457970,197.51143068185021,190.32824393756252,64.6470251805245,201.58595094604675,195.10327041743224,6.482680528614509,5.974215569981414,0.5084649586330947,196.31,10.832111132141282,217.97422226428256,174.64577773571745,207.42593639575972
2026-02-11,211.0,211.0,203.0,207.0,271751,198.41510395024545,190.98203829295224,64.6470251805245,202.41888156973187,195.9845096457706,6.434371923961265,6.066246840777385,0.36812508318388026,197.66500000000002,10.355841219743155,218.37668243948633,176.9533175605137,207.36127208480565
2026-02-12,209.9,210.5,207.0,207.4,415020,199.27080833593635,191.62587992852275,65.00775434029592,203.1852074820808,196.83010152386169,6.355105958219127,6.1240186642657335,0.23108729395339367,199.06,9.63411700813441,218.32823401626882,179.79176598373118,207.05448763250882
2026-02-16,209.9,211.5,206.0,207.0,335836,200.00692182775194,192.22878659799247,64.3011783090426,203.77209863868376,197.58342733690898,6.188671301774775,6.136949191767542,0.05172211000723337,200.48000000000002,8.484077966843298,217.44815593368662,183.51184406631342,207.23660777385157
2026-02-17,202.9,208.4,201.0,201.1,312178,200.11102451082317,192.57667731963983,54.834003499813974,203.36100654042474,197.84391420084165,5.517092339583087,6.012977821330651,-0.49588548174756397,201.53500000000003,6.9823291996824395,215.4996583993649,187.57034160063515,205.04939929328623
2026-02-22,197.1,202.9,196.0,197.2,208735,199.83378408122098,192.75798409141865,49.632109719238485,202.4131593803594,197.79621685263115,4.616942527728241,5.7337707626101695,-1.116828234881928,202.04500000000002,6.192650567627525,214.43030113525506,189.65969886474497,200.1284098939929
2026-02-23,193.3,199.0,193.3,195.0,119792,199.37342369253327,192.84590628391206,46.92763486291364,201.27267332184255,197.5890896783622,3.683583643480347,5.323733338784205,-1.6401496953038581,202.52,5.129953318767826,212.77990663753567,192.26009336246435,196.17300353356893
2026-02-24,191.1,198.0,191.1,197.2,81335,199.16643095991105,193.01665505709198,49.869398727202494,200.64610819540522,197.56026822070575,3.085839974699468,4.876154665967258,-1.79031469126779,202.805,4.618324485431569,212.04164897086315,193.56835102913686,195.54310954063607
2026-02-25,200.0,200.0,195.0,197.8,78767,199.03629467801477,193.20423721171582,50.67244798116508,200.20824539611212,197.57802613028312,2.6302192658289982,4.4269675859396065,-1.7967483201106083,202.32,4.6086417681865965,211.5372835363732,193.1027164636268,197.05653710247347
2026-02-26,201.7,201.7,196.0,197.2,126906,198.8614094705848,193.36093379164853,49.81310299255047,199.74543841209487,197.5500241947066,2.195414217388276,3.9806569122293407,-1.785242694841065,201.88,4.658619628410476,211.19723925682095,192.56276074317904,197.7554770318021
2026-03-01,193.3,200.0,193.3,199.5,126204,198.9222276162434,193.6016814860937,53.09677405774596,199.70767865638794,197.69446684695055,2.0132118094373936,3.5871678916709517,-1.573956082233558,202.005,4.553133680872488,211.11126736174498,192.898732638255,198.08007067137808
2026-03-03,202.0,205.0,199.0,204.9,147889,199.49153927183926,194.04475280036453,59.754648930663876,200.50649732463594,198.22821004347273,2.278287281163216,3.325391769569405,-1.0471044884061889,202.35,4.494733760641781,211.33946752128355,193.36053247871644,201.13413427561835
2026-03-09,208.9,225.3,208.9,225.3,10410,201.94948791261646,195.2704487689777,74.48793493920564,204.32088235161504,200.23352781803032,4.0873545335847155,3.477784322372467,0.6095702112122483,203.24,6.759741508612787,216.7594830172256,189.72051698277443,211.71053003533564
2026-03-10,229.8,238.0,212.0,222.0,1133814,203.85906049236726,196.31866646431192,70.02224673998728,207.04074660521272,201.84585909076884,5.194887514443877,3.8212049607867495,1.3736825536571278,204.04000000000002,7.946227174948716,219.93245434989745,188.1475456501026,223.29625441696112
2026-03-11,224.0,226.9,218.7,223.0,559848,205.6820071121418,197.36499326963303,70.59749789020985,209.4960163582569,203.4128324914526,6.083183866804291,4.273600741990258,1.8095831248140328,205.04000000000002,8.997391434837207,223.03478286967444,187.0452171303256,224.4226855123675
2026-03-12,223.0,241.0,221.0,237.3,1707230,208.69324453003307,198.93107196494157,77.3043861339769,213.77355230314046,205.9229930476413,7.8505592554991495,4.988992444692036,2.8615668108071137,207.08,11.291944031038279,229.66388806207658,184.49611193792344,227.51321554770317
2026-03-15,242.0,248.0,237.3,245.0,1308783,212.15103076526802,200.73769659376737,79.95573182238822,218.57762117958038,208.81758615522344,9.760035024356938,5.943200960625017,3.816834063731921,209.36999999999998,13.942743821187298,237.25548764237456,181.4845123576254,239.05943462897528
2026-03-16,245.0,245.0,237.5,242.5,1117971,215.04140878762345,202.37543398224707,76.81796139027352,222.25798715195265,211.31257977335503,10.945407378597622,6.943642244219538,4.0017651343780845,211.295,15.708277234767259,242.71155446953452,179.87844553046546,244.93335689045935
2026-03-17,242.0,254.3,235.6,254.0,1557641,218.75175080784982,204.399926767257,80.59118904336466,227.14137374395995,214.47461090125464,12.66676284270531,8.088266363916691,4.578496478788619,213.76500000000001,18.274407615140493,250.313815230281,177.21618476971904,247.29526501766784
2026-03-19,257.0,264.4,256.0,257.7,1477841,222.4611078737689,206.49012571756063,81.6273376438777,231.8427008602738,217.6764915752358,14.166209285038008,9.303854948140955,4.862354336897052,216.25499999999997,20.669083828652912,257.5931676573058,174.91683234269414,254.26296819787981
2026-03-22,260.0,260.0,249.0,254.0,1621398,225.46481188579088,208.3532580423622,77.18955202345701,235.25151611253938,220.36712182892202,14.884394283617354,10.419962815236236,4.464431468381118,218.60499999999996,22.178212993364387,262.9614259867287,174.2485740132712,257.2370318021201
2026-03-23,259.0,259.0,249.0,255.6,697495,228.33482980142986,210.20607145246566,77.75281182399088,238.38205209522562,222.97696465640928,15.405087438816338,11.416987739952257,3.9880996988640813,221.035,23.464918383342596,267.9648367666852,174.1051632333148,255.1318727915194
2026-03-24,255.0,259.0,253.0,254.8,420044,230.8553222012937,211.9548529641337,76.73255550691246,240.9078902344217,225.3342265337123,15.573663700709403,12.248322932103687,3.3253407686057166,223.40500000000003,24.390754827448788,272.1865096548976,174.62349034510245,254.88219081272084
2026-03-25,256.0,256.0,247.0,248.0,672166,232.48814865831335,213.36838814201082,68.50418393634398,241.99898404451068,227.01317271640028,14.985811328110401,12.79582061130503,2.1899907168053705,225.455,24.660867680130902,274.7767353602618,176.1332646397382,252.67844522968196
2026-03-26,245.0,251.1,244.5,249.0,519966,234.06070592895017,214.76570625408883,69.03013973705836,243.07606342227825,228.6418265892595,14.434236833018758,13.123503855647776,1.3107329773709822,227.85,24.496498138564863,276.8429962771297,178.85700372287027,248.7249469964664
2026-03-29,253.9,253.9,236.1,237.0,857803,234.34063869762156,215.63763934216377,56.7772931264627,242.14128443423544,229.26095054561063,12.880333888624818,13.074869862243187,-0.19453597361836827,229.84,23.4706849629843,276.7813699259686,182.89863007403142,244.21681978798586
2026-03-30,240.0,241.7,229.6,231.0,823022,234.02248263118142,216.24008485815736,51.82410583974254,240.4272406751223,229.38976902371354,11.037471651408765,12.667390220076303,-1.629918568667538,231.64000000000001,21.991993758496765,275.62398751699357,187.6560124830065,235.8487632508834
2026-03-31,235.6,235.6,222.0,230.5,790721,233.68700809487845,216.799297216661,51.42152007531914,238.89997287894965,229.4720083552903,9.427964523659341,12.019505080792912,-2.5915405571335715,233.305,20.454120032792027,274.21324006558405,192.39675993441597,230.13816254416963
2026-04-01,231.0,232.0,217.1,218.0,566393,232.19300732393765,216.84638360032136,42.5271098254477,235.68459243603434,228.62222995860213,7.0623624774322025,11.028076560120772,-3.965714082688569,234.315,19.05985792734563,272.43471585469126,196.19528414530873,225.71978798586574
2026-04-02,217.0,223.6,210.0,219.8,656967,231.01272091213406,216.96221169442643,44.02847575404589,233.24080898433675,227.96873144315012,5.272077541186633,9.876876756333944,-4.604799215147311,235.44500000000002,17.33555746526922,270.11611493053846,200.77388506946158,219.40805653710248
2026-04-05,219.0,219.0,205.0,207.0,674099,228.72579511097845,216.57153672601757,36.68876761802796,229.20376144828492,226.41549207699086,2.7882693712940636,8.459155279325968,-5.670885908031904,235.82000000000002,16.581809945018176,268.9836198900364,202.65638010996366,214.17038869257948
2026-04-06,207.0,227.0,203.0,222.0,632959,228.08524319564717,216.78441763872277,47.69323387705741,228.0954904562411,226.08841858980634,2.0070718664347567,7.168738596747726,-5.1616667303129695,236.675,15.294473546111448,267.2639470922229,206.08605290777712,213.14360424028268
2026-04-07,226.4,230.0,221.0,222.1,514549,227.51522003415695,216.99287184896895,47.75842641525192,227.1731073091271,225.7929801757466,1.3801271333804834,6.011016304074278,-4.630889170693795,236.51500000000001,15.435818734361694,267.3866374687234,205.64336253127664,219.86014134275618
2026-04-08,226.5,227.0,224.0,226.2,251524,227.38996098328488,217.353935698029,50.48338263255793,227.0233984923383,225.82312979235797,1.2002686999803132,5.048866783255486,-3.8485980832751725,236.725,15.255469252216871,267.23593850443376,206.21406149556626,224.86028268551237
2026-04-09,230.0,237.0,226.0,235.0,496108,228.11472660392442,218.04593821967492,55.811086760104914,228.2505679550555,226.50289795588702,1.7476699991684654,4.388627426438082,-2.6409574272696164,237.325,14.919534175036118,267.1640683500722,207.48593164992775,228.93766784452296
2026-04-10,235.0,237.0,226.9,230.0,368735,228.2942764511697,218.5147249561583,52.36368911432517,228.5197113465854,226.76194255174724,1.7577687948381708,3.8624557001180997,-2.104686905279929,236.95999999999998,15.009204193640208,266.9784083872804,206.94159161271955,233.0762544169611
2026-04-13,230.0,232.9,226.0,231.1,338493,228.56148821772499,219.00826515395602,53.05076824242036,228.91667883172613,227.0832801405067,1.833398691219429,3.456644298338366,-1.6232456071189367,236.26500000000001,14.93897322618604,266.1429464523721,206.38705354762794,231.51342756183746
2026-04-15,235.7,241.9,232.1,236.3,505034,229.2984893398464,219.6863724028205,56.26235302676317,230.05257439607595,227.7660001300988,2.2865742659771513,3.222630291866123,-0.9360560258889716,235.955,14.866935230839166,265.68887046167833,206.2211295383217,232.3453003533569
2026-04-16,239.0,239.0,228.0,228.5,376748,229.2224427360515,220.03200485761187,50.66392991342806,229.81371679667967,227.82037049083223,1.9933463058474388,2.9767734946623863,-0.9834271888149475,234.68,14.32137158971164,263.3227431794233,206.03725682057672,233.38869257950526
2026-04-17,228.5,232.0,225.0,230.0,279123,229.2964958088085,220.42290662790163,51.66010318617438,229.84237575103666,227.98182452854837,1.860551222488283,2.7535290402275656,-0.8929778177392826,233.29500000000002,13.279484573069492,259.853969146139,206.73603085386102,230.00975265017667
2026-04-20,230.0,230.5,225.1,226.9,191118,229.06825811273148,220.67691028955255,49.43838129656467,229.3897025585695,227.9016893782855,1.4880131802839855,2.5004258682388496,-1.012412687954864,231.94,12.409733022280811,256.75946604456163,207.12053395543836,228.13003533568903
2026-04-21,220.0,232.0,220.0,221.8,251540,228.37604305437608,220.72095302329558,45.93811743668393,228.22205601109727,227.4497123873014,0.7723436237958765,2.154809419350255,-1.3824657955543787,230.25,11.26692878341762,252.78385756683525,207.71614243316475,225.50402826855125
2026-04-22,230.0,230.0,214.0,222.0,323051,227.76880085872122,220.7711117282644,46.099284234287,227.26481662477462,227.04602998824203,0.21878663653259878,1.767604862786724,-1.5488182262541252,228.60999999999999,9.796610584658772,248.20322116931754,209.01677883068243,221.9280565371025
2026-04-23,225.0,227.0,219.0,221.0,142678,227.12415315789062,220.78008773892068,45.37097269730566,226.30099868250161,226.59817591503892,-0.2971772325373081,1.3546484437219177,-1.6518256762592258,227.26,8.792903837459962,244.8458076749199,209.67419232508007,221.18028268551237
2026-04-24,219.0,222.0,216.0,220.9,148761,226.53137666666294,220.78479018053164,45.29390941586749,225.4700758082706,226.17608881022122,-0.7060130019506232,0.9425161545874096,-1.6485291565380327,225.85499999999996,7.245069103595372,240.3451382071907,211.36486179280922,221.0512367491166
2026-04-27,220.9,224.0,218.5,221.8,108387,226.08076936507598,220.82460233031472,46.17992407349248,224.90544876084434,225.85193408353817,-0.9464853226938317,0.5647158591311613,-1.511201181824993,225.09499999999997,6.797869248218374,238.69073849643672,211.49926150356322,221.1227561837456
2026-04-28,232.0,232.0,217.2,218.0,144903,225.31117228268778,220.71383361147886,43.012367741580206,223.84307202840677,225.27030933660942,-1.427237308202649,0.16632522566439922,-1.5935625338670483,224.445,6.824990842490871,238.09498168498175,210.79501831501824,220.43335689045938
2026-04-29,218.0,220.0,215.5,216.0,96392,224.42439397005086,220.52897739142088,41.40271912962316,222.63644556249804,224.58361975611982,-1.9471741936217768,-0.256374658192836,-1.690799535428941,223.71999999999997,6.9174531364384295,237.55490627287682,209.88509372712312,217.65448763250882
2026-04-30,208.0,218.0,208.0,217.6,163696,223.77445168718884,220.41411553293378,43.23296163228735,221.86160778365218,224.06631458899983,-2.204706805347655,-0.6460410876237999,-1.5586657177238552,223.7,6.935416353766011,237.57083270753202,209.82916729246796,216.33399293286215
2026-05-04,207.0,220.0,207.0,214.1,116715,222.853075336028,220.16650315909325,40.26987595155867,220.66751427847493,223.32806906388873,-2.660554785413808,-1.0489438271818017,-1.6116109582320064,223.41499999999996,7.215573435291567,237.84614687058308,208.98385312941684,216.1155477031802
2026-05-05,211.0,218.5,211.0,214.1,105601,222.01944911354917,219.92860107442294,40.26987595155867,219.65712746640185,222.64450839248957,-2.9873809260877238,-1.4366312469629863,-1.5507496791247375,223.76999999999998,6.505147759160128,236.78029551832023,210.75970448167973,214.48084805653707
2026-05-06,214.0,218.6,214.0,215.8,82838,221.4271206265445,219.76669514993577,42.49022441781831,219.06372324080155,222.13750777082367,-3.073784530022124,-1.764061903574814,-1.3097226264473099,223.45999999999998,6.737514769055663,236.9350295381113,209.98497046188865,214.36120141342752
2026-05-07,214.0,218.0,214.0,216.5,86014,220.95787104306407,219.63858945778145,43.42284000051779,218.6693042806782,221.71991460261452,-3.0506103219363183,-2.0213715872471147,-1.0292387346892036,223.18,6.9111351798217475,237.0022703596435,209.35772964035652,215.92480565371022
2026-05-08,206.0,220.0,206.0,219.5,99800,220.81902618181988,219.63315457708413,47.36254561108201,218.79710362211233,221.55547648390234,-2.758372861790008,-2.1687718421556936,-0.5896010196343142,222.84500000000003,6.919421560862442,236.68384312172492,209.00615687827514,217.6320141342756
2026-05-11,220.1,227.5,220.1,227.0,233467,221.4076903549799,219.922050476022,55.67285318379723,220.0590876802489,221.9587745221318,-1.8996868418828967,-2.114954842101134,0.21526800021823744,222.44500000000002,6.390821955213916,235.22664391042787,209.66335608957218,221.92247349823313
2026-05-12,230.0,231.4,221.0,222.0,218140,221.46410079736276,220.00353869264862,50.004877110288454,220.35768957559523,221.96182826123317,-1.6041386856379347,-2.0127916108084944,0.40865292517055973,222.04500000000002,6.138444428361858,234.32188885672372,209.76811114327631,225.06325088339224
2026-05-13,222.0,223.0,218.2,222.5,67274,221.56275786428057,220.10143913607416,50.54707916614564,220.68727579473443,222.00169283447514,-1.3144170397407038,-1.8731166965949364,0.5586996568542326,221.615,5.760324826374839,233.1356496527497,210.09435034725033,223.19010600706716
2026-05-14,224.9,224.9,220.3,221.5,120977,221.5567809248253,220.15628466014968,49.39331674744521,220.8123102878522,221.9645304022918,-1.152220114439615,-1.728937380163872,0.5767172657242572,220.875,4.610385872660194,230.09577174532038,211.65422825467962,221.66925795053
2026-05-15,223.0,225.0,220.6,221.6,92201,221.5608970272229,220.21290094798695,49.517409563105396,220.9334933204903,221.9375281502702,-1.004034829779897,-1.5839568700870772,0.5799220403071801,220.52999999999997,4.254174420506073,229.03834884101212,212.02165115898782,221.6468551236749
2026-05-18,222.2,223.0,220.7,221.0,98573,221.50747826272547,220.24376757747766,48.74507505217687,220.94372511733795,221.86808162062056,-0.9243565032826098,-1.4520367967261838,0.527680293443574,220.07999999999998,3.629934028700824,227.33986805740165,212.82013194259832,221.2973144876325
2026-05-19,210.0,223.0,210.0,220.9,61907,221.44962319008494,220.26950218228245,48.60899402134086,220.93699817620902,221.79637187094497,-0.8593736947359503,-1.333504176328137,0.47413048159218674,219.78000000000003,3.266351578086451,226.31270315617294,213.24729684382712,221.01526501766782
2026-05-20,231.8,231.8,220.0,226.8,106813,221.9591828862673,220.52560013591844,56.351368513004,221.83899845679224,222.1670109916157,-0.3280125348234719,-1.1324058480272041,0.8043933132037322,220.03000000000003,3.603083474803832,227.2361669496077,212.82383305039235,222.86593639575972
2026-05-21,238.0,238.0,223.0,223.0,63819,222.05830832567042,220.62263542470595,51.01994359639528,222.01761407882418,222.22871388112566,-0.21109980230147585,-0.9481446388820586,0.7370448365805827,220.08,3.638623221420026,227.35724644284005,212.80275355715997,225.097667844523
2026-05-22,234.1,234.1,220.0,226.0,110169,222.43370753274942,220.83351246687437,54.66648046408532,222.63028883592816,222.50806840844967,0.1222204274784815,-0.7340716256099505,0.856292053088432,220.33,3.8695981023579966,228.069196204716,212.59080379528402,224.8170318021201
2026-05-25,237.0,237.0,225.0,228.1,188158,222.97335443439232,221.11847276229105,57.07554713577051,223.47178286116997,222.92228556337932,0.5494972977906514,-0.47735784092983014,1.0268551387204816,220.69,4.242380166106317,229.17476033221263,212.20523966778737,226.16897526501765
2026-05-26,239.5,239.5,226.0,226.8,80660,223.3377968692121,221.34127775200514,55.122698455416156,223.98381626714382,223.2095236697957,0.7742925973481363,-0.22702775327423685,1.0013203506223731,220.94,4.453313373218622,229.84662674643724,212.03337325356276,227.7887632508834
2026-05-27,238.1,238.1,220.0,227.0,116141,223.68657811976334,221.5631884283971,55.3756641338895,224.44784453373708,223.49029969425527,0.9575448394818125,0.00988676527697302,0.9476580742048395,221.39000000000001,4.593118422400261,230.57623684480055,212.20376315519948,227.1469964664311
2026-06-01,220.0,228.0,220.0,222.0,120478,223.52595163216682,221.58031829395017,48.07913670285997,224.0712530670083,223.37990712431042,0.6913459426978932,0.14617860076115707,0.5451673419367361,221.69,4.4150341239764614,230.5200682479529,212.8599317520471,225.16134275618379
2026-06-02,210.9,225.0,210.9,222.0,84456,223.3806229052938,221.59677640006979,48.07913670285997,223.75259874900703,223.2776917817689,0.47490696723812675,0.211924274056551,0.26298269318157574,221.91,4.308852576545491,230.52770515309098,213.29229484690902,222.35392226148406
2026-06-03,222.0,225.0,221.0,222.2,66445,223.26818262859913,221.62043222751805,48.39458046434649,223.51373740300596,223.19786276089712,0.3158746421088381,0.23271434766700844,0.08316029444182965,222.315,3.89713457489261,230.1092691497852,214.5207308502148,221.61243816254415
2026-06-04,222.0,225.5,220.3,220.5,53363,223.00454618778016,221.57649370879187,45.84496161958878,223.0500854948512,222.99802107490476,0.05206441994644706,0.19658436212289618,-0.14451994217644912,222.635,3.4207224537149212,229.47644490742982,215.79355509257016,221.60628975265018
2026-06-05,221.0,222.9,218.0,219.0,109602,222.62316083656302,221.47545473981964,43.659302902491596,222.42699541872025,222.70187136565255,-0.27487594693229767,0.1022923003118574,-0.3771682472441551,222.795,3.1481782535103715,229.09135650702072,216.49864349297926,220.12035335689046
2026-06-08,208.1,220.7,208.1,216.9,77832,222.0780978997475,221.29602514217964,40.73155017745518,221.57668843122482,222.27210311634497,-0.6954146851201415,-0.057249096774542374,-0.6381655883455991,222.815,3.1070844346906066,229.0291688693812,216.6008311306188,218.22890459363958
2026-06-09,218.0,218.0,211.1,216.0,211079,221.49923143310485,221.08833788170202,39.50874101155788,220.71873636488255,221.8075028855046,-1.0887665206220447,-0.2635525815440429,-0.8252139390780018,222.64000000000001,3.389364169541314,229.41872833908263,215.8612716609174,216.5970318021201
2026-06-10,217.5,218.0,213.7,215.7,140401,220.94692367757105,220.87703051379214,39.08750151387661,219.94662307797756,221.35509526435612,-1.4084721863785603,-0.4925365025109464,-0.9159356838676139,222.075,3.5617670067837213,229.19853401356744,214.95146598643254,215.76657243816254
2026-06-11,215.0,219.0,215.0,215.0,64684,220.38054999399287,220.64655872893755,38.067612293109526,219.18560414290408,220.88434746699642,-1.6987433240923338,-0.7337778668272239,-0.9649654572651098,221.725,3.897620731742392,229.52024146348478,213.9297585365152,215.3991519434629
2026-06-12,215.0,218.9,215.0,215.6,66132,219.9252595183745,220.44865446505767,39.52419333918587,218.63397273630346,220.49291432129297,-1.858941584989509,-0.958810610459681,-0.900130974529828,221.37999999999997,4.1242032723504645,229.6284065447009,213.13159345529903,215.22445229681978
2026-06-15,220.0,220.0,214.1,215.0,66647,219.45618718329123,220.23498174093777,38.54785195920505,218.07490000764142,220.08603177897498,-2.0111317713335666,-1.1692748426344581,-0.8418569286991084,221.05499999999998,4.363421520837594,229.78184304167516,212.3281569583248,215.2910954063604
2026-06-16,216.0,216.5,214.5,215.8,53970,219.10797888012064,220.061060888352,40.65289808805613,217.7249153910812,219.76854794349535,-2.0436325524141523,-1.3441463845903971,-0.6994861678237552,220.76500000000001,4.51538597756644,229.7957719551329,211.73422804486714,215.36805653710246
2026-06-17,220.0,220.0,215.0,216.0,65703,218.8119808915377,219.9018035986127,41.19522583854139,217.4595437924533,219.48939624397718,-2.0298524515238796,-1.4812875979770936,-0.548564853546786,220.51500000000001,4.63842929404745,229.79185858809493,211.2381414119051,215.75985865724383
