Date,Open,High,Low,Close,Volume,EMA20,EMA50,RSI,EMA12,EMA26,MACD,MACD_Signal,MACD_Hist,BB_Middle,BB_Std,BB_Upper,BB_Lower
2023-02-23,232.2,232.2,213.2,216.0,276758,216.0,216.0,,216.0,216.0,0.0,0.0,0.0,,,,
2023-02-26,212.0,212.0,204.0,207.5,129624,215.19047619047618,215.66666666666666,0.0,214.6923076923077,215.37037037037038,-0.6780626780626733,-0.13561253561253467,-0.5424501424501387,,,,
2023-02-27,207.0,210.6,203.1,206.0,88701,214.31519274376416,215.2875816993464,0.0,213.35502958579883,214.67626886145408,-1.3212392756552447,-0.3727378836210767,-0.9485013920341681,,,,
2023-02-28,206.0,207.0,203.2,203.7,62491,213.30422200626282,214.83316673074458,0.0,211.86964041875285,213.86321190875375,-1.9935714900009032,-0.696904604897042,-1.2966668851038612,,,,
2023-03-01,205.0,205.9,203.7,204.0,41099,212.41810562471397,214.40833666287224,0.3030084409494407,210.65892650817548,213.13260361921644,-2.4736771110409563,-1.0522591061258249,-1.4214180049151315,,,,
2023-03-02,207.8,207.8,200.0,200.5,57048,211.2830479461698,213.8629116957008,0.2918958797773854,209.09601473768694,212.19685520297818,-3.100840465291242,-1.4619753779589084,-1.6388650873323334,,,,
2023-03-05,202.0,202.0,197.1,197.5,78195,209.97037671320123,213.2212288841047,0.2823378913918049,207.31201247035048,211.10819926201683,-3.7961867916663437,-1.9288176607003955,-1.8673691309659481,,,,
2023-03-07,196.1,199.8,196.1,197.0,40001,208.7351027405154,212.58510226119864,0.2806882248713407,205.7255490133735,210.0631474648304,-4.337598451456898,-2.410573818851696,-1.9270246326052023,,,,
2023-03-09,199.5,202.9,199.2,201.2,67668,208.01747390808538,212.13862766272027,5.286810192462482,205.0293107036237,209.40661802299113,-4.377307319367418,-2.8039205189548406,-1.5733868004125773,,,,
2023-03-12,204.0,204.0,196.0,198.2,58923,207.08247639302965,211.59201481320184,5.090240262296419,203.97864751845083,208.57649816943623,-4.597850650985407,-3.1627065453609537,-1.4351441056244534,,,,
2023-03-13,196.1,198.5,195.1,197.0,45952,206.12224054607444,211.0197789381743,5.009997558539595,202.90500943868918,207.71897978651504,-4.813970347825858,-3.4929593058539345,-1.3210110419719236,,,,
2023-03-14,200.9,200.9,195.0,195.0,57432,205.0629795416864,210.39155231314788,4.8721431235735935,201.6888541404293,206.77683313566206,-5.08797899523276,-3.8119632437297,-1.27601575150306,,,,
2023-03-15,197.0,197.0,192.6,193.2,58388,203.9331719662877,209.71737379106364,4.745582118802687,200.38287658036325,205.77114179227968,-5.388265211916433,-4.127223637367047,-1.2610415745493864,,,,
2023-03-16,192.0,193.0,190.6,192.0,55926,202.7966793980698,209.02257481886508,4.658698499192781,199.09320326030738,204.75105721507379,-5.657853954766409,-4.43334970084692,-1.2245042539194895,,,,
2023-03-19,192.1,193.0,189.7,190.9,72137,201.66366231253937,208.31188561028216,4.575993841896761,197.83271045102933,203.72505297692018,-5.892342525890854,-4.725148265855707,-1.1671942600351466,,,,
2023-03-20,192.0,194.0,190.2,191.4,41833,200.6861706637261,207.64867440987894,5.398098727153126,196.8430626893325,202.81208608974092,-5.9690234004084175,-4.97392329276625,-0.9951001076421679,,,,
2023-03-22,194.5,194.5,190.0,191.5,51533,199.81129726718078,207.01539306047192,5.573316839547175,196.0210530448198,201.97415378679716,-5.953100741977352,-5.16975878260847,-0.7833419593688813,,,,
2023-03-23,191.0,193.8,188.5,192.0,55968,199.06736419411592,206.42655411692402,6.505752152079182,195.40242949946293,201.23532758036774,-5.832898080904812,-5.302386642267739,-0.5305114386370731,,,,
2023-03-26,193.0,193.0,186.2,187.9,85585,198.0038056994382,205.700022582927,5.983944912609658,194.24820957646864,200.24752553737753,-5.999315960908888,-5.441772505995969,-0.5575434549129188,,,,
2023-03-27,189.0,190.7,184.3,188.3,62229,197.07963372806313,205.01766875614555,6.769598250107592,193.33310041085807,199.36252364571993,-6.029423234861866,-5.559302651769149,-0.47012058309271776,197.54000000000002,7.246225877909433,212.0324517558189,183.04754824418114
2023-03-28,191.0,193.0,187.2,191.0,39108,196.50062099205712,204.46795625590457,12.108643006529078,192.97416188611066,198.7430774497407,-5.768915563630031,-5.601225234141325,-0.167690329488706,196.29000000000002,5.931175440438711,208.15235088087744,184.4276491191226
2023-03-29,190.0,191.9,186.0,191.4,74551,196.01484756424216,203.955487383124,12.904404843623666,192.73198313440133,198.19914578679695,-5.467162652395615,-5.574412717792184,0.10725006539656867,195.48499999999999,5.398272140719043,206.28154428143807,184.6884557185619
2023-03-30,189.0,191.0,187.3,187.5,74624,195.203909700981,203.31017415241325,11.784131936369093,191.92706265218573,197.40661646925642,-5.479553817070695,-5.555440937647886,0.0758871205771916,194.56,5.077131390647178,204.71426278129437,184.40573721870564
2023-04-02,187.5,191.2,183.0,184.9,74001,194.22258496755424,202.58820653859314,11.092749288784205,190.845976090311,196.48020043449668,-5.634224344185668,-5.571197618955443,-0.06302672523022501,193.62,5.036038543391676,203.69207708678334,183.54792291321667
2023-04-03,184.0,186.0,182.0,184.0,98341,193.2490054468348,201.85925726256988,10.855329061261855,189.79274899949394,195.55574114305247,-5.7629921435585345,-5.609556523876062,-0.15343561968247243,192.62,4.848613475167844,202.31722695033568,182.92277304966433
2023-04-04,181.5,184.8,179.1,181.1,78330,192.091957309041,201.04516874246912,10.104833942125126,188.4554029995718,194.48494550282635,-6.029542503254561,-5.693553719751762,-0.33598878350279904,191.65,5.122037012546375,201.89407402509275,181.40592597490726
2023-04-05,181.0,184.0,180.5,183.3,38531,191.25462804151329,200.3492797721762,14.91088365803951,187.66226407656075,193.65643102113552,-5.994166944574772,-5.753676364716364,-0.24049057985840783,190.94,5.251004916354506,201.442009832709,180.437990167291
2023-04-06,183.9,185.0,181.0,182.8,82265,190.44942537089298,199.66107272228695,14.718290306146358,186.91422344939755,192.85225094549585,-5.9380274960983,-5.790546590992752,-0.14748090510554857,190.23000000000002,5.3476113703616575,200.92522274072334,179.5347772592767
2023-04-09,181.0,182.0,179.0,181.0,100811,189.5494800974746,198.92926594886393,14.016411800580158,186.004342918721,191.9743064310147,-5.9699635122937025,-5.8264299752529425,-0.14353353704076,189.22,5.066879035253849,199.3537580705077,179.0862419294923
2023-04-10,180.1,182.7,179.3,180.5,61761,188.68762485009609,198.20654963714378,13.819273068457846,185.15752093122546,191.1243578064951,-5.9668368752696495,-5.8545113552562835,-0.11232552001336593,188.335,4.960504537157299,198.25600907431462,178.4139909256854
2023-04-11,177.0,187.2,177.0,183.5,83463,188.19356534056314,197.62982220039305,20.99893492713207,184.90251771103692,190.55959056156954,-5.657072850532614,-5.81502365431155,0.15795080377893544,187.66000000000003,4.626627736324436,196.9132554726489,178.40674452735115
2023-04-12,186.0,193.2,184.6,192.9,112996,188.64179721289045,197.44433897684823,38.3341689410906,186.13289960164664,190.7329542236755,-4.600054622028864,-5.5720298478550125,0.9719752258261485,187.555,4.472544901366235,196.50008980273248,178.60991019726754
2023-04-13,196.0,196.0,187.0,191.0,95095,188.86638795451995,197.19161980128555,36.58661947960316,186.88168427831638,190.75273539229215,-3.871051113975767,-5.231834101079164,1.3607829871033967,187.445,4.351826597745179,196.14865319549034,178.74134680450965
2023-04-16,193.0,193.0,186.2,186.5,66764,188.6410176731371,196.77234059339202,32.77562749484605,186.82296362011385,190.43771795582606,-3.614754335712206,-4.908418148005772,1.2936638122935662,187.17,4.220638514926915,195.61127702985382,178.72872297014615
2023-04-17,185.0,190.0,184.6,185.0,42409,188.29425408521928,196.31068017796488,31.594253834912593,186.54250767855785,190.03492403317227,-3.49241635461442,-4.625217789327502,1.1328014347130821,186.875,4.151838527435165,195.17867705487032,178.57132294512968
2023-04-18,188.0,188.7,182.5,185.0,46710,187.9805156009127,195.8671240925545,31.594253834912593,186.30519880493355,189.66196669738173,-3.3567678924481754,-4.371527809951637,1.0147599175034614,186.555,4.029558549675561,194.61411709935112,178.4958829006489
2023-04-19,183.0,188.0,182.6,185.0,68139,187.69665697225435,195.44096236343472,31.594253834912593,186.1043989887899,189.316635830909,-3.212236842119097,-4.139669616385129,0.9274327742660322,186.23,3.8686458939313426,193.96729178786268,178.4927082121373
2023-04-20,184.1,186.0,181.5,184.0,48699,187.34459440346822,194.9922971727118,30.673667003860587,185.78064529820685,188.92281095454535,-3.1421656563385056,-3.940168824375805,0.7980031680372992,185.82999999999998,3.6479410198371873,193.12588203967437,178.5341179603256
2023-04-23,187.6,187.6,180.1,181.0,80139,186.74034731742364,194.44357963652703,28.034563676078918,185.04516140617503,188.3359360690235,-3.290774662848463,-3.8102899920703366,0.5195153292218735,185.48499999999999,3.76623153828867,193.01746307657731,177.95253692342266
2023-04-24,181.9,183.0,180.0,182.5,48384,186.33650471576425,193.97520396450636,31.22097192683441,184.65359811291734,187.90364450835506,-3.250046395437721,-3.6982412727438136,0.44819487730609264,185.195,3.7613652336688688,192.71773046733773,177.67226953266226
2023-04-25,180.2,184.7,180.2,183.8,37663,186.0949328380724,193.57617635805514,33.95047706899666,184.52227532631468,187.5996708410695,-3.077395514754812,-3.574072121146014,0.4966766063912016,184.83499999999998,3.5128748161134964,191.86074963222697,177.809250367773
2023-04-26,185.0,186.0,182.4,184.0,89370,185.89541542492265,193.20064003028827,34.38191937833632,184.44192527611244,187.33302855654583,-2.8911032804333843,-3.4374783530034883,0.546375072570104,184.465,3.156659626884122,190.77831925376825,178.15168074623176
2023-04-27,187.0,187.0,182.1,183.5,34985,185.66728062254907,192.82022277419853,33.78771404059145,184.29701369517207,187.0491005153202,-2.752086820148122,-3.3004000464324155,0.5483132262842934,184.26500000000001,3.0800333217609976,190.425066643522,178.10493335647803
2023-04-30,183.0,185.0,182.0,182.9,195178,185.4037300870682,192.43119443011233,33.04957489426293,184.08208851129945,186.7417597364076,-2.6596712251081556,-3.1722542821675637,0.5125830570594081,184.16500000000002,3.0907800071554363,190.34656001431088,177.98343998568916
2023-05-02,184.0,184.0,181.0,182.0,56145,185.07956531687122,192.02212798187261,31.923002505846114,183.76176720186876,186.3905182744515,-2.6287510725827303,-3.063553640250597,0.43480256766786685,184.065,3.128523277000991,190.322046554002,177.807953445998
2023-05-03,180.0,184.0,180.0,181.9,55649,184.7767495724073,191.62518178650507,31.793323007642854,183.47534147850433,186.0578872911588,-2.582545812654473,-2.9673520747313726,0.3848062620768995,184.10500000000002,3.0935374063053938,190.2920748126108,177.91792518738924
2023-05-04,182.0,182.5,180.1,181.6,74454,184.4742019940828,191.23203740272055,31.3814657232778,183.18682740488828,185.72767341773962,-2.540846012851347,-2.8820508623553676,0.34120484950402075,184.02,3.1398290265219284,190.29965805304386,177.74034194695616
2023-05-07,181.6,185.0,180.0,180.5,75910,184.0957065660749,190.81117319084916,29.854341254377402,182.77346934259776,185.34043834975893,-2.5669690071611626,-2.8190344913165264,0.2520654841553638,183.905,3.2277538222178994,190.3605076444358,177.4494923555642
2023-05-08,180.0,183.0,179.5,179.6,78252,183.66754403597255,190.37151934022762,28.62687472981729,182.28524328989042,184.9152206942212,-2.6299774043307877,-2.781223073919379,0.1512456695885911,183.83499999999998,3.3082472700812664,190.4514945401625,177.21850545983744
2023-05-09,182.0,182.5,179.2,179.2,34106,183.2420636515942,189.93342054257164,28.074397012606653,181.81059047606112,184.49187101316778,-2.681280537106659,-2.7612345665568347,0.07995402945017593,183.76999999999998,3.3890069963121623,190.5480139926243,176.99198600737566
2023-05-10,180.1,182.9,180.0,180.3,21675,182.96186711334715,189.55563934482373,31.963082635508712,181.57819194128248,184.18136204922942,-2.603170107946937,-2.7296216748348554,0.12645156688791825,183.60999999999999,3.4768255333671574,190.5636510667343,176.65634893326566
2023-05-11,176.7,183.0,176.7,180.0,66954,182.6797845311236,189.18090839012478,31.463463454256697,181.33539318108518,183.8716315270643,-2.5362383459791147,-2.6909450090637073,0.15470666308459258,182.965,2.791768916692531,188.54853783338507,177.38146216661494
2023-05-14,182.0,182.6,178.4,179.2,56296,182.3483764805404,188.78950021796302,30.1117642355087,181.00687115322592,183.52558474728175,-2.518713594055839,-2.6564987260621336,0.1377851320062944,182.375,2.185327868933366,186.74565573786674,178.00434426213326
2023-05-15,179.0,180.7,178.0,178.3,76315,181.96281681572702,188.378147268239,28.62202225505402,180.59042943734502,183.13850439563126,-2.548074958286236,-2.6348139725069544,0.0867390142207185,181.965,2.1394231883728203,186.24384637674564,177.68615362325437
2023-05-16,180.0,180.0,178.2,179.5,31210,181.72826283327683,188.02998463026884,33.356337073851535,180.42267106236886,182.86898555151043,-2.446314489141571,-2.597114075833878,0.1507995866923073,181.69,2.0814721510962846,185.85294430219255,177.52705569780744
2023-05-17,179.0,183.0,179.0,180.0,53613,181.56366637296475,187.7150832722191,35.28247867604958,180.35764474508136,182.6564681032504,-2.298823358169045,-2.5374559323009116,0.23863257413186645,181.44,1.95969922504232,185.35939845008463,177.52060154991537
2023-05-18,180.5,184.0,180.0,182.0,66878,181.60522195649193,187.49096235958305,42.44780419642292,180.61031478429962,182.60784083634297,-1.997526052043355,-2.4294699562494,0.4319439042060451,181.29000000000002,1.779384873015296,184.8487697460306,177.73123025396944
2023-05-21,185.0,186.0,182.0,183.8,52616,181.81424843682606,187.34621873763862,48.02523019794917,181.10103558671506,182.6961489225398,-1.595113335824749,-2.26259863216447,0.6674852963397213,181.28000000000003,1.7638474692378345,184.8076949384757,177.75230506152437
2023-05-22,182.3,183.6,180.5,181.1,44432,181.74622477617598,187.10126898322142,41.524627721322304,181.10087626568196,182.57791566901832,-1.477039403336363,-2.1054867863988487,0.6284473830624857,181.28500000000003,1.763153574228763,184.81130714845756,177.7586928515425
2023-05-23,183.0,184.8,180.0,184.7,71436,182.02753670225445,187.0071015721147,51.04042557835139,181.6545876094232,182.73510710094288,-1.0805194915196807,-1.9004933274230154,0.8199738359033346,181.395,1.9058013924247985,185.2066027848496,177.58339721515043
2023-05-24,182.5,185.0,182.0,184.5,49980,182.2630093972778,186.90878386340432,50.548283158536925,182.09234336181964,182.86583990828044,-0.773496546460791,-1.6750939712305706,0.9015974247697796,181.43,1.9580065050157751,185.34601301003156,177.51398698996846
2023-05-28,185.0,187.0,183.2,183.6,68960,182.3903418356323,186.77902763346688,48.291725504939336,182.3242905369243,182.9202221372967,-0.5959316003723814,-1.4592614970589328,0.8633298966865515,181.41,1.932247123783161,185.2744942475663,177.54550575243368
2023-05-30,183.0,183.0,179.0,179.1,75743,182.07697594652447,186.47788929489957,38.93307170994184,181.82824583893597,182.63724271971915,-0.8089968807831838,-1.329208573803783,0.5202116930205993,181.19,1.9322471237831538,185.0544942475663,177.32550575243368
2023-05-31,179.0,179.9,177.0,177.0,79091,181.59345442780787,186.10620736176625,35.47775215439755,181.08543878679197,182.21966918492515,-1.1342303981331838,-1.2902129386696632,0.15598254053647942,180.895,2.1004949291460417,185.09598985829209,176.69401014170793
2023-06-01,180.0,180.1,175.5,177.0,60499,181.15598257754047,185.7491011907166,35.47775215439755,180.45690974267012,181.83302702307884,-1.376117280408721,-1.3073938070174749,-0.06872347339124607,180.645,2.253996450751374,185.15299290150276,176.13700709849726
2023-06-04,175.8,182.8,175.8,178.3,46873,180.88398423682233,185.4569795753944,39.34272016114694,180.12507747456704,181.5713213176656,-1.4462438430985571,-1.3351638142336912,-0.1110800288648659,180.46499999999997,2.291925184780549,185.04885036956108,175.88114963043887
2023-06-05,181.7,181.7,176.6,176.6,64655,180.47598573807733,185.109647043026,36.282037296689005,179.5827578630952,181.2030752941348,-1.6203174310396093,-1.392194537594875,-0.22812289344473435,180.21499999999997,2.4301342826228174,185.0752685652456,175.35473143475434
2023-06-06,176.0,178.0,176.0,177.0,49549,180.14493947730807,184.7916216687897,37.51381881985495,179.1854104995421,180.89173638345815,-1.7063258839160653,-1.455020806859113,-0.25130507705695226,180.04,2.5324005669677736,185.10480113393555,174.97519886606443
2023-06-07,177.0,179.9,176.0,176.1,56148,179.75970714613587,184.45077376020973,35.835211998838716,178.710731961151,180.53679294764643,-1.8260609864954347,-1.5292288427863774,-0.2968321437090573,179.865,2.68098077104939,185.2269615420988,174.50303845790123
2023-06-08,179.3,179.3,176.0,176.1,77732,179.41116360840866,184.12329243627994,35.835211998838716,178.30908089020468,180.20814161819115,-1.8990607279864662,-1.6031952198263952,-0.29586550816007096,179.71,2.8080523311962278,185.32610466239245,174.09389533760756
2023-06-11,176.0,179.0,176.0,176.2,56136,179.10533850284594,183.81257508583758,36.203073484853206,177.98460690709626,179.91124223906587,-1.9266353319696066,-1.6678832422550376,-0.258752089714569,179.505,2.9105027599693476,185.3260055199387,173.6839944800613
2023-06-12,176.6,179.5,176.6,178.0,50104,179.0000681692416,183.58463096482433,42.58391981187909,177.9869750752353,179.7696687398758,-1.7826936646405045,-1.690845326732131,-0.09184833790837343,179.405,2.926912330336082,185.25882466067216,173.55117533932784
2023-06-13,181.5,181.5,176.5,179.5,99102,179.04768072455192,183.42444935836062,47.31308751776976,178.2197481405837,179.7496932776628,-1.5299451370790962,-1.658665288801524,0.1287201517224279,179.42000000000002,2.92657514943028,185.27315029886057,173.56684970113946
2023-06-14,179.5,188.0,178.0,180.7,140526,179.20504446507078,183.31760820705236,50.804125176203605,178.60132534972468,179.8200863682063,-1.218761018481615,-1.5706844347375424,0.35192341625592727,179.54000000000002,2.9274382550007463,185.39487651000152,173.68512348999852
2023-06-15,179.0,184.3,179.0,182.5,63982,179.51884975411167,183.28554514010912,55.56070597061402,179.20112144976702,180.0185984890799,-0.8174770393128767,-1.4200429556526095,0.6025659163397328,179.69,3.001210282185247,185.69242056437048,173.68757943562952
2023-06-18,181.0,184.0,181.0,183.0,147609,179.8503878727677,183.2743472914774,56.80990749918695,179.785564303649,180.23944304544435,-0.4538787417953358,-1.2268101128811548,0.772931371085819,179.84,3.091141843192666,186.02228368638532,173.65771631361469
2023-06-19,185.0,185.0,180.5,180.5,136527,179.91225569440888,183.1655493584783,49.341434500513444,179.895477487703,180.25874356059663,-0.363266072893623,-1.0541013048836485,0.6908352319900255,179.76500000000001,3.053949125829965,185.87289825165993,173.6571017483401
2023-06-20,182.0,184.1,180.0,180.1,98416,179.9301361044652,183.0453317365772,48.24849488224215,179.92694248959484,180.2469847783302,-0.3200422887353511,-0.907289501653989,0.5872472129186379,179.57999999999998,2.905095342216522,185.39019068443304,173.76980931556693
2023-06-21,183.5,183.5,178.1,178.6,175342,179.80345647546852,182.87100500180946,44.286853377307686,179.72279749119562,180.1249859058613,-0.40218841466568733,-0.8062692842563287,0.4040808695906414,179.45499999999998,2.8899963576738523,185.2349927153477,173.67500728465228
2023-06-22,182.0,182.0,176.9,176.9,135570,179.5269368111382,182.63684794291498,40.252899590406095,179.2885209540886,179.8860980609827,-0.5975771068941071,-0.7645308487838844,0.1669537418897773,179.065,2.6622655567648708,184.38953111352973,173.74046888647027
2023-06-25,177.1,179.0,175.0,178.0,287841,179.38151425769647,182.45501076868302,43.8188489720631,179.0902869611519,179.7463870935025,-0.6561001323506161,-0.7428447054972308,0.08674457314661466,178.74,2.341254724332714,183.42250944866544,174.05749055133458
2023-06-26,181.2,181.5,175.0,175.5,233021,179.01184623315396,182.1822652483425,38.233678519497985,178.53793512097468,179.4318399013912,-0.8939047804165341,-0.7730567204810914,-0.12084805993544268,178.335,2.148996093650719,182.63299218730145,174.03700781269856
2023-06-27,177.6,187.6,176.0,187.6,255718,179.82976563952025,182.39472543468202,62.888914686522135,179.93209894851702,180.03688879758445,-0.10478984906742994,-0.6394033461983591,0.5346134971309292,178.76,2.9858261661953085,184.7316523323906,172.78834766760937
2023-06-28,188.0,192.0,185.2,186.9,224285,180.5031212928993,182.57140286861608,61.36289333075082,181.00408372566824,180.5452674051708,0.4588163204974478,-0.4197594128591978,0.8785757333566456,179.255,3.4614379427600164,186.17787588552002,172.33212411447997
2023-07-02,190.0,190.0,178.0,178.1,213671,180.27425259833745,182.39605373651347,46.18906942974071,180.55730161402698,180.36413648626927,0.1931651277577089,-0.29717450473581647,0.49033963249352536,179.31,3.432338469385093,186.17467693877018,172.44532306122983
2023-07-03,174.6,180.0,174.6,176.0,107565,179.86718092230532,182.14522809978746,43.429177234289654,179.85617828879208,180.040867116916,-0.1846888281239103,-0.27467736941343524,0.08998854128952494,179.195,3.5057058753138826,186.20641175062775,172.18358824937224
2023-07-04,172.5,182.0,172.5,175.8,102970,179.47983035827625,181.896395625286,43.16464629346036,179.23215085974715,179.72672881195925,-0.4945779522120972,-0.3186574859731676,-0.1759204662389296,179.15500000000003,3.541256839033247,186.23751367806653,172.07248632193352
2023-07-05,175.8,177.0,173.5,173.9,213753,178.94841794320232,181.58281148311792,40.63256633102368,178.41181995824758,179.29511927033263,-0.8832993120850574,-0.4315858511955456,-0.4517134608895118,179.0,3.704620159519128,186.40924031903825,171.59075968096175
2023-07-06,176.9,176.9,173.1,173.5,111479,178.42952099623065,181.26583848378,40.09926009390384,177.6561553492864,178.86585117623392,-1.2096958269475238,-0.5872078463459413,-0.6224879806015825,178.86999999999998,3.8543345387812207,186.5786690775624,171.16133092243754
2023-07-09,170.1,176.0,170.1,173.9,134111,177.9981380442087,180.97698207265137,40.93413927276229,177.07828529555002,178.49801034836474,-1.4197250528147265,-0.7537112876396983,-0.6660137651750282,178.76,3.9672872874361347,186.69457457487226,170.82542542512772
2023-07-10,175.0,176.3,171.0,171.8,129842,177.4078391828555,180.61710042274348,37.944082170619204,176.26624140392695,178.00186143367108,-1.7356200297441262,-0.9500930360605839,-0.7855269936835423,178.54000000000002,4.230018041519287,187.0000360830386,170.07996391696145
2023-07-11,171.1,176.0,171.0,174.9,65177,177.16899735591687,180.39290040616532,44.40050212823877,176.05605041870743,177.7720939200658,-1.7160435013583708,-1.1032831291201415,-0.6127603722382293,178.38500000000002,4.306943598178928,186.99888719635788,169.77111280364215
2023-07-12,176.0,176.0,172.6,173.8,112977,176.8481404648772,180.13435529219805,42.702728182153386,175.70896573890627,177.4778647408017,-1.76889900189542,-1.2364063036751973,-0.5324926982202227,178.1,4.416476328238887,186.93295265647777,169.26704734352222
2023-07-13,170.4,178.0,170.4,174.9,155129,176.66260327774603,179.9290864572099,44.96886003694012,175.58450947138223,177.28691179703858,-1.702402325656351,-1.3296055080714282,-0.3727968175849228,177.81,4.427176835957856,186.6643536719157,168.9556463280843
2023-07-16,175.0,177.7,172.5,173.8,139250,176.38997439415118,179.68873012555463,43.13175882589907,175.30996955270803,177.02862203429498,-1.7186524815869575,-1.4074149027745342,-0.3112375788124233,177.375,4.369135166742138,186.11327033348428,168.63672966651572
2023-07-17,174.0,185.9,174.0,184.0,146645,177.11473873756535,179.85779953239563,59.60936331235872,176.64689731382987,177.54502040212498,-0.8981230882951081,-1.305556539878649,0.40743345158354094,177.425,4.442009384098683,186.30901876819738,168.54098123180265
2023-07-18,184.0,188.0,184.0,184.9,146120,177.85619219113056,180.0555328840664,60.691634954855495,177.9166054193945,178.08983370567125,-0.17322828627675335,-1.07909088915827,0.9058626028815167,177.64499999999998,4.703579264213219,187.05215852842642,168.23784147157355
2023-07-19,185.0,195.4,183.5,194.6,269300,179.45084055388003,180.62590414351476,70.01665166329882,180.48328150871845,179.31280898673262,1.170472521985829,-0.6291782069294503,1.7996507289152792,178.37,6.031854039836714,190.43370807967344,166.30629192032657
2023-07-20,198.0,199.9,195.0,198.0,228004,181.21742716779622,181.30724123592594,72.48093259334395,183.1781612766079,180.69704535808575,2.481115918522164,-0.007119381839127414,2.4882353003612914,179.34,7.461296627826886,194.26259325565377,164.41740674434624
2023-07-23,200.9,215.0,196.1,214.9,368391,184.42529124705374,182.62460432471318,80.88886265524735,188.05844415712977,183.2305975537831,4.827846603346671,0.9598738151980324,3.8679727881486388,181.24,10.8678860579425,202.975772115885,159.504227884115
2023-07-24,212.0,217.0,204.0,205.0,481052,186.3847873187629,183.50207082178324,67.81726118352736,190.66483736372518,184.8431458831325,5.821691480592676,1.9322373482769613,3.889454132315715,182.59,12.056223551170138,206.70244710234027,158.47755289765973
2023-07-25,205.0,207.9,196.9,198.6,223765,187.54814090745214,184.09414647583094,60.95909445153033,191.88563161545977,185.86217211401157,6.023459501448201,2.7504817789112095,3.2729777225369916,183.745,12.441588788372144,208.6281775767443,158.86182242325572
2023-07-26,201.0,202.0,195.2,196.7,122004,188.41974653531383,184.5884936728572,59.04992084138773,192.6263036746198,186.66497417964035,5.961329494979452,3.392651322124858,2.568678172854594,184.2,12.75250233442338,209.70500466884675,158.69499533115322
2023-07-27,199.9,199.9,193.5,193.6,137172,188.9131040081411,184.9418860778432,55.969896183885254,192.7761031092937,187.1786797959633,5.59742331333041,3.8336057203659686,1.763817592964441,184.535,12.914140556606528,210.36328111321305,158.70671888678694
2023-07-30,195.0,199.0,191.0,192.0,92276,189.20709410260383,185.21867485910425,54.3929373436043,192.65670263094083,187.53581462589193,5.120888005048897,4.091062177302555,1.0298258277463423,185.23,12.92362585589501,211.07725171179,159.38274828820997
2023-07-31,193.0,195.7,192.0,193.2,73204,189.5873708547368,185.53166800188447,55.4077164491293,192.7402868415653,187.95538391286289,4.784902928702422,4.229830327582529,0.5550726011198934,186.09,12.849161348836011,211.78832269767202,160.391677302328
2023-08-01,193.0,196.9,190.0,190.9,87329,189.7123831542857,185.74219082534,52.97473134227832,192.45716578901678,188.1735036230212,4.283662165995594,4.2405966952651415,0.043065470730452304,186.84499999999997,12.654871123717342,212.15474224743465,161.5352577525653
2023-08-02,192.5,192.8,189.0,192.0,64014,189.9302514253061,185.98759510669922,54.0147409904247,192.38683259070652,188.4569477990937,3.929884791612807,4.178454314534675,-0.2485695229218683,187.75,12.323255721559454,212.3965114431189,163.1034885568811
2023-08-03,193.0,195.5,191.0,191.9,72295,190.1178465276579,186.21945412212278,53.89804093534965,192.31193526905938,188.71198870286455,3.5999465661948307,4.062752764866707,-0.4628061986718759,188.67000000000002,11.882366413259101,212.43473282651823,164.9052671734818
2023-08-06,193.0,195.0,182.0,182.0,272145,189.34471828692858,186.0539853330199,43.807260880371324,190.72548368920408,188.21480435450422,2.5106793346998586,3.752338078833337,-1.2416587441334785,189.075,11.483804385215526,212.04260877043103,166.10739122956895
2023-08-07,181.9,181.9,174.0,176.0,166972,188.07379273579252,185.6597113983917,39.03712916643888,188.46002466009577,187.31000403194835,1.1500206281474163,3.231874588696153,-2.0818539605487367,189.285,11.185812207293788,211.65662441458758,166.9133755854124
2023-08-08,178.0,178.0,174.3,177.0,117105,187.0191458085742,185.32011487296458,40.205759246555054,186.69694394315795,186.5463000295818,0.15064391357614682,2.615628453672152,-2.464984540096005,189.39,11.052739598469673,211.49547919693933,167.28452080306064
2023-08-09,177.0,180.0,175.1,179.9,64990,186.3411319220433,185.1075613485346,43.58331036745341,185.6512602595952,186.05398150887206,-0.40272124927685127,2.011958513082351,-2.4146797623592025,189.695,10.677693176849955,211.0503863536999,168.33961364630008
2023-08-10,176.4,181.7,176.4,179.0,76113,185.6419765008963,184.86804913878817,42.77576020892784,184.62798945042672,185.53146436006674,-0.9034749096400105,1.428871828537879,-2.3323467381778897,189.9,10.414817379706296,210.7296347594126,169.07036524058742
2023-08-13,179.0,181.5,177.1,180.4,93105,185.1427406436681,184.69283152550236,44.4985174594588,183.97752953497647,185.1513558889507,-1.1738263539742206,0.9083321920354591,-2.08215854600968,190.23,9.973021502771244,210.17604300554248,170.2839569944575
2023-08-14,181.5,183.5,180.0,182.5,85893,184.89105105855685,184.60683813234542,47.07247615463024,183.75021729882627,184.95495915643582,-1.204741857609548,0.48571738210645776,-1.6904592397160059,190.155,10.02782838431452,210.21065676862904,170.09934323137097
2023-08-15,184.0,184.0,179.5,179.6,74499,184.3871414339324,184.4104915389201,44.03535656393771,183.1117223297761,184.55829551521833,-1.4465731854422472,0.0992592685967168,-1.545832454038964,189.89,10.24175663386751,210.373513267735,169.40648673226497
2023-08-16,177.5,180.0,177.3,177.4,85966,183.7216993926055,184.13557030209972,41.83041835444264,182.23299581750285,184.02805140297994,-1.7950555854770869,-0.2796037022180439,-1.515451883259043,189.03,10.543149434585503,210.116298869171,167.943701130829
2023-08-17,180.0,180.9,178.3,179.9,61578,183.35772802188117,183.96946950593897,45.18906363544621,181.87407338404088,183.72226981757402,-1.8481964335331327,-0.5933222484810616,-1.254874185052071,188.125,10.509438114080346,209.1438762281607,167.1061237718393
2023-08-20,179.9,183.9,179.0,180.7,63348,183.1046110674163,183.84125501551,46.25839786656857,181.69344670957307,183.4983979792352,-1.8049512696621264,-0.8356480527172746,-0.9693032169448518,186.41500000000002,8.517058733722836,203.4491174674457,169.38088253255435
2023-08-21,181.0,181.0,177.1,178.0,85464,182.61845763242428,183.61218619137236,43.195429541485275,181.12522413886953,183.09110924003258,-1.9658851011630532,-1.0616954624064303,-0.9041896387566228,185.065,7.494648968290294,200.05429793658058,170.0757020634194
2023-08-22,181.5,181.5,176.5,177.1,67149,182.09289023886006,183.35680634073032,42.192544701553146,180.50595888673575,182.64732337040056,-2.141364483664802,-1.2776292666581046,-0.8637352170066972,183.98999999999998,6.974985380101629,197.93997076020324,170.04002923979672
2023-08-23,180.0,181.0,177.0,179.5,32396,181.8459483113496,183.2055590332507,45.805962601880815,180.3511959810841,182.41418830592644,-2.062992324842355,-1.4347018782949548,-0.6282904465474004,183.13,6.358508597064813,195.84701719412962,170.41298280587037
2023-08-24,176.0,183.0,176.0,179.2,80200,181.59395323407819,183.0484782868487,45.423743874284646,180.17408890707117,182.1761002832652,-2.002011376194048,-1.5481637778747734,-0.45384759831927446,182.41000000000003,5.910018256272426,194.23003651254487,170.58996348745518
2023-08-27,180.0,180.0,177.2,177.2,47788,181.17548149749933,182.81912619716837,42.85631624433333,179.71653676752175,181.8075002622826,-2.0909634947608424,-1.6567237212519874,-0.434239773508855,181.67000000000002,5.562383056133179,192.79476611226636,170.54523388773367
2023-08-28,177.2,181.0,177.1,178.1,31585,180.88257849773748,182.63406242473042,44.379824583127686,179.46783880328763,181.53287061322462,-2.0650318099369827,-1.7383853389889865,-0.32664647094799615,180.915,4.900405461205228,190.71581092241044,171.11418907758954
2023-08-29,178.2,179.0,176.2,177.8,37802,180.58899959319106,182.4444913492508,43.95910869924227,179.21124821816645,181.25636167891167,-2.0451134607452275,-1.799730963340235,-0.24538249740499252,180.26000000000002,4.338857477553937,188.93771495510788,171.58228504489216
2023-08-30,178.0,182.0,175.1,176.0,154828,180.15195201288714,182.1917661982998,41.421827964569204,178.71721003075623,180.86700155454784,-2.149791523791606,-1.8697430754305093,-0.28004844836109677,179.46,3.4428262563740017,186.34565251274802,172.574347487252
2023-09-03,176.0,178.0,174.1,174.2,58135,179.5850994402312,181.87836360228806,38.99776421905787,178.02225464140912,180.3731495875443,-2.3508949461351847,-1.9659734495714445,-0.3849214965637402,178.575,2.083235085402448,182.7414701708049,174.4085298291951
2023-09-04,175.0,178.0,174.1,176.0,32975,179.24366139830443,181.64783953945326,42.61438128643499,177.7111385427308,180.04921258105955,-2.338074038328756,-2.0403935673229068,-0.29768047100584916,178.275,1.994169131822787,182.26333826364558,174.28666173635443
2023-09-05,172.5,179.4,172.5,175.5,43644,178.88712221751354,181.40674779280803,41.871772130753925,177.37096338231066,179.71223387135143,-2.3412704890407667,-2.100568951666479,-0.2407015373742878,178.25,2.027053864212815,182.30410772842563,174.19589227157437
2023-09-07,174.1,177.0,174.0,175.0,60344,178.51692010155986,181.1555027813254,41.10045073222093,177.0061997850321,179.36317951051058,-2.3569797254784817,-2.1518511064288797,-0.205128619049602,178.15,2.138248176231406,182.4264963524628,173.8735036475372
2023-09-10,173.5,178.0,173.5,175.2,42355,178.20102294903035,180.92195365264598,41.564151767331666,176.72832289502713,179.05479584306536,-2.32647294803823,-2.1867754747507497,-0.13969747328748028,177.91500000000002,2.1933571960519083,182.30171439210383,173.5282856078962
2023-09-11,175.0,178.0,174.0,177.5,50314,178.1342588586465,180.78775939175793,46.75553494858734,176.84704244963837,178.93962578061607,-2.0925833309777033,-2.1679370459961405,0.07535371501843713,177.84,2.1799082549499635,182.19981650989993,173.48018349010007
2023-09-12,178.9,178.9,174.6,175.0,43285,177.83575801496588,180.56078843521843,42.35132887727259,176.56288207277095,178.64780164871857,-2.084919575947623,-2.151333551986437,0.06641397603881405,177.57,2.180560043947912,181.9311200878958,173.20887991210418
2023-09-13,177.7,177.7,174.0,175.5,55809,177.6133048706834,180.36232614364124,43.49767456657014,176.3993617538831,178.4146311562209,-2.0152694023377933,-2.1241207220567087,0.10885131971891537,177.22,1.890029239539618,181.00005847907923,173.43994152092077
2023-09-17,175.0,175.5,174.0,174.1,78150,177.2787044068088,180.11674472624352,41.03705110108315,176.04561379174726,178.09502884835268,-2.049415056605426,-2.109179588966452,0.0597645323610263,176.945,1.9253092711231015,180.7956185422462,173.0943814577538
2023-09-18,174.0,176.0,173.2,174.7,29611,177.03311351092225,179.90432336443004,42.537332761293285,175.8385962853246,177.8435452299562,-2.004948944631593,-2.0883334600994803,0.08338451546788717,176.81,1.9854470529326298,180.78089410586526,172.83910589413475
2023-09-19,176.0,178.0,174.0,175.0,56711,176.83948365273918,179.71199695798182,43.31398080377001,175.70958147219775,177.63291224995945,-1.9233307777616915,-2.055332923631923,0.1320021458702314,176.565,1.8838021462761438,180.33260429255228,172.79739570744772
2023-09-21,178.5,180.8,177.0,179.8,93781,177.12143759057352,179.71544805766882,54.0216814688549,176.33887663032118,177.79343726848097,-1.4545606381597906,-1.9351784665374965,0.48061782837770584,176.52,1.7881481158476056,180.09629623169522,172.9437037683048
2023-09-24,180.0,183.6,177.1,180.0,86894,177.39558639147128,179.7266069573681,54.4081206902267,176.90212637950253,177.9568863597046,-1.0547599802020784,-1.7590947692704129,0.7043347890683345,176.62,1.9258900881352947,180.47178017627058,172.76821982372942
2023-09-25,181.0,181.0,177.6,179.0,78629,177.54838768752163,179.69811256688308,52.052401227007394,177.2248761672714,178.03415403676354,-0.8092778694921492,-1.56913138931476,0.7598535198226108,176.715,1.9963848906405257,180.70776978128106,172.72223021871895
2023-09-26,175.5,186.0,175.5,177.7,90929,177.56282695537672,179.61975521131905,49.07751445707666,177.29797214153731,178.00940188589215,-0.711429744354831,-1.3975910603227744,0.6861613159679434,176.625,1.9025951805498342,180.43019036109968,172.81980963890032
2023-09-27,180.0,180.0,177.0,177.6,42470,177.56636724534084,179.54054912460066,48.84625353022082,177.3444379659162,177.9790758202705,-0.6346378543543096,-1.2450004191290815,0.6103625647747719,176.545,1.820490101737753,180.18598020347548,172.9040197965245
2023-10-01,175.0,178.0,175.0,176.0,61930,177.41718941245125,179.40170406089084,45.17806230006856,177.13760135577525,177.83247761136158,-0.6948762555863368,-1.1349755864205326,0.44009933083419583,176.48499999999999,1.8175388217091448,180.12007764341828,172.8499223565817
2023-10-02,175.0,178.0,174.9,175.5,50598,177.23459994459876,179.24869605850296,44.06442561870298,176.88566268565597,177.65970149200146,-0.7740388063454873,-1.0627882304055236,0.28874942406003634,176.355,1.788699910107857,179.9323998202157,172.7776001797843
2023-10-03,175.5,177.0,175.0,176.0,82748,177.1170189974941,179.12129621307147,45.510898375610694,176.74940688786273,177.5367606407421,-0.787353752879369,-1.0077013349002928,0.22034758202092375,176.265,1.757173268273688,179.77934653654737,172.7506534634526
2023-10-04,175.0,178.0,175.0,177.1,48237,177.11539814058992,179.0420296949118,48.65657692199826,176.80334428973,177.50440800068714,-0.7010637109571292,-0.9463738101116601,0.24531009915453095,176.32,1.76563690610763,179.85127381221525,172.78872618778473
2023-10-05,175.6,178.1,175.6,177.4,37998,177.14250307958133,178.97763637354274,49.51263000099975,176.8951374759254,177.4966740747103,-0.6015365987849179,-0.8774063678463118,0.2758697690613938,176.48,1.7074449979578978,179.89488999591578,173.0651100040842
2023-10-08,173.9,176.0,173.9,175.1,87584,176.94797897676406,178.82557220203128,43.52147271291994,176.6189624796292,177.3191426617688,-0.7001801821396043,-0.8419611307049703,0.14178094856536594,176.435,1.7324381966644489,179.8998763933289,172.9701236066711
2023-10-09,174.8,177.0,174.8,175.3,63742,176.79102859802464,178.6873144686183,44.154279987960095,176.41604517507085,177.16957653867482,-0.7535313636039689,-0.8242751772847701,0.07074381368080118,176.425,1.7386852261948629,179.90237045238973,172.9476295476103
2023-10-10,175.0,177.8,174.8,175.1,80096,176.6299782553556,178.54663546984895,43.6278548224617,176.2135766865984,177.01627457284707,-0.8026978862486658,-0.8199597190775492,0.017261832828883383,176.43,1.734510396563907,179.89902079312782,172.9609792068722
2023-10-11,175.1,176.9,175.0,176.0,43345,176.56998032627413,178.44676741220783,46.70700693697345,176.18071873481404,176.9409949748584,-0.7602762400443623,-0.8080230232709119,0.04774678322654957,176.46999999999997,1.7137524233155337,179.89750484663105,173.0424951533689
2023-10-12,175.1,176.0,173.5,174.1,290076,176.3347441047242,178.27630594506243,41.547510005956724,175.86060816022726,176.73055090264666,-0.8699427424193971,-0.820406967100609,-0.049535775318788056,176.3,1.7737857225359772,179.84757144507196,172.75242855492806
2023-10-16,175.0,176.0,172.1,173.3,55977,176.04572085665524,178.0811566923149,39.56568597695278,175.4666684432692,176.47643602096915,-1.0097675776999324,-0.8582790892204738,-0.15148848847945862,176.21499999999997,1.877084805867821,179.96916961173562,172.46083038826433
2023-10-17,174.0,180.0,173.5,175.0,91790,175.94612839411664,177.96032701810648,45.51344119399489,175.39487329815088,176.36707038978625,-0.9721970916353655,-0.8810626897034523,-0.09113440193191324,176.19,1.8903912154279598,179.9707824308559,172.4092175691441
2023-10-18,175.5,178.5,175.5,176.8,71277,176.02744949943886,177.9148239977886,51.01107338319811,175.6110466368969,176.39913924980206,-0.7880926129051602,-0.8624686743437939,0.07437606143863373,176.325,1.82868229809533,179.98236459619065,172.66763540380933
2023-10-19,176.2,179.7,175.0,176.5,52431,176.0724543090161,177.8593407037577,50.10369282513636,175.74780869275892,176.4066104164834,-0.6588017237244799,-0.8217352842199311,0.16293356049545127,176.41500000000002,1.7883467813947949,179.9916935627896,172.83830643721043
2023-10-29,177.0,177.0,173.0,175.0,50014,175.97031580339552,177.74720969576722,45.72418167038368,175.63276120156524,176.30241705229946,-0.6696558507342161,-0.7913193975227881,0.12166354678857205,176.41500000000002,1.7883467813947949,179.9916935627896,172.83830643721043
2023-10-30,178.5,178.5,172.1,175.0,49086,175.8779047745007,177.63947598220776,45.72418167038368,175.53541332440136,176.20594171509208,-0.6705283906907198,-0.7671611961563746,0.09663280546565478,176.175,1.62476718980025,179.42453437960052,172.9254656203995
2023-10-31,173.2,175.3,173.0,173.9,49284,175.68953289121492,177.49282986525844,42.560224447421916,175.28381127449344,176.03513121767784,-0.7513199431843987,-0.7639929455619794,0.012673002377580733,175.87,1.4297957159931647,178.72959143198634,173.01040856801367
2023-11-01,174.0,174.8,172.5,173.5,23508,175.48100594919444,177.336248301915,41.437356480122,175.00937877072522,175.84734372007208,-0.8379649493468548,-0.7787873463189545,-0.059177603027900316,175.595,1.3208749094121153,178.23674981882422,172.95325018117578
2023-11-02,174.0,174.0,172.5,173.0,28242,175.2447196683188,177.16619934889872,40.016157575879895,174.70024357522902,175.6364293704371,-0.9361857952080754,-0.8102670360967787,-0.12591875911129669,175.36,1.3445406180859127,178.04908123617184,172.67091876382818
2023-11-05,173.0,174.7,171.8,173.6,96656,175.08807969990747,177.02634839403996,42.561980588448165,174.53097533288607,175.48558275040472,-0.9546074175186448,-0.839135112381152,-0.11547230513749274,175.16000000000003,1.2902060218995937,177.7404120437992,172.57958795620084
2023-11-06,174.0,174.7,172.3,174.0,69564,174.98445306182106,176.90766806486192,44.2604237310012,174.44928682013438,175.37553958370808,-0.9262527635737001,-0.8565586426196616,-0.06969412095403849,175.06,1.2991495193713458,177.65829903874268,172.46170096125732
2023-11-07,174.9,175.7,173.0,174.0,37357,174.89069562736194,176.79364186623988,44.2604237310012,174.38016577088294,175.27364776269266,-0.8934819918097219,-0.8639433124576738,-0.029538679352048125,174.985,1.3156047238712167,177.61620944774245,172.35379055225758
2023-11-08,174.0,175.0,173.0,174.6,37267,174.86301032951795,176.7076166950148,46.98745929410209,174.41398642151634,175.22374792841913,-0.8097615069027881,-0.8531069513466967,0.04334544444390853,174.91500000000002,1.2958537116911877,177.5067074233824,172.32329257661763
2023-11-09,173.1,174.8,173.1,174.1,42452,174.79034267908764,176.6053572167789,45.01116843089793,174.36568081820613,175.14050734112882,-0.7748265229226945,-0.8374508656618963,0.06262434273920181,174.765,1.199681975401731,177.16436395080345,172.36563604919652
2023-11-20,176.5,177.3,173.1,175.0,60861,174.81031004298404,176.5424020318072,49.156519893989184,174.46326838463597,175.1300993899341,-0.6668310052981212,-0.8033268935891413,0.1364958882910201,174.645,1.0303167627372938,176.7056335254746,172.5843664745254
2023-11-21,175.0,176.8,173.0,174.3,26493,174.76170908650937,176.45446469722654,46.23696655433727,174.43815017161506,175.06861054623528,-0.6304603746202133,-0.7687535897953557,0.13829321517514237,174.60500000000002,1.0272472156709718,176.65949443134195,172.55050556865808
2023-11-22,174.0,176.2,172.0,176.2,44549,174.89868917350847,176.44448568949218,54.19004700717715,174.7092039913666,175.1524171724401,-0.44321318107350294,-0.7036455080509851,0.2604323269774822,174.65,1.07776572007414,176.8055314401483,172.49446855985173
2023-11-23,175.0,184.6,173.5,184.6,114726,175.82262353793624,176.76430978010035,73.12106674760778,176.23086491577175,175.85223812262973,0.3786267931420184,-0.4871910478123844,0.8658178409544028,175.125,2.474687646424702,180.0743752928494,170.1756247071506
2023-11-26,181.0,185.0,177.4,184.0,103475,176.601421296228,177.0480623377435,70.8682668298913,177.4261164671915,176.45577603947197,0.9703404277195204,-0.1956847527060035,1.166025180425524,175.525,3.171895498377947,181.8687909967559,169.1812090032441
2023-11-27,181.6,186.0,181.0,182.0,45736,177.1155716489682,177.24225597155746,63.81096277403017,178.12979085685433,176.86645929580737,1.2633315610469538,0.09611851004458799,1.1672130510023657,175.92,3.463585000058521,182.84717000011702,168.99282999988296
2023-11-28,183.0,184.4,180.8,182.0,42654,177.58075530144743,177.42883416875128,63.81096277403017,178.7252076481075,177.246721570192,1.4784860779155053,0.3725920236187715,1.105894054296734,176.355,3.6580804572313426,183.6711609144627,169.0388390855373
2023-11-29,182.0,184.9,178.8,181.5,25458,177.95401670130957,177.58848773076105,62.02023407587245,179.1520987791679,177.56177923165927,1.5903195475086136,0.61613752839674,0.9741820191118736,176.68,3.81666704972022,184.31333409944045,169.04666590055956
2023-11-30,178.4,182.0,177.9,179.0,35344,178.0536341583277,177.64384115308417,53.87869922530299,179.12869896698822,177.6683141033882,1.4603848636000123,0.7849869954373945,0.6753978681626178,176.79,3.85184849677454,184.49369699354907,169.08630300645092
2023-12-03,176.5,178.9,175.0,178.0,51137,178.0485261432489,177.6578081666887,50.99503019537838,178.95505297206697,177.69288342906316,1.2621695430038073,0.880423504950677,0.38174603805313034,176.86499999999998,3.860498331617317,184.58599666323462,169.14400333676534
2023-12-04,175.0,177.0,175.0,175.0,46843,177.75819032008232,177.55358039544603,43.47715123629005,178.34658328405666,177.49341058246588,0.8531727015907791,0.8749733442786974,-0.02180064268791837,176.86499999999998,3.860498331617317,184.58599666323462,169.14400333676534
2023-12-05,178.0,178.5,173.4,174.6,57165,177.4574102895983,177.4377537132717,42.57588199561707,177.77018585574024,177.27908387265362,0.49110198308662234,0.7981990720402825,-0.30709708895366017,176.84499999999997,3.871688738032741,184.58837747606546,169.10162252393448
2023-12-06,174.1,176.9,173.6,174.7,38021,177.19479978582703,177.33039082255516,42.89459178390128,177.29784957024174,177.08804062282744,0.20980894741430234,0.6805210471150865,-0.4707120997007842,176.885,3.8436927145922537,184.5723854291845,169.1976145708155
2023-12-07,174.0,176.4,173.8,175.3,26596,177.0143426633673,177.2507676530432,44.87161720957147,176.99048809789684,176.95559316928464,0.03489492861220356,0.55139582341451,-0.5165008948023064,176.975,3.7808207129083695,184.53664142581673,169.41335857418326
2023-12-10,175.0,184.6,175.0,182.0,11288,177.48916717161805,177.4370120588062,61.07674345136924,177.76118223668195,177.3292529345228,0.4319293021591477,0.5275025191634375,-0.09557321700428978,177.425,3.8182215479818393,185.06144309596368,169.78855690403634
2023-12-11,185.0,186.0,178.5,182.0,141168,177.91877029813062,177.61595276238242,61.07674345136924,178.4133080464232,177.6752341986322,0.7380738477909858,0.5696167848889472,0.16845706290203866,177.84499999999997,3.8372790524426317,185.51955810488522,170.17044189511472
2023-12-12,181.0,183.9,181.0,182.0,73475,178.3074588411658,177.78787618346544,61.07674345136924,178.96510680851193,177.99558722095577,0.9695195875561637,0.6495973454223904,0.3199222421337733,178.24499999999998,3.8323381622024155,185.9096763244048,170.58032367559514
2023-12-13,180.6,185.0,180.6,182.0,93049,178.65912942772147,177.95305750960404,61.07674345136924,179.43201345335626,178.29221038977386,1.1398030635824057,0.7476384890543936,0.3921645745280121,178.64499999999998,3.7831308393138863,186.21126167862775,171.0787383213722
2023-12-14,181.0,183.0,180.1,181.9,59619,178.96778376793847,178.10783956805093,60.71843121541567,179.81170369130146,178.55945406460543,1.2522496266960275,0.8485607165827204,0.4036889101133071,179.01,3.7240187686789548,186.4580375373579,171.56196246264207
2023-12-17,178.3,179.5,168.0,177.5,126363,178.82799483765862,178.08400272224503,47.51102522496836,179.45605696956278,178.48097598574577,0.9750809838170085,0.8738647700295781,0.1012162137874304,179.18,3.5621696522735147,186.30433930454703,172.05566069545299
2023-12-18,178.0,183.1,176.1,182.0,155626,179.13009056740543,178.2375712429413,57.655668639168425,179.84743282039926,178.74164443124607,1.10578838915319,0.9202494938543005,0.18553889529888956,179.53,3.472614667880456,186.4752293357609,172.5847706642391
2023-12-19,184.0,187.5,182.5,186.7,123401,179.85103432289063,178.5694311941985,65.21710711531739,180.9016739249532,179.33115225115378,1.5705216737994192,1.0503039298433243,0.5202177439560949,180.15,3.5945133628613988,187.33902672572282,172.9609732742772
2023-12-20,185.1,188.9,185.0,188.3,163849,180.65569772071058,178.95102212775933,67.35429176549518,182.03987793649884,179.9955113436609,2.044366592837946,1.2491164624422488,0.7952501303956971,180.755,3.8999966261793566,188.5549932523587,172.95500674764128
2023-12-21,185.2,189.0,184.0,184.0,100795,180.97420269969052,179.14902126000408,57.1849816917175,182.34143517703748,180.29214013301933,2.0492950440181517,1.4091521787574295,0.6401428652607222,180.725,3.871063365400675,188.46712673080134,172.98287326919865
2023-12-24,183.0,184.0,179.0,180.0,121487,180.88142149019617,179.18239297529803,49.671973684861825,181.98121438057018,180.27050012316604,1.7107142574041347,1.4694645944867706,0.24124966291736416,180.525,3.7955479460186115,188.11609589203724,172.93390410796277
2023-12-27,183.0,183.1,177.9,180.0,105459,180.79747658636796,179.21445599587457,49.67197368486182,181.67641216817475,180.2504630770056,1.4259490911691444,1.4607614938232454,-0.034812402654101016,180.425,3.7809599171026136,187.98691983420525,172.86308016579477
2023-12-28,180.0,181.5,177.4,178.0,74845,180.5310502448091,179.16683027054614,46.155595365443,181.11081029614786,180.08376210833853,1.0270481878093278,1.3740188326204619,-0.34697064481113404,180.225,3.7990130297222877,187.82302605944457,172.62697394055542
2024-01-01,181.0,181.0,176.8,176.8,69687,180.17571212625586,179.0740133971914,44.1366726233608,180.4476087121251,179.84052047068383,0.6070882414412608,1.2206327143846216,-0.6135444729433608,179.99,3.86085619083584,187.7117123816717,172.26828761832832
2024-01-02,177.0,178.0,173.1,174.8,111294,179.66373954280294,178.9064050286741,40.92372302740003,179.57874583333663,179.4671485839665,0.11159724937013493,0.9988256213817244,-0.8872283720115894,179.78000000000003,4.028137874606788,187.8362757492136,171.72372425078646
2024-01-03,177.0,177.0,173.6,177.0,66780,179.41005006253602,178.83164404715748,45.61370492276979,179.182015705131,179.28439683700603,-0.10238113187503473,0.7785842707303726,-0.8809654026054073,179.73000000000002,4.057494689817142,187.8449893796343,171.61501062036572
2024-01-04,180.0,180.0,174.0,175.2,84624,179.00909291372307,178.68922663354348,42.631591858327475,178.5693979043416,178.98184892315373,-0.41245101881213486,0.5403772128218711,-0.952828231634006,179.74,4.045452287510742,187.8309045750215,171.64909542497853
2024-01-07,175.0,175.0,172.2,172.4,123456,178.3796554933685,178.44259029497314,38.423406756199576,177.62025976521213,178.49430455847568,-0.8740447932635504,0.2574928116047869,-1.1315376048683374,179.63,4.218767592555859,188.06753518511172,171.19246481488827
2024-01-08,174.9,175.0,172.0,172.6,98227,177.82921211304767,178.213469106935,38.88744139391015,176.84791210902566,178.057689405996,-1.2097772969703442,-0.03596121011023934,-1.1738160868601049,179.525,4.371302949199901,188.2676058983998,170.7823941016002
2024-01-09,175.5,178.0,173.1,174.8,74183,177.54071572132887,178.0796075733297,43.89592775567266,176.5328487076371,177.8163790796259,-1.2835303719888032,-0.2854750424859521,-0.998055329502851,179.5,4.398085707979823,188.29617141595963,170.70382858404037
2024-01-10,173.0,178.0,173.0,177.0,111974,177.48921898596421,178.0372700214344,48.44604608643573,176.60471813723137,177.75590655520918,-1.1511884179778065,-0.458617717584323,-0.6925707003934835,179.25,4.390600006952597,188.0312000139052,170.4687999860948
2024-01-11,178.0,179.5,174.6,174.9,70574,177.2426267015867,177.9142398245154,44.717915198096264,176.34245380842654,177.54435792148996,-1.2019041130634207,-0.6072749966801426,-0.5946291163832781,178.89499999999998,4.443265157871784,187.78153031574354,170.00846968425643
2024-01-14,177.5,180.0,174.6,175.7,67428,177.09570987286412,177.82740689022066,46.40981048952407,176.2436147609763,177.4077388161944,-1.1641240552181102,-0.7186448083877361,-0.4454792468303741,178.57999999999998,4.4348618918743625,187.4497237837487,169.71027621625126
2024-01-16,178.4,184.5,175.2,183.7,208731,177.7246898849723,178.0577046592316,59.69419302612595,177.39075095159532,177.87383223721704,-0.48308128562172215,-0.6715321038345333,0.18845081821281118,178.66500000000002,4.519347298006588,187.7036945960132,169.62630540398683
2024-01-17,183.7,189.6,183.0,184.5,264879,178.36995751497494,178.31034369220293,60.74220599136446,178.4844815744268,178.36465947890466,0.11982209552215295,-0.513261263963196,0.633083359485349,178.79500000000002,4.652726987590405,188.1004539751808,169.48954602481922
2024-01-18,184.5,184.9,181.1,181.6,122939,178.67758060878685,178.43934982192047,55.144688997315576,178.96379210143806,178.60431433231912,0.35947776911893925,-0.338713457346769,0.6981912264657082,179.0,4.6828915943260965,188.3657831886522,169.6342168113478
2024-01-21,180.0,182.0,177.2,177.5,189351,178.56543007461667,178.40251257400203,48.35956500505834,178.73859331660145,178.52251327066585,0.21608004593559826,-0.22775475669029555,0.4438348026258938,178.775,4.639064674331565,188.05312934866313,169.49687065133688
2024-01-22,177.0,179.9,174.0,175.8,96961,178.302055781796,178.30045325737453,45.8409738164135,178.2865020371243,178.3208456209869,-0.03434358386257941,-0.18907252212475234,0.15472893826217293,178.23,4.285851877490503,186.801703754981,169.658296245019
2024-01-23,176.0,178.8,174.0,174.0,66890,177.89233618352972,178.13180803159514,43.271269255440735,177.62704018525903,178.00078298239526,-0.3737427971362308,-0.22600657712704803,-0.1477362200091828,177.51500000000001,3.665382151398235,184.84576430279648,170.18423569720355
2024-01-24,177.0,177.0,173.5,174.0,61897,177.52163749938404,177.9697763440816,43.27126925544074,177.06903400291148,177.704428687403,-0.6353946844915299,-0.3078841985999444,-0.3275104858915855,177.01500000000001,3.4071557825134717,183.82931156502696,170.20068843497307
2024-01-25,173.0,176.0,173.0,173.6,84583,177.1481482137284,177.79841256588233,42.65502006190732,176.535336464002,177.40039693278058,-0.8650604687785801,-0.4193194526356716,-0.4457410161429085,176.695,3.4125889230749573,183.52017784614992,169.86982215385007
2024-01-28,173.7,175.0,172.0,173.3,109743,176.78165790765905,177.6220042299654,42.16994857417069,176.03759239261709,177.0966638266487,-1.0590714340316083,-0.547269848914859,-0.5118015851167493,176.36,3.3999071194742565,183.1598142389485,169.5601857610515
2024-01-29,173.0,174.9,172.5,173.0,95480,176.42150001169153,177.4407491621236,41.65975266995269,175.5702704860606,176.79320724689694,-1.2229367608363475,-0.6824032312991567,-0.5405335295371908,176.11,3.4563290535356805,183.02265810707138,169.19734189292865
2024-01-30,172.2,174.8,172.0,172.9,122524,176.0861190581971,177.26268056753054,41.47960364207226,175.15945964205127,176.50482152490457,-1.3453618828532967,-0.8149949616099847,-0.530366921243312,175.91500000000002,3.5246911025535392,182.96438220510709,168.86561779489296
2024-01-31,173.1,174.8,172.0,172.5,71603,175.74458390979737,177.07590878056854,40.72106272236279,174.75031200481263,176.20816807861533,-1.4578560738027022,-0.9435671840485282,-0.514288889754174,175.8,3.599707590463581,182.99941518092717,168.60058481907285
2024-02-01,174.0,174.0,170.9,171.2,121244,175.31176639457857,176.84548098525212,38.271503285178305,174.20411015791836,175.83719266538458,-1.633082507466213,-1.081470248732065,-0.5516122587341479,175.51,3.7292443145889114,182.9684886291778,168.05151137082217
2024-02-04,171.2,171.4,169.0,169.5,129372,174.75826483319014,176.55742290739911,35.282550196859845,173.480400902854,175.36777098646718,-1.8873700836131775,-1.2426502157082877,-0.6447198679048898,175.225,3.964563425888616,183.15412685177722,167.29587314822277
2024-02-05,170.0,171.0,169.0,170.0,66940,174.3050967538387,176.30026906789325,36.84482801279071,172.94495461010723,174.97015832080294,-2.025203710695706,-1.3991609147057715,-0.6260427959899346,175.105,4.088942084258468,183.28288416851692,166.92711583148306
2024-02-06,172.9,172.9,169.5,170.0,51159,173.8950875391874,176.05319969268174,36.84482801279071,172.49188467009074,174.6019984451879,-2.1101137750971475,-1.5413514867840468,-0.5687622883131007,174.975,4.212247181230985,183.39949436246195,166.55050563753804
2024-02-07,173.4,173.4,170.6,171.7,54105,173.68603158307428,175.88248597924323,42.333978574056815,172.37005625930755,174.3870355973962,-2.016979338088646,-1.6364770570449667,-0.38050228104367934,174.82,4.2755855246908885,183.37117104938176,166.26882895061823
2024-02-08,173.0,173.0,169.9,170.0,76336,173.3349809561148,175.651800254567,38.71062216057689,172.00543221941408,174.06206999758905,-2.0566377781749736,-1.7205092012709682,-0.33612857690400544,174.46999999999997,4.373135693009369,183.21627138601872,165.72372861398122
2024-02-11,170.0,172.8,169.5,169.7,43333,172.98879229362768,175.41839632301537,38.09103591153408,171.6507503395042,173.73895370147133,-2.0882033619671176,-1.7940480334101983,-0.2941553285569194,174.21,4.498994039607063,183.20798807921415,165.21201192078587
2024-02-12,169.0,171.0,169.0,169.6,50815,172.66605017042505,175.19022391819124,37.87343049959658,171.3352502872728,173.43236453839938,-2.097114251126584,-1.8546612769534754,-0.24245297417310852,173.905,4.5983378003703255,183.10167560074066,164.70832439925934
2024-02-13,169.1,169.9,168.2,168.5,84054,172.26928348752742,174.92786219590923,35.472828848223855,170.8990579353847,173.06700420222165,-2.167946266836964,-1.9173182749301731,-0.25062799190679064,173.145,4.126101128949042,181.3972022578981,164.89279774210192
2024-02-14,168.0,169.7,167.5,168.9,49078,171.94839934585815,174.69147544312847,37.035730375622,170.5915105607101,172.75833722427933,-2.166826663569225,-1.9672199526579834,-0.19960671091124138,172.365,3.2475537352223434,178.8601074704447,165.86989252955533
2024-02-15,168.0,169.5,167.0,167.7,74630,171.54378988434783,174.4172999355548,34.34793868800281,170.14666278213932,172.3836455780364,-2.2369827958970916,-2.021172521305805,-0.21581027459128643,171.67000000000002,2.5874392949906664,176.84487858998136,166.49512141001867
2024-02-18,169.0,170.3,166.5,167.4,67610,171.14914322869566,174.14211170278796,33.68968048933917,169.7240992771948,172.01448664633003,-2.2903873691352317,-2.0750154908716905,-0.2153718782635412,171.16500000000002,2.365825771046116,175.89665154209226,166.43334845790778
2024-02-20,170.0,170.0,166.2,166.8,43770,170.73493911167702,173.854185753659,32.35418997332981,169.27423784993405,171.6282283762315,-2.3539905262974514,-2.1308104979568427,-0.22318002834060868,170.715,2.2926139987723455,175.30022799754468,166.12977200245533
2024-02-21,167.1,169.0,166.2,166.7,52566,170.35065919627922,173.57362944959394,32.12561493642902,168.8782012576365,171.26317442243658,-2.3849731648000727,-2.181643031325489,-0.20333013347458362,170.35,2.3229971565785736,174.99599431315715,165.70400568684283
2024-02-22,167.0,168.0,164.5,166.0,77463,169.93631070139548,173.27662437313927,30.501196652661562,168.43540106415398,170.87330965040425,-2.4379085862502734,-2.2328961423104463,-0.2050124439398271,169.95,2.3500279953536256,174.65005599070724,165.24994400929273
2024-02-25,166.0,167.1,163.0,163.9,77829,169.36142396792926,172.90891361340834,26.218136465651142,167.73764705428414,170.35676819481876,-2.6191211405346166,-2.3101411419552806,-0.308979998579336,169.465,2.5495665266242007,174.5641330532484,164.3658669467516
2024-02-26,164.0,165.0,161.3,162.9,73050,168.74605025669788,172.51640719719626,24.456951346986912,166.99339366131736,169.80441499520254,-2.8110213338851793,-2.4103171803412606,-0.40070415354391864,168.945,2.776683936678584,174.49836787335715,163.39163212664283
2024-02-27,166.1,169.4,162.0,164.0,40395,168.2940454703457,172.18243044436505,30.0252427696265,166.53287155957622,169.37445832889125,-2.841586769315029,-2.4965710981360143,-0.34501567117901466,168.49499999999998,2.8139642387280692,174.12292847745613,162.86707152254382
2024-02-28,166.8,166.8,161.5,164.0,50307,167.88508875888422,171.86155081909584,30.0252427696265,166.1431990119491,168.97635030452895,-2.8331512925798563,-2.563887137024783,-0.26926415555507344,168.05,2.78426027216498,173.61852054432998,162.48147945567004
2024-02-29,163.0,165.0,162.0,162.6,86254,167.38174697232384,171.49835274775876,27.07902288961455,165.59809147164924,168.50402805974903,-2.9059365880997916,-2.6322970272397845,-0.27363956086000707,167.555,2.831119362037489,173.21723872407497,161.89276127592504
2024-03-03,165.0,165.7,160.0,160.5,73472,166.72634249876918,171.06704479686624,23.374024191743473,164.81376970678014,167.9111370923602,-3.097367385580071,-2.725311098907842,-0.37205628667222923,167.02,3.103919423804677,173.22783884760938,160.81216115239064
2024-03-04,163.5,167.0,163.5,167.0,3160,166.75240511793402,170.90755284404798,47.37488709584614,165.15011282881397,167.8436454558891,-2.6935326270751148,-2.7189554045412967,0.025422777466181934,166.895,3.0486364510260295,172.99227290205206,160.79772709794796
2024-03-05,169.0,170.0,163.2,164.0,56212,166.4902712971784,170.6366684187912,40.99294907051842,164.9731723936118,167.5589309776751,-2.585758584063285,-2.6923160404456943,0.10655745638240921,166.595,3.022107142201551,172.6392142844031,160.5507857155969
2024-03-06,163.0,165.7,162.0,164.2,50305,166.27215022125665,170.38425004942684,41.55817437042983,164.8542227945946,167.31012127562508,-2.455898481030488,-2.645032528562653,0.189134047532165,166.305,2.95572148107403,172.21644296214808,160.39355703785193
2024-03-07,167.0,167.0,163.7,163.8,31368,166.03670734304174,170.1260441651356,40.71809596014578,164.69203467234928,167.05011229224544,-2.3580776198961644,-2.587641546829355,0.22956392693319083,165.91000000000003,2.7148519393568793,171.33970387871378,160.48029612128627
2024-03-10,164.0,165.0,164.0,164.9,45371,165.9284495008473,169.9211012566989,44.066608235309175,164.7240293381417,166.89084471504208,-2.166815376900388,-2.5034763128435618,0.3366609359431738,165.65500000000003,2.544648667714952,170.74429733542993,160.56570266457013
2024-03-12,164.0,173.9,164.0,172.9,134520,166.59240669124281,170.03792081525972,61.221904221261475,165.98187097842757,167.33596732874267,-1.3540963503151033,-2.27360032033787,0.9195039700227667,165.815,2.8895956737739232,171.59419134754785,160.03580865245215
2024-03-13,175.0,175.0,168.9,172.0,48828,167.10741557779113,170.11486509701425,59.02846426595284,166.90773698174638,167.6814512303173,-0.7737142485709114,-1.9736231059844784,1.199908857413567,165.935,3.0974140317704983,172.129828063541,159.740171936459
2024-03-14,170.0,171.0,168.0,168.5,42814,167.24004266562054,170.05153705399408,51.32697361272562,167.15270052301616,167.742084472516,-0.5893839494998474,-1.6967752746875524,1.107391325187705,165.935,3.0974140317704983,172.129828063541,159.740171936459
2024-03-17,170.9,170.9,164.7,166.4,81619,167.1600386022281,169.9083395224649,47.33632253054863,167.03690044255214,167.6426708078852,-0.6057703653330577,-1.4785742928166536,0.8728039274835959,165.81,3.0209618544950265,171.85192370899006,159.76807629100995
2024-03-18,164.5,168.0,164.0,166.9,67215,167.1352730210635,169.7903654235447,48.365693325746626,167.01583883600566,167.58765815544925,-0.5718193194435912,-1.2972232981420413,0.7254039786984501,165.77,2.999842101107521,171.76968420221505,159.77031579778497
2024-03-19,167.0,167.0,164.2,165.0,37740,166.93191368572414,169.6025079559547,44.78351564054172,166.7057097843125,167.39597977356414,-0.6902699892516466,-1.1758326363639624,0.4855626471123158,165.65,2.9791379890654563,171.6082759781309,159.6917240218691
2024-03-20,165.1,165.9,163.0,165.0,36583,166.74792190613138,169.42201744787806,44.78351564054172,166.44329289441825,167.21849979033718,-0.7752068959189273,-1.0957074882749556,0.32050059235602824,165.56,2.9697421472327963,171.4994842944656,159.62051570553442
2024-03-21,166.0,166.0,162.0,163.0,63895,166.3909769626903,169.17017362639265,41.070039888189086,165.9135555260462,166.90601832438628,-0.9924627983400853,-1.0750585502879817,0.08259575194789637,165.375,3.0099615314902035,171.3949230629804,159.3550769370196
2024-03-25,163.0,163.0,160.0,161.0,98561,165.87755058529123,168.84977466065178,37.703179788665,165.15762390665446,166.46853548554284,-1.3109115788883798,-1.1222291560080613,-0.18868242288031856,165.125,3.159259573480752,171.4435191469615,158.8064808530385
2024-03-26,160.0,163.2,160.0,160.6,61069,165.3749267200254,168.52625408572428,37.049008890736175,164.4564509979384,166.0338291532804,-1.5773781553420179,-1.2132589558748528,-0.3641191994671651,164.95999999999998,3.309221565326089,171.57844313065215,158.3415568693478
2024-03-27,163.0,163.0,159.5,160.0,58432,164.86302893716584,168.19189118040177,36.03891693151882,163.77084315210172,165.58687884563,-1.8160356935282778,-1.3338143034055379,-0.4822213901227399,164.815,3.4641433968128976,171.7432867936258,157.8867132063742
2024-03-28,160.0,160.5,158.5,159.5,70667,164.35226427648337,167.85103270273896,35.17819801865876,163.1137903594707,165.1359989311389,-2.0222085716681875,-1.471493157058068,-0.5507154146101194,164.59,3.660442883758922,171.91088576751784,157.26911423248217
2024-03-31,158.0,160.0,157.0,157.7,85223,163.71871529777067,167.45295298890608,32.196991310877166,162.28089953493674,164.58518419549898,-2.304284660562246,-1.6380514577589036,-0.6662332028033422,164.275,3.9717257285915477,172.2184514571831,156.3315485428169
2024-04-01,157.8,160.8,157.0,157.2,38515,163.09788526941156,167.05087640110582,31.400935941452374,161.499222683408,164.0381335143509,-2.5389108309429105,-1.8182233323957049,-0.7206874985472056,164.005,4.264353471080223,172.53370694216045,155.47629305783954
2024-04-02,157.2,158.9,156.7,157.9,41398,162.60284857708666,166.69201850302323,33.86620404003531,160.94549611672986,163.58345695773232,-2.6379608410024673,-1.9821708341170576,-0.6557900068854097,163.875,4.413838882900992,172.70267776580198,155.04732223419802
2024-04-03,157.9,157.9,155.1,157.0,59551,162.06924395069746,166.31193934604192,32.26092007552565,160.33849671415604,163.09579347938177,-2.757296765225732,-2.1371960203387923,-0.6201007448869396,163.375,4.603531253287863,172.58206250657574,154.16793749342426
2024-04-04,156.5,157.9,155.0,156.5,51590,161.53883976491673,165.92715741090302,31.371249271555556,159.74795875813203,162.60721618461272,-2.8592574264806956,-2.2816083015671733,-0.5776491249135223,163.0,4.848873987573457,172.6977479751469,153.3022520248531
2024-04-07,155.1,158.0,155.0,156.5,62873,161.0589502634961,165.55746496341663,31.371249271555556,159.24827279534247,162.1548298005673,-2.9065570052248404,-2.406598042298707,-0.4999589629261334,162.615,5.050093797982284,172.71518759596458,152.51481240403544
2024-04-09,159.6,159.6,155.0,155.8,90005,160.55809785744884,165.1748192785768,30.026756670835667,158.7177692883667,161.68410166719195,-2.966332378825257,-2.5185449096040173,-0.4477874692212396,162.21499999999997,5.263606428255915,172.7422128565118,151.68778714348815
2024-04-10,156.0,158.0,155.2,156.2,48841,160.1430409186442,164.8228655813777,31.824798003682872,158.33042016707952,161.27787191406662,-2.947451746987099,-2.604326277080634,-0.343125469906465,161.78,5.388056968401028,172.55611393680206,151.00388606319794
2024-04-14,157.0,158.9,155.1,156.0,45427,159.74846559305905,164.47687085269624,31.390467690944604,157.97189398752883,160.88691843895057,-2.9150244514217434,-2.666465911948856,-0.2485585394728873,160.935,4.8507487213720655,170.63649744274414,151.23350255725586
2024-04-15,158.0,158.0,155.1,155.4,56704,159.33432601276772,164.12091513298267,30.064846570675513,157.57621798944749,160.48048003606536,-2.9042620466178732,-2.7140251388826595,-0.19023690773521373,160.10500000000002,4.239473030807641,168.5839460616153,151.62605393838473
2024-04-16,155.5,156.4,155.0,155.0,49623,158.9215330591708,163.7632321865912,29.180133729988214,157.1798767603017,160.07451855191238,-2.894641791610667,-2.750148469428261,-0.14449332218240585,159.43,3.8930572480815178,167.21611449616304,151.64388550383697
2024-04-18,154.5,155.0,152.3,152.5,54622,158.3099584821069,163.32153680672488,24.356049449810982,156.45989572025528,159.5134431036226,-3.0535473833673166,-2.8108282522160724,-0.24271913115124422,158.73499999999999,3.823373407152933,166.38174681430584,151.08825318569413
2024-04-21,152.6,155.0,150.1,153.0,130619,157.8042481504777,162.91677065744156,26.95693519950933,155.92760407098524,159.03096583668759,-3.1033617657023456,-2.8693349549133274,-0.2340268107890182,158.04000000000002,3.511694747553934,165.06338949510788,151.01661050489216
2024-04-22,153.5,156.0,151.0,152.1,42688,157.26098642186076,162.49258357283603,25.272506695902493,155.33874190621827,158.5175609598959,-3.178819053677614,-2.931231774666185,-0.2475872790114293,157.395,3.3468720668075798,164.08874413361517,150.70125586638486
2024-04-24,155.0,155.0,150.0,153.0,119577,156.85517819120736,162.12032539350912,29.984055583686455,154.9789354591078,158.10885274064435,-3.1299172815365637,-2.970968876040261,-0.15894840549630285,156.79500000000002,2.9656764560725732,162.72635291214516,150.86364708785487
2024-04-25,156.0,156.0,150.6,152.0,119454,156.39278026823524,161.72344988788132,27.880625980466732,154.52063769616814,157.65634513022627,-3.1357074340581335,-3.003916587643835,-0.13179084641429828,156.245,2.7677608278169417,161.7805216556339,150.70947834436612
2024-04-28,155.0,155.0,150.1,152.8,73319,156.0506107188795,161.37351067659188,31.99097612583695,154.25592420444997,157.29661586132062,-3.0406916568706492,-3.0112716014891983,-0.029420055381450982,155.83499999999998,2.6302441351563224,161.09548827031261,150.57451172968734
2024-04-29,155.8,155.8,151.1,152.0,35728,155.66483826946242,161.0059220226079,30.14098760890485,153.90885894222689,156.90427394566726,-2.995415003440371,-3.008100281879433,0.012685278439061864,155.405,2.51049900680239,160.42599801360478,150.38400198639522
2024-04-30,155.0,155.0,151.1,153.8,45898,155.48723462475172,160.72333684525074,38.726763760016624,153.89211141265352,156.6743277274697,-2.782216314816168,-2.9629234884667803,0.1807071736506125,155.095,2.285992816675638,159.6669856333513,150.5230143666487
2024-05-02,156.8,156.8,151.0,152.8,49024,155.23130751763253,160.41261775328013,36.07419900548651,153.72409427224528,156.38734048839785,-2.6632462161525723,-2.902988034003939,0.2397418178513666,154.76000000000002,2.0889181284498197,158.93783625689966,150.58216374310038
2024-05-05,151.0,152.0,150.4,151.0,56400,154.82832584928659,160.04349548844561,31.84590160743447,153.305002845746,155.98827822999803,-2.6832753842520276,-2.8590455040535567,0.17577011980152912,154.425,2.1294612612479655,158.68392252249595,150.16607747750407
2024-05-06,150.1,154.0,150.1,151.0,81045,154.46372338744976,159.68884860654578,31.84590160743447,152.95038702332354,155.61877613888709,-2.668389115563542,-2.820914226355554,0.1525251107920118,154.115,2.1553544097379524,158.42570881947591,149.8042911805241
2024-05-07,152.0,152.0,150.5,150.8,39931,154.11479735054976,159.34026630824985,31.3720540556795,152.61955825050455,155.26182975822877,-2.6422715077242174,-2.7851856826292867,0.1429141749050693,153.76,2.0826096988856606,157.92521939777131,149.59478060222867
2024-05-08,150.5,151.2,148.0,148.5,112375,153.5800547457355,158.91515782557337,26.490503145507233,151.98578005811922,154.76095347984145,-2.7751734217222293,-2.7831832304478756,0.008009808725646383,153.33499999999998,2.2474020088696975,157.82980401773938,148.84019598226058
2024-05-09,149.9,150.1,147.4,150.0,49388,153.23909715090355,158.56554379319795,33.7325786148984,151.68027543379318,154.40829025911245,-2.7280148253192635,-2.7721495494221537,0.04413472410289021,153.01,2.2355736341445023,157.481147268289,148.538852731711
2024-05-12,153.0,153.0,149.2,150.5,38134,152.9782307555794,158.24924795817057,35.99612446905563,151.498694597825,154.11878727695597,-2.620092679130977,-2.7417381753639183,0.12164549623294141,152.70999999999998,2.143263620595061,156.9965272411901,148.42347275880985
2024-05-13,150.1,158.2,150.0,156.7,151903,153.33268496933374,158.18849313628155,56.045439365017316,152.29889542892883,154.30998821940366,-2.0110927904748337,-2.5956090983861015,0.5845163079112679,152.75500000000002,2.2196431671490595,157.19428633429814,148.3157136657019
2024-05-14,159.0,159.8,154.0,157.9,63685,153.76766735320672,158.1771796799568,58.73946870276693,153.16060382447824,154.57591501796634,-1.415311193488094,-2.3595495174065,0.9442383239184062,152.83999999999997,2.384908692944458,157.6098173858889,148.07018261411105
2024-05-15,160.0,160.0,155.0,156.0,44091,153.98027046242512,158.09180008466438,53.18150114096086,153.59743400532776,154.68140279441326,-1.0839687890855032,-2.104433371742301,1.020464582656798,152.83999999999997,2.384908692944458,157.6098173858889,148.07018261411105
2024-05-16,152.9,158.4,152.9,157.0,74779,154.26786375171798,158.0489843950697,55.56462141214608,154.1209056968158,154.85315073556782,-0.7322450387520121,-1.8299957051442435,1.0977506663922314,152.92,2.499389399117091,157.91877879823417,147.9212212017658
2024-05-19,153.9,161.9,153.9,160.1,94111,154.82330529917343,158.12941637957678,62.01883248100031,155.04076635884414,155.24180623663688,-0.2010398777927378,-1.5042045396739425,1.3031646618812047,153.175,2.9434807536938785,159.06196150738776,147.28803849261226
2024-05-20,161.0,173.4,161.0,166.0,181396,155.88775241353784,158.43806671763258,70.73209682515606,156.72680230363736,156.03870947836748,0.6880928252698766,-1.0657450666851787,1.7538378919550552,153.85,4.1008984894838045,162.05179697896762,145.64820302103237
2024-05-21,166.1,168.1,164.0,166.0,65457,156.85082361224852,158.73461312086266,70.73209682515606,158.15344810307778,156.77658285034028,1.3768652527375025,-0.5772230028006424,1.954088255538145,154.5,4.90960390727335,164.3192078145467,144.6807921854533
2024-05-22,166.0,173.7,164.1,171.0,185173,158.19836422060578,159.2156086847504,76.11711047539058,160.1298407026043,157.8301693058706,2.299671396733686,-0.0018441228937767784,2.3015155196274626,155.445,6.098358277783334,167.64171655556666,143.24828344443333
2024-05-26,172.0,175.0,168.4,168.8,142533,159.20804381864332,159.59146716770138,70.01314400628107,161.46371136374208,158.6427493572876,2.820962006454465,0.5627171029758716,2.2582449034785936,156.23499999999999,6.753188330823965,169.7413766616479,142.72862333835207
2024-05-27,167.3,170.8,167.3,169.9,81484,160.2263253597249,159.99572335720327,71.25438507620844,162.76160192316638,159.47661977526633,3.2849821479000525,1.1071701119607078,2.1778120359393447,157.13,7.324371717262146,171.7787434345243,142.4812565654757
2024-05-29,173.2,176.0,162.2,165.0,129820,160.6809610397511,160.19196950005806,59.44950625765951,163.10597085806387,159.88575905117253,3.220211806891342,1.5297784509468348,1.6904333559445073,157.74,7.451697086817357,172.64339417363473,142.8366058263653
2024-05-30,168.0,168.0,161.7,162.0,62710,160.80658379787005,160.26287265691852,53.59507540204213,162.9358214952848,160.0423694918264,2.893452003458407,1.8025131614491494,1.0909388420092574,158.24,7.38144187882858,173.00288375765717,143.47711624234284
2024-06-02,160.0,165.2,160.0,161.9,78668,160.9107186742634,160.32707372919623,53.40627966521541,162.77646434216408,160.1799717516911,2.5964925904729625,1.9613090472539123,0.6351835432190502,158.645,7.347142301602584,173.3392846032052,143.95071539679483
2024-06-03,164.0,164.0,160.0,161.0,62495,160.9192216576669,160.35346299471794,51.643059856560136,162.5031621356773,160.24071458489917,2.26244755077812,2.021536747958754,0.24091080281936605,159.055,7.231690127851254,173.5183802557025,144.5916197442975
2024-06-04,160.1,162.0,158.2,160.6,44195,160.88881959503195,160.36313111257215,50.83968334010995,162.21036796095768,160.2673283193511,1.943039641606589,2.005837326688321,-0.062797685081732,159.535,6.983233680149699,173.5014673602994,145.5685326397006
2024-06-05,157.5,160.9,157.5,160.7,27416,160.87083677645748,160.37634165717716,51.044719943019636,161.97800365927188,160.29937807347324,1.6786255857986419,1.9403949785103853,-0.2617693927117435,160.01999999999998,6.689945322725054,173.39989064545009,146.64010935454988
2024-06-06,162.5,162.5,157.5,158.0,38798,160.5974237501282,160.28315178826824,45.523888083740765,161.366003096307,160.12905377173448,1.236949324572521,1.7997058477228127,-0.5627565231502918,160.38,6.352918931276129,173.08583786255224,147.67416213744775
2024-06-09,161.1,161.1,155.0,157.0,37198,160.2548119644017,160.15440073774792,43.64122940402671,160.69431031225977,159.89727201086524,0.7970383013945366,1.5991723384571577,-0.8021340370626211,160.805,5.774305608742588,172.3536112174852,149.25638878251482
2024-06-10,160.1,160.1,155.7,156.5,36333,159.8972108249349,160.01109090489504,42.69058298374281,160.04903180268133,159.64562223228262,0.40340957039870773,1.3600197848454676,-0.9566102144467599,161.13,5.297377702818065,171.72475540563613,150.53524459436386
2024-06-11,159.6,159.6,156.0,158.2,44601,159.73557169875062,159.9400677321541,46.923934778837925,159.76456537149957,159.5385391039654,0.22602626753416644,1.1332210813832073,-0.9071948138490409,161.51500000000001,4.734006314895648,170.98301262979132,152.0469873702087
2024-06-12,161.0,163.0,160.0,160.1,56434,159.77027915601246,159.9463395857951,51.25759343147407,159.81617069896117,159.58012879996798,0.23604189899319294,0.9537852449052044,-0.7177433459120115,161.685,4.6114588398441905,170.90791767968838,152.46208232031162
2024-06-13,160.0,160.0,158.0,160.0,81455,159.79215733163034,159.94844391576393,51.02146948864679,159.84445212989021,159.6112303703407,0.23322175954950808,0.8096725478340652,-0.5764507882845571,161.79000000000002,4.544157614019436,170.8783152280389,152.70168477196114
2024-06-16,163.0,163.0,157.0,157.5,55128,159.57385663337982,159.85242650730262,45.3917883198024,159.48376718683016,159.45484293550064,0.028924251329527806,0.6535228885331578,-0.62459863720363,161.865,4.455071031390523,170.77514206278104,152.95485793721897
2024-06-18,157.0,157.8,155.1,156.8,52987,159.3096798111532,159.73272350701626,43.93016199456124,159.07087992731783,159.25818790324135,-0.18730797592351678,0.4853567156418228,-0.6726646915653396,161.85500000000002,4.466775005232141,170.7885500104643,152.92144998953574
2024-06-19,155.1,158.0,155.0,156.0,38152,158.99447221009098,159.58634219301564,42.25553050951792,158.59843686157663,159.01684065114938,-0.41840378957274993,0.3046046145989083,-0.7230084041716582,161.65,4.642197755373867,170.93439551074775,152.36560448925226
2024-06-20,159.1,159.1,154.3,155.0,31705,158.6140462853204,159.4064856364268,40.192994644975194,158.04483119056482,158.7192968992124,-0.674465708647574,0.10879054994961185,-0.7832562585971858,161.1,4.750069251572552,170.6001385031451,151.59986149685488
2024-06-23,154.5,156.6,153.9,155.0,48417,158.26985140100416,159.23368227813557,40.192994644975194,157.5763956227856,158.44379342519665,-0.867397802411034,-0.08644712052251732,-0.7809506818885167,160.55,4.789517061688865,170.12903412337775,150.97096587662227
2024-06-24,154.0,162.2,153.7,153.7,51361,157.8346274580514,159.0166751299734,37.43786675097893,156.98002706543397,158.09240131962653,-1.1123742541925594,-0.29163254725652576,-0.8207417069360337,159.685,4.344418681965258,168.3738373639305,150.9961626360695
2024-06-25,156.7,156.9,152.0,153.0,48071,157.3741867477608,158.78072708566074,36.00662440202532,156.36771520921337,157.71518640706162,-1.3474711978482503,-0.5028002773748708,-0.8446709204733795,158.895,4.024461389264708,166.94392277852944,150.84607722147058
2024-06-26,153.0,154.0,151.5,151.9,51006,156.85283562892644,158.51089465092898,33.8186715641658,155.68037440779594,157.2844318583904,-1.6040574505944676,-0.7230517120187901,-0.8810057385756774,157.995,3.397750804034046,164.7905016080681,151.1994983919319
2024-06-27,152.0,155.0,151.0,152.2,32459,156.40970842617156,158.26340858618667,34.979108964786235,155.14493219121195,156.9078072762874,-1.76287508507545,-0.9310163866301222,-0.8318586984453278,157.355,3.2091112066801832,163.77322241336034,150.93677758663964
2024-06-30,149.2,158.1,149.2,151.5,54241,155.94211714748855,157.99817687692445,33.50295772634716,154.58417339256397,156.50722895952538,-1.9230555669614091,-1.1294242226963798,-0.7936313442650293,156.82999999999998,3.2675598492482587,163.3651196984965,150.29488030150347
2024-07-01,151.0,156.6,150.1,156.6,88509,156.00477265725155,157.94334641116274,50.04410637480165,154.89430056293872,156.5141008884494,-1.6198003255106812,-1.22749944325924,-0.3923008822514411,156.565,3.0418614453373505,162.6487228906747,150.4812771093253
2024-07-02,159.7,168.5,159.7,160.0,102269,156.38527049941808,158.02399949307792,57.6138434913343,155.67979278402507,156.77231563745315,-1.092522853428079,-1.200504125293008,0.1079812718649289,156.515,2.972554279969783,162.46010855993956,150.56989144006042
2024-07-03,162.0,163.0,156.1,159.4,45375,156.6723875947116,158.07796029727095,56.00116373624895,156.2521323557135,156.96695892356772,-0.7148265678542032,-1.1033686138052472,0.388542045951044,156.45499999999998,2.8969085155328402,162.24881703106567,150.6611829689343
2024-07-04,158.0,162.5,158.0,159.8,74172,156.97025544283431,158.14549126600545,56.867955457793926,156.7979581471422,157.17681381811826,-0.37885567097606554,-0.9584660252394109,0.5796103542633454,156.41000000000003,2.8337997552102823,162.07759951042058,150.74240048957947
2024-07-07,159.0,162.2,157.5,161.8,104335,157.43023111494534,158.28880533400525,61.00454340764347,157.56750304758185,157.51927205381318,0.04823099376866935,-0.757126621437795,0.8053576152064643,156.6,3.064053043377326,162.72810608675465,150.47189391324534
2024-07-08,160.0,162.9,159.0,159.5,62638,157.62735196114102,158.33630316404427,54.52798627987482,157.8648102710308,157.6659926424196,0.1988176286111809,-0.5659377714279998,0.7647554000391807,156.725,3.1314827495173247,162.98796549903466,150.46203450096533
2024-07-09,158.0,161.0,158.0,159.0,51166,157.75808034579424,158.36233049094452,53.205576582414466,158.03945484471836,157.7648080022404,0.27464684247797777,-0.39782084864680434,0.6724676911247821,156.85,3.1716673350477333,163.19333467009545,150.50666532990454
2024-07-10,162.0,165.0,158.0,165.0,121925,158.44778697952813,158.62263125600552,64.37180124775539,159.11030794553093,158.30074815022257,0.8095597953083598,-0.1563447198557715,0.9659045151641312,157.19,3.6520938478744567,164.4941876957489,149.8858123042511
2024-07-11,161.8,172.0,161.8,171.5,194804,159.69085488623975,159.12762610871118,72.13049075219101,161.01641441544925,159.27847050946534,1.7379439059839115,0.2225130053121651,1.5154309006717464,157.76,4.829885037315322,167.41977007463063,148.10022992536935
2024-07-14,174.9,180.0,173.0,179.0,198632,161.52982108755023,159.90693488876175,78.06585962169072,163.78311988999553,160.73932454580125,3.0437953441942796,0.7867694730885881,2.257025871105691,158.70999999999998,6.771837968652411,172.2536759373048,145.16632406269517
2024-07-15,180.0,182.5,174.6,175.1,196836,162.82221907921212,160.5027413637123,69.74754494158546,165.52417836845774,161.80307828314932,3.7211000853084215,1.373635595532555,2.3474644897758665,159.59,7.687919436567744,174.96583887313548,144.21416112686452
2024-07-16,175.0,179.5,172.2,178.0,175173,164.26772202404908,161.1889083690569,72.12598294217473,167.44353554254116,163.00285026217531,4.440685280365841,1.9870455324992122,2.453639747866629,160.65,8.680437776978659,178.01087555395733,143.28912444604268
2024-07-17,181.5,181.9,179.0,181.0,401009,165.86127230747297,161.96581392321153,74.37076790647495,169.52914545907328,164.33597246497715,5.19317299409613,2.628271024818596,2.5649019692775346,161.9,9.71407009933195,181.3281401986639,142.4718598013361
2024-07-18,184.5,199.1,181.3,199.1,756798,169.02686542104698,163.42205651445815,83.17474417366385,174.07850769613893,166.91108561571957,7.167422080419357,3.536101235938748,3.6313208444806087,164.105,12.632225915449165,189.36945183089833,138.84054816910165
2024-07-21,203.0,219.0,200.0,218.0,1109969,173.69097347618535,165.56236802369511,87.86308746360058,180.8356603582714,170.6954496441848,10.140210714086606,4.85692313156832,5.283287582518287,167.255,17.252321735440592,201.75964347088117,132.75035652911882
2024-07-22,222.3,223.5,212.0,219.8,933307,178.08230933559628,167.68933398355023,88.20031537437472,186.83017414930657,174.33282374461555,12.49735040469102,6.3850085861928605,6.112341818498159,170.56,20.537498438350788,211.63499687670156,129.48500312329844
2024-07-23,224.1,225.4,214.2,225.3,608926,182.57923225601567,169.9485757881169,89.18878777993243,192.74860889556712,178.1081701339033,14.64043876166383,8.036094621287056,6.604344140376774,174.175,23.441682960060646,221.0583659201213,127.29163407987872
2024-07-24,225.0,227.5,215.7,217.7,559174,185.92406727925226,171.82118065917115,79.30283666656405,196.58728445009524,181.04089827213267,15.546386177962574,9.538152932622161,6.0082332453404135,177.46499999999997,24.7327882736555,226.93057654731098,127.99942345268897
2024-07-25,219.0,221.2,215.0,219.0,366613,189.07415610979967,173.6713304372429,79.7169842846015,200.03539453469597,183.85268358530803,16.18271094938794,10.867064535975317,5.3156464134126225,180.805,25.635326674029486,232.07565334805898,129.53434665194104
2024-07-28,223.3,240.9,223.3,240.9,591461,194.00995076600924,176.30774885146866,85.11905530449697,206.3222569139735,188.07841072713705,18.243846186836436,12.342420866147542,5.901425320688894,185.275,27.946600866652762,241.16820173330552,129.3817982666945
2024-07-29,245.7,264.9,245.7,256.0,1515457,199.91376497877027,179.4329351710189,87.57605356228714,213.96498661951603,193.10963956216395,20.855347057352077,14.045006104388449,6.810340952963628,190.245,31.224981142803234,252.69496228560647,127.79503771439354
2024-07-30,260.0,260.0,240.0,254.0,745059,205.06483498079217,182.35713379176326,85.56099394945119,220.12421944728277,197.62003663163327,22.5041828156495,15.73684144664066,6.7673413690088395,194.945,33.429524848237726,261.80404969647543,128.08595030352456
2024-07-31,259.0,260.0,250.0,256.0,516714,209.91580307785958,185.24508932934117,85.91012960983569,225.64357030154696,201.94447836262339,23.699091938923573,17.329291545097245,6.369800393826328,199.775,34.96676429501525,269.7085285900305,129.8414714099695
2024-08-01,255.0,259.0,248.1,249.0,474916,213.63810754663487,187.7452819046611,78.73427741157766,229.23686717823205,205.4300725579846,23.806794620247445,18.624792160127285,5.1820024601201595,204.23499999999999,35.28685866915384,274.80871733830764,133.66128266169233
2024-08-05,249.0,253.0,238.0,239.0,793986,216.0535258755268,189.75527084957636,69.76873438860244,230.7388876123502,207.91673384998575,22.82215376236445,19.46426448057472,3.3578892817897312,208.09500000000003,34.61667494446168,277.3283498889234,138.86165011107667
2024-08-06,240.0,240.0,217.0,217.5,787692,216.19128531595283,190.84329944371063,55.21185629334022,228.70213567198863,208.62660541665346,20.075530255335167,19.58651763552681,0.4890126198083564,210.99500000000003,32.70823934504311,276.41147869008626,145.5785213099138
2024-08-07,213.2,228.2,213.2,226.5,493761,217.17306766681446,192.2416014263102,59.062371262935095,228.36334556860575,209.95056057097543,18.412784997630325,19.351771107947513,-0.9389861103171881,214.37000000000003,30.466428460813866,275.3028569216278,153.4371430783723
2024-08-08,229.0,234.0,224.0,225.5,354340,217.96610884140355,193.54585235076863,58.46097053691393,227.92283086574332,211.10237089905132,16.820459966692,18.84550887969641,-2.0250489130044116,217.39500000000004,28.22776675171927,273.85053350343856,160.9394664965615
2024-08-11,230.0,235.3,225.5,235.0,528022,219.58838418984132,195.1715051997581,62.38001324114969,229.01162611716742,212.87256564726977,16.139060469897657,18.30421919773666,-2.165158727839003,220.57000000000002,26.299191502481676,273.1683830049634,167.97161699503667
2024-08-12,239.7,249.0,237.5,242.0,562406,221.7228237908088,197.0079167605519,65.00029027940019,231.00983748375705,215.03015337710164,15.979684106655412,17.839312179520412,-1.859628072865,223.72000000000003,24.787552054248906,273.29510410849787,174.14489589150222
2024-08-13,246.0,250.0,241.1,244.9,498215,223.93017390596987,198.88603767190278,66.05513209356782,233.14678556317907,217.24273460842744,15.904050954751625,17.452259934566655,-1.5482089798150298,227.20999999999998,22.378464742035366,271.9669294840707,182.45307051592926
2024-08-14,249.7,252.0,239.0,249.0,591867,226.31777639111561,200.85129109653403,67.54443360199211,235.5857416303823,219.59512463743283,15.99061699294947,17.15993134624322,-1.1693143532937498,230.76,19.623090587634753,270.0061811752695,191.5138188247305
2024-08-15,253.9,273.9,250.0,273.0,1693799,230.7637024491046,203.6806522300033,74.57615692204934,241.34178137955425,223.55104133095634,17.79074004859791,17.28609308671416,0.5046469618837506,235.35999999999999,18.065972667449863,271.4919453348997,199.22805466510027
2024-08-18,278.4,295.0,274.0,281.0,1390334,235.54811173966607,206.71278351510122,76.41079073405291,247.44304578269976,227.80651975088549,19.63652603181427,17.75617967573418,1.8803463560800893,239.455,18.685836882515925,276.82667376503184,202.08332623496815
2024-08-21,286.5,289.9,270.2,281.0,759352,239.876863002555,209.62600769097963,76.41079073405291,252.60565412382286,231.74677754711618,20.858876576706677,18.37671905592868,2.482157520777996,242.60500000000002,20.13280839039111,282.87061678078226,202.3393832192178
2024-08-22,281.0,284.6,276.0,278.0,458274,243.50763795469263,212.30734072270593,74.08568280975835,256.51247656631165,235.1729421732557,21.339534393055942,18.969282123354134,2.3702522697018082,245.51500000000001,20.8562063210272,287.22741264205445,203.8025873579456
2024-08-25,283.5,283.5,265.0,266.1,559948,245.65929148281714,214.4168567727959,65.56332467462121,257.9874801714945,237.46383534560712,20.523644825887374,19.28015466386078,1.2434901620265926,247.555,20.770056255150035,289.09511251030005,206.01488748969993
2024-08-27,271.4,271.4,250.0,252.0,703842,246.26316848445362,215.8907055268039,57.17140711766774,257.06632937587995,238.54058828296954,18.52574109291041,19.12927194967071,-0.603530856760301,249.27000000000004,19.555752956207083,288.3815059124142,210.15849408758586
2024-08-28,257.0,263.9,250.0,253.0,405273,246.90477148593422,217.34597197673315,57.58605029916736,256.44074024112916,239.61165581756438,16.82908442356478,18.669234444449522,-1.8401500208847423,250.97000000000003,18.217923505221357,287.40584701044276,214.5341529895573
2024-08-29,254.0,257.9,245.1,246.7,327117,246.8852694396548,218.49711033058676,54.036654674685714,254.94216481941697,240.13671834959663,14.805446469820339,17.896476849523687,-3.091030379703348,251.26,18.09493677364187,287.44987354728374,215.07012645271624
2024-09-01,243.1,249.0,236.0,237.0,264342,245.94381520730673,219.22271384703433,49.026157290257814,252.1818317702759,239.9043688422191,12.277462928056792,16.77267406523031,-4.495211137173516,250.31,18.330213769678107,286.9704275393562,213.64957246064378
2024-09-02,237.2,253.5,234.0,253.5,416418,246.6634518542299,220.56692114715062,56.42737242909718,252.38462688254114,240.91145263168434,11.4731742508568,15.712774102355606,-4.239599851498806,250.285,18.325256514324188,286.93551302864836,213.63448697135163
2024-09-03,258.0,262.1,251.6,254.0,284479,247.36217072525562,221.87802227863492,56.63286076343449,252.63314582368866,241.88097465896698,10.752171164721688,14.720653514828824,-3.968482350107136,250.185,18.297865132879412,286.78073026575885,213.58926973424119
2024-09-04,259.0,259.0,242.0,243.9,299974,247.0324401799932,222.74162924810022,51.36343231336504,251.28958492773657,242.03053209163608,9.259052836100494,13.62833337908316,-4.369280542982665,249.92999999999998,18.350709150214904,286.6314183004298,213.22858169957016
2024-09-05,243.9,246.0,235.2,241.8,266980,246.53411254380336,223.48901633641,50.31515442319894,249.82964878500786,242.01345564040378,7.816193144604085,12.465905332187345,-4.64971218758326,250.07,18.273452126830616,286.61690425366123,213.52309574633875
2024-09-08,246.0,246.0,235.2,236.0,193734,245.5308637301078,223.97964314674687,47.435632017508226,247.7020105103913,241.56801448185536,6.1339960285359325,11.199523471457063,-5.06552744292113,250.99499999999998,16.95894345641515,284.9128869128303,217.07711308716966
2024-09-09,235.0,237.0,225.2,226.5,332867,243.7184005177166,224.07848067040385,43.08613092644683,244.44016273956186,240.45186526097717,3.988297478584684,9.757278272882587,-5.768980794297903,250.99499999999998,16.95894345641515,284.9128869128303,217.07711308716966
2024-09-10,226.8,235.8,224.5,226.7,244663,242.09760046841023,224.18128534999585,43.20420159856858,241.71090693347543,239.43320857497886,2.277698358496565,8.261362290005383,-5.9836639315088185,251.05499999999998,16.86586321850307,284.7867264370061,217.32327356299385
2024-09-11,228.1,232.4,223.5,225.0,190415,240.46925756665686,224.21339180685874,42.399039082923444,239.13999817447922,238.3640820138693,0.7759161606099099,6.764273064126289,-5.9883569035163795,250.55499999999998,17.503066648597745,285.56113329719545,215.5488667028045
2024-09-12,229.5,233.5,225.0,233.5,183147,239.80551875078478,224.57757252031527,47.652089874646656,238.27230614763627,238.00377964247159,0.26852650516468657,5.465123752333969,-5.196597247169282,250.12999999999997,17.822017724978988,285.7740354499579,214.48596455004198
2024-09-15,236.5,244.5,230.0,231.0,254419,238.9668979173767,224.8294324214794,46.31425557673379,237.1534898172307,237.48498115043665,-0.33149133320594615,4.305800735225986,-4.6372920684319325,249.435,18.30128770275302,286.03757540550606,212.83242459449397
2024-09-16,231.0,231.0,225.0,226.0,240945,237.73195525857892,224.8753370324018,43.673357540508675,235.43756830688753,236.63424180595985,-1.1966734990723182,3.2053058883663255,-4.401979387438644,248.285,19.03786462483846,286.3607292496769,210.20927075032307
2024-09-18,226.0,231.5,221.5,229.5,135497,236.94795951966665,225.05669636446447,45.99478628755957,234.52409625967408,236.10577944996282,-1.581683190288743,2.247908072635312,-3.8295912629240547,246.10999999999999,18.544112415080676,283.19822483016134,209.02177516983863
2024-09-22,234.0,240.9,226.4,229.0,116177,236.1910109939841,225.21133572272078,45.70499070436854,233.67423529664728,235.57942541663223,-1.905190119984951,1.4172884341112593,-3.32247855409621,243.51,16.973722725374245,277.4574454507485,209.5625545492515
2024-09-23,233.0,233.0,223.8,224.0,152930,235.0299623278904,225.16383236104545,42.800833842610544,232.1858914048554,234.72169020058539,-2.5357987957299883,0.6266709881430098,-3.1624697838729983,240.66,15.020561346297482,270.70112269259494,210.61887730740503
2024-09-24,222.0,227.9,216.0,216.0,160907,233.2175849633294,224.8044663861025,38.57715132678244,229.69575426564685,233.33489833387534,-3.6391440682284895,-0.22649202313129013,-3.4126520450971993,237.56,13.195629260438423,263.9512585208769,211.16874147912316
2024-09-25,219.0,225.0,215.9,225.0,182441,232.43495782396468,224.81213437096122,45.13648697304941,228.9733305324704,232.71749845729198,-3.744167924821568,-0.9300272034693458,-2.814140721352222,235.50499999999997,11.623772147945763,258.7525442958915,212.25745570410845
2024-09-26,225.0,228.0,221.1,223.0,93504,231.5363904121585,224.74107027798235,44.011700161403034,228.05435660439804,231.99768375675183,-3.9433271523537883,-1.5326871932462343,-2.410639959107554,234.05499999999998,11.260946720974344,256.57689344194864,211.5331065580513
2024-09-29,224.0,225.0,219.0,223.8,108683,230.7995913252863,224.70416556119872,44.60633078148074,227.39984020372142,231.39044792291836,-3.9906077191969302,-2.0242712984363735,-1.9663364207605567,232.59499999999997,10.545613954825097,253.68622790965017,211.50377209034977
2024-09-30,223.7,228.2,221.2,226.0,120650,230.34248738954474,224.75498259801446,46.295518422241095,227.18448017237966,230.99115548418365,-3.8066753118039856,-2.380752101109896,-1.4259232106940893,231.56,10.094573842051128,251.74914768410227,211.37085231589774
2024-10-01,226.0,236.0,226.0,234.4,201486,230.72891716196906,225.13321857456293,52.279179085352986,228.2945601458597,231.24366248535523,-2.949102339495539,-2.494422148787025,-0.45468019070851406,231.42999999999998,10.037408975794486,251.50481795158896,211.355182048411
2024-10-02,230.0,238.0,230.0,233.0,205891,230.94521076559107,225.441719806933,51.25419001261928,229.01847396957356,231.3737615605141,-2.3552875909405486,-2.4665952372177298,0.11130764627718115,230.40499999999997,8.610304414203627,247.62560882840722,213.18439117159272
2024-10-06,234.0,239.5,232.0,239.5,208583,231.75995259743954,225.9930249125435,55.60613537004646,230.63101643579301,231.97570514862417,-1.3446887128311573,-2.2422139323404155,0.8975252195092582,229.67999999999998,6.973981721557847,243.62796344311568,215.73203655688428
2024-10-07,240.0,246.0,240.0,245.0,248821,233.0209094929215,226.7383964846006,58.94604816248246,232.84162929182486,232.94046773020756,-0.09883843838269968,-1.8135388335488725,1.7147003951661728,229.73499999999999,7.095311647025268,243.92562329405052,215.54437670594945
2024-10-08,245.0,247.9,240.3,240.6,91492,233.7427276364528,227.28198877932215,55.357930390183355,234.03522478539026,233.50784049093292,0.5273842944573346,-1.345354207947631,1.8727385024049656,229.675,6.992241941495761,243.65948388299154,215.69051611700849
2024-10-09,241.0,243.0,238.1,241.0,84218,234.43389643298113,227.81995000366246,55.62239517524108,235.106728664561,234.06281526938233,1.043913395178663,-0.8675006873223723,1.9114140825010353,229.925,7.312345364986084,244.54969072997218,215.30030927002784
2024-10-15,245.0,248.6,241.1,246.7,99684,235.60209677269722,228.5603441211659,59.320651961511906,236.89030887001314,234.99890302720584,1.891405842807302,-0.3157193812964374,2.2071252241037396,230.935,8.160255091471472,247.25551018294294,214.61448981705706
2024-10-16,250.0,257.0,247.1,254.0,227412,237.35427803244033,229.55797768504178,63.51427052331619,239.5225690438573,236.40639169185727,3.1161773520000224,0.37065996536285456,2.745517386637168,232.3,9.575187231919127,251.45037446383827,213.14962553616175
2024-10-17,254.0,264.9,253.0,256.1,409538,239.13958488649365,230.59884130523622,64.64345747041844,242.07294303711,237.86517749246045,4.207765544649561,1.138081081220196,3.069684463429365,233.85500000000002,10.777143210956462,255.40928642191295,212.30071357808708
2024-10-20,253.0,262.9,246.0,253.6,441708,240.51676727825617,231.50084752856029,62.17642994614134,243.84633641601616,239.03071990042633,4.815616515589824,1.8735881680941215,2.942028347495702,234.85999999999999,11.64457858946845,258.1491571789369,211.57084282106308
2024-10-21,258.6,258.6,248.2,248.7,288479,241.2961227755651,232.17532409606773,57.541221691359254,244.5930538904752,239.74696287076512,4.846091019710087,2.4680887384173147,2.3780022812927726,235.74500000000003,12.002871366994764,259.75074273398957,211.7392572660105
2024-10-22,248.1,253.6,246.1,251.0,143147,242.2203015588446,232.91354668053566,59.08314287909755,245.57873790732518,240.58052117663436,4.998216730690814,2.974114336872015,2.024102393818799,236.99500000000003,12.234140109158368,261.46328021831675,212.5267197816833
2024-10-23,253.0,256.0,240.0,241.9,285813,242.18979664847842,233.26595661463233,51.165906762385426,245.01277822927517,240.6782603487355,4.334517880539664,3.2461950456055453,1.088322834934119,237.615,12.148219492670373,261.91143898534074,213.31856101465925
2024-10-24,245.9,245.9,233.3,236.0,157339,241.6002922057662,233.3731740022938,46.788246262711354,243.62619696323281,240.33172254512544,3.29447441810737,3.2558509201059103,0.03862349800145992,237.965,11.98671523417714,261.9384304683543,213.99156953164572
2024-10-27,236.0,239.0,231.5,232.4,101645,240.72407390045512,233.33501031592937,44.297791541719555,241.89908973812007,239.74418754178282,2.154902196337247,3.035661175352178,-0.880758979014931,238.385,11.612981619948181,261.61096323989636,215.15903676010362
2024-10-28,237.0,237.0,232.0,236.0,149584,240.2741621004118,233.4395197153047,47.31768365792302,240.991537470717,239.46684031646555,1.5246971542514416,2.7334683711320307,-1.208771216880589,239.385,10.37954846396415,260.1440969279283,218.62590307207168
2024-10-29,240.0,244.8,235.5,239.9,145052,240.2385276146583,233.69287188333197,50.45165456399101,240.82360862906822,239.49892621894958,1.3246824101186405,2.4517111789293526,-1.1270287688107121,240.13000000000002,9.8119207841113,259.75384156822264,220.50615843177744
2024-10-30,240.0,242.0,235.3,236.0,97295,239.83485831802417,233.78334749575032,47.4141117965441,240.08151499382694,239.23974649902738,0.8417684947995667,2.1297226421033955,-1.2879541473038287,240.78000000000003,9.015693919055613,258.8113878381113,222.74861216188881
2024-11-05,240.0,244.8,232.3,233.2,98181,239.2029670496409,233.76047112336798,45.305131646033864,239.02282037939202,238.79235786946978,0.2304625099222335,1.749870615667163,-1.5194081057449296,241.25,8.30057068424826,257.85114136849654,224.6488586315035
2024-11-06,233.4,239.5,230.6,233.4,67276,238.65030352110367,233.74633500088297,45.49163415672667,238.15777109025478,238.39292395321277,-0.23515286295798887,1.3528659199421327,-1.5880187829001216,241.61999999999998,7.730363918715637,257.08072783743125,226.1592721625687
2024-11-10,234.0,240.0,234.0,238.0,163103,238.58836985242712,233.9131453930052,49.73685492808094,238.13349861483096,238.363818475197,-0.2303198603660519,1.036228763880496,-1.2665486242465478,241.8,7.594111292032834,256.9882225840657,226.61177741593434
2024-11-11,241.8,245.9,238.2,242.0,212486,238.9132870093388,234.2302769462207,53.15350912928728,238.72834498178003,238.63316525481204,0.09517972696798438,0.8480189564979936,-0.7528392295300093,242.25,7.306413909060821,256.8628278181216,227.63717218187836
2024-11-12,242.0,245.0,238.5,238.5,127125,238.87392634178275,234.39771706597674,49.95378523058911,238.6932149845831,238.623301161863,0.06991382272011037,0.692397929742417,-0.6224841070223066,242.2,7.329608304318039,256.8592166086361,227.5407833913639
2024-11-13,238.5,240.9,235.0,235.1,91949,238.5145047854225,234.42525757319333,46.994267127060816,238.14041267926262,238.36231589061387,-0.2219032113512469,0.5095377015236842,-0.7314409128749311,241.705,7.463629355607488,256.632258711215,226.77774128878502
2024-11-14,238.0,238.0,234.2,235.8,120192,238.25598052014416,234.47916904091124,47.68151212621543,237.7803491901453,238.17251471353137,-0.392165523386069,0.32919705654173353,-0.7213625799278025,241.465,7.577339833170974,256.61967966634194,226.31032033365807
2024-11-17,240.0,244.5,236.0,236.1,119460,238.05064904203522,234.5427310393069,47.99272727074033,237.52183393012297,238.01899510512163,-0.4971611749986664,0.16392541023365353,-0.66108658523232,241.21999999999997,7.671793861452659,256.5635877229053,225.87641227709466
2024-11-19,237.0,238.0,232.0,233.0,130390,237.56963484755568,234.48223178286347,45.01305080687076,236.8261671716425,237.64721768992746,-0.8210505182849488,-0.033069775470066926,-0.7879807428148818,240.535,7.767765715475553,256.0705314309511,224.9994685690489
2024-11-20,230.2,234.0,230.0,232.5,94316,237.0868124811218,234.40449720314334,44.53280156085446,236.16060299138982,237.2659423054884,-1.105339314098586,-0.24752368319577078,-0.8578156309028153,239.45999999999998,7.278548149039468,254.0170962980789,224.90290370192105
2024-11-21,230.3,232.9,229.0,229.8,116477,236.39283034006257,234.223928685373,41.931181989570206,235.18204868502215,236.7129095421189,-1.5308608570967408,-0.5041911179759648,-1.026669739120776,238.14499999999998,6.441679660002998,251.028359320006,225.26164067999397
2024-11-24,234.3,234.3,226.6,227.0,124290,235.49827506958042,233.940637364378,39.36297158669649,233.92327196424952,235.99343476122118,-2.0701627969716583,-0.8173854537751035,-1.2527773431965548,236.815,5.796484869478774,248.40796973895755,225.22203026104245
2024-11-25,231.5,232.5,222.8,227.9,97556,234.77462982485847,233.7037496245985,40.62186570671746,232.99661473898038,235.3939210752048,-2.3973063362244034,-1.1333696302649634,-1.26393670595944,235.775,5.40456678238453,246.58413356476908,224.96586643523094
2024-11-26,232.4,233.5,227.0,233.3,77984,234.63418888915766,233.6879163059868,47.64520560968331,233.04328939452188,235.2388158103748,-2.1955264158529246,-1.3458009873825558,-0.8497254284703688,234.88999999999996,4.0629131368866185,243.0158262737732,226.76417372622672
2024-11-27,235.0,236.0,231.2,232.9,131049,234.4690280425712,233.65701762732064,47.199848226454705,233.02124487228775,235.0655701947915,-2.044325322503738,-1.4855058544067923,-0.5588194680969458,234.44,3.7304437438871685,241.90088748777433,226.97911251222567
2024-11-28,234.9,235.0,230.0,231.0,105974,234.1386444194692,233.5528208576218,45.04595797139908,232.71028412270502,234.76441684702917,-2.0541327243241483,-1.5992312283902634,-0.45490149593388485,234.19,3.787500217125798,241.7650004342516,226.6149995657484
2024-12-01,235.6,235.6,225.7,227.0,151845,233.45877352237687,233.29584749065626,40.822451845912525,231.8317788730581,234.18927485836033,-2.357495985302222,-1.7508841797726553,-0.6066118055295668,233.92000000000002,4.1012963290816336,242.12259265816328,225.71740734183675
2024-12-02,231.5,231.5,225.0,225.5,124606,232.7007950916743,232.99012798121876,39.33311942739543,230.8576590464338,233.54562486885214,-2.6879658224183345,-1.9383005083017912,-0.7496653141165432,233.39500000000004,4.475956234204869,242.34691246840978,224.4430875315903
2024-12-03,229.0,229.0,223.6,225.1,93942,231.97690984484817,232.68071119764156,38.9252906780134,229.97186534698244,232.92002302671494,-2.9481576797325033,-2.1402719425879337,-0.8078857371445696,232.65500000000003,4.566407663290647,241.78781532658132,223.52218467341874
2024-12-04,221.0,228.4,221.0,225.0,79103,231.3124422405769,232.37950683694973,38.81693159003937,229.2069629859082,232.33335465436568,-3.1263916684574724,-2.3374958877618415,-0.7888957806956309,232.10500000000002,4.79884580421404,241.7026916084281,222.50730839157194
2024-12-05,225.0,225.0,222.0,222.8,90104,230.50173345576005,232.0038399021674,36.4152048248608,228.22127637269156,231.62718023552378,-3.4059038628322185,-2.551177482775917,-0.8547263800563014,231.58499999999998,5.21902138437058,242.02304276874113,221.14695723125882
2024-12-08,220.0,224.0,218.0,218.1,162123,229.32061598378291,231.45859127855303,31.877406076040955,226.664156930739,230.62516688474426,-3.961009954005249,-2.833143977021783,-1.1278659769834656,230.82000000000002,6.00163135716944,242.8232627143389,218.81673728566113
2024-12-09,220.9,220.9,216.0,217.0,116805,228.1472239853274,230.89158769900192,30.906685105343087,225.17736355677917,229.6158952636521,-4.438531706872936,-3.154221522992014,-1.2843101838809226,229.77000000000004,6.495998768472101,242.76199753694425,216.77800246305583
2024-12-10,217.0,219.0,215.1,217.9,65972,227.1712978914867,230.38211367159008,32.71212387900232,224.05776916342853,228.74805117004826,-4.690282006619725,-3.4614336197175564,-1.2288483869021687,228.565,6.34136586648512,241.24773173297024,215.88226826702976
2024-12-11,217.9,229.2,215.0,227.0,160338,227.1549838065832,230.24948176290027,47.61679422917172,224.51042006136262,228.61856589819283,-4.108145836830204,-3.590776063140086,-0.5173697736901177,227.99,5.899054339913653,239.7881086798273,216.19189132017272
2024-12-12,231.5,231.5,221.0,221.1,108790,226.57831868214672,229.89067855651203,41.238764962847185,223.98574005192222,228.06163509091928,-4.075895038997061,-3.6877998583114815,-0.38809518068557924,227.29000000000002,5.8413138392327415,238.9726276784655,215.60737232153454
2024-12-16,220.0,222.0,217.0,218.4,114205,225.79943118860893,229.44006371115861,38.685085679872294,223.12639542854956,227.34595841751786,-4.219562988968306,-3.7941524844428467,-0.4254105045254595,226.42,5.802776105133353,238.02555221026668,214.8144477897333
2024-12-17,219.8,221.5,218.0,219.0,91821,225.15186631350332,229.03064944797595,39.580471483615874,222.49156536261887,226.7277392754795,-4.236173912860636,-3.882556770126405,-0.35361714273423095,225.565,5.555961710298817,236.67692342059763,214.45307657940236
2024-12-18,222.9,222.9,218.0,218.5,60246,224.5183552360268,228.6176828029573,39.06846685772794,221.87747838375444,226.1182771069255,-4.2407987231710536,-3.954205160735335,-0.28659356243571876,224.84,5.48024202308344,235.80048404616687,213.87951595383313
2024-12-19,218.0,220.0,216.0,216.5,65812,223.7547023564052,228.1424795557825,37.00634741097985,221.05017401702298,225.40581213604213,-4.355638119019147,-4.034491752392098,-0.3211463666270493,224.04000000000002,5.471014531144173,234.98202906228838,213.09797093771166
2024-12-22,212.2,218.0,212.2,213.0,126245,222.7304449891285,227.54865682810475,33.658224561446474,219.81168570671176,224.4868630889279,-4.675177382216134,-4.162628878356905,-0.5125485038592288,223.2,5.818753709930743,234.83750741986148,211.5624925801385
2024-12-23,211.3,216.0,211.3,214.7,72639,221.96564070444958,227.04478793288496,36.655980959204534,219.0252725210638,223.76191026752582,-4.736637746462009,-4.277430651977927,-0.45920709448408203,222.58500000000004,6.041721173377069,234.66844234675418,210.5015576532459
2024-12-24,218.0,218.9,213.6,218.9,109556,221.67367492307343,226.72538448453653,43.45419301562797,219.00599982551554,223.4017687662276,-4.39576894071206,-4.301098309724754,-0.09467063098730577,222.135,5.959625120671439,234.05425024134286,210.21574975865713
2024-12-26,222.6,236.0,215.0,225.7,272941,222.0571344542093,226.6851733282802,52.36746386492139,220.03584600620545,223.5720081168774,-3.5361621106719667,-4.148111069914196,0.6119489592422296,221.75499999999997,5.428916243499992,232.61283248699996,210.89716751299997
2024-12-29,230.2,230.2,221.0,221.0,104775,221.95645498237982,226.46222535462215,46.86838084637723,220.18417738986614,223.38148899710873,-3.1973116072425967,-3.9579511773798766,0.7606395701372799,221.16,4.753214978471904,230.6664299569438,211.6535700430562
2024-12-31,221.0,222.0,215.0,219.0,144765,221.67488784120079,226.16958906620562,44.71652297876816,220.00199625296364,223.05693425658217,-3.054938003618531,-3.7773485426276077,0.7224105390090765,220.56,4.16696279649329,228.8939255929866,212.2260744070134
2025-01-01,221.0,222.5,216.9,217.1,74573,221.2391842372769,225.81391890674658,42.710320550917764,219.55553529096923,222.61567986720573,-3.060144576236496,-3.6339077493493854,0.5737631731128894,220.065,3.943719190386451,227.9524383807729,212.1775616192271
2025-01-02,220.0,220.9,215.3,217.0,87635,220.83545240515528,225.46827502805064,42.60198583447663,219.1623760154355,222.19970358074605,-3.037327565310534,-3.5145917125416153,0.47726414723108146,219.64000000000001,3.781868098675612,227.20373619735125,212.07626380264878
2025-01-05,219.0,219.0,215.0,216.0,106701,220.3749331284738,225.09697012498984,41.46920672536083,218.67585662844542,221.74046627846857,-3.064609650023158,-3.424595300037924,0.359985650014766,219.18500000000003,3.6349581913169833,226.454916382634,211.91508361736607
2025-01-06,213.0,219.2,213.0,218.0,48724,220.1487490210001,224.81865757106868,44.63971149757957,218.57187868560766,221.4633947022857,-2.891516016678054,-3.3179794433659504,0.4264634266878966,218.83500000000004,3.3731564165507053,225.58131283310144,212.08868716689864
2025-01-07,222.3,222.3,216.5,217.6,63648,219.90601101900006,224.53557296043854,44.12490682347204,218.42235888782184,221.17721731693123,-2.7548584291093903,-3.2053552405146384,0.4504968114052481,218.575,3.2495951164789014,225.0741902329578,212.0758097670422
2025-01-08,221.9,221.9,216.0,216.3,68556,219.5625813981429,224.21260931493114,42.41296962762073,218.09584213584927,220.8159419601215,-2.720099824272239,-3.1083041572661587,0.38820433299391954,218.48499999999999,3.2881405719712675,225.06128114394252,211.90871885605745
2025-01-09,216.0,219.8,215.1,216.0,102649,219.2232879316531,223.8905462045417,42.00792964985379,217.77340488418014,220.45920551863102,-2.685800634450885,-3.0238034527031044,0.33800281825221923,218.435,3.3193650312246805,225.07373006244936,211.79626993755065
2025-01-12,216.0,216.2,213.0,213.2,55315,218.64964146197184,223.47130909848124,38.32879382209106,217.06980413276779,219.92148659132502,-2.851682458557235,-2.9893792538739303,0.1376967953166952,218.2,3.5195693516456763,225.23913870329133,211.16086129670865
2025-01-13,215.9,215.9,210.0,210.9,141204,217.91158037035547,222.97831658481533,35.57274792013159,216.12060349695736,219.25322832530097,-3.1326248283436087,-3.018028368767866,-0.1145964595757425,217.39500000000004,3.2301987880805916,223.8553975761612,210.93460242383887
2025-01-15,208.1,211.8,208.1,210.5,86540,217.20571557317874,222.4889708363912,35.10004766271997,215.25589526665624,218.60484104194532,-3.3489457752890814,-3.0842118500721094,-0.26473392521697203,216.865,3.452272325659923,223.76954465131985,209.96045534868017
2025-01-16,213.5,213.5,205.0,206.0,139566,216.13850456620935,221.84234452908174,30.23279463641417,213.83191137947836,217.67114911291233,-3.8392377334339756,-3.2352170267444826,-0.6040207066894929,216.24500000000003,4.195545883809281,224.6360917676186,207.85390823238146
2025-01-19,210.1,210.1,204.0,205.8,79863,215.15388508371322,221.21323297892167,30.03345955203676,212.59623270571245,216.79180473417807,-4.1955720284656195,-3.4272880270887103,-0.7682840013769092,215.58500000000004,4.742004350815066,225.06900870163017,206.1009912983699
2025-01-20,209.9,214.0,206.8,207.0,194243,214.37732459955006,220.65585129347377,32.89245039984759,211.73527382791053,216.0664858649797,-4.331212037069179,-3.6080728290848043,-0.7231392079843744,215.01,5.056720385054204,225.1234407701084,204.89655922989158
2025-01-21,210.0,211.0,207.0,208.5,84172,213.81757939959292,220.17915124274933,36.39136343082734,211.2375393928474,215.5060054305368,-4.268466037689393,-3.7401514708057224,-0.5283145668836706,214.60999999999999,5.2455394584844655,225.1010789169689,204.11892108303107
2025-01-22,209.0,213.6,208.3,211.6,93954,213.60638136153645,219.84271393911212,43.00518171241128,211.29330256317854,215.21667169494148,-3.9233691317629393,-3.776795002997166,-0.14657412876577336,214.54000000000002,5.277399678668676,225.09479935733737,203.98520064266268
2025-01-23,214.0,214.9,210.0,211.0,77298,213.35815456519964,219.49594084346066,42.09291996404993,211.2481790919203,214.90432564346432,-3.656146551544026,-3.7526653127065384,0.09651876116251223,214.35500000000002,5.336022074442586,225.02704414888518,203.68295585111485
2025-01-26,207.0,214.3,207.0,208.0,81668,212.84785413041874,219.04511963391317,37.777825371783294,210.74845923162485,214.39289411431884,-3.644434882693986,-3.731019226704028,0.086584344010042,213.81,5.403595294362298,224.6171905887246,203.0028094112754
2025-01-27,204.0,212.1,204.0,208.0,52532,212.3861537370455,218.61197768748522,37.777825371783294,210.32561934983642,213.91934640214708,-3.593727052310669,-3.7035607918253564,0.10983373951468733,212.925,4.765542438887034,222.4560848777741,203.39391512222593
2025-01-28,206.1,209.4,206.1,208.5,99192,212.01604385732688,218.21542954287798,38.986816377559656,210.04475483447698,213.5179133353214,-3.47315850084442,-3.6574803336291692,0.18432183278474934,212.3,4.460705632165541,221.2214112643311,203.37858873566893
2025-02-02,208.0,214.6,208.0,213.5,179177,212.15737301377195,218.03051073727494,49.54454902591125,210.5763310137882,213.51658642159387,-2.9402554078056653,-3.5140353484644686,0.5737799406588033,212.025,4.187057125047655,220.39911425009532,203.6508857499047
2025-02-03,213.5,219.9,213.5,215.5,136331,212.47571844103174,217.93127502208768,53.04462117545773,211.33381855012848,213.66350594592026,-2.3296873957917796,-3.277165757929931,0.9474783621381513,211.94500000000002,4.099354891480741,220.1437097829615,203.74629021703853
2025-02-04,218.8,219.8,213.0,213.0,134633,212.52565001807633,217.73789168788815,48.51425822978257,211.59015415780104,213.61435735733357,-2.0242031995325362,-3.0265732462504524,1.0023700467179162,211.74500000000003,3.9339915446878497,219.61298308937575,203.87701691062432
2025-02-05,213.0,215.9,210.5,213.0,71186,212.57082620683096,217.55209201385333,48.51425822978257,211.80705351813936,213.56884940493848,-1.7617958867991206,-2.773617774360186,1.0118218875610654,211.59500000000003,3.818717751176325,219.23243550235267,203.95756449764738
2025-02-06,214.9,214.9,210.1,211.8,80046,212.4974141871328,217.32651977801595,46.312350714133814,211.80596836150255,213.4378235230912,-1.6318551615886463,-2.545265251805878,0.9134100902172317,211.285,3.510626724673425,218.30625344934685,204.26374655065314
2025-02-09,211.8,213.0,209.1,211.0,74178,212.35480331216777,217.0784209631918,44.85086711377313,211.6819732289637,213.25724400286222,-1.5752707738985237,-2.351266356224407,0.7759955823258835,210.95499999999998,3.180446013076862,217.3158920261537,204.59410797384626
2025-02-10,207.0,213.0,207.0,210.2,87919,212.1495839491042,216.80867896463528,43.37672759321877,211.45397734758467,213.0307814841317,-1.5768041365470253,-2.196373912288931,0.6195697757419056,210.65,2.922958126712995,216.495916253426,204.804083746574
2025-02-11,209.0,214.0,209.0,210.0,89489,211.94486166823714,216.54167194641428,42.99625526994267,211.2302885248793,212.80627915197377,-1.5759906270944555,-2.072297255250036,0.4963066281555806,210.35,2.6390787866406105,215.62815757328121,205.07184242671877
2025-02-12,213.9,215.0,209.9,210.2,106648,211.77868436650027,216.29297892890784,43.52967765322335,211.0717825979748,212.61322143701275,-1.5414388390379656,-1.966125572007622,0.4246867329696564,210.2,2.55239825303507,215.30479650607012,205.09520349392986
2025-02-13,209.0,214.0,209.0,210.2,67551,211.62833347445263,216.05403857875461,43.52967765322335,210.93766219828635,212.43446429353034,-1.4968020952439929,-1.8722608766548963,0.3754587814109034,210.16500000000002,2.547088120722967,215.25917624144594,205.0708237585541
2025-02-16,210.0,213.0,209.6,212.0,90629,211.66373028640953,215.89505667370543,48.55456752015789,211.10109878316536,212.40228175326882,-1.3011829701034685,-1.7580452953446108,0.45686232524114234,210.24,2.579351203611126,215.39870240722226,205.08129759277776
2025-02-17,214.0,220.3,211.1,218.0,230318,212.2671845448467,215.97760347081504,61.00922040460952,212.16246820113992,212.816927549323,-0.6544593481830816,-1.5373281059123052,0.8828687577292236,210.84,2.915006545084588,216.6700130901692,205.00998690983081
2025-02-18,213.7,225.4,213.7,220.0,219012,213.00364315962324,216.13534451117525,64.12680530166202,213.36824232404146,213.3490069901139,0.019235333927554166,-1.2260154179443334,1.2452507518718876,211.55,3.323520644388342,218.1970412887767,204.90295871122333
2025-02-20,215.6,224.0,215.6,218.4,114874,213.5175819063258,216.22415453034486,59.994054188269985,214.14235888957353,213.72315462047584,0.4192042690976905,-0.8969714805359287,1.316175749633619,212.11999999999998,3.4761745459161726,219.0723490918323,205.16765090816764
2025-02-23,215.0,226.0,211.0,222.5,215378,214.37305029619955,216.47026611739017,66.0347033928033,215.42814982963912,214.37329131525541,1.0548585143837101,-0.5066054815520009,1.561463995935711,212.82,4.068052682988538,220.95610536597707,204.68389463402292
2025-02-24,225.0,226.0,220.6,222.0,178974,215.09942645846627,216.68711842651214,64.7506762246561,216.43920370200235,214.93823269931056,1.5009710026917844,-0.10509018470324388,1.6060611873950283,213.34,4.541087279958606,222.4221745599172,204.2578254400828
2025-02-25,222.0,225.9,219.0,222.1,128913,215.76614774813615,216.89938829213912,64.89768808772462,217.31009544015583,215.4687339808431,1.8413614593127363,0.2842001440999522,1.5571613152127841,213.89499999999998,4.903862602178407,223.7027252043568,204.08727479564317
2025-02-27,226.5,238.0,226.0,229.0,266254,217.02651462926602,217.37392208460426,73.20249772613218,219.10854229551646,216.47104998226212,2.6374923132543415,0.7548585779308301,1.8826337353235114,214.945,5.75037527379432,226.44575054758863,203.44424945241136
2025-03-02,233.5,234.5,229.0,233.5,330159,218.59541799790736,218.00631729697272,77.02085026018322,221.32261271159086,217.73245368727976,3.590159024311106,1.3219186672068854,2.2682403571042205,216.21999999999997,6.851092882467878,229.92218576493573,202.5178142350642
2025-03-03,235.0,237.9,229.1,229.2,250979,219.60537818858285,218.44528524611107,67.171504034842,222.53451844826918,218.58190156229608,3.9526168859731,1.8480583109601285,2.1045585750129714,217.25500000000002,7.1791712613637735,231.61334252272758,202.89665747727247
2025-03-04,224.7,233.5,224.7,226.2,208337,220.2334374087178,218.7493917070479,61.28335107767795,223.09843868699699,219.14620515027414,3.9522335367228436,2.2688933561126716,1.683340180610172,217.89000000000001,7.3881768992579175,232.66635379851584,203.1136462014842
2025-03-05,225.5,227.0,221.2,221.2,168501,220.3254909888399,218.84549399304603,52.95209322382429,222.80637119668975,219.29833810210567,3.5080330945840785,2.5167213038069534,0.9913117907771252,218.175,7.4010578902430115,232.97711578048603,203.372884219514
2025-03-06,224.0,224.9,221.0,222.0,127070,220.4849680375218,218.96920011096583,54.028948098327845,222.68231408950672,219.49846120565343,3.183852883853291,2.650147619816221,0.5337052640370699,218.625,7.343229964789402,233.3114599295788,203.9385400704212
2025-03-09,222.0,223.0,217.6,218.0,138742,220.24830441490067,218.931192263477,48.10074148753841,221.96195807573645,219.38746407930873,2.5744939964277194,2.635016895138521,-0.06052289871080152,218.875,7.225821752575376,233.32664350515074,204.42335649484926
2025-03-10,222.0,226.0,216.2,218.0,207706,220.03418018491013,218.89467491981125,48.1007414875384,221.35242606408468,219.2846889623229,2.067737101761793,2.5215609364631755,-0.45382383470138254,219.185,7.036841022713165,233.25868204542633,205.11131795457368
2025-03-11,218.1,220.0,215.4,216.0,76434,219.64997254825204,218.78115825628925,45.2233502114852,220.52897590037935,219.0413786688175,1.487597231561864,2.3147681954829133,-0.8271709639210494,219.435,6.816101293415229,233.06720258683046,205.80279741316954
2025-03-12,216.2,222.0,216.1,220.0,182469,219.68330849603757,218.82895597172887,51.475417427425526,220.44759499262867,219.1123876563125,1.3352073363161594,2.118856023649563,-0.7836486873334034,219.925,6.460232601319349,232.8454652026387,207.00453479736132
2025-03-16,224.3,224.3,215.5,217.7,74085,219.4944219726054,218.78468318852381,48.07742871100656,220.0248880706858,219.00776634843749,1.017121722248305,1.8985091633693114,-0.8813874411210063,220.31,6.054306861973453,232.41861372394692,208.20138627605309
2025-03-17,217.7,221.0,215.1,216.1,74714,219.17114368950013,218.67940149485622,45.811862127593976,219.42105913673413,218.79237624855324,0.6286828881808901,1.6445439083316273,-1.0158610201507372,220.60500000000002,5.667123562591138,231.9392471251823,209.27075287481773
2025-03-18,218.0,219.0,215.1,215.6,41724,218.83103476669058,218.5586406519207,45.09668288490168,218.83320388492888,218.5559039338456,0.277299951083279,1.3710951168819576,-1.0937951657986786,220.875,5.2592650076834975,231.393530015367,210.356469984633
2025-03-19,215.0,217.0,213.8,214.6,77883,218.4280790746248,218.40339984204147,43.62967119319548,218.181941748786,218.26287401282,-0.08093226403400422,1.0806896406987654,-1.1616219047327696,221.00500000000002,5.056572065403898,231.11814413080782,210.89185586919223
2025-03-20,212.8,215.5,211.1,211.61,102086,217.77873821037483,218.13699200509868,39.49287953491653,217.1708737874343,217.7700685303889,-0.5991947429546087,0.7447127639680906,-1.3439075069226993,220.6855,5.443508422640666,231.5725168452813,209.79848315471867
2025-03-23,209.4,212.0,207.5,207.91,94214,216.83885838081534,217.73593349509483,35.062510194190224,215.74612397398286,217.0396930836934,-1.2935691097105462,0.33705638923236325,-1.6306254989429094,220.08100000000005,6.149193271863251,232.37938654372655,207.78261345627354
2025-03-24,208.0,212.4,206.1,210.1,80644,216.19706234454722,217.4364851227382,39.3961091130743,214.87748951644704,216.52564174416057,-1.648152227713524,-0.05998533415681423,-1.58816689355671,219.666,6.536493023986411,232.73898604797282,206.59301395202718
2025-03-25,214.3,214.3,206.1,206.99,72619,215.32019926411417,217.02681903949357,35.74770954496593,213.66402959083982,215.81929791125978,-2.155268320419964,-0.4790419314094442,-1.6762263890105196,218.89049999999997,7.080033061920415,233.0505661238408,204.73043387615914
2025-03-26,206.0,209.9,206.0,209.51,97172,214.76684695324613,216.73204182225854,40.55181466134403,213.024948115326,215.35194251042572,-2.3269943950997174,-0.8486324241474988,-1.4783619709522187,218.266,7.337485873741758,232.9409717474835,203.59102825251648
2025-03-27,213.7,213.7,209.5,211.59,126571,214.464290100556,216.53039312334647,44.25661415960714,212.8041868668143,215.07328010224603,-2.2690932354317397,-1.1327245864043471,-1.1363686490273925,217.74050000000003,7.424290485327049,232.58908097065412,202.89191902934593
2025-03-30,212.0,216.8,210.0,213.58,129567,214.38007199574116,216.41469143223486,47.61992238434957,212.92354273345825,214.96266676133894,-2.039124027880689,-1.3140044746996156,-0.7251195531810735,216.9695,6.98089986282057,230.93129972564114,203.00770027435888
2025-04-01,216.8,216.8,210.2,210.87,65189,214.04577942471818,216.1972525525394,43.748771612514645,212.60761308215697,214.65950626049903,-2.0518931783420555,-1.4615822154281037,-0.5903109629139518,215.83800000000002,5.912818011920932,227.6636360238419,204.01236397615816
2025-04-02,215.0,215.0,210.1,212.39,43740,213.88808614617358,216.04794853087117,46.38160971914886,212.5741341464405,214.49139468564726,-1.917260539206751,-1.5527178801838333,-0.3645426590229177,214.9975,5.044453833040355,225.0864076660807,204.9085923339193
2025-04-03,212.0,233.0,210.1,215.61,176888,214.0520779417761,216.03077407868017,51.55459994739646,213.0411904316035,214.57425433856227,-1.5330639069587733,-1.5487870855388215,0.015723178580048236,214.468,4.308837430211461,223.0856748604229,205.85032513957708
2025-04-07,217.0,217.0,213.0,213.17,70903,213.9680705187498,215.91858685990843,47.791890091438994,213.06100728827988,214.47023549866876,-1.409228210388875,-1.5208753105088324,0.11164710011995749,214.0665,4.0124572796534475,222.09141455930688,206.0415854406931
2025-04-08,211.4,229.0,208.2,213.67,111787,213.93968285029746,215.83040698304927,48.619445268707715,213.15469847469836,214.41095879506366,-1.2562603203652998,-1.467952312480126,0.21169199211482614,213.65,3.551454853850555,220.75290970770112,206.5470902922989
2025-04-09,217.8,218.0,212.0,213.44,45896,213.89209400741197,215.73666553273364,48.24064125111096,213.19859101705248,214.33903592135525,-1.1404449043027682,-1.4024508308446546,0.26200592654188637,213.42199999999997,3.400663402769915,220.22332680553978,206.62067319446015
2025-04-10,215.0,216.6,212.8,214.03,62641,213.905227911468,215.66973747262645,49.331212263605856,213.3265000913521,214.31614437162523,-0.9896442802731258,-1.319889520730349,0.33024524045722314,213.2235,3.231011370093813,219.68552274018762,206.76147725981238
2025-04-13,213.0,216.9,210.8,211.51,109321,213.67711096751864,215.5066105129156,44.972617979222676,213.04703853883638,214.10828182557893,-1.0612432867425525,-1.2681602739327897,0.2069169871902372,212.99899999999997,3.1835794154894472,219.36615883097886,206.63184116902107
2025-04-15,215.7,215.7,211.4,212.79,69426,213.59262420870735,215.40007676731108,47.50949558927262,213.00749414824617,214.0106313199805,-1.0031371717343234,-1.2151556534930967,0.21201848175877336,212.63850000000002,2.724149843237764,218.08679968647556,207.19020031352449
2025-04-16,217.0,217.0,210.0,212.56,31308,213.49427904597331,215.28870120780869,47.089401678819414,212.93864889466983,213.90317714813008,-0.9645282534602586,-1.1650301734865292,0.20050192002627054,212.38150000000002,2.450190701491518,217.28188140298306,207.48111859701697
2025-04-17,216.0,216.7,212.1,215.19,88087,213.65577627969014,215.28483057220836,52.28497759092457,213.28501060318217,213.9984973593797,-0.7134867561975398,-1.0747214900287314,0.36123473383119165,212.33599999999996,2.3850883245240126,217.106176649048,207.56582335095192
2025-04-20,219.4,223.5,215.0,216.29,114711,213.90665472924346,215.32424898114135,54.30600307682464,213.74731666423105,214.16823829572195,-0.42092163149089856,-0.9439615183211649,0.5230398868302664,212.3705,2.4391639529693303,217.24882790593864,207.49217209406135
2025-04-21,220.0,220.0,211.0,212.76,154754,213.79744951693456,215.22369019756718,47.371706789616,213.5954217928109,214.0639243478907,-0.46850255507979455,-0.8488697256728909,0.3803671705930963,212.27849999999998,2.384739365653309,217.04797873130659,207.50902126869337
2025-04-22,213.0,213.9,209.0,211.52,87977,213.5805495629408,215.0784474447214,45.18888709704086,213.27612613237847,213.87548550730622,-0.5993593749277579,-0.7989676555238644,0.19960828059610647,212.27399999999997,2.386151713531913,217.0463034270638,207.50169657293614
2025-04-23,210.3,213.0,204.9,208.28,390865,213.0757353188512,214.81184166257546,40.00219294520765,212.5074913427818,213.4610050993576,-0.9535137565758021,-0.8298768757342521,-0.12363688084155,212.29250000000002,2.3517224930254446,216.99594498605092,207.58905501394912
2025-04-24,208.0,219.5,204.9,209.48,177721,212.73328433610348,214.60274983267055,42.62867705316094,212.0417234438923,213.1661158327385,-1.1243923888462177,-0.8887799783566452,-0.2356124104895725,212.2615,2.3859815921096352,217.03346318421927,207.48953681578075
2025-04-27,210.0,210.0,206.2,207.01,103414,212.18820963742695,214.30499493727172,38.85799290208972,211.26761214483196,212.71010725253566,-1.4424951077037065,-0.9995230042260574,-0.44297210347764904,212.2625,2.3836590073140074,217.029818014628,207.49518198537197
2025-04-28,207.0,208.0,204.0,204.99,122811,211.5026658624339,213.93970101816302,36.04960009772261,210.30182566101166,212.13824745605154,-1.8364217950398825,-1.1669027623888226,-0.6695190326510598,212.03650000000002,2.8307173630486315,217.6979347260973,206.37506527390275
2025-04-29,209.0,209.0,203.0,203.56,153364,210.74622149458304,213.53265391941153,34.167018039494906,209.2646217131637,211.50282171856622,-2.2382000054025184,-1.3811622109915618,-0.8570377944109566,211.635,3.407992926850794,218.45098585370158,204.8190141462984
2025-04-30,207.6,207.6,201.0,201.61,150280,209.8761051617656,213.06509886374835,31.73339525716102,208.08698760344623,210.77002010978353,-2.683032506337298,-1.6415362700607092,-1.041496236276589,211.0365,4.040762402005973,219.11802480401192,202.95497519598806
2025-05-04,201.0,206.0,201.0,204.1,86657,209.3259999082641,212.71352635928764,37.82346313768468,207.47360489522373,210.27594454609587,-2.802339650872142,-1.873696946222996,-0.9286427046491459,210.698,4.328747965331299,219.3554959306626,202.0405040693374
2025-05-05,205.5,205.5,201.4,203.51,49319,208.77209515509608,212.35260375696262,36.98160875471947,206.86381952672775,209.77476346860726,-2.910943941879509,-2.0811463453542984,-0.8297975965252107,210.254,4.5933870085719795,219.44077401714395,201.06722598285603
2025-05-06,204.0,204.0,202.1,202.91,93716,208.21380037842027,211.9823055704151,36.10160184730368,206.25553959953888,209.26626247093265,-3.0107228713937673,-2.2670616505621926,-0.7436612208315747,209.619,4.690797149177148,219.0005942983543,200.2374057016457
2025-05-07,201.4,214.0,201.4,209.82,143262,208.3667717709517,211.89750927353606,50.66251907818692,206.80391812268675,209.30728006567838,-2.5033619429916314,-2.3143217090480803,-0.18904023394355107,209.45149999999998,4.616547211703395,218.68459442340676,200.2184055765932
2025-05-08,214.0,214.0,206.2,207.07,102310,208.24326969752772,211.7081951843778,46.15481775428244,206.84485379611954,209.1415556163689,-2.2967018202493534,-2.310797731288335,0.014095911038981779,209.12150000000003,4.5342872416142095,218.19007448322844,200.0529255167716
2025-05-11,210.0,210.0,205.0,205.24,68493,207.95724401204887,211.45454047126495,43.388236499036914,206.59795321210115,208.85255149663786,-2.254598284536712,-2.299557841938011,0.044959557401298866,208.71149999999997,4.4937972162798365,217.69909443255963,199.7239055674403
2025-05-13,208.0,208.6,204.1,205.4,91143,207.71369696328233,211.2171075116075,43.705954939648805,206.41365271793174,208.59680694133135,-2.1831542233996117,-2.276277118230331,0.09312289483071945,208.28000000000003,4.368823760764839,217.0176475215297,199.54235247847035
2025-05-14,205.4,208.7,204.1,204.22,97565,207.3809639191602,210.9427111386033,41.84093356847939,206.07616768440377,208.27259901975125,-2.1964313353474836,-2.2603079616537616,0.063876626306278,207.91549999999998,4.389217020451769,216.6939340409035,199.13706595909645
2025-05-15,204.1,206.0,203.0,203.65,50873,207.0256340220973,210.65672246650124,40.93230388479895,205.7029111175724,207.93018427754748,-2.227273159975084,-2.253701001318026,0.02642784134294196,207.45850000000002,4.33040690320903,216.11931380641806,198.79768619358197
2025-05-18,205.0,206.0,202.1,203.62,122703,206.70128792475472,210.38077256585416,40.88198296280814,205.3824632533305,207.61091136809952,-2.2284481147690087,-2.248650424008223,0.020202309239214067,207.0115,4.236487217891787,215.4844744357836,198.53852556421643
2025-05-19,203.2,206.9,203.0,205.69,73052,206.6049747890638,210.19682070052656,45.83045752008717,205.42977659897196,207.4686216371292,-2.038845038157234,-2.206689346838025,0.1678443086807908,206.5365,3.779130051660112,214.09476010332023,198.97823989667975
2025-05-20,207.0,211.0,204.0,210.04,90424,206.9321200472482,210.19067086913338,54.45766715503915,206.13904173759167,207.65909410845296,-1.5200523708612934,-2.0693619516426787,0.5493095807813853,206.224,3.13339634128387,212.49079268256773,199.95720731743225
2025-05-21,214.2,222.0,210.0,211.01,188458,207.3204895665579,210.22280142328503,56.13530218629215,206.88841993180833,207.90730935967866,-1.0188894278703344,-1.8592674468882098,0.8403780190178753,206.13649999999998,2.9609622813489467,212.05842456269787,200.2145754373021
2025-05-22,211.0,224.4,209.1,221.84,531030,208.7033000840286,210.67837783805817,69.60001270917391,209.18866301922242,208.93936051822098,0.2493025010014378,-1.4375534573102802,1.686855958311718,206.6525,4.465489747407632,215.58347949481526,197.72152050518474
2025-05-25,222.5,223.0,215.0,216.44,262265,209.44012864745446,210.90432380519317,59.75130476540431,210.30425332395743,209.4949634427972,0.8092898811602254,-0.9881847896161791,1.7974746707764044,207.0605,4.966670466852808,216.9938409337056,197.12715906629438
2025-05-26,220.7,229.0,215.9,216.7,216810,210.1315449667445,211.13160522459737,60.04446908849989,211.2882143510409,210.02866985444183,1.2595444965990623,-0.5386389323731309,1.7981834289721932,207.4215,5.395651538628847,218.21280307725772,196.6301969227423
2025-05-27,216.0,219.0,212.4,217.17,113562,210.80187401753074,211.3684050197112,60.60310709136166,212.19310445088075,210.55765727263133,1.6354471782494215,-0.10382171024862036,1.7392688884980418,207.92950000000002,5.81672133639348,219.562942672787,196.29605732721305
2025-05-28,221.5,223.3,214.0,222.41,224249,211.90740982538495,211.80140874442841,66.26601311842188,213.76493453536065,211.43560858576976,2.3293259495908956,0.38280782171928285,1.9465181278716126,208.8005,6.6043131640173565,222.0091263280347,195.5918736719653
2025-06-02,226.8,228.0,218.1,218.79,204636,212.56289460391972,212.0754711466077,59.86415284746231,214.53802152992054,211.98037832015717,2.55764320976337,0.8177748993281003,1.7398683104352695,209.56199999999998,6.842020784902984,223.24604156980595,195.877958430194
2025-06-03,219.0,221.0,213.2,213.72,143122,212.67309511783213,212.13996247419172,52.25054895262508,214.4121720637789,212.10923918533072,2.302932878448189,1.1148064951521182,1.188126383296071,210.16750000000002,6.6339389545445275,223.43537790908908,196.89962209091095
2025-06-04,214.0,216.8,210.7,212.79,75927,212.68422891613383,212.16545414187047,50.96999551779291,214.16260713088985,212.15966591234326,2.002941218546596,1.2924334398310138,0.710507778715582,210.602,6.49882953024232,223.59965906048464,197.60434093951537
2025-06-05,212.0,214.5,210.0,211.76,96617,212.59620711459726,212.1495539794442,49.52239915373775,213.7929752645991,212.13006102994746,1.6629142346516517,1.3665295987951414,0.2963846358565103,211.0145,6.283237076371257,223.5809741527425,198.4480258472575
2025-06-08,208.0,213.0,208.0,210.85,80069,212.4299016751118,212.09859107828953,48.21940173044884,213.34020983927616,212.0352416943958,1.3049681448803483,1.3542173080121829,-0.049249163131834583,211.4115,5.988120938024942,223.38774187604986,199.43525812395012
2025-06-09,213.0,213.0,209.0,210.26,69888,212.22324437272022,212.02648946737622,47.3495346443738,212.86633140246445,211.90374230962573,0.9625890928387264,1.2758916649774918,-0.31330257213876544,211.4335,5.982771998786627,223.39904399757327,199.46795600242675
2025-06-10,211.0,214.0,210.0,211.97,97064,212.19912586103257,212.0242741941458,50.15607992668788,212.72843426362377,211.9086502866905,0.8197839769332802,1.1846701273686495,-0.3648861504353693,211.67849999999999,5.894354368465156,223.4672087369303,199.88979126306967
2025-06-11,212.1,214.0,210.0,211.15,80893,212.09920911236281,211.98998893163028,48.812380135149574,212.48559822306626,211.85245396915786,0.633144253908398,1.0743649526765993,-0.44122069876820125,211.974,5.699508196695761,223.3730163933915,200.57498360660847
2025-06-12,211.1,212.0,209.0,209.46,97029,211.84785586356637,211.8907736794095,46.07281906636492,212.02012157336375,211.67523515662765,0.3448864167361023,0.9284692454884999,-0.5835828287523975,212.177,5.522594832522313,223.22218966504462,201.13181033495536
2025-06-15,205.3,213.0,205.3,209.22,76015,211.59758387656007,211.78603745668758,45.68072236866646,211.5893336390001,211.49336588576634,0.09596775323376505,0.7619689470375529,-0.6660011938037879,212.427,5.2498722791473735,222.92674455829473,201.92725544170526
2025-06-16,210.0,212.0,208.4,210.37,102091,211.4806711264115,211.73050657603318,47.96583832216618,211.40174384838468,211.4101535979318,-0.008409749547126921,0.607893207720617,-0.6163029572677439,212.763,4.8590643457131835,222.48112869142636,203.04487130857365
2025-06-17,213.0,213.0,209.6,209.85,45438,211.3253691143723,211.6567612201103,47.00296381883528,211.16301402555627,211.29458666475168,-0.1315726391954115,0.4600000383374113,-0.5915726775328228,213.0745,4.422133891899516,221.91876778379904,204.23023221620096
2025-06-18,209.0,210.3,208.5,208.89,73998,211.09342919871779,211.54826078010598,45.19903505446122,210.81331956008606,211.11646913402933,-0.3031495739432728,0.3073701158812745,-0.6105196898245473,213.23449999999997,4.192834081092474,221.6201681621849,204.84883183781503
2025-06-19,210.0,211.0,207.0,207.47,86450,210.7483407036018,211.38832898480769,42.59495631504855,210.2989627046882,210.8463603092864,-0.547397604598217,0.1364165717853762,-0.6838141763835932,213.106,4.332931911230551,221.77186382246109,204.4401361775389
2025-06-22,206.2,208.0,204.0,204.86,168623,210.18754635087782,211.13231608344267,38.234632750085886,209.46219921165925,210.40292621230225,-0.940727000642994,-0.07901214270029785,-0.8617148579426961,212.79849999999996,4.692793214907975,222.18408642981592,203.412913570184
2025-06-23,208.9,208.9,204.0,206.26,92568,209.81349431746088,210.94124486448416,41.683108070275296,208.9695531790963,210.09604278916876,-1.1264896100724684,-0.28850763617473196,-0.8379819738977364,212.01950000000002,4.396711061451083,220.8129221229022,203.22607787709785
2025-06-24,208.0,210.7,205.8,207.41,98078,209.5845900967503,210.80276467372008,44.42780341418157,208.72962192077378,209.89707665663772,-1.1674547358639416,-0.4642970561125739,-0.7031576797513677,211.56799999999998,4.382500607979302,220.33300121595857,202.8029987840414
2025-06-25,208.0,209.9,205.5,206.2,64495,209.2622481827741,210.62226409828008,42.178425862386646,208.3404493175778,209.6232191265164,-1.2827698089386104,-0.6279916066777813,-0.6547782022608291,211.04300000000003,4.364241177183405,219.77148235436684,202.31451764563323
2025-06-26,207.0,210.0,204.9,206.87,68210,209.0344150225099,210.47511648658283,43.87297305807356,208.11422634564275,209.41927696899666,-1.3050506233539068,-0.7634034100130065,-0.5416472133409003,210.52800000000002,4.208104461380011,218.94420892276005,202.11179107723999
2025-06-29,206.8,214.0,205.1,212.92,122808,209.40447073465182,210.57099427142273,56.32102634306274,208.85357613862078,209.67858978610803,-0.8250136474872534,-0.7757254575078559,-0.049288189979397434,210.05349999999999,3.215844449955159,216.4851888999103,203.62181110008967
2025-06-30,217.1,217.1,210.7,212.38,123764,209.6878544742088,210.6419356725434,55.14542000759557,209.39610288652528,209.87869424639632,-0.4825913598710372,-0.7170986379804922,0.23450727810945504,209.733,2.549749420091073,214.83249884018215,204.63350115981785
2025-07-01,210.8,214.0,210.8,213.39,105974,210.04043976237938,210.74970290107115,56.95519426709758,210.01054859629062,210.1387909688855,-0.12824237259488314,-0.5993273849033705,0.4710850123084873,209.7165,2.5235235912868093,214.7635471825736,204.6694528174264
2025-07-02,211.6,217.9,211.6,216.84,169264,210.68801692786707,210.9885380814213,62.518322120964406,211.0612334276305,210.63517682304214,0.4260566045883536,-0.3942505870050257,0.8203071915933793,209.919,2.9152320481787477,215.7494640963575,204.0885359036425
2025-07-03,221.1,221.1,214.5,215.87,115735,211.18153912521305,211.17996796058125,60.16396645016401,211.8010436695335,211.0229415028168,0.7781021667167067,-0.15978003626067921,0.9378822029773859,210.12449999999998,3.1842829069620326,216.49306581392406,203.7559341860759
2025-07-06,216.0,218.5,214.5,215.24,85090,211.56805920852608,211.33918490330356,58.61990920280719,212.33011387422067,211.33531620631186,0.9947976679088129,0.07113550457321921,0.9236621633355937,210.344,3.3820881123932347,217.10817622478646,203.57982377521353
2025-07-07,219.5,219.5,213.6,214.6,97497,211.85681547438074,211.46706000513478,57.01898586969117,212.67932712434057,211.57714463547396,1.1021824888666174,0.2773449014318989,0.8248375874347185,210.561,3.5131076361463114,217.58721527229264,203.53478472770738
2025-07-08,212.8,215.0,211.5,213.18,41974,211.98283304824923,211.53423412258047,53.526102622655436,212.75635372059588,211.6958746624759,1.060479058119995,0.43397173276951817,0.6265073253504768,210.62150000000003,3.5488860743073567,217.71927214861475,203.5237278513853
2025-07-09,211.2,216.9,211.2,215.93,93032,212.3587537103207,211.70661709816557,58.79095462294163,213.24460699435036,212.00951357636657,1.2350934179837907,0.5941960698123727,0.640897348171418,210.8605,3.7420490798199175,218.34459815963984,203.37640184036016
2025-07-10,217.2,224.0,216.0,223.53,476523,213.4226819283854,212.1702791727473,69.1817828487423,214.8269751490657,212.86288294108016,1.9640922079855443,0.868175297447007,1.0959169105385373,211.564,4.671933444009531,220.90786688801904,202.22013311198094
2025-07-13,228.0,237.0,228.0,232.53,470356,215.24242650663442,212.96869959734548,76.68054538539262,217.55051743382484,214.31970642692607,3.2308110068987617,1.3407024393373579,1.8901085675614038,212.7295,6.5759661887650385,225.88143237753007,199.57756762246993
2025-07-14,227.9,233.0,222.0,223.7,463245,216.04790969647877,213.3895349072535,60.998459307351226,218.49659167477486,215.01454298789452,3.482048686880347,1.768971688845956,1.7130769980343912,213.39600000000002,6.986918152028786,227.3698363040576,199.42216369594243
2025-07-15,223.0,228.0,218.0,227.4,497887,217.12906115395697,213.93896491089063,64.29371425147713,219.86634680173256,215.93198424805047,3.9343625536820923,2.202049861813183,1.7323126918689091,214.2735,7.593838412956692,229.46117682591338,199.08582317408664
2025-07-16,230.0,234.9,228.1,231.02,286630,218.45200771072297,214.60880942418905,67.21253007453397,221.58229344761986,217.04961504449116,4.532678403128699,2.6681755700762864,1.8645028330524127,215.37999999999997,8.343410889027885,232.06682177805573,198.6931782219442
2025-07-17,235.0,238.6,232.0,235.78,429891,220.1022926906541,215.43905219186792,70.61413281448702,223.76655599413988,218.43705096712145,5.329505027018428,3.200441461464715,2.1290635655537127,216.7955,9.279736540610884,235.35497308122177,198.23602691877824
2025-07-20,240.0,240.0,230.0,230.46,523305,221.08874100582992,216.02810896865742,62.77526076355924,224.79631661042606,219.3276397843717,5.468676826054349,3.654088534382642,1.8145882916717069,218.0755,9.312275698463898,236.7000513969278,199.45094860307222
2025-07-21,230.5,234.0,228.0,231.21,352670,222.05267043384612,216.62347724439635,63.39223841711175,225.78303713189896,220.20781461515898,5.575222516739984,4.038315330854111,1.5369071858858732,219.323,9.317315572291985,237.95763114458398,200.68836885541603
2025-07-22,230.1,237.6,230.1,236.83,391436,223.4600351544322,217.41588990147886,67.7109374744813,227.48256988083762,221.4390876066287,6.0434822742089125,4.439348719525071,1.6041335546838411,220.794,9.653833926149469,240.10166785229896,201.48633214770106
2025-07-23,241.5,241.5,233.4,235.63,219359,224.61907942543866,218.13016872887187,65.92262312469086,228.73602066840107,222.49026630243398,6.2457543659670876,4.800629848813474,1.4451245171536131,222.26550000000003,9.55468883241105,241.37487766482212,203.15612233517794
2025-07-24,235.0,238.0,232.0,234.83,286965,225.59154805158735,218.78506407283768,64.69587597791555,229.67355595018552,223.40432065040184,6.2692352997836736,5.094350939007515,1.1748843607761588,223.66350000000003,9.223273351461463,242.11004670292294,205.2169532970771
2025-07-27,239.0,241.5,233.7,235.09,490176,226.49616252286475,219.42447332488328,64.92432779861315,230.50685503477234,224.26992652814985,6.23692850662249,5.32286645253051,0.9140620540919802,224.77200000000002,9.196318828748247,243.1646376574965,206.37936234250353
2025-07-28,239.5,239.5,230.0,236.38,316952,227.43748037783,220.08939593959374,66.09656090749003,231.41041579865353,225.1669690075462,6.2434467911073455,5.506982520245877,0.7364642708614682,225.97199999999998,9.059038289842437,244.09007657968485,207.8539234203151
2025-07-29,241.1,244.6,236.0,242.64,729789,228.88533938946526,220.9737333537273,71.13749785519742,233.13804413732223,226.4612675995798,6.676776537742427,5.740941323745187,0.9358352139972395,227.43449999999999,9.279277124181462,245.9930542483629,208.87594575163706
2025-07-30,247.0,247.0,236.0,236.58,307591,229.61816420951618,221.5857438104439,61.59054967402008,233.66757580850344,227.21080333294427,6.456772475559177,5.8841075541079855,0.5726649214511914,228.4215,9.141887559901592,246.7052751198032,210.13772488019683
2025-07-31,241.0,241.0,232.0,232.44,240464,229.88691047527655,222.01140091591668,56.055788960840836,233.47871799181058,227.59815123420765,5.880566757602935,5.883399394806975,-0.002832637204040367,229.25,8.683887075315448,246.6177741506309,211.8822258493691
2025-08-03,230.0,232.9,225.1,226.06,315905,229.5224428109645,222.17016950744937,48.780707138230056,232.3373767623013,227.48421410574784,4.853162656553451,5.677352047156271,-0.8241893906028199,229.791,8.081266120185104,245.9535322403702,213.62846775962979
2025-08-04,225.3,233.0,224.0,229.8,261907,229.54887682896788,222.46937854637292,52.65941144589779,231.94701110656263,227.65575380161835,4.291257304944281,5.400133098713873,-1.1088757937695917,230.55100000000002,7.249362875815459,245.04972575163094,216.0522742483691
2025-08-05,234.0,234.9,225.0,225.46,167156,229.15945998811378,222.5866578190642,48.106782875647234,230.9490093978607,227.49310537186884,3.455904025991856,5.01128728416947,-1.5553832581776135,231.16500000000002,6.135053296211573,243.43510659242315,218.8948934075769
2025-08-06,229.0,229.0,223.1,225.57,99510,228.81760665591247,222.70365163008128,48.22895181844224,230.12146949049753,227.35065312210077,2.7708163683967655,4.563193101014929,-1.7923767326181634,231.647,5.179367061512697,242.00573412302538,221.2882658769746
2025-08-07,230.0,230.0,224.1,225.35,122290,228.48735840296843,222.80742999752908,47.98563276122586,229.38739726119022,227.20245659453775,2.184940666652466,4.0875426141424365,-1.9026019474899707,231.738,5.043452869026654,241.8249057380533,221.6510942619467
2025-08-11,229.0,232.0,222.0,222.18,147981,227.88665760268572,222.78282489958679,44.50172675637227,228.27856691331482,226.83042277272014,1.4481441405946782,3.559662919432885,-2.1115187788382066,231.2205,5.470802380291083,242.16210476058217,220.2788952394178
2025-08-12,221.2,224.9,220.2,220.74,78271,227.20602354528708,222.70271411921084,42.97534730192521,227.11878738818947,226.37928034511123,0.7395070430782482,2.9956317441619578,-2.2561247010837095,231.07250000000005,5.719352075006644,242.51120415001333,219.63379584998677
2025-08-13,221.0,222.0,218.0,218.41,89639,226.36830701716448,222.5343723890457,40.55168206142747,225.77897394385263,225.7889632825104,-0.009989338657760527,2.394507527598014,-2.4044968662557746,230.623,6.342502494656589,243.30800498931316,217.93799501068682
2025-08-14,222.0,222.0,215.1,216.15,146232,225.39513492029167,222.28400484437725,38.29567639860042,224.29759333710606,225.07496600232446,-0.7773726652183939,1.7601314890347326,-2.5375041542531265,229.8795,7.117708438889656,244.1149168777793,215.6440831222207
2025-08-17,216.0,216.0,211.5,211.63,212474,224.0841696897877,221.86620073283305,34.19792382386831,222.34873282370512,224.07904259474486,-1.7303097710397424,1.0620432370198376,-2.79235300805958,228.67199999999997,8.051286003849212,244.7745720076984,212.56942799230154
2025-08-18,212.0,214.3,211.0,212.78,92669,223.0075821002841,221.50987913546706,36.07218427777912,220.87662008159663,223.2420764766156,-2.365456395018981,0.3765433106120739,-2.7419997056310548,227.78799999999995,8.782070610654147,245.35214122130824,210.22385877869166
2025-08-19,217.0,217.0,212.2,213.3,91515,222.08305047168562,221.18792309093897,36.94674117521276,219.71098622288946,222.5056263672367,-2.794640144347227,-0.25769338037978623,-2.536946763967441,226.89249999999998,9.311917025199469,245.5163340503989,208.26866594960106
2025-08-20,210.0,219.0,210.0,212.62,57746,221.18180756962033,220.85192610698059,36.24838477888735,218.62006526552187,221.77335774744137,-3.153292481919493,-0.8368132006877277,-2.3164792812317656,225.68199999999996,9.523290895151407,244.72858179030277,206.63541820969715
2025-08-21,215.0,215.2,210.0,212.08,165935,220.31496875346602,220.50792900474605,35.67175772145326,217.6139013785185,221.0553312476309,-3.4414298691123975,-1.3577365343726617,-2.0836933347397357,224.5045,9.683110350121044,243.8707207002421,205.13827929975793
2025-08-24,211.0,213.5,208.9,209.05,133046,219.24211458646926,220.0585984555403,32.543489199477264,216.29637808951566,220.16604745151008,-3.8696693619944256,-1.8601230998970146,-2.0095462620974107,223.21549999999996,9.948512438391587,243.11252487678314,203.31847512321679
2025-08-25,212.0,212.0,208.2,210.2,68639,218.38096081632935,219.67198675140148,34.877747044581625,215.3584737680517,219.4278217143612,-4.0693479463094775,-2.3019680691795075,-1.76737987712997,221.971,9.94169576766622,241.85439153533244,202.08760846466757
2025-08-26,210.0,212.9,209.0,209.31,92378,217.51705978620276,219.2656343297779,33.90005472713224,214.4279393421976,218.67835343922332,-4.250414097025725,-2.691657274748751,-1.5587568222769743,220.6175,9.71691789720605,240.0513357944121,201.18366420558792
2025-08-27,213.4,213.7,209.0,213.18,106943,217.10400647323107,219.02698200311994,41.570047488721414,214.23594867416722,218.27106799928086,-4.035119325113641,-2.960349684821729,-1.0747696402919118,219.14450000000002,8.337873940165819,235.82024788033166,202.46875211966838
2025-08-28,214.0,214.0,209.3,209.83,152964,216.41124395197096,218.66631604221328,37.51229110595296,213.55811041660303,217.64580370303784,-4.0876932864348134,-3.185818405144346,-0.9018748812904676,217.80700000000002,7.496903992560895,232.80080798512182,202.8131920148782
2025-08-31,214.0,214.0,207.0,207.35,131791,215.54826833749755,218.22253894251864,34.80382166012818,212.60301650635643,216.8831515768869,-4.280135070530463,-3.4046817382215693,-0.8754533323088936,216.55249999999995,7.002317567475861,230.55713513495166,202.54786486504824
2025-09-01,211.4,211.4,207.0,209.77,109662,214.9979570672597,217.89106682712574,39.40171657523453,212.16716781307082,216.35625146008044,-4.189083647009625,-3.5615621199791807,-0.627521527030444,215.738,6.782167484622115,229.30233496924424,202.17366503075576
2025-09-02,213.9,214.2,208.0,208.78,88196,214.40577067990165,217.5337700888071,38.21439488620076,211.6460650725984,215.79504764822263,-4.148982575624245,-3.6790462111081936,-0.4699363645160517,214.68699999999998,6.080772198192251,226.84854439638448,202.52545560361548
2025-09-03,208.0,211.0,207.6,209.38,101482,213.92712585324435,217.21401439904997,39.40613794622833,211.297439676814,215.31985893353948,-4.02241925672547,-3.7477208202316494,-0.274698436493821,213.88299999999998,5.627556354787396,225.13811270957478,202.62788729042518
2025-09-04,211.3,211.3,207.6,209.32,84947,213.48835196245918,216.90444520693038,39.324452873615265,210.9932181880734,214.8754249384625,-3.882206750389088,-3.7746180062631374,-0.10758874412595043,213.07049999999998,4.9881453941997975,223.04679078839956,203.0942092116004
2025-09-07,207.0,209.9,206.5,207.7,55376,212.93708034698687,216.5434865713645,37.08896660494511,210.48656923606208,214.34391198005784,-3.8573427439957584,-3.7911629538096614,-0.06617979018609699,212.18800000000002,4.2004405783946375,220.58888115678928,203.78711884321075
2025-09-08,206.0,209.0,205.1,205.25,83329,212.20497745679765,216.1006047450365,33.94604032999446,209.68094319974483,213.67028887042392,-3.9893456706790857,-3.830799497183546,-0.15854617349553957,211.3415,3.7640603426553625,218.86962068531074,203.81337931468926
2025-09-18,201.2,201.2,190.0,193.0,18981,210.3759319847217,215.19469867660368,23.309891587700122,207.11464424593794,212.13915636150364,-5.024512115565699,-4.069542020859977,-0.9549700947057218,209.9545,5.0199512211924056,219.9944024423848,199.9145975576152
2025-09-21,189.2,206.0,189.2,204.45,139811,209.81155750998627,214.77333794418786,41.69786346281238,206.7046989773321,211.56958922361449,-4.8648902462823855,-4.2286116659444595,-0.6362785803379261,209.25650000000002,4.745403621011513,218.74730724202306,199.76569275797698
2025-09-23,208.5,208.5,204.0,205.0,93227,209.35331393760663,214.39006978951383,42.412141496166115,206.4424375962041,211.08295298482824,-4.640515388624152,-4.310992410480398,-0.3295229781437543,208.69899999999998,4.543587615645388,217.78617523129077,199.6118247687092
2025-09-24,209.0,209.0,203.0,205.0,37879,208.9387126102155,214.0218317585525,42.41214149616611,206.220524119865,210.63236387484096,-4.411839754975972,-4.331161879379513,-0.080677875596459,208.3675,4.560318404164561,217.48813680832913,199.24686319167088
2025-09-25,207.5,207.5,204.4,206.0,38465,208.6588352187664,213.70725012096221,43.86239323642646,206.18659733219346,210.28922581003795,-4.10262847784449,-4.2854551990725085,0.18282672122801813,208.02849999999998,4.46607124533574,216.96064249067146,199.0963575093285
2025-09-28,206.0,208.7,205.1,208.0,35961,208.5960890074553,213.4834363907284,46.75068568764058,206.46558235800984,210.11965352781291,-3.654071169803075,-4.159178393218622,0.5051072234155471,207.76349999999996,4.290611875146904,216.34472375029378,199.18227624970615
2025-10-07,208.0,208.9,203.0,206.9,201747,208.434556721031,213.22526241462143,45.36812107316487,206.53241584139295,209.88116067390087,-3.3487448325079185,-3.9970916810764816,0.6483468485685631,207.47750000000002,4.1377706621592,215.75304132431842,199.20195867568162
2025-10-08,207.9,207.9,200.1,203.9,82328,208.0026941761709,212.85956584934218,41.742448162484735,206.12742878887096,209.4381117350934,-3.3106829462224425,-3.859809934105674,0.5491269878832314,207.0685,4.062483392677857,215.19346678535572,198.94353321464428
2025-10-09,207.9,215.0,204.3,205.0,92368,207.71672330224987,212.55134758074053,43.52463403290356,205.95397820596773,209.1093627176791,-3.155384511711361,-3.7189248496268115,0.5635403379154504,206.86599999999999,4.059452127928268,214.98490425585652,198.74709574414345
2025-10-12,205.0,205.0,198.6,200.0,141632,206.98179727346417,212.0591378716919,37.855783485735614,205.03798155889578,208.43459510896213,-3.3966135500663484,-3.6544625897147194,0.257849039648371,206.356,4.25458440050809,214.86516880101618,197.8468311989838
2025-10-13,204.0,204.0,196.2,201.0,59328,206.412102295039,211.62544619044908,39.55152596773714,204.41675362675798,207.88388436015012,-3.467130733392139,-3.6169962184502036,0.14986548505806452,205.94050000000001,4.355493174081207,214.65148634816242,197.2295136518376
2025-10-14,203.9,203.9,198.0,198.0,77389,205.6109496955115,211.0911149672942,36.34720411720851,203.4295607611029,207.15174477791678,-3.722184016813884,-3.6380337781229395,-0.08415023869094451,205.1815,4.350170323343659,213.88184064668732,196.48115935331268
2025-10-15,201.9,201.9,197.0,197.2,40769,204.80990686736754,210.54636536073363,35.520769187474926,202.47116679785628,206.41457849807108,-3.9434117002147957,-3.699109362541311,-0.24430233767348453,204.55,4.551897233137795,213.6537944662756,195.44620553372442
2025-10-16,198.0,198.0,196.0,197.5,59423,204.11372526095158,210.03474318972448,36.10745260025453,201.7063719058784,205.7542393500658,-4.047867444187403,-3.7688609788705296,-0.2790064653168738,204.0575,4.761064537087361,213.57962907417473,194.53537092582528
2025-10-19,198.0,200.0,196.0,196.9,51032,203.42670380752762,209.5196552215,35.41344093938599,200.9669300742048,205.09836976857946,-4.131439694374649,-3.8413767219713533,-0.2900629724032955,203.414,4.817742865262199,213.0494857305244,193.77851426947558
2025-10-26,200.0,200.0,195.1,196.2,36179,202.7384463020488,208.997315801049,34.57840278498193,200.23355621663484,204.4392312672032,-4.205675050568374,-3.9142363876907575,-0.2914386628776162,202.78500000000003,4.900791021006153,212.58658204201234,192.9834179579877
2025-10-28,197.1,204.0,196.0,202.0,47049,202.66811808280607,208.7229112598314,45.950585382040686,200.505316798691,204.25854746963262,-3.753230670941605,-3.882035244340927,0.1288045733993224,202.416,4.649483729121346,211.71496745824268,193.1170325417573
2025-10-29,205.7,205.7,200.0,200.0,50141,202.4140115987293,208.38083630846546,43.164248937395634,200.42757575273856,203.9430995089191,-3.515523756180528,-3.8087329467088473,0.2932091905283194,201.95,4.380368886171946,210.7107377723439,193.1892622276561
2025-10-30,203.0,204.0,198.5,202.8,65971,202.45077239885032,208.1619799826433,47.92509071363817,200.79256409847108,203.85842547122138,-3.0658613727503052,-3.660158631917139,0.5942972591668338,201.70499999999998,4.174007918686684,210.05301583737335,193.35698416262662
2025-11-02,206.8,206.8,202.0,204.3,66708,202.62688931324553,208.0105297872455,50.32564901238089,201.33216962178324,203.89113469557535,-2.558965073792109,-3.4399199202921333,0.8809548465000243,201.6575,4.136782216319728,209.93106443263946,193.38393556736054
2025-11-03,203.0,206.8,200.6,201.9,63181,202.5576617596031,207.77090116813784,46.622399116393076,201.4195281415089,203.74364323664383,-2.3241150951349425,-3.2167589552606954,0.8926438601257529,202.10250000000002,3.6003828378303377,209.3032656756607,194.90173432433934
2025-11-04,201.1,203.3,200.1,201.0,53400,202.40931302059326,207.50537563213243,45.2768914153516,201.35498535050752,203.54041040429985,-2.185425053792329,-3.0104921749670224,0.8250671211746932,201.93,3.5644590642969303,209.05891812859386,194.80108187140615
2025-11-05,201.0,221.0,201.0,204.8,102802,202.63699749482248,207.39928247008802,51.624922106542826,201.88498760427558,203.63371333731467,-1.7487257330390946,-2.7581388865814374,1.0094131535423427,201.92,3.555662644585561,209.03132528917112,194.80867471082885
2025-11-06,208.8,208.8,202.3,204.6,163366,202.8239501143632,207.28950668694733,51.28770267913972,202.3026818190024,203.70529012714323,-1.4026083081408274,-2.4870327708933155,1.0844244627524882,201.9,3.538509945100462,208.97701989020092,194.8229801097991
2025-11-09,200.6,201.0,197.2,198.2,117407,202.3835739129953,206.93305544432195,41.86387627949441,201.67150000069432,203.29749085846595,-1.625990857771626,-2.3148243882689776,0.6888335304973516,201.51,3.4923826883807156,208.49476537676142,194.52523462323856
2025-11-10,200.0,200.0,195.0,196.4,123024,201.81370973080527,206.5199944465054,39.656840585597294,200.8605000005875,202.7865656096907,-1.9260656091032047,-2.237072632435823,0.31100702333261854,200.93,3.316640659335005,207.56328131867002,194.29671868133
2025-11-11,196.2,197.0,192.5,196.0,127280,201.26002308977618,206.10744564468166,39.162740236988135,200.1127307697279,202.2838570460099,-2.1711262762819956,-2.2238833612050577,0.05275708492306208,200.38500000000002,3.176604443343568,206.73820888668715,194.0317911133129
2025-11-12,195.0,196.0,192.0,193.5,52326,200.52097327170225,205.61303601155691,36.13261136576555,199.09538757438514,201.6332009685277,-2.537813394142546,-2.2866693677925554,-0.25114402634999067,199.865,3.4133291358247693,206.69165827164954,193.03834172835047
2025-11-13,191.0,196.0,191.0,193.9,90385,199.89040438868298,205.15370126600567,36.972883825769046,198.2960971783259,201.06037126715526,-2.764274088829353,-2.382190311999915,-0.3820837768294383,199.31,3.4367824609956443,206.1835649219913,192.4364350780087
2025-11-16,193.0,194.9,191.0,191.0,58073,199.0436992088084,204.59865415753487,33.528742773920655,197.1736206893527,200.31515858069932,-3.1415378913466157,-2.534059827869255,-0.6074780634773607,198.86,3.8997165888922085,206.65943317778442,191.0605668222156
2025-11-17,191.0,192.9,190.0,190.6,75614,198.23953737939806,204.04968732782763,33.07113501417973,196.1622944294523,199.59551720435124,-3.433222774898951,-2.7138924172751944,-0.7193303576237566,198.34,4.274699127608392,206.88939825521678,189.79060174478323
2025-11-18,190.1,193.6,190.0,191.0,94623,197.55005762897918,203.53793488359912,34.04061179785535,195.36809528645963,198.95881222625115,-3.5907169397915197,-2.8892573217784596,-0.7014596180130601,197.99,4.579692014466205,207.14938402893242,188.8306159710676
2025-11-19,192.9,192.9,189.5,190.0,69714,196.83100452145734,203.00703547639915,32.76290544604991,194.54223447315815,198.2951965057881,-3.7529620326299664,-3.061998263948761,-0.6909637686812053,197.63,4.915721288831466,207.46144257766292,187.79855742233707
2025-11-20,189.3,192.5,188.8,189.0,70119,196.08519456703283,202.45773996752075,31.490014377480378,193.68958301574918,197.60666343128528,-3.9170804155361054,-3.23301469426623,-0.6840657212698753,197.20499999999998,5.281394851641438,207.76778970328286,186.6422102967171
2025-11-23,190.0,207.0,189.4,195.0,127690,195.9818427035059,202.1652795766376,45.23762035408097,193.89118562871084,197.41357725119008,-3.5223916224792333,-3.2908900799088308,-0.23150154257040256,197.11,5.304208855139917,207.71841771027985,186.50158228972018
2025-11-24,197.0,198.0,193.9,197.3,83883,196.1073814936482,201.97448429912242,49.42703088853905,194.41561860890917,197.4051641214723,-2.989545512563126,-3.2306211664396898,0.24107565387656393,197.16500000000002,5.299977656357814,207.76495531271564,186.5650446872844
2025-11-25,200.0,200.5,195.1,195.7,112405,196.06858325615792,201.7284260913137,46.74780890049594,194.61321574600007,197.2788556680299,-2.6656399220298397,-3.1176249175577198,0.4519849955278801,196.85,5.183425000599461,207.2168500011989,186.48314999880108
2025-11-26,195.5,201.9,193.6,198.0,133353,196.25252770795242,201.58221330341905,50.87048477131404,195.13425947738466,197.33227376669436,-2.198014289309697,-2.9337027919081153,0.7356885025984186,196.75,5.138553964113124,207.02710792822626,186.47289207177374
2025-11-27,200.0,213.0,198.0,202.0,213601,196.79990602148078,201.59859709544185,57.09200815421745,196.1905272500947,197.67803126545775,-1.4875040153630437,-2.644463036599101,1.1569590212360574,196.71,5.091882084052239,206.8937641681045,186.52623583189552
2025-11-30,202.0,205.0,199.0,199.0,294218,197.00943878133975,201.49669132699316,51.79436480724712,196.6227538270032,197.77595487542382,-1.1532010484206126,-2.3462106389634036,1.193009590542791,196.445,4.805969424087158,206.0569388481743,186.8330611518257
2025-12-01,197.0,202.0,196.0,198.0,87604,197.10377794502168,201.359566176915,50.1247248553948,196.8346378536181,197.7925508105776,-0.9579129569595182,-2.0685511025626266,1.1106381456031085,196.25,4.649561382821945,205.5491227656439,186.9508772343561
2025-12-02,197.0,199.3,195.4,197.0,38571,197.0938943312101,201.18860279742813,48.44299592943208,196.8600781838307,197.7338433431274,-0.8737651592967097,-1.8295939139094435,0.9558287546127338,196.05,4.51867470090835,205.0873494018167,187.0126505981833
2025-12-03,200.9,200.9,193.0,195.0,127505,196.89447582347577,200.94591249164665,45.178259206797094,196.5739123093952,197.53133642882165,-0.9574241194264346,-1.6551599550128417,0.6977358355864072,195.56,4.024190013301504,203.60838002660302,187.511619973397
2025-12-07,197.0,197.0,189.7,192.9,117825,196.51404955457332,200.6303865115821,41.979179241733604,196.00869503102672,197.18827447113117,-1.1795794401044475,-1.560043852031163,0.38046441192671554,194.975,3.4503813671745243,201.87576273434905,188.07423726565094
2025-12-08,195.0,195.0,191.0,191.1,109707,195.9984257874711,200.25664586406907,39.40363071399713,195.25351118009954,196.73729117697332,-1.4837799968737784,-1.5447910809996863,0.061011084125907944,194.62,3.4663191458736833,201.55263829174737,187.68736170825264
2025-12-09,194.0,194.0,190.3,191.2,50204,195.54143285533098,199.90148328116442,39.625247847459434,194.62989407546885,196.32712146016047,-1.6972273846916153,-1.5752783417380722,-0.12194904295354303,194.35999999999999,3.52037677409348,201.40075354818694,187.31924645181303
2025-12-10,194.9,194.9,190.3,191.0,56588,195.10891544053754,199.5524055054325,39.31555171413418,194.07144883308902,195.93251987051895,-1.861071037429923,-1.6324368808764425,-0.22863415655348063,194.10999999999999,3.5748978638333173,201.2597957276666,186.96020427233336
2025-12-11,190.5,192.9,190.0,191.2,54778,194.73663777953396,199.22486019149397,39.82205911808663,193.62968747415226,195.5819628430731,-1.952275368920823,-1.6964045784853186,-0.2558707904355044,193.995,3.6320901623399093,201.25918032467982,186.7308196753202
2025-12-14,194.0,194.0,190.5,190.8,43691,194.36171989576883,198.89447351731772,39.1188107825313,193.1943509396673,195.22774337321582,-2.033392433548528,-1.7638021494979605,-0.2695902840505673,193.83999999999997,3.701834538085997,201.24366907617195,186.436330923828
2025-12-15,190.0,193.0,190.0,192.9,67565,194.22250847712417,198.65939612448173,44.64569526236781,193.1490661797185,195.0553179381628,-1.9062517584443128,-1.792292071287231,-0.11395968715708182,193.935,3.649120297738395,201.2332405954768,186.63675940452322
2025-12-16,194.0,194.0,191.7,193.0,50559,194.10607909835045,198.43745902156087,44.90220089132085,193.12613292130027,194.90307216496558,-1.7769392436653106,-1.789221505762847,0.012282262097536467,194.055,3.5723315399857363,201.1996630799715,186.91033692002853
2025-12-17,194.9,194.9,191.6,193.0,47578,194.00073823184087,198.22422533444083,44.90220089132085,193.10672785648484,194.7621038564496,-1.6553759999647752,-1.7624524046032328,0.10707640463845758,194.155,3.5097570766137087,201.17451415322742,187.13548584677258
2025-12-18,194.9,194.9,191.2,191.8,41181,193.7911441145227,197.97229492916867,42.18186877514536,192.905692801641,194.54268875597185,-1.6369959543308426,-1.7373611145487549,0.10036516021791231,194.245,3.4195221272782037,201.0840442545564,187.4059557454436
2025-12-21,191.1,193.9,190.0,190.2,57982,193.44913038933004,197.66749904959343,38.80606405246438,192.4894323706193,194.22100810738132,-1.7315757367620108,-1.7362040389914062,0.004628302229395365,194.305,3.3320572118671343,200.96911442373428,187.64088557626573
2025-12-22,194.0,194.0,188.0,189.7,90967,193.09207035225097,197.3550481064721,37.78830809605153,192.06028892898559,193.88611861794567,-1.8258296889600842,-1.754129168985142,-0.07170051997494231,194.04,3.4812883277675444,201.00257665553508,187.0774233444649
2025-12-23,192.9,192.9,188.0,188.0,80175,192.6071112710842,196.98818347484575,34.47743450915411,191.43562909375703,193.45010983143118,-2.0144807376741483,-1.8061994827229433,-0.20828125495120497,193.575,3.640398329853198,200.85579665970639,186.2942033402936
2025-12-24,187.9,189.0,187.0,187.9,79471,192.15881495955236,196.63178412289102,34.28712870622965,190.89168615625596,193.03899058465848,-2.1473044284025207,-1.8744204718588588,-0.2728839565436618,193.185,3.8144151790140426,200.8138303580281,185.5561696419719
2025-12-28,189.0,193.0,188.6,193.0,133425,192.23892782054736,196.48936121611098,49.57421227765643,191.21604213221656,193.0361023932023,-1.8200602609857413,-1.8635484296842355,0.043488168698494256,192.935,3.6421906363584227,200.21938127271684,185.65061872728316
2025-12-29,196.0,196.0,192.0,192.0,75621,192.21617279001904,196.31330783508702,47.25298354281751,191.33665103495247,192.9593540677799,-1.6227030328274452,-1.8153793503128774,0.19267631748543224,192.435,2.953548267494395,198.3420965349888,186.5279034650112
2025-12-31,192.0,195.5,191.0,193.0,90433,192.29082300049342,196.18337419449537,49.785076275295395,191.592550875729,192.962364877574,-1.3698140018450147,-1.726266280619305,0.3564522787742903,192.135,2.525298314842327,197.18559662968465,187.08440337031533
2026-01-01,193.0,194.9,191.1,191.5,191570,192.21550652425594,195.9997124613779,46.202288090018364,191.57831227946298,192.85404155330926,-1.2757292738462809,-1.6361588792647004,0.3604296054184195,191.81,2.1158300598354836,196.04166011967098,187.57833988032903
2026-01-04,193.0,193.5,190.3,191.8,68376,192.17593447432682,195.83501785504936,47.02343419541059,191.61241808262253,192.77596440121226,-1.163546318589738,-1.541636367129708,0.3780900485399701,191.55,1.7285527868249497,195.0071055736499,188.0928944263501
2026-01-05,192.0,193.9,191.5,192.4,72599,192.19727404820046,195.7003112724984,48.70962676395217,191.73358453144982,192.74811518630764,-1.014530654857822,-1.436215224675331,0.4216845698175091,191.42000000000002,1.543270621286017,194.50654124257204,188.333458757428
2026-01-06,193.6,197.4,192.3,193.0,108737,192.27372413884802,195.59441671279257,50.409462169766876,191.92841768045753,192.76677332065523,-0.8383556401977046,-1.3166433077798056,0.47828766758210106,191.425,1.5484712325041587,194.52194246500832,188.3280575349917
2026-01-07,193.5,195.0,191.4,192.0,62613,192.24765517324343,195.45345919464384,47.579231286959654,191.93943034500253,192.709975296903,-0.7705449519004617,-1.2074236366039368,0.43687868470347513,191.47,1.551603584749897,194.5732071694998,188.3667928305002
2026-01-08,191.0,193.8,190.0,192.0,63496,192.22406896626785,195.31802942230487,47.579231286959654,191.9487487534637,192.65738453416944,-0.7086357807057482,-1.1076660654242991,0.39903028471855095,191.51000000000002,1.5545857461405788,194.61917149228117,188.40082850771887
2026-01-12,192.0,193.0,190.6,192.0,52278,192.2027290647185,195.18791062143018,47.579231286959654,191.95663356062312,192.60868938349023,-0.6520558228671121,-1.016544016912862,0.36448819404574984,191.56,1.5534003449134213,194.66680068982686,188.45319931017315
2026-01-13,188.2,211.0,188.2,192.0,82637,192.18342153474532,195.062894518629,47.579231286959654,191.96330532052727,192.56360128100948,-0.6002959604822138,-0.9332944056267324,0.3329984451445186,191.6,1.5539423548199731,194.70788470963993,188.49211529036006
2026-01-14,190.8,193.5,190.8,190.9,52883,192.06119091238864,194.8996437531926,43.92999197844981,191.7997198866,192.44037155649025,-0.6406516698902465,-0.8747658584794352,0.23411418858918875,191.60500000000002,1.5513915654894683,194.70778313097895,188.50221686902108
2026-01-18,193.0,194.5,191.0,194.5,92372,192.2934584445421,194.88397144914583,55.86153578606032,192.21514759635386,192.59293662637987,-0.3777890300260083,-0.7753704927887499,0.39758146276274164,191.685,1.6591928919296084,195.00338578385922,188.3666142161408
2026-01-20,198.0,198.0,194.1,195.8,134396,192.62741478315715,194.91989413741464,59.235020775959285,192.76666335076095,192.83049687627766,-0.06383352551671351,-0.6330630993343427,0.5692295738176292,191.825,1.8794946129207513,195.5839892258415,188.06601077415849
2026-01-21,196.0,197.0,193.0,195.0,87940,192.85337527999934,194.92303554379055,56.379319898715835,193.11025360449003,192.99120081136823,0.11905279312179573,-0.48263992084311497,0.6016927139649106,191.925,1.994960756769597,195.9149215135392,187.9350784864608
2026-01-22,198.0,198.0,192.2,196.0,65476,193.1530538247613,194.96526944403405,59.03767771286372,193.55482997303002,193.21407482534093,0.34075514768909443,-0.31796090713667313,0.6587160548257676,192.135,2.192397149960726,196.51979429992144,187.75020570007854
2026-01-25,196.7,201.0,195.1,200.9,213039,193.89085822240307,195.19800397564055,69.00525887657814,194.6848561310254,193.7834026160564,0.9014535149690062,-0.07407802271553726,0.9755315376845435,192.67000000000002,2.8899280632092146,198.44985612641844,186.8901438735816
2026-01-26,204.0,204.8,198.0,199.0,163831,194.3774431536028,195.34710185894878,62.640224942156095,195.34872441855995,194.16981723708926,1.1789071814706915,0.1765190181217085,1.002388163348983,193.13500000000002,3.12549364522046,199.38598729044094,186.8840127095591
2026-01-27,202.0,202.0,195.0,195.5,133110,194.48435332945016,195.3530978644802,52.95094741020247,195.37199758493534,194.26834929360115,1.1036482913341956,0.36194487276420595,0.7417034185699897,193.51000000000002,2.9201477972685392,199.3502955945371,187.66970440546294
2026-01-28,191.6,195.4,191.4,193.0,138773,194.342986345693,195.26081951685353,47.320486639159846,195.00707487956066,194.17439749407515,0.8326773854855105,0.4560913753084669,0.37658601017704363,193.76500000000001,2.610762139178118,198.98652427835626,188.54347572164377
2026-01-29,195.8,195.9,190.5,195.0,249119,194.4055590746746,195.25059130050636,51.74147075275224,195.00598643655132,194.23555323525477,0.7704332012965551,0.5189597405060846,0.2514734607904705,193.865,2.6182105178512525,199.10142103570251,188.6285789642975
2026-02-01,198.8,198.8,191.5,192.0,111437,194.1764582104199,195.12311713185906,45.56444731646837,194.54352698477422,194.06995669930998,0.4735702854642341,0.5098818494977145,-0.03631156403348046,193.865,2.6182105178512525,199.10142103570251,188.6285789642975
2026-02-02,189.5,194.0,189.5,192.5,121725,194.01679552371326,195.0202497933548,46.706402217087515,194.22913821788586,193.9536636104722,0.27547460741365626,0.4630004010809029,-0.18752579366724664,193.84,2.6292684593963402,199.0985369187927,188.58146308120732
2026-02-03,191.4,193.8,191.1,193.0,93989,193.91995785478818,194.94102431126245,47.883801398947014,194.0400400305188,193.88302186154834,0.15701816897046683,0.40180395465881574,-0.2447857856883489,193.91500000000002,2.579937779746995,199.07487555949402,188.75512444050602
2026-02-04,190.0,200.0,190.0,191.5,186001,193.6894856781417,194.806082181409,44.69372433994219,193.64926464120822,193.7065017236559,-0.05723708244767067,0.3099957472375185,-0.36723282968518917,193.9,2.593717105054071,199.08743421010814,188.71256578989187
2026-02-05,192.0,192.9,191.6,192.3,92817,193.55715370879486,194.70780444880472,46.73199745521646,193.4416854656377,193.6023164107925,-0.16063094515479293,0.21587040875905622,-0.37650135391384915,193.895,2.596855385795344,199.08871077159068,188.70128922840934
2026-02-08,194.0,194.0,190.1,190.3,172367,193.24694859367153,194.53494937238102,42.513661501013466,192.95834924015497,193.3577003803634,-0.399351140208438,0.0928260989655574,-0.49217723917399536,193.76,2.7133975594790667,199.18679511895812,188.33320488104187
2026-02-09,193.0,193.0,189.8,190.0,111173,192.93771539427425,194.35710822052295,41.90265711772855,192.50321858782343,193.10898183366982,-0.60576324584639,-0.046891769996832075,-0.5588714758495579,193.66,2.8165675265429844,199.29313505308596,188.02686494691403
2026-02-10,190.0,191.9,189.0,190.4,98284,192.69602821386718,194.20192750599264,43.07735002236183,192.17964649738906,192.90831651265722,-0.7286700152681647,-0.1832474190510986,-0.545422596217066,193.57999999999998,2.8880151625199124,199.3560303250398,187.80396967496017
2026-02-11,191.0,194.1,190.0,191.0,111534,192.5345017173084,194.07636172144393,44.877757849986956,191.99816242086766,192.7669597339419,-0.7687973130742307,-0.300357397855725,-0.4684399152185057,193.53,2.9252260371497134,199.38045207429943,187.67954792570058
2026-02-12,192.0,192.0,188.7,190.0,118627,192.29312060137426,193.91650439903435,42.46690960857748,191.69075281765726,192.5619997536499,-0.8712469359926445,-0.4145353054831089,-0.45671163050953556,193.43,3.0131466329364973,199.456293265873,187.403706734127
2026-02-16,193.0,193.0,188.3,189.9,87262,192.06520435362432,193.75899442260163,42.222640361497604,191.4152523841715,192.36481458671287,-0.9495622025413581,-0.5215406848947588,-0.42802151764659935,193.38,3.0651865230439483,199.5103730460879,187.2496269539121
2026-02-17,189.1,190.7,186.7,187.0,152076,191.58280393899344,193.49393581779373,35.7928464311795,190.73598278660666,191.96742091362302,-1.2314381270163608,-0.6635201733190792,-0.5679179536972816,193.00500000000002,3.3650643225255887,199.7351286450512,186.27487135494886
2026-02-22,187.0,188.0,185.5,186.0,231146,191.05110832575596,193.2000559818018,33.87707264207749,190.00737005020562,191.52538973483612,-1.5180196846305023,-0.8344200755813638,-0.6835996090491385,192.51500000000001,3.639010131456083,199.7930202629122,185.23697973708784
2026-02-23,186.0,187.0,184.5,185.0,212186,190.47481229473158,192.87848515898605,32.03078141082196,189.23700542709705,191.04202753225567,-1.8050221051586277,-1.0285404814968166,-0.7764816236618111,192.01500000000001,3.9530501215081983,199.9211002430164,184.10889975698362
2026-02-24,185.0,187.0,184.5,184.6,110756,189.91530636189998,192.55383868216308,31.29605012168041,188.52361997677443,190.56484030764415,-2.04122033086972,-1.2310764513713974,-0.8101438794983227,191.445,4.164445372814509,199.77389074562902,183.11610925437097
2026-02-25,186.0,188.0,185.0,187.9,174944,189.7233724226714,192.3713352044312,42.9273370653874,188.42767844188606,190.36744472930013,-1.9397662874140735,-1.3728144185799327,-0.5669518688341408,190.79500000000002,3.5852732407063215,197.96554648141267,183.62445351858736
2026-02-26,191.0,191.0,186.0,187.5,72485,189.51162266813125,192.18030245131627,41.99918808141471,188.2849586815959,190.15504141601863,-1.8700827344227378,-1.4722680817484937,-0.3978146526742441,190.22,3.0877687396358513,196.3955374792717,184.0444625207283
2026-03-01,191.2,191.5,184.2,191.0,98897,189.65337289021397,192.13401608067642,51.816166400413174,188.70265734596575,190.217630940758,-1.5149735947922522,-1.4808091843572455,-0.03416441043500673,189.995,2.836505448239701,195.66801089647942,184.3219891035206
2026-03-03,194.8,195.0,189.3,194.9,169998,190.15305166257457,192.24248603829696,59.950501929336816,189.65609467735564,190.56447309329445,-0.9083784159388131,-1.366323030673559,0.4579446147347459,190.09,2.9710710455816227,196.03214209116325,184.14785790883676
2026-03-09,198.7,214.3,198.7,214.3,16013,192.45276102804368,193.10748658581474,78.9696035318002,193.44746472699322,192.32266027156896,1.124804455424254,-0.8680975334539964,1.9929019888782504,191.055,6.117745972943966,203.29049194588794,178.81950805411208
2026-03-10,218.5,218.5,205.0,209.0,675786,194.02868854918236,193.73072240597887,69.28873394110516,195.84016246130196,193.55801876997128,2.282143691330674,-0.2380492884970623,2.5201929798277365,191.905,7.319007338502315,206.54301467700463,177.26698532299537
2026-03-11,209.0,211.0,205.0,206.9,276854,195.25452773497452,194.24716466456795,65.84442928735442,197.54167592879395,194.54631367589934,2.9953622528946084,0.4086330197812718,2.5867292331133367,192.625,8.052189960370569,208.72937992074114,176.52062007925886
2026-03-12,206.9,218.2,204.1,215.1,560750,197.144572712596,195.06492291301626,71.74971603902557,200.24295655513333,196.06880895916606,4.17414759596727,1.1617359350184715,3.012411660948798,193.73,9.493715372758171,212.71743074551634,174.74256925448364
2026-03-15,219.4,219.4,212.6,216.0,341669,198.94032769234877,195.8859063281921,72.31547298315611,202.6671170851128,197.54519348070932,5.1219236044034915,1.9537734688954758,3.1681501355080157,194.95499999999998,10.695423271070924,216.34584654214183,173.56415345785814
2026-03-16,220.0,220.0,210.1,210.3,172702,200.02220124545843,196.45116490355713,63.62485058119746,203.84140676432622,198.48999396361975,5.35141280070647,2.6333013352576744,2.7181114654487954,195.855,11.2054251428304,218.2658502856608,173.44414971433918
2026-03-17,211.9,213.8,206.2,213.1,169046,201.2677058887481,197.10406039753528,65.7991738126924,205.26580572366066,199.57221663298125,5.69358909067941,3.2453588863420215,2.4482302043373885,196.995,11.75676624891281,220.50853249782563,173.48146750217438
2026-03-19,213.1,226.7,213.1,223.0,812852,203.3374481850578,198.1195874407692,72.14019541373115,207.99414330463594,201.30760799350116,6.686535311134776,3.9335941713005727,2.752941139834203,198.645,12.975867276561646,224.5967345531233,172.69326544687672
2026-03-22,227.4,231.0,223.1,227.0,714388,205.59102454838563,199.25215263917042,74.21996675037956,210.9181212577689,203.2107481421307,7.707373115638177,4.688349960168094,3.019023155470083,200.475,14.268363052940648,229.01172610588128,171.9382738941187
2026-03-23,231.5,231.5,223.2,226.9,479709,207.6204507818727,200.33638194743827,74.07109544990396,213.37687183349675,204.9655075390099,8.411364294486845,5.432952827031844,2.9784114674550004,202.27,15.238804345969264,232.74760869193852,171.7923913080615
2026-03-24,231.4,231.4,223.9,228.0,386370,209.56136023121817,201.4212297142054,74.67289674253229,215.62658385911266,206.671766239824,8.954817619288661,6.137325785483208,2.8174918338054535,204.17000000000002,15.979397920282574,236.12879584056518,172.21120415943486
2026-03-25,232.5,232.5,221.4,223.8,474499,210.91742116157835,202.29882854894245,68.1673110904508,216.88403249617227,207.94052429613333,8.943508200038934,6.698562268394354,2.2449459316445806,205.865,16.182715763235723,238.23043152647145,173.49956847352857
2026-03-26,224.0,225.4,219.5,224.5,266808,212.21100009857088,203.16946272349375,68.65741886516702,218.05571980445347,209.16715212604936,8.888567678404115,7.136563350396306,1.7520043280078088,207.74,16.053837055686078,239.84767411137216,175.63232588862786
2026-03-29,225.0,226.9,215.0,215.2,354384,212.49566675584987,203.64124849904303,56.26336073502207,217.61637829607602,209.614029746342,8.002348549734023,7.30972039026385,0.6926281594701731,209.2,15.281877812418108,239.7637556248362,178.63624437516378
2026-03-30,219.5,219.5,208.3,210.0,292278,212.2579842076737,203.89061130300212,50.74712774429028,216.44462778898742,209.64262013550183,6.802007653485589,7.208177842908198,-0.4061701894226095,210.45,14.181028839522213,238.81205767904441,182.08794232095556
2026-03-31,210.0,214.0,205.1,212.0,221587,212.23341428313336,204.20862654602163,52.669210215568995,215.76083889837398,209.8172408662054,5.94359803216858,6.9552618807602755,-1.0116638485916951,211.82,12.809478398517918,237.43895679703581,186.20104320296417
2026-04-01,215.0,215.0,204.0,205.0,231352,211.5445176847397,204.2396607991188,45.915363352647425,214.10532522170107,209.46040820944944,4.644917012251625,6.493192907058546,-1.8482758948069211,212.675,11.646769373611592,235.9685387472232,189.38146125277683
2026-04-02,201.0,209.0,200.0,206.9,243068,211.10218266714546,204.34398782660435,47.86937686948403,212.9968136491317,209.2707483420828,3.7260653070488843,5.939767387056614,-2.21370208000773,213.64499999999998,10.151612524229671,233.94822504845934,193.34177495154063
2026-04-05,202.8,205.0,198.9,199.0,279967,209.94959384170303,204.13441967654146,41.2036500517326,210.84345770311143,208.5099521685952,2.3335055345162345,5.2185150165485386,-2.885009482032304,214.045,9.337331693684554,232.7196633873691,195.37033661263087
2026-04-06,202.9,208.0,198.0,207.0,192220,209.66868014249323,204.24679537550062,48.95520422349884,210.25215651801736,208.39810385981036,1.8540526582069958,4.54562254488023,-2.691569886673234,214.65,8.373862845029144,231.39772569005828,197.90227430994173
2026-04-07,209.9,209.9,203.4,206.0,133819,209.31928203368435,204.31554849803,48.10153031087061,209.59797859216854,208.22046653686147,1.3775120553070792,3.9120004469656,-2.534488391658521,214.23499999999999,8.59487454364774,231.42474908729545,197.04525091270452
2026-04-08,210.1,210.1,203.9,207.0,112380,209.09839803047632,204.4208211059504,49.058178592498365,209.19828957798876,208.13006160820507,1.0682279697836918,3.3432459515292186,-2.2750179817455267,214.135,8.670292595074393,231.47558519014876,196.79441480985122
2026-04-09,207.0,223.8,205.0,216.1,346398,209.76521726566904,204.87882812140333,56.85251742437328,210.2600911813751,208.7204274150047,1.5396637663703814,2.9825295144974513,-1.44286574812707,214.59499999999997,8.50878648036324,231.61257296072645,197.5774270392735
2026-04-10,220.0,220.0,210.7,213.7,173460,210.13995847846246,205.2247564303679,54.48477473278719,210.789307922702,209.0892846435229,1.7000232791791063,2.726028267433782,-1.0260049882546758,214.525,8.51017193221034,231.5453438644207,197.50465613557932
2026-04-13,217.9,217.9,209.0,210.7,102396,210.19329576622795,205.43947186447113,51.59233268945444,210.7755682422863,209.20859689215084,1.566971350135475,2.494216883974121,-0.9272455338386458,214.26,8.54427478367466,231.34854956734932,197.17145043265066
2026-04-15,210.0,217.5,210.0,214.4,234585,210.59393426468245,205.79086512468794,54.78076958176147,211.33317312808842,209.59314527051004,1.740027857578383,2.3433790786949733,-0.6033512211165903,214.465,8.493296117960309,231.45159223592063,197.47840776407938
2026-04-16,218.6,218.6,209.5,210.1,148361,210.54689290614127,205.95985080607275,50.60880007337308,211.1434541853056,209.63069006528707,1.5127641200185167,2.177256086959682,-0.6644919669411653,214.315,8.545006236331176,231.40501247266235,197.22498752733765
2026-04-17,208.0,213.8,205.0,210.0,200531,210.49480786746113,206.118288029364,50.512455400975206,210.96753815679705,209.65804635674726,1.3094918000497842,2.0037032295777024,-0.6942114295279183,213.66500000000002,8.34160624441322,230.34821248882645,196.9817875111736
2026-04-20,199.5,216.0,199.5,206.3,57763,210.09530235627437,206.1254139889968,46.95095877902753,210.24945536344364,209.40930218217338,0.8401531812702672,1.7709932199162153,-0.9308400386459481,212.63000000000002,7.870872351838724,228.37174470367748,196.88825529632257
2026-04-21,212.4,212.4,204.7,205.2,94876,209.62908308424824,206.08912324433027,45.91448243516181,209.47261607676,209.0975020205309,0.37511405622910843,1.491817387178794,-1.1167033309496857,211.545,7.273200627537597,226.09140125507517,196.9985987449248
2026-04-22,201.1,207.0,199.1,205.6,392128,209.2453608857484,206.06994194063105,46.37804627551306,208.87682898802768,208.83842779678787,0.03840119123981367,1.201134147990998,-1.1627329567511844,210.425,6.260055069540268,222.94511013908055,197.90488986091947
2026-04-23,207.7,207.7,201.1,201.9,51304,208.54580270615332,205.90641480570434,42.72978691619424,207.80347068217728,208.32447018221097,-0.520999500033696,0.8567074183860593,-1.3777069184197552,209.32999999999998,5.686465926815621,220.7029318536312,197.95706814636875
2026-04-24,210.0,210.0,200.0,203.5,70685,208.06525006747205,205.8120455976375,44.75364397343667,207.14139826953462,207.96710202056573,-0.8257037510311136,0.5202251845026248,-1.3459289355337383,208.27999999999997,4.566422070539369,217.41284414107872,199.14715585892122
2026-04-27,212.0,212.0,202.0,204.8,180104,207.75427387056993,205.77235753498505,46.41069993038551,206.7811831511447,207.7325018708942,-0.9513187197495085,0.22591640365219814,-1.1772351234017067,207.76,4.322572333569537,216.40514466713907,199.1148553328609
2026-04-28,204.8,205.9,200.1,201.8,99881,207.1872001686109,205.61657880812288,43.19117949199364,206.01484728173781,207.293057287865,-1.278210006127182,-0.07490887830367787,-1.203301127823504,207.35,4.484769547560988,216.31953909512197,198.38046090487802
2026-04-29,201.8,206.0,198.1,199.1,86139,206.41699062874318,205.36102669800042,40.47013927859188,204.95102462300892,206.68616415543056,-1.7351395324216412,-0.40695500912727056,-1.3281845232943708,206.705,4.703131655441381,216.11126331088278,197.29873668911725
2026-04-30,198.0,200.0,197.0,198.0,89697,205.61537247362477,205.07235898435334,39.381593286800026,203.88163621946907,206.04274458836161,-2.161108368892542,-0.7577856810803248,-1.4033226878122171,206.35500000000002,5.081905465264832,216.5188109305297,196.19118906947034
2026-05-04,196.0,202.0,195.0,196.0,96978,204.69962271423194,204.71658020065323,37.41127414138912,202.66907680108923,205.2988375818163,-2.6297607807270538,-1.1321807010096707,-1.497580079717383,205.81,5.580407455411749,216.9708149108235,194.6491850891765
2026-05-05,193.9,198.8,193.9,196.7,65244,203.93775388430507,204.40220450650997,38.56972726751887,201.75075729322936,204.66188664982988,-2.911129356600526,-1.4879704321278417,-1.423158924472684,205.695,5.749276842396821,217.19355368479364,194.19644631520634
2026-05-06,206.5,206.5,195.0,197.0,58096,203.27701541913316,204.11192197684292,39.090056766652346,201.01987155580946,204.09433949058322,-3.0744679347737645,-1.8052699326570263,-1.2691980021167382,205.195,6.056442850386207,217.3078857007724,193.08211429922758
2026-05-07,196.0,199.9,195.0,198.0,66306,202.77444252207286,203.87223876206477,40.88743403566273,200.55527593183876,203.6429069357252,-3.087631003886429,-2.061742146902907,-1.025888856983522,204.795,6.261198388739351,217.31739677747868,192.2726032225213
2026-05-08,201.0,201.0,197.5,199.7,42397,202.48163847235165,203.7086215557093,43.91723481879316,200.42369501924819,203.3508397553011,-2.9271447360529237,-2.2348226647329104,-0.6923220713200133,204.43,6.338196655366551,217.1063933107331,191.75360668926692
2026-05-11,201.0,203.5,199.1,203.1,87339,202.54053004641338,203.68475404372072,49.492954196898594,200.83543424705616,203.3322590326862,-2.4968247856300536,-2.2872230889123393,-0.20960169671771434,203.78,5.714303383430863,215.20860676686172,192.35139323313828
2026-05-12,209.1,209.1,200.0,202.0,119173,202.48905099437403,203.61868525769245,47.83594728688141,201.0145982090475,203.23357317841317,-2.218974969365661,-2.2735734650030035,0.05459849563734265,203.195,5.2230738076342424,213.64114761526847,192.74885238473152
2026-05-13,212.1,212.1,196.1,199.1,89359,202.16628423300506,203.44148191425353,43.68363762326544,200.7200446384248,202.92738257260478,-2.207337934179975,-2.260326358838398,0.05298842465842313,202.61499999999998,4.984425744255304,212.5838514885106,192.64614851148937
2026-05-14,198.0,198.9,196.1,197.7,101514,201.7409238298617,203.2163257607534,41.79738777859304,200.25542238635947,202.54016904870812,-2.2847466623486525,-2.265210419540449,-0.01953624280820332,201.78000000000003,4.251142261358834,210.2822845227177,193.27771547728236
2026-05-15,195.1,200.0,195.1,198.0,88322,201.3846453698749,203.01176396621403,42.37162939583004,199.90843432691955,202.2038602302853,-2.2954259033657536,-2.27125351630551,-0.024172387060243494,201.175,3.8465124326761684,208.86802486535234,193.48197513464768
2026-05-18,207.9,207.9,196.0,196.9,130431,200.95753628702968,202.77208694793114,40.78277156851,199.44559827662425,201.81098169470863,-2.3653834180843774,-2.2900794966612836,-0.07530392142309372,200.51999999999998,3.347677906910506,207.215355813821,193.82464418617897
2026-05-19,197.0,198.5,196.5,196.5,40231,200.5330090215983,202.52612275389464,40.192560249970036,198.99242931098973,201.4175756432487,-2.4251463322589757,-2.317092863780822,-0.10805346847815356,200.03,3.169608974720281,206.36921794944055,193.69078205055945
2026-05-20,199.7,199.7,196.6,198.5,58893,200.3393891147794,202.36823558707525,44.51622014622459,198.91667095545287,201.201458928934,-2.284787973481116,-2.310631885720881,0.02584391223976512,199.695,2.9401888589530514,205.5753777179061,193.8146222820939
2026-05-21,197.6,200.5,192.5,195.5,387677,199.87849491337184,202.09889301503307,39.86118983190485,198.39102926999857,200.77912863790186,-2.388099367903294,-2.3261253821573638,-0.06197398574593027,199.19,2.7326293487940725,204.65525869758815,193.72474130241184
2026-05-22,195.5,198.0,194.0,198.0,92849,199.69959063590787,201.93815211248275,45.02068265272535,198.330870920768,200.57326725731653,-2.2423963365485235,-2.3093795730355957,0.06698323648707216,198.99499999999998,2.667440129056561,204.3298802581131,193.66011974188686
2026-05-25,199.0,202.0,198.0,201.8,140625,199.89962962296426,201.93273438258146,51.79099384025203,198.86458308680372,200.66413634936714,-1.7995532625634212,-2.207414310941161,0.4078610483777396,198.91,2.5403895266994905,203.99077905339897,193.82922094660103
2026-05-26,200.1,201.6,199.0,200.7,77904,199.97585537315814,201.88439185777435,49.87630871207621,199.14695491960313,200.66679291608068,-1.5198379964775484,-2.0698990480484385,0.5500610515708901,198.70499999999998,2.1799263628307464,203.06485272566147,194.3451472743385
2026-05-27,210.0,210.0,198.6,200.6,132132,200.03529771857166,201.83402354962635,49.69643803093297,199.37050031658725,200.6618452926673,-1.2913449760800404,-1.9141882336547589,0.6228432575747185,198.645,2.1055003155885395,202.8560006311771,194.43399936882292
2026-06-01,200.0,202.8,197.8,197.8,112367,199.82241222156483,201.67582654768023,44.82224833680019,199.12888488326615,200.4498567524697,-1.3209718692035608,-1.7955449607645193,0.4745730915609585,198.57999999999998,2.110774365262358,202.8015487305247,194.35845126947527
2026-06-02,197.8,199.9,197.0,198.9,68421,199.73456343855867,201.56697060463395,47.0206309670485,199.09367182430213,200.33505254858306,-1.2413807242809298,-1.6847121134678016,0.44333138918687176,198.625,2.10734929535368,202.83969859070737,194.41030140929263
2026-06-03,199.0,200.0,196.6,199.7,115358,199.73127168250548,201.49375607111892,48.623814077110715,199.1869530821018,200.2880116190584,-1.1010585369566002,-1.5679813981655615,0.4669228612089613,198.81,2.025599326514256,202.8611986530285,194.7588013469715
2026-06-04,197.9,199.9,197.9,198.0,29227,199.566388665124,201.35674602911425,45.47469040925979,199.00434491562459,200.11852927690592,-1.1141843612813318,-1.4772219907887156,0.36303762950738383,198.875,1.9745419188940347,202.82408383778807,194.92591616221193
2026-06-05,207.9,207.9,197.0,197.3,46402,199.3505421255884,201.19765794954117,44.205147625899,198.7421380055285,199.90974933046846,-1.167611324939969,-1.4152998576189664,0.24768853267899726,198.89000000000001,1.9606389935819255,202.81127798716386,194.96872201283617
2026-06-08,199.0,199.0,196.0,196.7,73750,199.098109542199,201.02127920642192,43.09459713386593,198.42796292775486,199.67199012080414,-1.244027193049277,-1.3810453247050287,0.13701813165575172,198.825,2.0125592505161594,202.8501185010323,194.79988149896766
2026-06-09,198.0,198.0,195.3,196.1,102629,198.8125753000848,200.82828786499363,41.959379307723545,198.06981478502334,199.40739826000382,-1.3375834749804767,-1.3723529547601185,0.03476947977964184,198.645,2.0896927500160802,202.82438550003218,194.46561449996784
2026-06-10,188.0,197.5,188.0,196.0,81587,198.544710985791,200.63894324283703,41.76192332285084,197.7513817411736,199.1549983888924,-1.4036166477188203,-1.378605693351859,-0.025010954366961435,198.29000000000002,1.8862103471459253,202.06242069429186,194.51757930570818
2026-06-11,198.0,198.0,194.8,196.7,50490,198.36902422523946,200.48447488037283,43.75714577005983,197.58963070406995,198.97314665638186,-1.3835159523119103,-1.3795877451438692,-0.003928207168041098,198.025,1.7007351351683724,201.42647027033675,194.62352972966326
2026-06-12,186.9,196.8,186.9,195.0,87687,198.04816477521666,200.26939743408371,40.15881751178071,197.19122598036688,198.67883949664986,-1.4876135162829769,-1.401192899371691,-0.086420616911286,197.82,1.8080521650591708,201.43610433011833,194.20389566988166
2026-06-15,194.2,198.0,194.0,194.9,64357,197.74833955852938,200.05883282882556,39.95069841533029,196.83872967569505,198.39892545986098,-1.560195784165927,-1.4329934763305383,-0.12720230783538877,197.68,1.922607878020841,201.5252157560417,193.83478424395832
2026-06-16,194.9,196.0,194.1,195.4,65057,197.52468817200278,199.87613350220494,41.580897276017446,196.61738664866505,198.1767828332046,-1.5593961845395654,-1.4582740179723437,-0.10112216656722173,197.55,1.9866660779455108,201.52333215589104,193.57666784410898
2026-06-17,205.1,205.1,194.0,195.5,98933,197.33186072705013,199.7045204236871,41.920499228423274,196.4454810104089,197.9785026233376,-1.5330216129286782,-1.4732235369636109,-0.059798075965067365,197.48000000000002,2.034854191076997,201.54970838215402,193.410291617846
