Date,Open,High,Low,Close,Volume,EMA20,EMA50,RSI,EMA12,EMA26,MACD,MACD_Signal,MACD_Hist,BB_Middle,BB_Std,BB_Upper,BB_Lower
2024-01-08,284.5,312.94,284.5,312.94,30866,312.94,312.94,,312.94,312.94,0.0,0.0,0.0,,,,
2024-01-09,319.19,344.22,319.19,344.22,10699,315.9190476190476,314.1666666666667,100.0,317.7523076923077,315.25703703703704,2.4952706552706445,0.49905413105412894,1.9962165242165155,,,,
2024-01-10,351.03,378.63,351.03,378.63,17004,321.89151927437644,316.6946405228759,100.0,327.1181065088757,319.95133058984914,7.166775919026577,1.8325984886486189,5.334177430377958,,,,
2024-01-11,386.18,416.45,386.18,416.45,37445,330.89708886729295,320.6066154043317,100.0,340.86147473827947,327.0993801757862,13.762094562493246,4.218497703417545,9.543596859075702,,,,
2024-01-14,424.73,458.04,424.73,458.04,45684,343.0059375465984,325.9961598982795,100.0,358.88894016315953,336.7986853479502,22.090254815209335,7.792849125775903,14.297405689433432,,,,
2024-01-16,467.15,503.77,467.15,503.77,70340,358.31680063739856,332.9676830395234,100.0,381.1783339842119,349.16693087773166,32.01140310648026,12.636559921916774,19.374843184563485,,,,
2024-01-17,513.8,554.1,513.8,554.1,1093487,376.96281962431294,341.639538606601,100.0,407.7816672174101,364.3471582201219,43.43450899728816,18.796149736991055,24.638359260297108,,,,
2024-01-18,565.15,608.67,513.43,600.85,3044702,398.2854082315212,351.80465473967547,100.0,437.48448764550085,381.8658872408536,55.618600404647225,26.16063987052229,29.457960534124936,,,,
2024-01-21,612.81,652.37,610.05,626.61,827738,420.0306074475668,362.5813349459627,100.0,466.5807203154238,399.9950807785682,66.58563953685558,34.24563980378895,32.339999733066634,,,,
2024-01-22,614.1,621.09,589.8,594.41,1196355,436.63816864303664,371.6726551441602,93.37751148134582,486.24676334382013,414.39618590608166,71.85057743773848,41.76662733057886,30.083950107159623,,,,
2024-01-23,593.49,626.61,584.28,607.2,841022,452.882152581795,380.90902160909513,93.55994725164048,504.85495359861704,428.67794991303856,76.17700368557848,48.64870260157878,27.5283010839997,,,,
2024-01-24,607.29,620.17,602.69,604.53,379833,467.3248047168622,389.6784717420718,92.98407947606312,520.1895761219067,441.7040276972579,78.48554842464881,54.616071766192796,23.869476658456016,,,,
2024-01-25,604.53,608.21,593.58,595.14,439859,479.49768045811345,397.735786575716,90.86585233868271,531.7204105646904,453.0696552752388,78.65075528945158,59.42300847084456,19.227746818607024,,,,
2024-01-28,598.09,606.92,584.38,593.49,521843,490.3540918430551,405.41242239627616,90.47582100354204,541.2234243239689,463.4711622918878,77.75226203208103,63.088859183091856,14.663402848989179,,,,
2024-01-29,593.49,629.37,593.49,615.57,900511,502.2794164294308,413.65389602779476,91.03065051059164,552.6613590433583,474.7377428628591,77.92361618049921,66.05581058257333,11.86780559792588,,,,
2024-01-30,627.81,663.42,621.83,652.93,1070172,516.6270910551992,423.0372726541558,91.89138850782142,568.0873038059185,487.9371693174621,80.15013448845639,68.87467536374994,11.275459124706444,,,,
2024-01-31,665.26,669.86,642.25,657.53,889868,530.0464157166089,432.2330658834046,91.99327128858116,581.8477186050079,500.4996012198723,81.3481173851356,71.36936376802709,9.97875361710851,,,,
2024-02-01,662.5,664.43,639.49,639.58,769799,540.4781856483604,440.3643182017025,87.37950913043724,590.7296080503913,510.80185298136325,79.92775506902808,73.08104202822729,6.846713040800793,,,,
2024-02-04,639.58,644.09,625.69,633.14,486325,549.3031203485166,447.92414886045924,85.71847080722473,597.2542837349465,519.8639379457068,77.39034578923975,73.94290278042979,3.4474430088099552,,,,
2024-02-05,634.89,644.09,630.38,630.75,269982,557.0599660296102,455.0937900816177,85.07214107889011,602.4074708526471,528.0777203200988,74.32975053254825,74.02027233085349,0.30947820169475904,550.994,108.78577879193779,768.5655575838756,333.42244241612445
2024-02-06,630.75,651.45,630.75,648.6,481428,565.7780645029807,462.6822689019465,85.92569632791894,609.5140137983936,537.0052965926841,72.50871720570956,73.7179613058247,-1.2092441001151428,567.7769999999999,95.16644981018094,758.1098996203618,377.44410037963803
2024-02-07,644.09,656.97,639.68,640.5,354258,572.8944393122206,469.6555132587329,83.58998145544933,614.2810885986407,544.6715709191519,69.60951767948882,72.89627258055754,-3.2867549010687185,582.591,80.4586264322753,743.5082528645506,421.6737471354494
2024-02-08,642.25,652.37,633.05,633.97,273200,578.7111593777234,476.0992186211356,81.66275114064926,617.3101518911576,551.2862693695852,66.02388252157243,71.52179456876053,-5.497912047188095,595.358,65.20332858794386,725.7646571758877,464.9513428241122
2024-02-11,646.58,672.62,635.81,639.4,887170,584.4910489607975,482.5031708320715,82.03369609054748,620.7085900617487,557.8132123792456,62.89537768250318,69.79651119150905,-6.901133509005874,606.5055,50.37976687384697,707.2650337476939,505.74596625230606
2024-02-12,646.85,647.77,634.89,636.82,331525,589.4747585835786,488.5548111915981,81.19326932965035,623.1872685137874,563.66556701782,59.52170149596748,67.74154925240074,-8.219847756433268,615.4445,36.63701543162125,688.7185308632424,542.1704691367574
2024-02-13,636.82,636.82,618.33,618.33,478560,592.222876813714,493.6440342821237,75.24377496151234,622.4399964347432,567.7147842757593,54.725212158983936,65.13828183371739,-10.41306967473345,621.1725,25.53024993693006,672.2329998738601,570.11200012614
2024-02-14,625.69,625.69,613.27,614.74,256176,594.3673647362174,498.39289568282476,74.1083217889859,621.2553815986289,571.198133588666,50.057248009962905,62.122075068966495,-12.06482705900359,624.2045,20.187119258264197,664.5787385165285,583.8302614834716
2024-02-15,616.49,620.17,602.5,603.33,345592,595.2209490470539,502.5080762442827,70.46858417063365,618.4976305834552,573.5782718413574,44.91935874209787,58.681531803592776,-13.762173061494906,624.3285,20.043217063714366,664.4149341274288,584.2420658725712
2024-02-18,602.69,612.81,588.98,593.58,632757,595.0646681854297,506.07952423470294,67.42136095610456,614.6641489552314,575.0598813345902,39.60426762064128,54.86607896700248,-15.261811346361199,622.6769999999999,21.174210256819798,665.0254205136395,580.3285794863604
2024-02-20,594.26,624.4,593.3,622.01,493093,597.6308902630078,510.62581740196947,71.31630123173126,615.7942798851958,578.5376679023983,37.256611982797494,51.344185570161486,-14.087573587363991,624.057,20.107513678120476,664.272027356241,583.841972643759
2024-02-21,622.01,634.35,605.84,605.93,173537,598.4212816665308,514.3632363273824,66.47543667405095,614.2766983643965,580.5667295392576,33.709968825138844,47.81734222115696,-14.107373396018119,623.9935,20.165472125706465,664.324444251413,583.6625557485871
2024-02-22,605.93,610.43,591.0,597.13,237439,598.2983024601946,517.6089917655243,63.91837525757095,611.6387447698739,581.7936384622756,29.84510630759837,44.222895038445245,-14.377788730846873,623.6235,20.604497279912156,664.8324945598243,582.4145054401757
2024-02-25,597.13,604.78,581.34,581.44,179714,596.6927498449379,520.1121685590331,59.52211617740076,606.9927840360472,581.7674430206255,25.22534101542169,40.42338423384054,-15.198043218418846,622.9385,21.794632674607417,666.5277653492149,579.3492346507851
2024-02-26,578.85,590.24,578.85,589.47,126929,596.0048689073247,522.8320835175024,61.00052188879055,604.2969711074245,582.3380027968755,21.95896831054904,36.73050104918224,-14.771532738633198,622.7375,22.096954511520885,666.9314090230417,578.5435909769582
2024-02-27,589.47,593.3,579.9,583.73,104494,594.8358337732939,525.2202371050513,59.33232155294887,601.1328217062822,582.4411137008107,18.691708005471583,33.122742440440106,-14.431034434968524,621.1455,23.727349636853386,668.6001992737067,573.6908007262932
2024-02-28,582.78,593.3,582.78,588.52,131080,594.2343257948849,527.7025807479905,60.307822911077764,599.1923875976235,582.8914015748247,16.300986022798725,29.75839115691183,-13.457405134113106,617.925,23.55675308249181,665.0385061649836,570.8114938350163
2024-02-29,588.52,593.3,578.85,579.33,131730,592.814866195372,529.7271854245399,57.46002611080841,596.1366356595275,582.6275940507636,13.509041608763937,26.508521247282253,-12.999479638518316,614.0150000000001,23.122952484035466,660.260904968071,567.7690950319292
2024-03-03,579.33,586.6,569.57,569.95,138436,590.6372598910509,531.304550702009,54.62474093325975,592.1079224811386,581.6885130099663,10.419409471172344,23.290698892060274,-12.87128942088793,610.5335,24.283940821911923,659.1013816438239,561.9656183561762
2024-03-04,581.34,623.92,581.34,595.22,46976,591.0737113299984,533.8110389097734,60.307124862005104,592.5867036378866,582.6908453795984,9.895858258288172,20.611730765305854,-10.715872507017682,608.6375,23.903356926767348,656.4442138535347,560.8307861464654
2024-03-05,602.87,606.6,583.73,587.08,206392,590.6933578699986,535.9000177760568,57.79630599276804,591.739518462827,583.0159679440726,8.72355051875445,18.234094715995575,-9.510544197241124,606.454,23.771332447210558,653.9966648944211,558.9113351055788
2024-03-06,586.6,603.83,581.91,597.99,209585,591.388276168094,538.3349190397408,60.18872828050872,592.7011310070075,584.1251555037709,8.575975503236577,16.302470873443774,-7.726495370207196,603.9235000000001,21.647576812246722,647.2186536244935,560.6283463755067
2024-03-07,602.87,606.7,594.26,597.13,104209,591.9351070092279,540.6406084891628,59.900473833588414,593.3824954674678,585.0884773183063,8.294018149161502,14.70078032858732,-6.406762179425819,601.755,19.89180934322933,641.5386186864587,561.9713813135413
2024-03-10,597.13,602.87,591.39,593.3,114706,592.0650968178729,542.7056826660584,58.55550086818608,593.3698038570882,585.696738257691,7.673065599397205,13.2952373827493,-5.622171783352094,599.7215,18.451894575383587,636.6252891507671,562.8177108492329
2024-03-12,605.17,608.13,593.3,607.66,249989,593.5503256923612,545.2529107968012,62.00059027232465,595.5682955713822,587.323646534899,8.244649036483224,12.285119713496085,-4.040470677012861,598.1345,16.070962528080432,630.2764250561609,565.9925749438391
2024-03-13,619.81,622.01,603.92,614.35,319600,595.5312470549934,547.9626005694757,63.52191523288714,598.4577885604003,589.325598643425,9.132189916975335,11.654533754191936,-2.522343837216601,597.0110000000001,13.857109860437301,624.7252197208746,569.2967802791255
2024-03-14,611.1,616.27,600.96,603.35,155008,596.275890192613,550.1346554491041,59.31683432462898,599.2104364741849,590.3644431883565,8.8459932858284,11.092825660519228,-2.246832374690829,596.262,13.02393246458701,622.309864929174,570.2141350708259
2024-03-17,602.87,607.66,592.34,593.78,162925,596.0381863647451,551.8462375883549,55.85266877848144,598.3749847089257,590.6174473966264,7.757537312299291,10.42576799087524,-2.6682306785759486,595.214,12.280903618391804,619.7758072367836,570.6521927632165
2024-03-18,594.26,603.06,591.39,594.26,89790,595.8688352823884,553.5095223888115,55.991494926024764,597.7419101383217,590.8872661079873,6.854644030334384,9.71154319876707,-2.856899168432685,594.7605000000001,12.131990540455535,619.0244810809112,570.496518919089
2024-03-19,594.26,602.78,588.52,591.39,138176,595.4422795412086,554.9950313147406,54.88025388735284,596.7646931939645,590.9245056555437,5.840187538420764,8.937272066697808,-3.097084528277044,594.6510000000001,12.153071043546651,618.9571420870934,570.3448579129067
2024-03-20,591.39,600.0,582.78,587.66,120125,594.7011100610935,556.2760104788683,53.397002692354356,595.3639711641238,590.6826904217997,4.68128074232402,8.086073801823051,-3.404793059499031,592.9335,10.381178959008755,613.6958579180175,572.1711420819825
2024-03-21,587.66,591.39,578.95,580.38,157312,593.3371948171798,557.2212649698931,50.52670586550944,593.0587448311817,589.919528168333,3.1392166628486393,7.096702374028169,-3.9574857111795296,591.6560000000001,10.269140998259028,612.1942819965182,571.117718003482
2024-03-25,580.86,587.37,576.08,582.68,103522,592.3222238822103,558.2196467357797,51.41527418971246,591.4620148571537,589.3832668225306,2.0787480346231177,6.093111506147159,-4.0143634715240415,590.9335000000001,10.371554354910437,611.6766087098209,570.1903912901793
2024-03-26,579.9,586.99,579.9,581.82,104199,591.3220120839046,559.145150785357,51.04609448545015,589.9786279560531,588.8230248356764,1.155603120376668,5.105609828993061,-3.9500067086163932,590.9525000000001,10.35358004445137,611.6596600889028,570.2453399110974
2024-03-27,581.82,585.36,571.29,576.08,117823,589.8703918854376,559.8092625192646,48.540844250736825,587.8403775012757,587.8790970700707,-0.03871956879493155,4.076743949435463,-4.115463518230395,590.283,10.874316965846814,612.0316339316936,568.5343660683064
2024-03-28,576.08,583.73,575.12,578.09,65655,588.7484498011103,560.5261541851758,49.475939152902896,586.3403194241564,587.1539787685839,-0.8136593444274922,3.098663290662872,-3.9123226350903644,590.001,11.12347347303363,612.2479469460673,567.7540530539327
2024-03-31,577.99,580.86,572.73,575.02,103662,587.4409783914807,561.094540295561,48.04004174947872,584.59873182044,586.2551655264666,-1.6564337060266325,2.1476438913249716,-3.804077597351604,589.3259999999999,11.616743995313467,612.5594879906268,566.092512009373
2024-04-01,574.16,577.03,570.43,571.1,83177,585.8846947351492,561.4869112643626,46.196427198737915,582.5220038480646,585.1325606726543,-2.6105568245897075,1.196003748142036,-3.8065605727317435,588.9145,12.124152699641757,613.1628053992835,564.6661946007165
2024-04-02,582.49,582.49,569.47,569.57,64412,584.3309142841827,561.8038951363484,45.463070003586694,580.5293878714393,583.9797784006058,-3.450390529166498,0.2667248926803292,-3.717115421846827,588.8955,12.155693262180915,613.2068865243618,564.5841134756381
2024-04-03,559.81,582.78,559.81,569.38,73550,582.9070176856891,562.1009972878642,45.36675548842362,578.8140974296794,582.8983133338943,-4.084215904214943,-0.6034632666987253,-3.480752637516218,587.6034999999999,12.804043060074067,613.2115861201481,561.9954138798518
2024-04-04,569.38,570.81,564.59,565.07,76697,581.2082540965758,562.2174287667715,43.13439148067544,576.6996209020364,581.5776975313836,-4.87807662934722,-1.4583859392284242,-3.4196906901187956,586.5029999999999,13.761482134070311,614.0259642681406,558.9800357318593
2024-04-07,564.59,573.11,562.68,570.33,106557,580.172229896902,562.5355688151334,46.58864377063732,575.7196792248,580.7445347512811,-5.024855526481133,-2.171679856678966,-2.853175669802167,585.12,13.935094659094199,612.9901893181884,557.2498106818116
2024-04-09,570.33,597.99,570.33,597.03,250900,581.7777318114828,563.8882916066967,59.90314435082452,578.9981901132923,581.9508655104454,-2.9526753971531434,-2.327878964773802,-0.6247964323793416,585.115,13.93057579948812,612.9761515989762,557.2538484010238
2024-04-10,596.17,606.7,583.73,583.92,202157,581.9817573532463,564.6738487985909,52.92658544845053,579.7553916343243,582.0967273244864,-2.3413356901621682,-2.330570309851475,-0.010765380310693295,584.646,13.797773428309673,612.2415468566193,557.0504531433807
2024-04-14,583.92,591.39,580.1,586.79,121619,582.4396852243657,565.541148845705,54.184547428102334,580.8376390751974,582.4443771523023,-1.6067380771048647,-2.1858038633021533,0.5790657861972885,583.6025,12.712130913754887,609.0267618275097,558.1782381724902
2024-04-15,587.56,593.3,580.1,580.38,102787,582.2435247268071,566.123064577246,50.91209318647548,580.7672330636286,582.2914603262058,-1.524227262577142,-2.053488543157151,0.529261280580009,581.904,10.45704214997425,602.8180842999485,560.9899157000515
2024-04-16,579.9,580.86,572.44,579.04,71361,581.9384271337779,566.629611064413,50.229148701721584,580.5015048999934,582.0506114131534,-1.5491065131600408,-1.9526121371577292,0.4035056239976884,580.6885,9.166206972525806,599.0209139450516,562.3560860549484
2024-04-18,572.44,579.9,571.48,574.16,88713,581.1976245496086,566.924920434436,47.718692265057825,579.5258887615329,581.4661216788459,-1.9402329173129829,-1.95013629318878,0.009903375875797149,579.7075,8.730932231531881,597.1693644630637,562.2456355369362
2024-04-21,569.38,580.86,564.59,575.12,92557,580.6188031639316,567.2462961036738,48.26647087818062,578.8480597212971,580.996038591524,-2.1479788702268934,-1.9897048085964026,-0.15827406163049074,578.7505,8.076304831843943,594.9031096636879,562.597890336312
2024-04-22,575.12,580.86,569.38,569.38,50314,579.5484409578429,567.3299707662749,45.215939268886956,577.3914351487899,580.1355912884482,-2.74415613965823,-2.1405950748087683,-0.6035610648494618,577.65,7.756608727233354,593.1632174544667,562.1367825455333
2024-04-24,574.07,574.26,564.59,566.6,68856,578.315256104715,567.3013444617151,43.772981246680125,575.7312143566684,579.1329548967112,-3.4017405400428515,-2.392824167855585,-1.0089163721872665,576.597,7.755679820216203,592.1083596404324,561.0856403595676
2024-04-25,566.7,570.62,565.26,566.51,67940,577.190945999504,567.2703113455694,43.72433293984131,574.312565994104,578.1979212006586,-3.88535520655455,-2.691330375595378,-1.194024830959172,575.9035,8.015374880422572,591.9342497608452,559.8727502391548
2024-04-28,567.46,574.16,562.68,569.95,73813,576.5013320947894,567.375397175155,46.18615274764631,573.6414019950112,577.5869640746839,-3.9455620796727544,-2.9421767164108537,-1.0033853632619008,575.267,7.954141655371088,591.1752833107422,559.3587166892579
2024-04-29,579.9,579.9,562.68,563.64,49435,575.276443323857,567.2289110114234,42.51242406236675,572.1027247650095,576.5538556247074,-4.451130859697855,-3.243967545068254,-1.207163314629601,574.358,8.200830253220161,590.7596605064402,557.9563394935597
2024-04-30,563.64,573.88,559.81,564.59,104703,574.258686816823,567.1254243050931,43.244376930668594,570.9469209550081,575.6676440969512,-4.720723141943154,-3.5393186644432344,-1.1814044774999193,573.7835,8.471830272020373,590.7271605440408,556.8398394559592
2024-05-02,574.16,574.16,560.38,560.77,94797,572.9740499771256,566.8761919794032,40.98465576486112,569.3812408080837,574.5641149045844,-5.182874096500655,-3.868029750854719,-1.3148443456459358,572.9174999999999,8.883670338561478,590.6848406771229,555.1501593228769
2024-05-05,555.02,571.2,555.02,566.99,97712,572.4041404554945,566.8806550390344,45.93831880621953,569.01335760684,574.0030693560966,-4.989711749256571,-4.0923661505350895,-0.8973455987214818,572.5160000000001,8.964735238408522,590.4454704768171,554.586529523183
2024-05-06,563.64,571.29,550.33,550.33,114105,570.3018413644951,566.2316097433861,36.98379847861127,566.1389948980955,572.2495086630523,-6.110513764956863,-4.495995673419444,-1.6145180915374189,571.4775000000001,10.248509455167547,591.9745189103352,550.980481089665
2024-05-07,549.28,556.46,540.67,544.5,75130,567.8445231393051,565.3793897534495,34.45291884213165,562.8099187599269,570.1939895028263,-7.384070742899439,-5.073610687315444,-2.310460055583995,570.224,11.894998241190377,594.0139964823808,546.4340035176193
2024-05-08,544.5,553.11,536.84,537.8,52470,564.9831399831809,564.2978450572358,31.762810151051,558.9622389507074,567.7944347248391,-8.83219577413172,-5.825327704678699,-3.00686806945302,568.645,13.934182316954717,596.5133646339094,540.7766353660905
2024-05-09,539.9,544.5,529.19,535.89,91251,562.2123647466875,563.1838119177363,31.019246253953312,555.4126637275216,565.4311432637398,-10.018479536218251,-6.6639580709866095,-3.3545214652316417,567.1859999999999,15.73899461779488,598.6639892355897,535.7080107644101
2024-05-12,546.6,556.94,541.63,542.58,96004,560.3426157231935,562.3758192935113,36.61623984468495,553.4384077694414,563.7384659849444,-10.300058215502986,-7.391178099889885,-2.9088801156131012,565.7985,16.64437704167063,599.0872540833412,532.5097459166587
2024-05-13,542.58,553.01,537.89,540.67,63596,558.4690332733655,561.5246106937658,35.72500710766698,551.4740373433734,562.0296907268004,-10.555653383426943,-8.024073156597296,-2.5315802268296466,562.9804999999999,15.829490956673222,594.6394819133463,531.3215180866534
2024-05-14,539.71,549.28,538.76,545.55,59209,557.2386491520926,560.8981553724417,39.75939672211996,550.5626469828544,560.8089728951855,-10.246325912331145,-8.468523707744065,-1.7778022045870792,561.062,15.479408597435103,592.0208171948702,530.1031828051298
2024-05-15,550.72,555.02,538.85,538.85,73511,555.4873492328458,560.0335218284243,36.3828541525738,548.7607012931845,559.182382310357,-10.421681017172432,-8.859155169629739,-1.5625258475426929,558.6650000000001,14.989751762279795,588.6445035245597,528.6854964754405
2024-05-16,538.76,541.72,532.15,532.63,94013,553.3104588297176,558.9588739135842,33.53552413223649,546.2790549403869,557.2155391762565,-10.936484235869557,-9.274620982877703,-1.6618632529918536,556.2774999999999,15.150885635049542,586.579271270099,525.9757287299009
2024-05-19,543.25,559.81,535.89,557.03,165624,553.664700845935,558.883231799326,50.049881815449666,547.9330464880197,557.2017955335708,-9.26874904555109,-9.27344659541238,0.004697549861290895,555.177,14.17865374798675,583.5343074959735,526.8196925040265
2024-05-20,555.98,566.51,554.07,557.89,157780,554.0671102891794,558.8442815326858,50.51656829736134,549.4648854898628,557.2527736421953,-7.787888152332471,-8.9763349067964,1.1884467544639286,554.3635,13.4818018766833,581.3271037533666,527.3998962466335
2024-05-21,558.85,563.16,550.24,560.48,97376,554.6778616902099,558.9084273549335,51.97192638920151,551.1595184914223,557.4918274464771,-6.3323089550548275,-8.447529716448084,2.1152207613932568,553.6315,12.66840964347038,578.9683192869408,528.2946807130592
2024-05-22,571.67,571.67,555.02,569.67,188824,556.1056843863803,559.3304498116028,56.82425621044546,554.0072848773573,558.3939143022936,-4.386629424936359,-7.635349658145739,3.2487202332093803,553.646,12.687535283851776,579.0210705677035,528.2709294322964
2024-05-26,559.81,572.25,558.85,559.14,77941,556.3946668257727,559.3229811915398,50.52539026980558,554.7969333577639,558.4491799095312,-3.6522465517672345,-6.838729036870039,3.186482485102805,553.2729999999999,12.392894441235896,578.0587888824717,528.4872111175281
2024-05-27,548.04,570.14,548.04,559.9,108222,556.728508080461,559.3456093801069,50.94801518353282,555.5820205334926,558.5566480643807,-2.9746275308881422,-6.06590873567366,3.091281204785518,552.9425,12.10612540693586,577.1547508138717,528.7302491861283
2024-05-29,562.68,570.33,553.11,553.21,76815,556.393412072798,559.1049972475538,47.131384606005355,555.2170942975706,558.1606000596117,-2.943505762041127,-5.441428140947154,2.4979223789060265,552.1055,11.428064013878313,574.9616280277567,529.2493719722434
2024-05-30,553.21,560.77,549.0,549.0,74206,555.6892775896744,558.708722845689,44.854208018123884,554.2606182517906,557.4820370922331,-3.2214188404425386,-4.9974262808462315,1.776007440403693,551.3734999999999,11.114938395076855,573.6033767901537,529.1436232098462
2024-06-02,542.68,556.94,542.68,555.02,78729,555.6255368668483,558.5640670478188,48.673044762917726,554.3774462130535,557.29966397429,-2.922217761236425,-4.58238457692427,1.6601668156878455,550.895,10.714812914349542,572.324625828699,529.4653741713009
2024-06-03,555.02,556.84,546.6,547.46,43567,554.8478666890531,558.1286134381004,44.50495495580506,553.3132237187376,556.5707999761945,-3.25757625745689,-4.317422913030795,1.0598466555739048,550.2295,10.479963074966923,571.1894261499339,529.2695738500662
2024-06-04,548.33,550.24,545.55,546.12,47461,554.0166412900957,557.65768742092,43.78916937287814,552.2065739158548,555.7966666446246,-3.5900927287697186,-4.17195687617858,0.5818641474088615,549.1859999999999,9.735876896685157,568.6577537933703,529.7142462066296
2024-06-05,535.31,547.27,535.31,543.64,69718,553.028389738658,557.1079741887271,42.429072976811945,550.8886394672618,554.8961728190968,-4.007533351835036,-4.139072171309872,0.13153881947483548,548.8515,9.809153230799424,568.4698064615989,529.2331935384011
2024-06-06,543.54,548.23,536.94,537.61,79236,551.5599716683096,556.3433477499535,39.237840828455084,548.8457718569139,553.6157155732378,-4.769943716323951,-4.265246480312688,-0.5046972360112632,548.507,10.08707463722173,568.6811492744434,528.3328507255565
2024-06-09,537.61,545.93,536.08,544.21,95217,550.8599743665658,555.8675301911319,44.186059117495304,548.1325761866194,552.9189959011462,-4.786419714526801,-4.3694811271555105,-0.4169385873712903,548.8275,9.827465205660134,568.4824304113203,529.1725695886797
2024-06-10,545.45,549.28,540.67,548.04,78249,550.5914053792739,555.5605682228522,46.88901839130845,548.1183336963702,552.5575887973575,-4.439255100987339,-4.383435921921876,-0.05581917906546252,549.4350000000001,9.34953559218386,568.1340711843678,530.7359288156323
2024-06-11,550.24,552.15,541.72,545.45,85292,550.1017477241049,555.1640753513678,45.291665831982506,547.7078208200055,552.0311007382941,-4.323279918288563,-4.371404721195214,0.048124802906651,549.5785000000001,9.260384938573848,568.0992698771478,531.0577301228524
2024-06-12,544.59,550.24,543.54,543.54,74280,549.4768193694283,554.7082292591574,44.09857774196335,547.0666176169277,551.4021303132353,-4.335512696307546,-4.36422631621768,0.02871361991013366,549.722,9.13648014684666,567.9949602936933,531.4490397063066
2024-06-13,554.35,554.35,532.54,533.49,116068,547.9542651437685,553.8761418372296,38.37095732486525,544.9779072143235,550.0753058455882,-5.097398631264696,-4.510860779227084,-0.5865378520376119,549.1189999999999,9.800188451466113,568.7193769029321,529.5186230970677
2024-06-16,535.89,535.89,526.32,528.23,145846,546.0757637015048,552.8704107847893,35.753539511738964,542.4013061044276,548.4571350422113,-6.055828937783758,-4.819854410938419,-1.2359745268453395,548.588,10.637789936677708,569.8635798733554,527.3124201266445
2024-06-18,526.32,533.97,526.32,528.23,75407,544.3761671585044,551.9041201657781,35.753539511738964,540.2211051652849,546.9588287427882,-6.737723577503289,-5.203428244251393,-1.5342953332518956,548.368,11.02368579110871,570.4153715822175,526.3206284177826
2024-06-19,531.1,534.93,526.32,526.89,63579,542.7108179053134,550.923174276924,35.04720212652062,538.1701659090872,545.472248835915,-7.302082926827779,-5.62315918076667,-1.678923746061109,546.861,11.809373128335416,570.4797462566709,523.2422537433291
2024-06-20,526.32,531.1,518.95,520.1,73496,540.5574066762359,549.7144223444956,31.636588974784175,535.3901403846123,543.5928229962176,-8.202682611605269,-6.13906386693439,-2.0636187446708787,544.9715,12.922588658299851,570.8166773165997,519.1263226834003
2024-06-23,520.1,538.76,514.83,523.44,140697,538.9271774689754,548.6840528407898,34.98804636335551,533.5516572485182,542.100021292794,-8.5483640442759,-6.6209239024026925,-1.9274401418732072,543.1195,13.233463355012656,569.5864267100253,516.6525732899747
2024-06-24,513.01,534.93,503.35,516.75,131314,536.8150653290729,547.4317370431118,31.64195621237647,530.9667869025923,540.2222419377723,-9.255455035180034,-7.147830128958161,-2.107624906221873,540.4735000000001,12.932540872585552,566.3385817451712,514.608418254829
2024-06-25,516.75,526.32,516.75,519.62,51087,535.1774400596374,546.3410806884799,34.53444229904356,529.2211273791165,538.6961499423818,-9.47502256326527,-7.6132686158195835,-1.8617539474456866,538.4975000000001,12.949497805748956,564.3964956114979,512.5985043885022
2024-06-26,521.53,526.32,511.96,512.44,57043,533.0119695777672,545.0116265438337,31.000367582796045,526.6394154746371,536.7512499466498,-10.111834472012674,-8.112981787058203,-1.9988526849544712,536.1245,13.167751866228798,562.4600037324576,509.7889962675424
2024-06-27,502.2,536.84,489.95,529.19,402499,532.6479724751227,544.3911706009383,45.11196075107389,527.0318130939237,536.191157358009,-9.159344264085348,-8.322254282463632,-0.8370899816217161,534.9235000000001,12.61104164277621,560.1455832855526,509.7014167144477
2024-06-30,529.19,531.0,516.46,516.46,82472,531.1062608108253,543.295830577372,38.6434610495383,525.4053803102431,534.7295901463046,-9.324209836061527,-8.522645393183211,-0.8015644428783162,533.2965,12.797079138371052,558.8906582767421,507.7023417232579
2024-07-01,526.7,526.7,510.05,514.83,107247,529.5561407336039,542.1795234959066,37.89420790152519,523.7783987240518,533.2555464317636,-9.477147707711765,-8.713545856088922,-0.7636018516228429,531.287,12.35415723765407,555.9953144753082,506.5786855246919
2024-07-02,525.07,550.24,520.57,528.23,190209,529.4298416161179,541.6324833588122,46.993070110139705,524.4632604588131,532.8832837331145,-8.420023274301343,-8.654841339731407,0.23481806543006378,530.3255,11.763387658773127,553.8522753175463,506.7987246824538
2024-07-03,528.23,531.1,516.75,517.8,127474,528.322237652678,540.6978761682706,41.85324531158737,523.4381434651496,531.7660034565874,-8.32785999143789,-8.589445070072705,0.2615850786348144,528.9095,11.462729754343137,551.8349595086862,505.9840404913137
2024-07-04,521.53,529.19,518.66,523.73,147882,527.8848816857563,540.0324692597109,45.50283054512669,523.4830444705112,531.1707439412846,-7.687699470773396,-8.409095950212844,0.7213964794394485,527.914,10.970075276815521,549.854150553631,505.97384944636894
2024-07-07,531.1,544.5,523.73,540.67,276279,529.1025120013986,540.0574704652124,54.32269478581823,526.127191475048,531.8743925382265,-5.747201063178522,-7.876716972805981,2.1295159096274583,528.067,11.13255874498661,550.3321174899733,505.80188251002676
2024-07-08,540.67,545.45,534.93,537.8,160402,529.9308441917416,539.9689422116747,52.76463517984833,527.9230081711944,532.3133264242838,-4.39031825308939,-7.179437228862663,2.789118975773273,527.7465,10.728280028432925,549.2030600568659,506.28993994313413
2024-07-09,531.2,544.5,531.2,540.48,97749,530.93552569729,539.9889836935699,54.088850208353584,529.8548530679337,532.9182652076702,-3.0634121397364424,-6.35623221103742,3.2928200713009774,527.3685,10.089812618887564,547.5481252377751,507.18887476222494
2024-07-10,551.2,551.2,538.76,545.36,145963,532.309285154691,540.1996117840182,56.48126883125178,532.2402602882516,533.8398751922872,-1.5996149040355476,-5.404908749637046,3.805293845601498,527.3639999999999,10.08134044972245,547.5266808994448,507.201319100555
2024-07-11,544.5,554.93,544.5,553.01,222756,534.2807818066251,540.7019799493507,60.000143023087844,535.4356048592898,535.259884437303,0.17572042198685267,-4.288782915312266,4.464503337299119,527.8375,11.05632796899343,549.9501559379869,505.7248440620131
2024-07-14,564.02,584.69,555.02,563.64,256783,537.0768978250418,541.6015101474154,64.317689277732,539.7747425732452,537.362115219725,2.4126273535202927,-2.9485008615457544,5.3611282150660475,529.345,13.624711488980045,556.5944229779601,502.09557702203995
2024-07-15,573.21,573.21,555.02,555.02,225401,538.7857646988473,542.127725435752,58.777223084753096,542.120166792746,538.6701066849305,3.4500601078154887,-1.668788667673506,5.118848775488995,530.6845000000001,14.777471642941604,560.2394432858832,501.12955671411686
2024-07-16,550.24,566.51,550.24,564.59,180459,541.2433109180047,543.0085989480755,62.626418416623586,545.5770642092466,540.590098782343,4.986965426903566,-0.33763784875809155,5.324603275661658,532.5024999999999,16.585592312862023,565.673684625724,499.3313153742759
2024-07-17,574.16,584.69,566.51,581.82,248855,545.1077574972423,544.530614675602,68.35554423850783,551.1529004847471,543.6441655392065,7.508734945540596,1.2316367101016459,6.27709823543895,535.249,19.836709696393488,574.922419392787,495.57558060721306
2024-07-18,588.52,599.04,577.03,583.73,325046,548.7860663070288,546.0678454726373,68.92423766156776,556.1647619486322,546.6134866103764,9.551275338255778,2.8955644357324726,6.655710902523305,538.4305,22.23662495098047,582.903749901961,493.95725009803914
2024-07-21,583.73,613.4,578.95,610.53,488016,554.6664409444546,548.5957731011614,75.56092609494962,564.5286447257657,551.3480431577559,13.18060156800982,4.952571862187942,8.228029705821879,542.785,27.1344330675025,597.0538661350049,488.51613386499497
2024-07-22,610.53,640.19,605.74,632.73,565705,562.1010656164113,551.8951545481748,79.47187230363326,575.0211609218018,557.3763362571814,17.644824664620387,7.4910224226744315,10.153802241945955,548.5840000000001,33.03027756149657,614.6445551229932,482.5234448770069
2024-07-23,638.28,648.8,629.67,647.85,341515,570.2676307958008,555.6580896639326,81.62827796774285,586.225597703063,564.0780891270199,22.14750857604315,10.422319653348175,11.725188922694976,554.9955,39.015290049307616,633.0260800986152,476.96491990138475
2024-07-24,645.93,655.41,627.75,635.22,541134,576.4535707200102,558.7781645790725,74.58064169985684,593.763198056438,569.3478603027961,24.415337753641893,13.22092327340692,11.194414480234974,561.1345,41.5444705897062,644.2234411794124,478.0455588205876
2024-07-25,636.36,638.37,624.88,628.61,313744,581.4208496990569,561.5166679289127,71.11984231825659,599.1242445092937,573.737648428515,25.38659608077876,15.654057834881288,9.732538245897471,566.1054999999999,43.426400468281834,652.9583009365635,479.25269906343624
2024-07-28,641.15,650.72,626.79,641.15,484001,587.1093402039087,564.6395436964063,73.62072818398354,605.5897453540177,578.7311559523287,26.858589401689073,17.894964148242845,8.963625253446228,572.34,44.85110712709685,662.0422142541937,482.63778574580635
2024-07-29,645.93,650.72,629.67,629.67,387185,591.162736374965,567.1897576690964,67.82985277300617,609.294399914938,582.5044036595636,26.789996255374376,19.67397056966915,7.116025685705225,578.082,44.45028679085736,666.9825735817147,489.18142641828524
2024-07-30,629.67,672.73,622.3,665.36,877464,598.2291424344921,571.0395710938377,74.53584108030209,617.9198768511014,588.6418552403367,29.278021610764768,21.594780777888275,7.683240832876493,584.9385,46.866398834739044,678.671297669478,491.2057023305219
2024-07-31,669.86,724.31,669.86,713.78,1143711,609.2339860121596,576.6372349725108,80.48065121116636,632.6675881047781,597.9113474447562,34.756240660021945,24.22707275431501,10.529167905706935,594.7375,52.266963186983126,699.2714263739662,490.2035736260337
2024-08-01,727.27,754.07,713.88,736.84,774069,621.3869397252872,582.9196963461378,82.56791435505868,648.6941130117353,608.2023587451447,40.49175426659065,27.480009056770136,13.01174520982051,605.393,58.39301292917958,722.1790258583592,488.6069741416409
2024-08-05,744.21,808.61,718.66,808.61,1549098,639.2177073704979,591.7702964894265,87.16728770422647,673.2965571637761,623.0473692084673,50.2491879553088,32.03384483647787,18.21534311883093,618.79,71.92965328049748,762.6493065609949,474.93069343900504
2024-08-06,824.69,858.95,801.91,812.44,1616431,655.7150685733077,600.4240103525863,87.35896577591848,694.7032406770413,637.0764529708031,57.62678770623825,37.15243341042995,20.474354295808297,632.522,81.2640955611293,795.0501911222586,469.99380887774146
2024-08-07,813.4,893.68,813.4,893.68,1694021,678.3783953758498,611.9242452407201,90.57483710064595,725.3150498036504,656.084123121114,69.23092668253639,43.56813206485124,25.66279461768515,650.182,97.05328718639117,844.2885743727824,456.07542562721767
2024-08-08,911.48,976.08,911.0,917.7,1100485,701.1709291495783,623.9154513097114,91.28109869334455,754.9127344492426,675.4630769639944,79.44965748524828,50.74443714893065,28.70522033631763,668.7990000000001,110.64734053454838,890.0936810690969,447.5043189309033
2024-08-11,920.57,933.97,889.95,911.96,1596564,721.2460787543804,635.2113159642325,89.5541243370119,779.0738522262823,692.9813675592541,86.0924846670282,57.81404665255016,28.27843801447804,686.7465,119.62480152433571,925.9961030486713,447.49689695132855
2024-08-12,921.53,966.51,921.53,957.03,1237240,743.7016903015822,647.8316565146548,90.9947786147402,806.4517211145466,712.5405255178277,93.91119559671881,65.0334764413839,28.877719155334916,706.416,130.19255882204413,966.8011176440883,446.0308823559118
2024-08-13,956.94,1014.35,938.76,956.94,683396,764.0101007490506,659.9535523376095,90.96779859639005,829.6037640200009,730.644190294285,98.95957372571593,71.81869589825031,27.140877827465616,726.5120000000001,136.46215718343936,999.4363143668788,453.58768563312134
2024-08-14,976.08,996.17,957.99,975.12,847281,784.1158054396171,672.3130208733895,91.51507867591067,851.9908772476931,748.7535095317453,103.23736771594781,78.1024302617898,25.134937454158006,747.0385,141.60303038219502,1030.24456076439,463.83243923560997
2024-08-15,977.03,990.43,942.58,942.58,913916,799.2076334929869,682.9117259371782,81.94438175488459,865.9276653634327,763.1110273442087,102.816638019224,83.04527181327664,19.77136620594736,765.0765,142.424288779946,1049.925077559892,480.227922440108
2024-08-18,947.37,953.01,913.88,916.75,843354,810.402144588893,692.0818543317987,75.21966719826278,873.7464860767507,774.4916919853783,99.25479409137233,86.28717626889578,12.967617822476555,781.7275,139.54476063162167,1060.8170212632433,502.6379787367566
2024-08-21,916.75,957.89,914.83,937.8,675216,822.535273675665,701.7178600442771,76.88449898740227,883.6008728341737,786.5886036901652,97.01226914400854,88.43219484391834,8.580074300090203,798.091,137.58764150055023,1073.2662830011004,522.9157169988996
2024-08-22,937.8,955.79,920.57,923.35,457761,832.1366761827446,710.409316513129,73.2465960916563,889.7161231673778,796.7190774908937,92.99704567648405,89.34516501043149,3.6518806660525627,812.6220000000001,134.51655744691107,1081.6551148938222,543.5888851061779
2024-08-25,928.23,928.23,875.6,882.3,783712,836.9141355939119,717.1501276302613,63.984354502765854,888.5751811416274,803.0584050841608,85.51677605746659,88.57948721983851,-3.062711162371926,824.3444999999999,129.5246881354232,1083.3938762708462,565.2951237291536
2024-08-27,885.17,898.56,837.32,843.06,729964,837.4994560135393,722.0877696839765,56.61453092612349,881.572845581377,806.0214861890378,75.55135939233924,85.97386165433866,-10.422502261999426,834.7365,121.65061534337066,1078.0377306867413,591.4352693132587
2024-08-28,843.06,876.94,828.13,842.11,426881,837.9385554408212,726.7945238140167,56.4450236878273,875.5016385688574,808.6947094342942,66.80692913456323,82.14047515038358,-15.333546015820346,845.4114999999999,111.55968288319782,1068.5308657663957,622.2921342336043
2024-08-29,858.95,870.81,825.84,840.19,404002,838.1529787321716,731.2414052330749,56.079574207105075,870.0690787890331,811.0276939206427,59.04138486839042,77.52065709398495,-18.479272225594528,855.3635,100.73136543223146,1056.826230864463,653.9007691355371
2024-09-01,840.19,851.67,817.22,823.92,384543,836.7974569481553,734.875859929817,52.95099725949871,862.9692205137973,811.9826795561507,50.986540957646525,72.21383386671727,-21.22729290907074,865.076,86.13142842252704,1037.3388568450541,692.8131431549459
2024-09-02,832.54,856.46,814.55,855.98,377268,838.6243658102358,739.6250418933537,57.93136285897571,861.893955819367,815.2417403297692,46.65221548959778,67.10151019129337,-20.449294701695592,874.607,72.30538074903401,1019.2177614980681,729.9962385019319
2024-09-03,870.81,870.81,844.98,845.45,283240,839.2744262092609,743.7750402504771,55.84057383582317,859.3641164625412,817.4793891942307,41.884727268310485,62.0581536066968,-20.173426338386314,881.1905,62.17600268803687,1005.5425053760738,756.8384946239263
2024-09-04,862.3,862.3,814.26,820.1,345129,837.4482903798074,746.768175926929,51.06270162058548,853.3234831606119,817.6735085131767,35.649974647435215,56.77651781484448,-21.126543167409267,885.3534999999999,54.28948810482388,993.9324762096477,776.7745237903522
2024-09-05,820.1,823.92,795.22,808.61,344568,834.7017865341115,749.193345498422,49.015571371306756,846.4444857512871,817.0021375122006,29.442348239086414,51.30968389969287,-21.867335660606457,885.3534999999999,54.28948810482388,993.9324762096477,776.7745237903522
2024-09-08,813.4,822.97,790.62,791.39,241859,830.5768544832438,750.8481162631897,46.0367520327247,837.9745648664737,815.1049421409266,22.86962272554706,45.62167166486371,-22.75204893931665,884.3009999999998,55.95591666189814,996.2128333237961,772.3891666762036
2024-09-09,791.39,799.04,765.74,767.56,344725,824.5752492943634,751.5034842528686,42.21346684388713,827.1415548870161,811.583094574932,15.558460312084094,39.60902939430779,-24.050569082223696,877.9949999999999,61.65925477979454,1001.313509559589,754.6764904404108
2024-09-10,768.42,783.73,747.46,753.97,271773,817.8509398377573,751.6002103605994,40.16486110165922,815.884392596706,807.3154579397518,8.568934656954184,33.40101044683707,-24.832075789882886,869.8085000000001,66.76776257059868,1003.3440251411974,736.2729748588027
2024-09-11,765.55,765.55,746.41,747.37,157143,811.1384693770185,751.4343197582228,39.17065290859101,805.3437168125973,802.8750536479183,2.4686631646790147,27.21454099040546,-24.745877825726446,861.579,71.28914148510871,1004.1572829702174,719.0007170297825
2024-09-12,747.37,800.96,745.45,798.09,302090,809.8957580077786,753.2639542775082,49.51322764729471,804.22776037989,802.520605229554,1.707155150336007,22.11306382239157,-20.405908672055563,853.632,68.90785446025322,991.4477089205063,715.8162910794936
2024-09-15,804.78,821.05,775.69,778.09,337603,806.866638197514,754.2375246979981,46.17899840442306,800.2065664752915,800.7109307681056,-0.5043642928141026,17.589578199350438,-18.09394249216454,844.6895000000001,66.35321770446782,977.3959354089357,711.9830645910645
2024-09-16,778.09,778.95,761.72,764.78,184090,802.8583869406079,754.6509551019982,44.052908858257744,794.7563254790929,798.0493803408386,-3.293054861745759,13.4130515871312,-16.70610644887696,834.1725,61.049379312760905,956.2712586255218,712.0737413744782
2024-09-18,764.59,773.68,755.02,755.98,155051,798.39377866055,754.7030745097629,42.654633956349734,788.7907369438478,794.9331299452209,-6.14239300137308,9.501962669430345,-15.644355670803424,824.8425,57.781079845894055,940.4046596917881,709.2803403082119
2024-09-22,771.1,783.64,757.89,761.72,161220,794.9010378357357,754.9782480583997,43.90533478010947,784.6260081832559,792.4728980974268,-7.846889914170902,6.0321921527100955,-13.879082066880997,817.091,55.141042589839,927.373085179678,706.808914820322
2024-09-23,759.81,766.03,740.96,746.32,159992,790.2742723275703,754.6387089188546,41.302622019452215,778.7327761550627,789.0541649050248,-10.321388749962125,2.761475972175652,-13.082864722137778,807.517,49.40423976052569,906.3254795210514,708.7085204789487
2024-09-24,746.41,759.81,724.4,730.05,191261,784.5386273439923,753.6744458239975,38.69291410263333,771.243118285053,784.6834860231711,-13.440367738118084,-0.47889276988309515,-12.961474968234988,797.8520000000001,44.18287767902552,886.2177553580511,709.486244641949
2024-09-25,741.34,748.33,718.66,742.58,165062,780.5425675969453,753.2393695171742,41.74566074498072,766.8334077796603,781.5647092807139,-14.731301501053622,-3.3293745161172006,-11.401926984936422,790.866,41.06339917223961,872.9927983444792,708.7392016555208
2024-09-26,728.23,757.89,727.66,728.61,143339,775.5966087781886,752.2735118890498,39.39059698152953,760.9528835058663,777.6421382228833,-16.68925471701698,-6.001350556297156,-10.687904160719823,785.1435,41.380460717714065,867.9044214354282,702.3825785645719
2024-09-29,714.07,736.84,714.07,721.53,169828,770.4474079421707,751.0678839718322,38.213979932634274,754.8878245049638,773.4856835397068,-18.59785903474301,-8.520652251986327,-10.077206782756683,779.1144999999999,41.427823408528,861.9701468170559,696.2588531829439
2024-09-30,721.53,746.41,721.53,741.63,113860,767.7028929000593,750.6977708748976,43.384403741590646,752.8481591965078,771.1260032775062,-18.27784408099842,-10.472090617788746,-7.805753463209674,774.1865,39.602095807774965,853.3906916155499,694.9823083844501
2024-10-01,746.41,792.82,746.41,791.39,290519,769.9588078619585,752.2935445660781,53.71149614462954,758.7776731662758,772.6270400717651,-13.849366905489319,-11.147545875328863,-2.701821030160456,772.5600000000001,38.091180910516066,848.7423618210322,696.3776381789679
2024-10-02,807.18,807.18,776.08,780.86,210562,770.9970166370101,753.4137977203496,51.56784721355774,762.1749542176179,773.2368889553381,-11.061934737720208,-11.130423647807133,0.06848891008692526,768.804,32.76364005225089,834.3312801045017,703.2767198954982
2024-10-06,780.86,796.46,777.03,795.5,129290,773.3306341001521,755.0642370254341,54.29878345962942,767.3018843379843,774.8860082919798,-7.584123953995459,-10.421163709044798,2.8370397550493394,766.3065,28.19946159899977,822.7054231979996,709.9075768020004
2024-10-07,803.83,843.06,798.09,832.54,275405,778.969621328709,758.1025022401229,60.38505627940105,777.3385175167559,779.1566743444257,-1.8181568276697817,-8.700562332769795,6.882405505100014,766.9285,29.55314682237816,826.0347936447563,707.8222063552437
2024-10-08,832.54,843.06,822.97,827.75,158352,783.6153716783558,760.833776662079,59.28549031149482,785.0941302064857,782.7561799485422,2.3379502579434757,-6.492859814627141,8.830810072570618,767.8855,31.235920360848176,830.3573407216963,705.4136592783036
2024-10-09,830.62,861.24,820.29,841.15,178605,789.094860089941,763.9834324792524,61.402879487177785,793.7181101747186,787.0816481005021,6.636462074216524,-3.866995436858408,10.503457511074933,770.3734999999999,34.96569315245089,840.3048863049017,700.4421136950981
2024-10-15,854.55,859.23,843.06,857.51,122647,795.6105877004228,767.6511410094779,63.87315130655287,803.5322470709157,792.2985630560204,11.233684014895289,-0.8468595465076687,12.080543561402958,774.871,40.00637974123333,854.8837594824666,694.8582405175333
2024-10-16,857.51,874.64,851.67,857.42,166803,801.4971983956207,771.1714884208709,63.848941716533275,811.8226705984671,797.1223732000188,14.700297398448242,2.2625718424835135,12.437725555964729,780.0435,43.6807126261245,867.404925252249,692.682074747751
2024-10-17,862.2,867.94,846.89,846.89,225174,805.8203223579425,774.1408418161309,60.93867595225913,817.2176443525491,800.8088640740915,16.408780278457584,5.091813529678328,11.316966748779256,785.0195,45.39752711500533,875.8145542300107,694.2244457699893
2024-10-20,846.89,860.29,830.62,840.19,295964,809.0936249905194,776.731004882165,59.09303854523034,820.7518529136954,803.7259852537884,17.02586765990702,7.478624355724067,9.547243304182954,787.1245,46.98381551970019,881.0921310394003,693.1568689605997
2024-10-21,840.19,846.89,816.27,818.18,255570,809.9589940390414,778.3564556710999,53.374118691930114,820.3561832346654,804.796653012767,15.559530221898399,9.094805528958933,6.464724692939466,789.129,47.431147316813,883.991294633626,694.266705366374
2024-10-22,818.18,832.54,816.27,827.75,142346,811.6533755591328,780.2934574094882,55.39543186287011,821.4936935062553,806.4969009377472,14.996792568508113,10.27520293686877,4.721589631639343,792.2774999999999,47.818190645179016,887.913881290358,696.6411187096419
2024-10-23,827.75,842.11,823.06,824.02,113796,812.8311493154058,782.0082237855868,54.4054426160599,821.8823560437545,807.7949082756918,14.087447768062702,11.037651903107557,3.0497958649551453,795.6795,47.519311030245454,890.7181220604908,700.6408779395091
2024-10-24,824.02,830.62,814.35,818.18,106578,813.3405636663196,783.4267248136031,52.81398825706471,821.3127628062539,808.5641743293443,12.748588476909617,11.37983921786797,1.368749259041648,798.5025,47.0706366035439,892.6437732070879,704.3612267929122
2024-10-27,818.18,822.97,811.58,817.89,73616,813.7738433171463,784.778225801305,52.73150006209581,820.786183912984,809.2549762308744,11.531207682109653,11.410112910716308,0.12109477139334501,802.0809999999999,45.59201244677726,893.2650248935545,710.8969751064453
2024-10-28,817.89,832.44,817.89,824.88,98805,814.8315725250372,786.3508443973323,54.57319987141437,821.4160017725249,810.4123853989577,11.003616373567183,11.328813603286484,-0.32519722971930065,806.8225,42.53524444195142,891.8929888839028,721.7520111160972
2024-10-29,824.88,846.41,824.88,842.11,134076,817.4295179988432,788.537477950378,58.83122084532602,824.599693807521,812.7603568508868,11.83933695663427,11.430918273956042,0.4084186826782279,811.799,40.391825110895674,892.5826502217914,731.0153497782086
2024-10-30,848.8,859.33,834.07,836.36,101878,819.2324210465723,790.4128709719319,56.913957855958294,826.408971683287,814.5084785656359,11.90049311765108,11.52483324269505,0.37565987495603004,817.1865,35.61550597776665,888.4175119555333,745.9554880444667
2024-11-05,836.36,846.89,828.04,833.4,60732,820.5817142802321,792.0986407377384,55.90394972406929,827.4845145012428,815.9078505237369,11.57666397750586,11.535199389657214,0.041464587848645706,822.78,27.70881277252509,878.1976255450502,767.3623744549498
2024-11-06,832.54,863.16,831.67,832.54,71041,821.7205986344957,793.684576395082,55.59525074063157,828.2622815010516,817.1398615960527,11.122419904998878,11.452643492725546,-0.3302235877266675,827.3254999999999,20.110865739424497,867.547231478849,787.1037685211509
2024-11-10,832.54,853.59,832.54,852.54,197701,824.6557797169246,795.9926322227258,60.990148640084605,831.9973151162744,819.7620940704192,12.235221045855269,11.609159003351492,0.6260620425037775,830.383,18.976351238198266,868.3357024763966,792.4302975236035
2024-11-11,851.67,874.64,849.76,855.5,289679,827.5933245057889,798.3262544885013,61.73119454674779,835.6131127906938,822.4093463614992,13.203766429194616,11.928080488520116,1.2756859406744994,834.115,15.797594587041285,865.7101891740825,802.5198108259175
2024-11-12,867.94,872.73,846.89,851.67,108223,829.8863412195233,800.4181660771875,60.1392762986746,838.083403130587,824.5768021865733,13.506600944013712,12.243784579618836,1.262816364394876,836.9234999999999,13.379131934301995,863.6817638686039,810.1652361313959
2024-11-13,843.06,859.9,842.11,843.06,94717,831.1409753890925,802.0903948584743,56.60531068541205,838.849033418189,825.9459279505309,12.903105467658179,12.375648757226706,0.5274567104314727,837.4495000000001,13.404497075301796,864.2584941506036,810.6405058493965
2024-11-14,837.32,851.67,837.32,839.23,127830,831.9113586853694,803.5468499620634,55.055477481205955,838.9076436615445,826.9299332875287,11.977710374015828,12.296061080584531,-0.3183507065687028,838.0235,13.211698673591275,864.4468973471826,811.6001026528174
2024-11-17,855.5,861.24,840.19,842.11,165932,832.8826578581912,805.059130355708,56.03037494844065,839.4003138674607,828.0543826736376,11.345931193823048,12.106035103232236,-0.760103909409187,838.0715,13.225392353136636,864.5222847062732,811.6207152937268
2024-11-19,837.32,845.93,827.75,828.71,169232,832.4852618716968,805.9866154397979,50.53757748694903,837.7556501955437,828.1029469200348,9.652703275508884,11.615368737687565,-1.9626654621786805,836.6315000000001,12.548053854123609,861.7276077082473,811.5353922917528
2024-11-20,829.19,833.49,822.97,823.92,106912,831.669522645821,806.6898854225509,48.6997196433274,835.6270886269984,827.7930990000323,7.833989626966172,10.859092915543288,-3.0251032885771156,834.9565,11.843113599747133,858.6427271994943,811.2702728005057
2024-11-21,823.92,830.53,808.8,810.53,121493,829.6562347747904,806.8404781510783,43.89425959814465,831.7659980689987,826.5143509259558,5.251647143042874,9.737603761043205,-4.485956618000332,833.1385,12.676273848567924,858.4910476971359,807.7859523028642
2024-11-24,813.4,822.97,801.91,802.97,106931,827.1146886057628,806.6886946941733,41.409769746370046,827.3358445199219,824.7703249314405,2.5655195884813793,8.30318692653084,-5.7376673380494605,831.2774999999999,14.22418025571414,859.7258605114282,802.8291394885716
2024-11-25,818.18,825.84,800.48,811.48,103463,825.6256706433091,806.876589019892,45.171829602721765,824.8964838245494,823.7858564180004,1.1106274065489288,6.864675022534458,-5.754047615985529,830.9424999999999,14.622208730474842,860.1869174609495,801.6980825390502
2024-11-26,813.4,832.44,813.4,827.75,83993,825.8279877248988,807.6951541563668,51.57392892757804,825.3354863130802,824.0794966833337,1.255989629746523,5.742937943976871,-4.486948314230348,830.9424999999999,14.622208730474842,860.1869174609495,801.6980825390502
2024-11-27,811.48,843.25,811.48,832.54,89279,826.467226989194,808.6694618365093,53.302721425214415,826.4438730341449,824.7062006327163,1.73767240142854,4.941884835467205,-3.2042124340386646,831.3684999999999,14.53375789958983,860.4360157991796,802.3009842008203
2024-11-28,832.54,842.11,818.37,818.37,111120,825.6960625140327,809.0498750978227,47.859558405140916,825.2017387211995,824.2368524377003,0.9648862834991405,4.146485125073593,-3.181598841574452,831.3779999999999,14.524742809560852,860.4274856191216,802.3285143808782
2024-12-01,813.4,817.22,806.22,808.61,166608,824.0688184650772,809.0326250939866,44.48959588937801,822.6491635333227,823.0793078126856,-0.4301442793628212,3.23115924418631,-3.6613035235491314,830.914,15.114553251739851,861.1431065034797,800.6848934965203
2024-12-02,808.61,818.18,803.83,805.74,84649,822.3232167064984,808.9035025412812,43.51918885156941,820.0477537589654,821.7949146413755,-1.7471608824100713,2.235495218867034,-3.9826561012771053,829.957,16.091103818723692,862.1392076374474,797.7747923625526
2024-12-03,810.53,815.31,804.78,806.7,84526,820.8352913058795,808.8170906769172,43.95951188651467,817.9942531806631,820.6767728160885,-2.682519635425365,1.2518922480085544,-3.9344118834339192,828.1865,16.62282523170757,861.4321504634152,794.9408495365849
2024-12-04,822.01,822.97,804.78,804.78,107864,819.3062159434148,808.6587733954694,43.23356276252772,815.9612911528689,819.4992340889709,-3.537942936102013,0.293925211186441,-3.831868147288454,826.6074999999998,17.29198380600253,861.1914676120049,792.0235323879948
2024-12-05,804.88,811.48,794.26,797.13,137241,817.1941953773753,808.2066646348628,40.37276776663744,813.0641694370429,817.8422537860841,-4.778084349041251,-0.7204767008590974,-4.057607648182153,824.7940000000001,18.408022678904334,861.6100453578088,787.9779546421914
2024-12-08,802.87,807.66,784.69,788.52,117257,814.4633196271492,807.4346385707505,37.37515765970526,809.2881433698055,815.670234987115,-6.38209161730947,-1.852799684149172,-4.529291933160298,822.5930000000001,19.996269678425588,862.5855393568512,782.600460643149
2024-12-09,788.52,801.34,781.82,784.69,81286,811.6277653769445,806.5426919601329,36.09143537273146,805.5038136206047,813.3754027658472,-7.871589145242524,-3.056557576367843,-4.815031568874681,819.2004999999999,20.399688716657856,859.9998774333156,778.4011225666842
2024-12-10,781.82,794.26,780.1,784.5,51818,809.0441686743783,805.6782726675787,36.025330187243526,802.2724576789732,811.236484042451,-8.964026363477842,-4.238051333789843,-4.725975029687999,815.6505,19.92250736570433,855.4955147314087,775.8054852685913
2024-12-11,784.5,794.26,777.99,787.94,75709,807.0342478482471,804.9826541315952,38.23124995097198,800.0674641899003,809.510818557825,-9.443354367924712,-5.279111940616817,-4.1642424273078955,812.464,18.930081157546184,850.3241623150924,774.6038376849077
2024-12-12,803.64,803.64,783.73,784.69,92638,804.9062242436521,804.1868637734934,36.93545952442652,797.7017004683771,807.6722394053935,-9.970538937016386,-6.217397339896731,-3.7531415971196544,809.5455,18.458400590737323,846.4623011814746,772.6286988185253
2024-12-16,784.69,784.69,770.33,773.97,188460,801.9599171728281,803.0018887235525,32.96643026885707,794.0506696270884,805.1757772272163,-11.125107600127876,-7.198939391942961,-3.926168208184915,806.2825,18.70131120507836,843.6851224101567,768.8798775898433
2024-12-17,773.21,784.69,767.46,774.16,66294,799.3123060135111,801.8708342638054,33.10364058848553,790.9905666075363,802.8783122474225,-11.887745639886248,-8.136700641531618,-3.7510449983546295,802.885,18.009393601519665,838.9037872030393,766.8662127969607
2024-12-18,774.16,779.9,765.84,766.51,75351,796.1882768693673,800.484134880911,30.405074731015432,787.2243255909923,800.1843631920578,-12.960037601065551,-9.101368033438405,-3.858669567627146,799.775,18.67336253653255,837.1217250730651,762.4282749269348
2024-12-19,751.2,775.12,751.2,757.42,69267,792.4960600246657,798.7953452777381,27.53298686488398,782.6390447308396,797.0166325852388,-14.377587854399167,-10.156611997630558,-4.220975856768609,796.45,20.019789419990964,836.489578839982,756.4104211600181
2024-12-22,757.89,765.55,748.61,753.21,62708,788.754530498507,797.0076846786111,26.294151202290536,778.1114993876336,793.771696838184,-15.660197450550413,-11.25732908821453,-4.402868362335884,793.5840000000001,21.91156805745712,837.4071361149144,749.7608638850858
2024-12-23,753.21,764.21,747.37,761.53,52947,786.1617180700778,795.6164029265087,32.73543755749421,775.5604994818437,791.3834229983186,-15.822923516474816,-12.170447973866587,-3.6524755426082294,791.512,22.913702772284058,837.3394055445681,745.6845944554318
2024-12-24,760.77,775.12,760.77,767.94,63100,784.426316349118,794.5310537921358,37.28296725885879,774.3881149461754,789.6468731465912,-15.258758200415855,-12.788110019176441,-2.4706481812394134,789.3349999999999,22.984948507544573,835.3048970150891,743.3651029849108
2024-12-26,766.51,778.95,761.72,765.55,54712,782.6285719349163,793.3945418787188,36.29761422473647,773.0284049544562,787.8619195801771,-14.833514625720909,-13.197190940485335,-1.636323685235574,786.225,21.684849549852604,829.5946990997053,742.8553009002948
2024-12-29,766.51,770.33,758.85,761.72,57077,780.6372793696862,792.1524029815141,34.71427125590043,771.2886503460784,785.9254810927566,-14.636830746678243,-13.485118901723917,-1.1517118449543258,782.684,19.38401875663666,821.4520375132732,743.9159624867267
2024-12-31,776.94,776.94,751.2,755.98,69381,778.2889670487637,790.7338773743959,32.431012034008816,768.9334733697586,783.707297308108,-14.773823938349324,-13.742859909048999,-1.0309640293003248,779.5645,18.33037584677305,816.225251693546,742.9037483064538
2025-01-01,755.98,763.64,748.33,758.85,48282,776.4376368536433,789.4835292420667,34.742194944832406,767.3821697744112,781.8660160260259,-14.48384625161475,-13.89105717756215,-0.5927890740526003,777.0765,17.540475680693962,812.157451361388,741.995548638612
2025-01-02,753.11,762.49,753.11,756.94,61166,774.5807190580582,788.2073124090446,33.910886484532654,765.7756821168094,780.0196444685425,-14.243962351733103,-13.961638212396341,-0.2823241393367617,774.6365,16.718265861649908,808.0730317232998,741.1999682767001
2025-01-05,756.94,763.64,753.11,759.81,56720,773.1739839096717,787.0936923145722,36.374482473076135,764.8578848680695,778.522633767169,-13.66474889909955,-13.902260349736983,0.23751145063743273,772.292,15.204451079579888,802.7009021591598,741.8830978408403
2025-01-06,774.16,785.65,758.95,779.9,81135,773.8145568706553,786.8115867336087,50.33176858047187,767.172056426828,778.624660895527,-11.45260446869895,-13.412329173529377,1.9597247048304265,771.048,13.305701429315048,797.6594028586301,744.4365971413699
2025-01-07,779.9,794.26,775.12,789.47,98799,775.3055514544025,786.9158382342515,55.355789975255746,770.6025092842391,779.4280193477101,-8.825510063471029,-12.494965351517708,3.669455288046679,770.6650000000001,12.60734476823032,795.8796895364608,745.4503104635394
2025-01-08,805.26,805.26,780.86,789.47,61468,776.6545465539832,787.0160014407516,55.35578997525574,773.5052001635869,780.1718697663982,-6.666669602811339,-11.329306201776435,4.662636598965095,770.7125,12.679738447816044,796.071976895632,745.3530231043679
2025-01-09,805.26,805.26,778.95,779.81,72701,776.9550659297944,786.7334131489574,49.49484905376015,774.475169369189,780.1450645985169,-5.669895229327949,-10.197424007286738,4.527528777958789,770.4685,12.441320912684192,795.3511418253684,745.5858581746315
2025-01-12,779.43,784.69,763.64,765.55,75372,775.8688691745758,785.9026910646846,42.36418144315581,773.1020663893137,779.0639487023304,-5.961882313016758,-9.350315668432744,3.3884333554159856,769.521,12.031310861763737,793.5836217235275,745.4583782764724
2025-01-13,761.72,769.38,747.46,755.98,128865,773.9746911579496,784.7292521994029,38.36907284456006,770.4679023294193,777.3540265762318,-6.886124246812528,-8.857477384108702,1.9713531372961732,767.923,11.56975053180427,791.0625010636086,744.7834989363914
2025-01-15,755.98,778.95,755.98,757.13,74914,772.3704348571925,783.6469285837402,39.112145072299676,768.4159173556625,775.855950533548,-7.440033177885539,-8.573988542864068,1.1339553649785294,766.5450000000001,11.099317902218251,788.7436358044366,744.3463641955635
2025-01-16,755.98,770.33,753.3,754.07,68239,770.6275362993647,782.4870490314368,37.80597118497541,766.208853147099,774.2421764199519,-8.03332327285284,-8.465855488861823,0.4325322160089833,765.55,11.289018417996846,788.1280368359936,742.9719631640063
2025-01-19,754.26,764.4,753.11,757.89,56319,769.414437604187,781.5224588733413,40.47830832640685,764.9290295860069,773.030904092548,-8.101874506541094,-8.393059292397679,0.2911847858565846,764.7365,11.221934946662993,787.180369893326,742.292630106674
2025-01-20,755.98,787.46,755.98,782.87,166768,770.6959197371216,781.5753036234064,54.3051641233374,767.6891788804674,773.7597260116185,-6.070547131151102,-7.928556860148364,1.8580097289972617,765.5545,11.931825410696625,789.4181508213932,741.6908491786068
2025-01-21,787.56,813.4,779.9,801.91,166530,773.6686892859672,782.3727426969983,61.62293940663247,772.9539205911647,775.8449314922393,-2.891010901074651,-6.921047668333621,4.03003676725897,767.779,14.256272820643066,796.2915456412861,739.2664543587139
2025-01-22,799.04,857.32,799.04,838.28,366181,779.8221474492084,784.5651841598611,71.13285761645503,783.0040866540623,780.469751381703,2.5343352723593853,-5.02997108019502,7.564306352554405,772.0325,20.847661707826372,813.7278234156528,730.3371765843473
2025-01-23,842.11,843.06,818.18,822.01,195123,783.8400381683314,786.0336083104548,63.546619635990396,789.0049963995912,783.5468068349102,5.458189564680993,-2.9323389512198177,8.39052851590081,775.0564999999999,23.4660241009213,821.9885482018425,728.1244517981573
2025-01-26,822.01,851.77,818.28,825.93,212046,787.8486059618236,787.598172690437,64.52819289416081,794.6857661842695,786.6863026249168,7.999463559352648,-0.7459784491053245,8.745442008457973,777.956,25.98760623632908,829.9312124726582,725.9807875273418
2025-01-27,825.84,832.54,794.35,796.17,282073,788.6411196797452,787.9343227810081,52.8855081992775,794.914109848228,787.3887987267748,7.525311121453228,0.9082794650063861,6.6170316564468425,779.487,26.119885165375116,831.7267703307502,727.2472296692497
2025-01-28,803.83,818.18,796.17,811.58,161727,790.8257749483408,788.8616042405764,57.192534680292454,797.4780929485007,789.1807395618284,8.297353386672285,2.386094249339566,5.911259137332719,781.98,26.707689608243452,835.395379216487,728.5646207835131
2025-02-02,813.4,844.98,813.4,842.11,317806,795.7099868580226,790.9497766232989,64.17916258936253,804.3445401871928,793.1014255202115,11.243114666981342,4.157498332867921,7.08561633411342,786.2865,29.128942972307726,844.5443859446154,728.0286140553847
2025-02-03,846.89,852.63,827.75,828.71,211333,798.8528452524966,792.4305696968951,59.58262897866981,808.0930724660861,795.7390977038995,12.353974762186681,5.796793618731673,6.557181143455008,789.7795,29.845551458162866,849.4706029163257,730.0883970836743
2025-02-04,828.71,855.5,823.92,830.81,243742,801.8963837998779,793.9356453950561,60.06533818813746,811.5879843943806,798.3369423184254,13.251042075955183,7.287643310176376,5.963398765778807,793.473,30.13706602210626,853.7471320442124,733.1988679557875
2025-02-05,846.89,846.89,828.71,837.22,149436,805.260537723699,795.6330710658383,61.57391383984148,815.5313714106296,801.2171688133569,14.314202597272697,8.692955167595642,5.621247429677055,797.3435000000001,30.55417901901557,858.4518580380312,736.2351419619689
2025-02-06,837.32,840.19,824.11,825.84,98873,807.2204865119182,796.8176565142368,57.42631318790389,817.1173142705328,803.0410822345897,14.076232035943121,9.769610541265138,4.306621494677984,799.6405000000001,30.89868835147924,861.4378767029585,737.8431232970416
2025-02-09,827.75,837.22,815.98,819.14,91649,808.3556782726879,797.6930425332863,55.07416167306006,817.4284966904509,804.2335946616571,13.194902028793763,10.454668838770864,2.7402331900228987,801.124,31.096307006997097,863.3166140139942,738.9313859860058
2025-02-10,802.78,827.75,802.78,810.81,114300,808.5894231990986,798.207433022177,52.21084137243121,816.4102664303815,804.7207357978306,11.689530632550941,10.701641197526879,0.9878894350240621,802.191,31.04144850458641,864.2738970091729,740.1081029908272
2025-02-11,810.53,822.97,810.53,816.75,75636,809.3666209896608,798.9345925115034,54.045585073565405,816.4625331333998,805.6117924053987,10.850740728001142,10.731461103621731,0.11927962437941098,804.038,30.737159167430235,865.5123183348605,742.5636816651395
2025-02-12,818.18,825.84,808.61,812.44,92679,809.6593237525503,799.4642163345817,52.471440851979814,815.8436818821076,806.1175855605543,9.726096321553314,10.530388147208047,-0.8042918256547331,806.3824999999999,29.406426056574453,865.1953521131488,747.569647886851
2025-02-13,822.97,822.97,807.66,807.66,80898,809.4689119665932,799.7856196155784,50.70746943287794,814.5846539002449,806.2318384819947,8.352815418250202,10.094873601416479,-1.742058183166277,808.9665,26.908909554658262,862.7843191093165,755.1486808906835
2025-02-16,808.61,817.22,808.61,811.96,78973,809.7061584459652,800.2630462973204,52.26220367491889,814.180860992515,806.6561467425877,7.524714249927342,9.580841731118651,-2.056127481191309,811.7080000000001,23.98389889729176,859.6757977945836,763.7402022054166
2025-02-17,818.18,840.19,813.4,838.28,175548,812.4274766892066,801.7539072268373,60.47904017763895,817.8884208398204,808.9986543912848,8.88976644853551,9.442626674602025,-0.5528602260665139,815.9185,20.466515213873603,856.8515304277472,774.9854695722528
2025-02-18,842.11,898.56,842.11,895.69,893085,820.3572408140441,805.4376755708829,71.85764585934322,829.857894556771,815.420235547486,14.437659009285085,10.441633141538638,3.9960258677464466,822.8084999999999,22.94780124198872,868.7041024839773,776.9128975160224
2025-02-20,899.52,899.52,877.51,893.78,411814,827.3498845460398,808.9020804504561,71.12396359844513,839.69206462496,821.2246625439685,18.46740208099152,12.046786929429214,6.4206151515623056,828.3539999999999,25.98810322962013,880.3302064592402,776.3777935407596
2025-02-23,876.46,954.07,864.11,939.71,990672,838.0508479226074,814.0318027857323,77.1624963368798,855.0794392980431,830.0013542073783,25.078085090664786,14.653046561676328,10.425038528988457,835.244,35.23132598307957,905.7066519661591,764.7813480338409
2025-02-24,939.71,977.03,930.14,947.37,895420,848.4621957395019,819.2607516960958,77.98919416181025,869.2779870983443,838.6953279697947,30.582659128549608,17.838969075050983,12.743690053498625,840.6985000000001,43.256682754164515,927.2118655083291,754.1851344916711
2025-02-25,956.94,1004.31,942.58,980.86,1006425,861.0715104309779,825.5979771197783,81.19440312397937,886.444450621676,849.2260444164766,37.21840620519936,21.71485650108066,15.503549704118697,848.641,53.10664116463368,954.8542823292673,742.4277176707326
2025-02-27,1000.0,1023.92,972.25,985.55,925848,872.9266046756467,831.8706054680223,81.59852778597165,901.6914582183413,859.3241152004413,42.3673430179,25.845353804444528,16.52198921345547,856.622,60.93151847080111,978.4850369416022,734.7589630583977
2025-03-02,1000.0,1000.0,960.86,975.22,841190,882.6688328017756,837.4921503516293,77.64093460579765,913.0035415693657,867.9089955559641,45.094546013401555,29.695192246235933,15.399353767165621,865.5745000000001,64.62378782126669,994.8220756425335,736.3269243574666
2025-03-03,976.08,1052.63,976.08,1045.07,1295506,898.1356106301779,845.6324581809772,83.47668571827727,933.3214582510017,881.0320329221889,52.28942532881274,34.214038862751295,18.075386466061445,877.2490000000001,74.66620266224649,1026.581405324493,727.9165946755072
2025-03-04,1065.93,1106.22,1048.04,1075.69,962620,915.0455524749229,854.6543225660369,85.28927962239592,955.2243108277706,895.4511415946193,59.77316923315129,39.325864936831294,20.44730429632,888.9280000000001,86.24991073069171,1061.4278214613835,716.4281785386167
2025-03-05,1081.34,1091.87,1063.16,1066.99,858970,929.516452239216,862.9812118771728,82.51941686100712,972.4190322388829,908.1577236987216,64.26130854016128,44.312953657497296,19.948354882663985,900.842,93.63504048333316,1088.1120809666663,713.5719190333336
2025-03-06,1062.2,1080.38,1023.92,1026.79,1025051,938.7805996450049,869.4050859212052,71.0391258303164,980.783796509824,916.9452997210386,63.83849678878539,48.21806228375492,15.620434505030474,910.641,96.14159102731138,1102.9241820546226,718.3578179453772
2025-03-09,1026.79,1038.28,1000.0,1000.96,1062246,944.7024472978617,874.5641021595893,64.80090355063241,983.887827816005,923.1686108528135,60.71921696319157,50.718293219642256,10.000923743549315,918.8280000000001,96.53121778116873,1111.8904355623376,725.7655644376626
2025-03-10,1004.78,1035.41,1001.63,1012.63,688501,951.1717380313986,879.9784510945075,66.24320352363772,988.3097004596966,929.7953804192717,58.51432004042488,52.27749858379879,6.236821456626089,928.1674999999999,96.09610484876532,1120.3597096975304,735.9752903024693
2025-03-11,1012.54,1023.92,967.46,974.16,565743,953.3610963141225,883.6718451692327,57.8308135768405,986.1328234658972,933.0816485363626,53.05117492953457,52.43223385294595,0.6189410765886194,935.9185,93.04258228727232,1122.0036645745447,749.8333354254553
2025-03-12,974.16,995.22,966.51,987.66,545271,956.6276585699204,887.7498120253413,59.76194280940302,986.3677737019129,937.124489385521,49.243284316391964,51.79444394563515,-2.5511596292431875,944.7609999999999,88.83538003698422,1122.4317600739682,767.0902399260315
2025-03-16,998.09,998.09,954.07,955.98,582670,956.5659768013566,890.4255056714063,53.56300681390356,981.6927315939263,938.5211938754824,43.171537718443915,50.06986270019691,-6.898324981752992,951.7224999999999,83.57554741070872,1118.8735948214173,784.5714051785824
2025-03-17,956.94,971.29,938.85,941.63,440373,955.143502820275,892.4335250568413,50.98329181278763,975.52923442563,938.7514758106317,36.77775861499822,47.411441883157174,-10.633683268158954,958.182,76.975837398222,1112.133674796444,804.230325203556
2025-03-18,941.63,964.5,941.63,943.54,323111,954.0384073135822,894.4377005448083,51.31936138790391,970.6078137447638,939.1061813061405,31.501632438623346,44.22947999425041,-12.727847555627065,964.976,68.52377930708381,1102.0235586141675,827.9284413858323
2025-03-19,943.54,953.11,924.69,934.93,302680,952.2185589980029,896.0256338567766,49.66625451226254,965.1189193224925,938.7968345427226,26.322084779769853,40.6480009513543,-14.325916171584446,971.1245000000001,58.91449785605566,1088.9534957121114,853.2955042878888
2025-03-20,934.93,943.54,919.62,922.55,238596,949.392981950574,897.0658050780795,47.30662494141225,958.5698548113398,937.5933653173357,20.976489494004113,36.713698659884265,-15.737209165880152,975.338,51.45472834903795,1078.247456698076,872.428543301924
2025-03-23,923.54,924.5,894.83,897.24,445109,944.4260312886146,897.0726362514881,42.826863629463496,949.1344925326721,934.6042271456812,14.53026538699089,32.27701200530559,-17.746746618314702,975.4155000000001,51.32946516839319,1078.0744303367865,872.7565696632137
2025-03-24,896.65,927.85,886.12,920.37,343205,942.1349806896989,897.9862583592729,47.70096704575973,944.7091859891841,933.5498399497048,11.15934603947926,28.053478812140327,-16.894132772661067,976.7450000000001,49.41226499138197,1075.5695299827642,877.9204700172362
2025-03-25,920.57,920.57,894.83,898.99,246173,938.0259349097275,898.0256207765564,43.969568186144066,937.6754650677711,930.9898518052822,6.685613262488914,23.779905702210044,-17.09429243972113,974.7089999999998,51.79982197693069,1078.3086439538613,871.1093560461385
2025-03-26,895.69,946.41,895.69,936.33,432277,937.8644172992773,899.5277532951228,51.15590912668178,937.4684704419602,931.3854183382242,6.083052103736009,20.24053498251524,-14.15748287877923,974.1569999999999,52.16403389914535,1078.4850677982906,869.8289322017092
2025-03-27,939.71,978.95,933.01,975.8,508860,941.4773299374414,902.5188217933533,57.37873538602091,943.3656288355048,934.6753873502076,8.690241485297179,17.930476283071627,-9.240234797774448,973.9039999999999,52.142078815075074,1078.18815763015,869.6198423698497
2025-03-30,975.12,1014.35,957.89,995.87,664401,946.6575842291136,906.179652311261,60.15830994017121,951.4432243992733,939.2083216205626,12.234902778710648,16.791361582199432,-4.556458803488784,974.4199999999998,52.31417338390918,1079.0483467678182,869.7916532321815
2025-04-01,995.69,1007.66,966.51,976.65,627309,949.5140047787219,908.9431953578782,56.36717731788841,955.3211898763082,941.9817792782987,13.339410598009408,16.10097138536143,-2.761560787352021,974.4914999999999,52.31630150244131,1079.1241030048825,869.8588969951172
2025-04-02,996.17,996.17,975.98,985.95,339935,952.9840995617008,911.9630700497261,57.75447082453432,960.0333145107223,945.2386845169433,14.79462999377904,15.839703107044953,-1.0450731132659126,971.5355,49.72457112354677,1070.9846422470935,872.0863577529065
2025-04-03,986.6,1016.17,977.99,1012.6,690450,958.6618043653483,915.9096163222858,61.529195347868324,968.1204968936881,950.2284115897623,17.892085303925796,16.250179546421123,1.6419057575046736,968.381,44.49556002687092,1057.3721200537418,879.3898799462581
2025-04-07,1014.35,1028.71,995.22,998.68,475547,962.473061092458,919.1555137214119,58.58467061956089,972.8219589100438,953.8174181386688,19.00454077137499,16.801051791411897,2.203488979963094,964.9654999999999,38.782948026564334,1042.5313960531287,887.3996039468713
2025-04-08,1018.56,1018.56,972.34,994.89,394776,965.5603886074621,922.1254935754743,57.77398779183901,976.2170421546525,956.8598316098785,19.357210544774034,17.312283542084327,2.0449270026897075,963.3705,36.70691208033301,1036.784324160666,889.9566758393339
2025-04-09,993.3,1009.28,991.58,998.05,262170,968.6546373115134,925.1029251999655,58.292210818929085,979.5759587462444,959.9109551943319,19.66500355191249,17.78282754404996,1.8821760078625296,963.225,36.55552683391222,1036.3360536678244,890.1139463321756
2025-04-10,1000.0,1013.4,982.87,985.39,295013,970.2484813770836,927.4671242117316,55.36084092808765,980.4704266314375,961.7982918466035,18.67213478483393,17.960688992206755,0.711445792627174,961.863,35.09622608291056,1032.0554521658212,891.6705478341789
2025-04-13,985.36,995.22,966.51,967.86,386237,970.0210069602185,929.0511585563697,51.49902146750477,978.5303609958318,962.2473072653736,16.283053730458164,17.625161939857037,-1.342108209398873,961.548,35.00820950336068,1031.5644190067214,891.5315809932787
2025-04-15,967.46,998.09,967.46,980.37,302559,971.0066253449596,931.0636621423945,53.96687738909106,978.8133823810883,963.58972894942,15.223653431668367,17.1448602382193,-1.9212068065509342,961.1835000000001,34.759091090255325,1030.7016821805107,891.6653178194895
2025-04-16,985.65,995.12,967.46,970.1,239943,970.9202800740111,932.5944989211241,51.643689275350916,977.4728620147671,964.071971249463,13.400890765304098,16.39606634363626,-2.9951755783321623,961.8895,34.79122143889376,1031.4719428777876,892.3070571222124
2025-04-17,979.9,990.43,965.45,971.22,343856,970.9488248288671,934.1092244536292,51.88693898904497,976.5108832432644,964.6014548606139,11.909428382650503,15.49873875143911,-3.589310368788606,963.369,34.512381592082406,1032.3937631841648,894.3442368158352
2025-04-20,980.86,985.65,957.03,961.09,184072,970.0098891308799,935.1672940828987,49.46335085128313,974.1384396673776,964.3413470931611,9.797092574216549,14.358409515994598,-4.561316941778049,964.2465,34.20340830584659,1032.653316611693,895.8396833883068
2025-04-21,975.02,975.02,943.54,949.79,273169,968.0841854041295,935.7407335306282,46.83533442998024,970.3925258723964,963.2634695307047,7.129056341691694,12.912538881134019,-5.783482539442325,964.9895,33.690606136454676,1032.3707122729093,897.6082877270907
2025-04-22,948.33,984.69,938.95,975.33,363512,968.7742629846887,937.2932537843291,52.92336824300572,971.1521372766431,964.1572866025043,6.994850674138775,11.72900123973497,-4.734150565596195,967.6285,32.226672718003236,1032.0818454360065,903.1751545639936
2025-04-23,985.65,985.65,951.87,954.69,226087,967.4329046051946,937.97547912612,48.126962590715436,968.6195007725441,963.4560061134299,5.163494659114235,10.415899923610823,-5.252405264496588,970.5009999999999,27.89118798775034,1026.2833759755006,914.7186240244991
2025-04-24,954.16,959.71,945.45,950.51,154580,965.8211994046999,938.4670289643115,47.19412162645937,965.8334237306143,962.4970426976203,3.3363810329940407,8.999996145487467,-5.663615112493426,972.008,25.77386571090602,1023.5557314218121,920.460268578188
2025-04-27,931.77,971.29,931.77,948.98,255626,964.2172756518713,938.8793023382601,46.836271395106245,963.2405893105198,961.4957802755742,1.744809034945547,7.548958723379084,-5.804149688433537,974.5075,20.124953579537802,1014.7574071590757,934.2575928409244
2025-04-28,949.28,970.33,942.58,946.33,198358,962.5137255897884,939.1714865602892,46.1830874751111,960.6389601858244,960.3723891440502,0.2665710417742275,6.092481187058113,-5.825910145283886,975.0075,19.23088439134529,1013.4692687826906,936.5457312173095
2025-04-29,956.94,957.89,933.01,933.56,137163,959.7562279145704,938.9514282638073,43.066211332137335,956.4729663110821,958.3862862444909,-1.9133199334087294,4.491320962964745,-6.404640896373475,972.8955,21.34277604273006,1015.5810520854601,930.2099479145398
2025-04-30,937.8,942.58,923.44,925.08,198528,956.4537300179447,938.4074506848344,41.08335119546905,951.6432791863003,955.9191539300841,-4.275874743783788,2.737881821615039,-7.013756565398827,969.3560000000001,23.127451084886538,1015.6109021697732,923.101097830227
2025-05-04,929.57,951.1,929.57,935.14,204080,954.4238509686166,938.2793153638605,44.35643534209101,949.1043131576388,954.3799573426705,-5.2756441850317515,1.135176620285681,-6.4108208053174325,967.2805000000001,24.272660703581508,1015.8258214071631,918.7351785928371
2025-05-05,937.8,945.45,928.23,928.89,144708,951.9920556382722,937.9111069182189,42.76681729126465,945.9944188256944,952.4918123543246,-6.497393528630141,-0.3913374094974835,-6.106056119132658,964.4275,25.294650126056563,1015.0168002521132,913.8381997478868
2025-05-06,928.23,937.8,909.19,911.36,228694,948.1223360536749,936.8698870390731,38.58954844295027,940.6660466986646,949.4450114391894,-8.778964740524884,-2.0688628757029637,-6.710101864821921,959.3655000000001,25.277054390965475,1009.9196087819311,908.8113912180692
2025-05-07,911.48,934.93,898.56,928.21,215278,946.225923096182,936.5302836257761,44.22852511734618,938.749731821947,947.8720476288792,-9.122315806932193,-3.4795534619488095,-5.6427623449833835,955.842,24.404911412505697,1004.6518228250113,907.0321771749886
2025-05-08,937.8,937.8,909.09,910.16,120454,942.791073277498,935.4961548561378,39.99214703730827,934.3513115416474,945.0785626193325,-10.727251077685082,-4.929092985096064,-5.798158092589018,951.6055,24.6229829470385,1000.851465894077,902.359534105923
2025-05-11,911.0,921.53,894.74,895.12,155620,938.2509710605934,933.9127762343285,36.82686563782923,928.3157251506248,941.3779283512339,-13.062203200609133,-6.555715028198678,-6.506488172410455,946.4589999999998,25.155647456326673,996.7702949126532,896.1477050873465
2025-05-13,899.52,906.12,895.69,896.33,125152,934.2584976262513,932.4389418721979,37.257119006298446,923.394844358221,938.041044769661,-14.646200411439963,-8.173812104846936,-6.472388306593027,942.006,25.776401978301728,993.5588039566035,890.4531960433965
2025-05-14,891.87,937.8,891.87,921.0,277641,932.9957835666082,931.9903559164255,45.4191887747795,923.0264067646485,936.7787451570935,-13.752338392444926,-9.289517362366535,-4.462821030078391,939.6630000000001,25.430053521471276,990.5231070429427,888.8028929570576
2025-05-15,921.53,928.23,900.67,903.24,111582,930.1618994174074,930.8628909785265,41.25812972776548,919.9823441854719,934.2943936639754,-14.312049478503468,-10.294023785593922,-4.018025692909546,935.8065,24.771787916470238,985.3500758329405,886.2629241670595
2025-05-18,908.13,947.37,899.52,945.79,432150,931.6502899490829,931.448267802898,52.48871873902709,923.9527527723224,935.1459200592365,-11.193167286914104,-10.47385248585796,-0.7193148010561448,934.591,23.567668955576288,981.7263379111525,887.4556620888475
2025-05-19,955.02,971.29,942.58,946.46,410263,933.0607385253606,932.0369631831766,52.642253146702664,927.4154061919651,935.9840000548486,-8.568593862883517,-10.09280076126307,1.5242068983795534,933.3530000000001,22.149969727902647,977.6529394558054,889.0530605441948
2025-05-20,946.41,961.44,934.07,956.49,178194,935.2920967610405,932.9959058034442,54.987317085238665,931.8884206239704,937.5029630137487,-5.6145423897783076,-9.19714908696612,3.5826066971878117,933.1229999999999,21.86889598444747,976.8607919688949,889.385208031105
2025-05-21,975.6,993.3,940.67,944.97,371290,936.2138018314176,933.4654781248778,51.81376908579976,933.9009712972057,938.0560768645821,-4.155105567376381,-8.188740383048172,4.033634815671791,932.882,21.701472809579045,976.2849456191581,889.4790543808418
2025-05-22,952.15,952.15,928.23,933.69,246597,935.973439752235,933.4742829042943,48.841340559418384,933.8685141745586,937.7326637635019,-3.8641495889432917,-7.323822224227196,3.459672635283904,930.8,19.276724716328506,969.3534494326569,892.246550567343
2025-05-25,950.0,955.0,937.8,939.93,151263,936.3502550139269,933.7274482805966,50.531979774398295,934.8010504553957,937.8954294106499,-3.0943789552541148,-6.4779335704325804,3.3835546151784657,930.0619999999999,18.5840652172671,967.2301304345341,892.8938695654657
2025-05-26,958.7,960.0,933.1,936.14,161302,936.3302307268863,933.8220581519458,49.46280229167032,935.0070426930272,937.7653976024535,-2.7583549094263162,-5.7340178382313285,2.9756629288050123,929.3435,18.021155192531957,965.3858103850639,893.301189614936
2025-05-27,935.0,942.8,928.0,935.32,89001,936.2340182767066,933.8808009695166,49.22014924854837,935.055189971023,937.5842570393088,-2.5290670682858263,-5.093027684242228,2.563960615956402,928.6605,17.48875623002739,963.6380124600547,893.6829875399452
2025-05-28,954.0,954.0,932.0,936.18,108795,936.228873678925,933.9709656373788,49.49996232669064,935.2282376677887,937.48023799936,-2.2520003315713666,-4.524822213708056,2.2728218821366895,928.1529999999999,17.09178907206172,962.3365781441233,893.9694218558765
2025-06-02,954.9,958.0,944.0,947.07,170214,937.2613618999796,934.4846532594423,53.02948535298354,937.0500472573597,938.1905907401482,-1.1405434827885301,-3.847966467524151,2.707422984735621,928.8285,17.57681944612684,963.9821388922536,893.6748611077463
2025-06-03,930.0,966.0,930.0,935.87,96404,937.1288512428388,934.5389805826015,49.21939385920154,936.8685015254582,938.0186951297668,-1.1501936043085834,-3.3084118948810373,2.158218290572454,929.368,17.621245131931992,964.610490263864,894.1255097361361
2025-06-04,936.0,944.0,925.0,930.61,119150,936.5080082673303,934.3849029126957,47.49353646909951,935.9056551369262,937.4699028979322,-1.5642477610060723,-2.9595790681060445,1.3953313070999722,929.1415,17.572193726682453,964.2858874533648,893.9971125466351
2025-06-05,912.0,943.0,912.0,927.78,100124,935.6767693847274,934.1258871121978,46.54783618930032,934.6555543466299,936.7521323129002,-2.096577966270388,-2.7869788477389132,0.6904008814685252,929.086,17.574782592041696,964.2355651840834,893.9364348159166
2025-06-08,930.0,935.0,910.0,913.37,131188,933.5523151576106,933.3119307548568,41.965626608203,931.3808536779176,935.0201225119447,-3.6392688340271206,-2.957436844996555,-0.6818319890305657,929.1865,17.473538271812014,964.133576543624,894.239423456376
2025-06-09,910.0,942.0,910.0,939.3,166379,934.0997137140286,933.5467569997644,51.262949495892876,932.5991838813148,935.3371504740229,-2.7379665927080623,-2.9135427945388566,0.17557620183079425,929.741,17.61629953972516,964.9735990794503,894.5084009205497
2025-06-10,944.0,953.9,935.0,937.62,125074,934.4349790745972,933.7064920193815,50.69626668265016,933.3716171303433,935.5062504389101,-2.1346333085667766,-2.7577608973444407,0.6231275887776642,931.1140000000001,17.071531673632748,965.2570633472657,896.9709366527346
2025-06-11,939.0,940.0,926.0,927.72,107782,933.7954572579688,933.4717276264646,47.37290888881228,932.502137571829,934.9294911471391,-2.4273535753100077,-2.691679432937554,0.26432585762754623,932.744,14.868051017274116,962.4801020345483,903.0078979654518
2025-06-12,927.7,933.0,915.0,917.6,196388,932.2530327572099,932.8493069352307,44.1843147282275,930.2095010223169,933.6458251362399,-3.4363241139229785,-2.8406083691346393,-0.5957157447883392,933.8075000000001,12.733835108818589,959.2751702176373,908.3398297823629
2025-06-15,925.0,928.0,912.0,913.66,154620,930.4822677327138,932.0967850946336,42.971620480448095,927.6634239419604,932.1653936446666,-4.501969702706106,-3.1728806358489328,-1.3290890668571729,933.4405,13.218918848602927,959.8783376972059,907.0026623027942
2025-06-16,913.5,922.0,901.0,905.47,131625,928.1001469962648,931.0525974438636,40.48424363671383,924.2490510278127,930.187957078395,-5.938906050582318,-3.72608571879561,-2.212820331786708,933.5519999999999,12.957595862116923,959.4671917242338,907.636808275766
2025-06-17,915.0,915.0,903.0,904.91,78164,925.8915615680492,930.0273975441044,40.31241817697207,921.2738124081492,928.3155158133287,-7.041703405179533,-4.3892092560723945,-2.652494149107138,931.508,14.099502268171099,959.7070045363422,903.3089954636579
2025-06-18,900.1,910.0,897.0,899.53,116539,923.3809366568063,928.8314211698257,38.61669289506284,917.9286104992032,926.1832553827118,-8.254644883508604,-5.162296381559637,-3.092348501948967,929.1614999999999,15.33148163779887,959.8244632755976,898.4985367244022
2025-06-19,881.9,911.9,881.9,893.97,93582,920.5798950704437,927.4643066141463,36.8896680276808,914.2426704224027,923.7970883173257,-9.554417894922949,-6.0407206842323,-3.5136972106906494,926.0355,15.831662969128072,957.698825938256,894.3721740617439
2025-06-22,894.0,902.0,886.0,888.75,94173,917.5484764923062,925.9460985116308,35.29378117782167,910.3207211266486,921.2010077012276,-10.880286574579031,-7.008633862301647,-3.8716527122773847,923.2244999999999,17.22276384536834,957.6700276907366,888.7789723092633
2025-06-23,886.1,895.9,880.0,884.95,66621,914.4438596835151,924.3384083739198,34.13604829040767,906.4175332610104,918.5157478715071,-12.098214610496711,-8.02655001194066,-4.071664598556051,920.7875,19.018660607819744,958.8248212156395,882.7501787843605
2025-06-24,894.0,901.0,883.0,884.87,65820,911.6273016184184,922.790627653374,34.11067997479212,903.1025281439317,916.0234702513953,-12.920942107463588,-9.005428431045246,-3.9155136764183425,918.0345,20.058507704099963,958.1515154081999,877.9174845918001
2025-06-25,885.0,894.0,875.2,876.92,62395,908.3218443214262,920.9917795101045,31.597664319703597,899.0744468910192,913.1269168994402,-14.052470008420983,-10.014836746520393,-4.03763326190059,915.0735000000001,21.559920729023037,958.1933414580461,871.953658541954
2025-06-26,878.0,883.5,875.0,875.64,52817,905.2092877193857,919.2132783528456,31.19912175566958,895.4691473693239,910.3501082402224,-14.880960870898548,-10.988061571396024,-3.892899299502524,912.0895,22.709571938529244,957.5086438770585,866.6703561229416
2025-06-29,875.0,900.0,870.5,893.47,129876,904.0912603175394,918.203738025283,42.14576451794864,895.1615862355817,909.0997298520577,-13.938143616476054,-11.57807798041203,-2.360065636064025,909.9540000000001,22.32993610191145,954.613872203823,865.2941277961771
2025-06-30,894.9,900.0,890.0,891.57,47239,902.8987593349167,917.159277710566,41.39002933916158,894.6090345070306,907.8012313444979,-13.192196837467236,-11.90090175182307,-1.2912950856441654,907.1790000000001,20.875894408817153,948.9307888176344,865.4272111823658
2025-07-01,899.9,900.0,882.3,896.22,47203,902.2626870173056,916.3381295650536,44.03497317246529,894.8568753521029,906.9433623560166,-12.086487003913703,-11.9380188022412,-0.14846820167250385,905.1965,19.8660997350732,944.9286994701464,865.4643005298536
2025-07-02,896.0,910.0,890.0,905.25,75107,902.5471930156574,915.9033009546594,48.86127346041143,896.4558176056255,906.8179281074227,-10.362110501797247,-11.62283714215241,1.2607266403551627,903.9285000000002,18.94670760871643,941.8219152174331,866.0350847825673
2025-07-03,915.0,915.0,901.0,907.1,95369,902.9807936808329,915.5580734662415,49.81611340328609,898.093384127837,906.8388223216878,-8.74543819385076,-11.04735735249208,2.3019191586413204,902.8945,18.12291090681931,939.1403218136386,866.6486781863614
2025-07-06,925.0,954.0,918.0,946.58,362849,907.1330990445631,916.7746196048203,64.88456969563312,905.5528634927851,909.7826132608219,-4.229749768036754,-9.683835835601014,5.45408606756426,904.555,20.498908443331487,945.5528168866629,863.557183113337
2025-07-07,960.0,963.0,930.1,932.63,179282,909.5613753260333,917.3963992281607,58.23119586505358,909.7185768015873,911.4750122785388,-1.7564354769514239,-8.098355763871096,6.341920286919672,904.2215,19.95081564747834,944.1231312949567,864.3198687050433
2025-07-08,930.0,935.0,917.0,923.78,99777,910.9155300568873,917.6467365133309,54.418757223339135,911.8818726782662,912.3864928504988,-0.5046201722326487,-6.5796086455434075,6.074988473310759,903.5295,18.94613374667866,941.4217674933573,865.6372325066427
2025-07-09,920.0,935.0,918.0,926.72,116498,912.4207176705171,918.0025507677101,55.461955924084435,914.1646614969945,913.4482341208322,0.7164273761623008,-5.120401441202266,5.836828817364567,903.4795,18.88013812253458,941.2397762450692,865.7192237549309
2025-07-10,920.0,940.5,920.0,931.68,133555,914.2549350352297,918.538921325839,57.23998065699512,916.8593289589953,914.7987352970669,2.060593661928465,-3.6842024205761197,5.7447960825045845,904.1834999999999,19.679939097832676,943.5433781956652,864.8236218043345
2025-07-13,950.3,950.3,923.0,927.52,162656,915.518274555684,918.8911204895317,55.247847531199234,918.499432196073,915.7410512009878,2.75838099508519,-2.395685737443858,5.1540667325290475,904.8765,20.266491991246145,945.4094839824922,864.3435160175077
2025-07-14,919.0,933.0,912.0,914.75,105285,915.4451055503807,918.7287236075892,49.54724642810876,917.9225964736002,915.6676400009146,2.254956472685535,-1.4655572954179792,3.7205137681035145,905.3405,20.38667146497233,946.1138429299447,864.5671570700554
2025-07-15,925.0,927.0,913.0,915.28,114099,915.4293812122492,918.5934795445465,49.778858677275196,917.5160431699694,915.6389259267728,1.8771172431966079,-0.797022387695062,2.67413963089167,905.859,20.506664616262544,946.8723292325251,864.845670767475
2025-07-16,915.0,935.0,915.0,922.78,169639,916.1294401444159,918.7576568173095,53.06257751557309,918.3258826822818,916.1678943766415,2.1579883056402878,-0.20602024902799204,2.36400855466828,907.0215000000001,20.786101701546404,948.5937034030928,865.4492965969073
2025-07-17,941.2,980.0,930.0,973.92,288141,921.6333029878049,920.9208859617288,68.28842185214617,926.8788238080846,920.4458281265199,6.432995681564648,1.121782937090536,5.311212744474112,911.019,25.334235189388174,961.6874703787763,860.3505296212237
2025-07-20,993.3,1020.0,975.0,996.0,563638,928.7158455603949,923.8651649436217,72.44458122425587,937.5128509145331,926.0424334504814,11.470417464051707,3.19150984248277,8.278907621568937,916.3815000000001,31.073241030789518,978.5279820615791,854.235017938421
2025-07-21,996.0,1046.1,990.0,1039.54,736709,939.2705269355954,928.4014329850484,78.44407967856232,953.2093353892204,934.4496606022976,18.7596747869228,6.305142831370777,12.454531955552024,924.1110000000001,40.60759157699265,1005.3261831539854,842.8958168460148
2025-07-22,1040.1,1061.2,1030.4,1058.86,533910,950.6600005607768,933.5174552209288,80.47546373051362,969.4632837908789,943.6652412984237,25.798042492455238,10.20372276358767,15.594319728867568,932.8105000000002,49.43595766507185,1031.6824153301438,833.9385846698565
2025-07-23,1060.3,1089.0,1042.1,1080.69,729485,963.043810031179,939.2889275652061,82.48404988873808,986.5750862845898,953.8152234244664,32.75986286012346,14.714950782894828,18.044912077228634,942.999,57.62987720198083,1058.2587544039616,827.7392455960384
2025-07-24,1065.0,1100.0,1065.0,1069.98,476695,973.2282090758285,944.4140676606883,78.231849210961,999.406611471576,962.4200216893206,36.98658978225535,19.169278582766935,17.817311199488415,952.716,61.900340055180244,1076.5166801103605,828.9153198896395
2025-07-27,1091.0,1091.0,1044.0,1047.89,656580,980.3388558305115,948.4719473602692,70.1940856668646,1006.8655943221027,968.7511311938154,38.1144631282873,22.95831549187101,15.15614763641629,960.4369999999999,63.725197371209234,1087.8873947424183,832.9866052575815
2025-07-28,1068.8,1068.8,1030.0,1045.2,475291,986.5161076561772,952.2652043265332,69.26087254692138,1012.7631951956253,974.4140103646439,38.34918483098136,26.03648935969308,12.31269547128828,968.1184999999999,64.24423318579761,1096.6069663715953,839.6300336284047
2025-07-29,1045.0,1075.0,1045.0,1059.18,497059,993.4364783555889,956.4579414117671,71.38970838924286,1019.904242088606,980.6929725598554,39.21126952875056,28.671445393504577,10.539824135245986,976.2665,64.97534465795928,1106.2171893159184,846.3158106840814
2025-07-30,1063.0,1111.0,1056.2,1087.35,1211491,1002.3806232741042,961.5909633171881,75.12764479391976,1030.2805125365128,988.5934931109773,41.68701942553548,31.27456019991076,10.412459225624723,985.3715,67.22009922438653,1119.811698448773,850.9313015512269
2025-07-31,1109.0,1139.9,1091.6,1103.73,1195623,1012.0329448670467,967.1650431871022,77.00863331667115,1041.5804336847416,997.1221232509049,44.45831043383669,33.91131024669595,10.547000187140739,995.2030000000001,69.5101022646465,1134.223204529293,856.1827954707071
2025-08-03,1103.8,1105.0,1053.0,1058.21,666334,1016.4307596416137,970.7354336503531,62.79600792656877,1044.1388285024736,1001.6471511582453,42.49167734422838,35.627383666202434,6.864293678025945,1000.7845000000001,69.88112277853708,1140.5467455570742,861.0222544429259
2025-08-04,1058.0,1075.0,1028.1,1046.01,533953,1019.2478301519362,973.6873774287707,59.620086455247986,1044.4267010405547,1004.9332881094863,39.493412931068406,36.400589519175625,3.0928234118927804,1006.4535,68.64922809969315,1143.7519561993863,869.1550438006136
2025-08-05,1055.0,1055.0,1000.0,1001.78,386032,1017.5842272803233,974.7890489021522,49.788784486677216,1037.8656701112386,1004.6997112124874,33.16595889875123,35.75366339509075,-2.5877044963395193,1010.3534999999999,65.86443328014956,1142.082366560299,878.6246334397008
2025-08-06,982.0,1023.0,982.0,1002.92,278922,1016.1876342060067,975.8922234550091,50.01755944645732,1032.489413171048,1004.5678807523032,27.921532418744846,34.18723719982157,-6.265704781076721,1014.1635,62.90959279833329,1139.9826855966667,888.3443144033334
2025-08-07,983.0,1028.0,983.0,1014.43,229247,1016.0202404721012,977.4035088097146,52.37684791788185,1029.7110419139635,1005.2984081039845,24.41263380997907,32.23231652185307,-7.819682711874002,1018.301,59.84580431144424,1137.9926086228886,898.6093913771116
2025-08-11,1017.0,1025.0,995.0,1000.54,425130,1014.5459318557106,978.3108221897259,49.34952880228043,1025.2231893118153,1004.9459334296153,20.277255882200052,29.84130439392247,-9.564048511722419,1021.952,56.127933152748994,1134.207866305498,909.696133694502
2025-08-12,990.0,1020.0,990.0,1000.51,238506,1013.209176440881,979.1813781822857,49.34289523458659,1021.4211601869206,1004.6173457681623,16.803814418758293,27.233806398889637,-10.429991980131344,1026.24,50.5008099987096,1127.241619997419,925.2383800025808
2025-08-13,1020.5,1020.5,995.0,996.51,160318,1011.6187786846067,979.8609319790589,48.40854519955987,1017.5886740043175,1004.0168016371873,13.57187236713014,24.501419592537736,-10.929547225407596,1030.3015,43.948618357415505,1118.198736714831,942.404263285169
2025-08-14,995.0,1014.7,995.0,1007.01,225114,1011.1798473813108,980.9256013132135,51.02992379363081,1015.9611856959609,1004.2385200344328,11.72266566152814,21.945668806335817,-10.223003144807677,1034.513,36.508849986925846,1107.5306999738516,961.4953000261482
2025-08-17,1015.0,1024.0,1003.0,1006.52,349385,1010.7360523926145,981.9293032224994,50.899948507692635,1014.50869558889,1004.4075185504007,10.101177038489254,19.576770452766503,-9.475593414277249,1036.143,34.32352639531604,1104.7900527906322,967.495947209368
2025-08-18,1005.0,1014.9,1000.0,1002.09,139176,1009.912618831413,982.7199187824014,49.66824270906209,1012.5981270367531,1004.2358505096304,8.36227652712273,17.333871667637748,-8.971595140515017,1036.4475,33.97388840595793,1104.395276811916,968.4997231880841
2025-08-19,983.0,1017.0,983.0,993.73,170459,1008.3714170379452,983.1516866732876,47.34011813508032,1009.6953382618681,1003.4576393607688,6.237698901099293,15.114637114330057,-8.876938213230764,1034.157,35.27379392543664,1104.7045878508732,963.6094121491267
2025-08-20,990.0,1001.0,983.5,986.48,219785,1006.2865201771884,983.2822087645313,45.35463803735325,1006.1237477600422,1002.2000364451563,3.92371131488585,12.876451954441217,-8.952740639555367,1030.538,36.303896499578016,1103.1457929991561,957.930207000844
2025-08-21,985.0,994.0,972.0,974.2,245689,1003.2306611126943,982.9260437149419,42.13143615691309,1001.2124019508049,1000.125959671441,1.0864422793638369,10.51845001942574,-9.432007740061904,1025.2135,36.370336564865006,1097.9541731297302,952.4728268702701
2025-08-24,970.9,989.8,963.0,964.61,240400,999.5525029114854,982.2077674908267,39.75532871286084,995.5812631891426,997.4951478439269,-1.9138846547842832,8.031983084583736,-9.945867739368019,1019.945,37.16735204307941,1094.279704086159,945.6102959138412
2025-08-25,964.0,1003.0,958.0,997.02,236887,999.3113121580105,982.7886393539316,50.01521891497636,995.8026073138899,997.4599517073398,-1.6573443934498755,6.094117588977014,-7.751461982426889,1017.4015000000002,36.89392608332127,1091.1893521666427,943.6136478333576
2025-08-26,997.3,1012.9,991.0,1010.98,216172,1000.4226157620095,983.8941829086793,53.67480838296385,998.1375908040607,998.4614367660554,-0.3238459619947207,4.810524878782667,-5.134370840777388,1015.6905,36.32601104833398,1088.342522096668,943.038477903332
2025-08-27,1031.1,1058.0,997.0,1055.08,629062,1005.6280809275324,986.6857835789273,62.912440883750406,1006.8979614495897,1002.6554044130143,4.242557036575477,4.696931310341229,-0.4543742737657528,1015.4855,36.07839278643248,1087.642285572865,943.3287144271351
2025-08-28,1056.0,1074.8,1030.0,1032.21,578159,1008.1596922677675,988.471046967989,56.608170462396274,1010.7921212265759,1004.844633715754,5.947487510821929,4.94704255043737,1.0004449603845593,1012.7285000000002,32.19556986114222,1077.1196397222845,948.3373602777158
2025-08-31,1034.0,1035.0,1008.0,1009.23,283986,1008.2616263375039,989.2851235574797,51.07038676355555,1010.5517948840258,1005.1694756627351,5.382319221290686,5.034097884608034,0.3482213366826521,1008.0035,24.038339612279348,1056.0801792245588,959.9268207754413
2025-09-01,1010.0,1019.3,1001.0,1012.82,175677,1008.6957571625036,990.208059888559,51.86264758028099,1010.9007495172525,1005.7361811691992,5.164568348053308,5.060191977297089,0.10437637075621886,1005.734,20.999357233258834,1047.7327144665178,963.7352855334824
2025-09-02,1033.0,1033.0,998.1,999.52,200017,1007.8218755279795,990.5732340105764,48.71557946454954,1009.1498649761367,1005.2757233048142,3.8741416713224908,4.82298191610217,-0.9488402447796789,1003.4095000000001,18.760090190264744,1040.9296803805296,965.8893196194706
2025-09-03,1019.5,1019.5,990.1,993.13,250403,1006.4226492872197,990.673499343495,47.232626236123345,1006.6852703644233,1004.3760400970502,2.3092302673730956,4.320231586356355,-2.0110013189832596,1002.9769999999999,18.898830957983815,1040.7746619159675,965.1793380840322
2025-09-04,974.0,1004.9,974.0,990.49,178942,1004.9052541170083,990.666303290809,46.60145555812614,1004.1936903083582,1003.3474445343059,0.8462457740523632,3.625434423895557,-2.779188649843194,1002.3555,19.104073821529504,1040.563647643059,964.147352356941
2025-09-07,971.0,1004.0,971.0,989.9,130818,1003.4761822963409,990.6362521813655,46.45205836018474,1001.9946610301492,1002.3513375317647,-0.35667650161542497,2.8290122387933607,-3.1856887404087857,1001.1290000000001,19.075482997252045,1039.2799659945042,962.978034005496
2025-09-08,1000.0,1000.0,970.0,975.49,223843,1000.8108316014512,990.0422815075865,42.83973669594363,997.9170208716648,1000.361608825708,-2.444587954043186,1.7742922002260515,-4.218880154269238,999.8765,19.919896500194344,1039.7162930003888,960.0367069996113
2025-09-18,965.0,965.0,878.0,878.0,19092,989.1145619251225,985.6484665465047,27.346003098344354,979.4682484298702,991.2977859497297,-11.829537519859514,-0.9464737437910615,-10.883063776068452,993.751,33.75007850282562,1061.2511570056513,926.2508429943488
2025-09-21,860.5,898.6,822.0,874.55,563832,978.203651265587,981.2916639368378,26.974209653654654,963.3269794406594,982.6498018053053,-19.322822364645845,-4.621743467962019,-14.701078896683825,987.6529999999999,42.98092748380333,1073.6148549676066,901.6911450323933
2025-09-23,875.0,902.0,860.7,890.0,177381,969.8033035260073,977.7115986844128,31.467830464386083,952.045905680558,975.7868535234309,-23.740947842872856,-8.445584342944187,-15.29536349992867,981.8025,47.89060471257797,1077.583709425156,886.0212905748441
2025-09-24,890.0,895.0,868.0,869.0,152233,960.2029889044827,973.4483987360045,28.867630278591477,939.2696124989337,967.8767162253989,-28.607103726465198,-12.47788821964839,-16.129215506816806,974.9264999999999,53.677669597520925,1082.2818391950418,867.571160804958
2025-09-25,886.3,886.3,855.0,855.0,132240,950.1836566278653,968.8033634914553,27.250981928643938,926.305056729867,959.5154779864805,-33.21042125661347,-16.624394827041407,-16.586026429572065,967.5719999999999,59.5188109671804,1086.6096219343608,848.5343780656391
2025-09-28,860.0,872.0,853.1,862.0,90595,941.7852131394972,964.614996295712,29.380511542865463,916.4119710791183,952.2921092467412,-35.88013816762293,-20.475543495157712,-15.404594672465219,960.9855,63.61928493409774,1088.2240698681956,833.7469301318046
2025-10-07,863.0,863.0,821.0,821.1,151015,930.291383316688,958.986957225292,24.810635785435252,901.7485909131001,942.5741752284641,-40.82558431536404,-24.545551659198978,-16.280032656165062,952.7165000000001,70.5061816084208,1093.7288632168418,811.7041367831584
2025-10-08,837.5,837.5,795.0,804.0,219914,918.2636325246225,952.9090373341041,23.186795689092776,886.7103461572385,932.3094215078371,-45.59907535059858,-28.7562563974789,-16.842818953119682,944.2065,77.68287959287902,1099.572259185758,788.8407408142419
2025-10-09,820.0,850.0,805.5,806.5,255111,907.619477046087,947.167506458257,23.970256851292774,874.3702929022787,922.9902050998492,-48.61991219757044,-32.728987557497206,-15.890924640073237,936.301,83.33660489086711,1102.9742097817343,769.6277902182658
2025-10-12,800.0,801.0,768.4,775.0,301357,894.9890506607454,940.4158395383254,21.056089215719126,859.0825555326974,912.0279676850455,-52.945412152348126,-36.77227247646739,-16.173139675880734,925.2,89.39014905104531,1103.9802981020907,746.4197018979094
2025-10-13,775.0,827.9,762.1,812.0,235195,887.0853315501982,935.3799242623127,31.57839574631079,851.8390854507439,904.6184885972643,-52.779403146520394,-39.973698610477996,-12.805704536042398,915.251,90.40777673233598,1096.0665534646719,734.4354465353281
2025-10-14,810.0,819.8,798.0,801.0,199839,878.8867285454176,930.1101233108494,30.285959029867115,844.0176876890911,896.943044997467,-52.925357308375965,-42.56403035005759,-10.361326958318372,902.5470000000001,87.53076608586649,1077.608532171733,727.4854678282671
2025-10-15,803.0,812.0,795.0,797.0,168225,871.087992493473,924.8901184751298,29.80820209937616,836.7841972753848,889.5398564791362,-52.75565920375141,-44.60235612079636,-8.153303082955048,890.7864999999999,84.95588751785907,1060.698275035718,720.8747249642818
2025-10-16,812.9,812.9,771.0,775.0,123658,861.9367551131423,919.01207461336,27.26104603891052,827.2789361560949,881.0554226658669,-53.776486509771985,-46.437182198591486,-7.3393043111804985,879.075,83.906909539208,1046.888819078416,711.261180921584
2025-10-19,790.5,792.9,771.1,778.9,115303,854.0284927214145,913.5174834520518,28.428623629520516,819.836022901311,873.4883543202471,-53.652331418936114,-47.88021204266041,-5.772119376275704,867.3789999999999,80.51753557945798,1028.414071158916,706.3439288410839
2025-10-26,794.4,799.8,769.4,790.0,101459,847.9305410336608,908.6736605715793,31.784786272180114,815.2458655318785,867.3040317780066,-52.05816624612805,-48.71580288335394,-3.3423633627741154,856.903,75.91883873411574,1008.7406774682315,705.0653225317685
2025-10-28,799.6,815.0,788.0,806.0,208835,843.9371561733121,904.6472425099488,36.4133998186801,813.8234246808203,862.7629923870431,-48.939567706222874,-48.76055584792773,-0.17901185829514077,847.5465,69.50659546705553,986.5596909341111,708.533309065889
2025-10-29,822.1,822.1,797.1,798.0,226763,839.562188918711,900.4649977056371,35.12988441105428,811.3890516530018,857.9657336917066,-46.5766820387048,-48.323781086083144,1.7470990473783417,837.9219999999999,61.54226657133059,961.006533142661,714.8374668573388
2025-10-30,783.0,813.0,783.0,808.0,148727,836.556266164548,896.8389193642395,38.068521794680834,810.8676590910015,854.2645682330617,-43.39690914206017,-47.33840669727855,3.9414975552183833,828.827,50.317515010600445,929.4620300212009,728.1919699787991
2025-11-02,824.1,824.1,801.0,819.9,220545,834.9699551012577,893.8217068401517,41.4666248020723,812.2572500000782,851.7190446602424,-39.46179466016417,-45.763084289855676,6.301289629691503,821.0475,36.6092002924476,894.2659005848952,747.8290994151048
2025-11-03,803.6,850.0,803.6,839.0,281018,835.353768901138,891.6718359836751,46.53710034808111,816.3715192308355,850.7768932039281,-34.40537397309265,-43.49154222650307,9.08616825341042,819.0975000000001,34.38718578268002,887.8718715653602,750.32312843464
2025-11-04,850.0,850.0,814.0,817.0,158133,833.6057909105534,888.7435286901976,42.02173306713922,816.4682085799377,848.2749011147482,-31.80669253481051,-41.15457228816456,9.34787975335405,816.22,31.81435624302055,879.8487124860411,752.591287513959
2025-11-05,833.3,833.3,810.0,817.0,133265,832.0242870143103,885.9300569768566,42.02173306713922,816.5500226445627,845.958241772915,-29.408219128352357,-38.80530165620212,9.397082527849761,812.5699999999999,26.67699777947755,865.9239955589551,759.2160044410448
2025-11-06,810.0,826.0,810.0,815.0,120514,830.4029263462808,883.1484861150191,41.59620893499227,816.3115576223222,843.665038678625,-27.353481056302826,-36.51493753622226,9.161456479919437,809.87,23.166834279336832,856.2036685586737,763.5363314413263
2025-11-09,831.3,831.3,803.0,804.0,100562,827.8883619323492,880.0446239144301,39.24249223448856,814.4174718342726,840.7268876653935,-26.309415831120873,-34.47383319520198,8.16441736408111,807.3199999999999,20.60280001410001,848.5256000282,766.1143999717999
2025-11-10,820.0,820.0,790.0,799.9,108683,825.2228036530778,876.9016974864132,38.370968823714136,812.184014629,837.7026737642533,-25.5186591352533,-32.68279838321225,7.16413924795895,804.2149999999999,16.12021532440611,836.4554306488121,771.9745693511877
2025-11-11,815.8,815.8,796.0,798.0,68472,822.630155686118,873.8075132712597,37.950346182561766,810.0018585322307,834.7617349669011,-24.759876434670446,-31.098213993503894,6.338337558833448,803.0600000000001,15.667949182292654,834.3958983645854,771.7241016354147
2025-11-12,813.9,813.9,790.0,791.0,60853,819.6177599064878,870.5601598096417,36.368569312836435,807.0784956811183,831.5201249693529,-24.441629288234594,-29.766897052450034,5.32526776421544,802.4100000000001,15.894914777671286,834.1998295553426,770.6201704446576
2025-11-13,806.8,806.8,789.0,790.6,76817,816.8541637249175,867.4244672680871,36.27552500276229,804.5433424994078,828.4890046012526,-23.945662101844846,-28.602650062328998,4.656987960484152,801.615,16.076176391430344,833.7673527828607,769.4626472171393
2025-11-16,790.6,802.9,789.0,793.0,70302,814.5823386082587,864.5058607085543,37.31182421716872,802.767443653345,825.8601894456043,-23.09274579225928,-27.500669208315056,4.407923416055777,802.5150000000001,14.973811349010264,832.4626226980206,772.5673773019796
2025-11-17,800.0,800.0,791.0,792.1,56503,812.4411635027103,861.6664151905718,37.06838055819712,801.1262984759073,823.3594346718559,-22.233136195948532,-26.44716260584175,4.2140264098932185,801.5200000000001,14.971537909259114,831.4630758185183,771.5769241814819
2025-11-18,792.1,806.0,792.1,797.0,73378,810.9705765024522,859.1304773399612,39.38713649955326,800.4914833257677,821.4068839554221,-20.915400629654414,-25.340810210604285,4.4254095809498715,801.32,15.005528805637084,831.3310576112742,771.3089423887259
2025-11-19,812.9,812.9,793.0,794.0,72103,809.3543311212662,856.5763409736883,38.4529666603082,799.492793583342,819.3767444031686,-19.883950819826623,-24.249438332448754,4.365487512622131,801.1700000000001,15.065858928820502,831.301717857641,771.0382821423591
2025-11-20,795.0,801.0,790.2,791.0,53239,807.6062995859075,854.0047197590338,37.49526004634458,798.1862099551355,817.2747633362673,-19.08855338113176,-23.217261342185356,4.128707961053596,801.97,13.989435863873648,829.9488717277474,773.9911282722527
2025-11-23,790.0,830.0,790.0,820.1,182506,808.7961758158211,852.6751229057384,50.39979891577112,801.55756226973,817.4840401261735,-15.926477856443398,-21.759104645036967,5.8326267885935685,804.03,13.435972924243643,830.9019458484872,777.1580541515127
2025-11-24,836.0,847.0,823.0,847.0,248108,812.4346352619334,852.4525690662977,58.85607625805079,808.5487065359255,819.6704075242347,-11.121700988309271,-19.631623913691428,8.509922925382156,806.8799999999999,16.087118089359617,839.0542361787191,774.7057638212807
2025-11-25,863.9,866.0,841.0,860.5,281519,817.0122890465112,852.7681545931096,62.327344587934185,816.5412132227061,822.6948217816989,-6.153608558992801,-16.936020842751702,10.782412283758902,809.6049999999999,20.056406641479008,849.7178132829579,769.4921867170419
2025-11-26,877.7,877.9,850.0,870.0,217922,822.0587377087483,853.443913236517,64.59129565317836,824.7656419576743,826.1989090571286,-1.4332670994542696,-13.835470094092216,12.402202994637946,813.2049999999999,23.947980356552588,861.1009607131051,765.3090392868947
2025-11-27,887.4,887.4,863.0,870.0,182927,826.624572212677,854.0931715409673,64.59129565317836,831.7247739641859,829.4434343121561,2.2813396520298284,-10.612108144867808,12.893447796897636,816.305,27.050624567163158,870.4062491343262,762.2037508656737
2025-11-30,852.8,887.0,852.8,859.0,265314,829.7079462876602,854.2855961864195,59.76795798198868,835.9209625850805,831.6328095482927,4.288153036787776,-7.632055908536692,11.920208945324468,818.26,28.687506908609212,875.6350138172185,760.8849861827815
2025-12-01,859.0,870.0,851.0,856.2,178799,832.2309990221688,854.3606708457756,58.56903369173348,839.0408144950682,833.4526014336044,5.588213061463762,-4.988002114536601,10.576215176000364,819.12,29.58572913451641,878.2914582690328,759.9485417309672
2025-12-02,850.0,867.0,850.0,851.0,124651,834.0185229248194,854.2288798322159,56.30991920315367,840.8806891881346,834.7524087348189,6.1282804533157105,-2.764745600966139,8.89302605428185,820.82,30.42249167967536,881.6649833593508,759.9750166406493
2025-12-03,868.0,868.0,837.0,838.0,210555,834.3977112176938,853.592453172129,51.01242109684994,840.4375062361139,834.9929710507582,5.444535185355676,-1.1228894437017762,6.567424629057452,821.8700000000001,30.645289841566164,883.1605796831325,760.5794203168678
2025-12-07,835.1,849.9,816.5,823.0,162370,833.3122149112468,852.3927491261632,45.673177640265145,837.7548129690194,834.1046028247761,3.650210144243374,-0.16826952611274615,3.8184796703561203,822.2700000000001,30.603080340313827,883.4761606806278,761.0638393193724
2025-12-08,816.3,837.0,816.3,826.0,69824,832.615813491128,851.3577393565097,46.87088589147219,835.9463802045549,833.5042618747927,2.4421183297621383,0.35380804506223074,2.0883102846999075,823.3700000000001,30.305759397043484,883.981518794087,762.7584812059132
2025-12-09,822.0,838.0,811.0,828.0,99970,832.1762122062587,850.4417495778231,47.698718431058616,834.7238601730849,833.0965387729563,1.6273214001286078,0.6085107160755061,1.0188106840531017,824.775,29.80767960036141,884.3903592007227,765.1596407992772
2025-12-10,844.5,844.5,820.0,825.0,79909,831.4927634247102,849.4440339081045,46.527611319914136,833.227881684918,832.4967951601446,0.7310865247733318,0.6330258778150712,0.09806064695826056,826.125,29.135037235890845,884.3950744717816,767.8549255282184
2025-12-11,820.0,840.0,820.0,828.7,73622,831.2267859556902,848.6305423822965,48.21629452522578,832.5312845026228,832.215551074208,0.3157334284148874,0.5695673879350345,-0.2538339595201471,828.01,27.93786150125055,883.8857230025011,772.1342769974989
2025-12-14,838.1,838.1,821.1,823.0,65067,830.4432825313387,847.6254230731869,45.815847434058234,831.0649330406809,831.5329176613036,-0.4679846206227012,0.36205698622348736,-0.8300416068461886,829.6299999999999,26.559825221363365,882.7496504427266,776.5103495572731
2025-12-15,822.0,832.0,817.4,824.9,92023,829.9153508616874,846.7342300114933,46.767199035366644,830.1164818036531,831.041590427133,-0.9251086234799004,0.10462386428280979,-1.0297324877627103,831.225,25.16555446595285,881.5561089319058,780.8938910680943
2025-12-16,841.0,841.0,825.0,838.0,114875,830.6853174462886,846.3917111875132,52.90666496156496,831.3293307569372,831.5570281732712,-0.22769741633396734,0.038159608159454364,-0.2658570244934217,833.5199999999999,23.443764741675867,880.4075294833516,786.6324705166481
2025-12-17,830.0,849.0,830.0,841.9,125526,831.753382451404,846.215565650748,54.58593167326701,832.9555875635623,832.3231742345104,0.6324133290519285,0.1570103523379492,0.4754029767139793,835.765,21.858763748928258,879.4825274978565,792.0474725021435
2025-12-18,855.0,855.0,830.0,831.0,83823,831.6816317417465,845.6188768016991,49.29524727621287,832.6547279383988,832.2251613282504,0.429566610148413,0.21152160390004196,0.21804500624837106,837.615,19.58550148505086,876.7860029701018,798.4439970298982
2025-12-21,815.3,847.0,815.0,818.0,103517,830.3786191949135,844.5357835937895,43.8378908721197,830.4001544094143,831.1714456743059,-0.7712912648916017,0.014959030141713237,-0.786250295033315,838.9649999999999,16.957509592473208,872.8800191849464,805.0499808150535
2025-12-22,801.7,835.0,801.7,814.0,71060,828.8187507001599,843.338301884229,42.286640930501186,827.8770537310429,829.8994867354685,-2.0224330044255794,-0.3925193767717453,-1.629913627653834,838.6600000000001,17.364646479796104,873.3892929595922,803.9307070404079
2025-12-23,800.0,832.0,800.0,816.1,60158,827.6074411096685,842.2701331828868,43.418648754563065,826.0651993108825,828.8773025328412,-2.8121032219587505,-0.8764361458091463,-1.9356670761496042,837.115,17.94838432839784,873.0117686567957,801.2182313432044
2025-12-24,810.0,828.5,810.0,817.0,66894,826.5972086230335,841.2791475678715,43.926270730169485,824.6705532630544,827.9975023452233,-3.3269490821688805,-1.3665387330810932,-1.9604103490877873,834.9399999999999,17.597679272828994,870.1353585456579,799.744641454342
2025-12-28,820.0,845.0,820.0,842.0,166848,828.0641411351255,841.3074162907001,55.79104611951431,827.3366219918153,829.0347243937252,-1.6981024019099777,-1.4328514668468701,-0.2652509350631076,833.54,15.669830214372226,864.8796604287444,802.2003395712555
2025-12-29,842.0,865.0,831.0,836.0,129486,828.8199372174945,841.0992823185157,52.89812694425651,828.6694493776898,829.5506707349307,-0.8812213572408609,-1.3225254449256685,0.44130408768480756,831.8399999999999,13.147439214334659,858.1348784286693,805.5451215713306
2025-12-31,836.0,854.0,830.1,846.1,152430,830.465657482495,841.2953888942602,56.94526076947664,831.3510725503529,830.7765469767877,0.5745255735652108,-0.9431152412274926,1.5176408147927034,831.195,12.012295236215042,855.2195904724301,807.17040952757
2026-01-01,863.0,863.0,838.1,838.7,114531,831.2498805794002,841.1936089376226,53.329716434047356,832.4816767733755,831.3634694229515,1.1182073504239725,-0.5308507228971996,1.649058073321172,830.32,10.655791605354025,851.6315832107081,809.008416789292
2026-01-04,822.0,855.0,822.0,831.1,79995,831.2356062385049,840.7977811361473,49.83044654051352,832.2691111159331,831.3439531693996,0.9251579465335453,-0.2396489890110506,1.164806935544596,829.325,9.488268379530522,848.301536759061,810.348463240939
2026-01-05,840.0,845.0,825.0,839.5,116151,832.0226913586473,840.746887758259,53.46490064083291,833.3815555596358,831.9481047864812,1.4334507731546182,0.09497096342208317,1.338479809732535,829.4,9.566058419438168,848.5321168388763,810.2678831611237
2026-01-06,856.2,856.2,839.0,845.0,146436,833.2586255149666,840.9136764736214,55.72647633480031,835.1690085504611,832.9149118393344,2.2540967111266355,0.5267961129629937,1.7273005981636418,830.5,10.044322826976552,850.5886456539531,810.4113543460469
2026-01-07,861.9,861.9,833.0,834.0,59371,833.3292326087793,840.6425519060285,50.44601324732378,834.9891610811594,832.9952887401244,1.9938723410350576,0.8202113585774065,1.1736609824576512,830.9,10.014936213891268,850.9298724277825,810.8701275722175
2026-01-08,830.0,839.8,830.0,838.0,59321,833.7740675984194,840.5389224195177,52.21904787444986,835.4523670686733,833.3660080927077,2.086358975965595,1.0734408820550443,1.0129180939105509,831.4,10.111692033945765,851.6233840678915,811.1766159321085
2026-01-12,838.0,846.0,833.0,838.0,106238,834.1765373509509,840.4393568344386,52.21904787444986,835.8443105965697,833.7092667525071,2.1350438440625794,1.2857614744565513,0.8492823696060281,832.05,10.096455865922385,852.2429117318447,811.8570882681552
2026-01-13,821.3,850.0,821.3,842.0,131035,834.9216290318127,840.5005585272057,54.122776794253504,836.791339735559,834.3233951412102,2.467944594348751,1.5221980984349912,0.9457464959137596,832.7149999999999,10.30014179768982,853.3152835953796,812.1147164046203
2026-01-14,825.2,855.0,825.2,840.5,115863,835.4529024573543,840.5005366241782,53.26571134056822,837.3619028531652,834.7809214270465,2.5809814261187967,1.7339547639717525,0.8470266621470441,833.5899999999999,10.173955397038842,853.9379107940777,813.2420892059222
2026-01-18,835.0,852.0,835.0,850.8,125287,836.9145307947492,840.9044371487203,58.1647103243538,839.4293024142167,835.9675198398578,3.461782574358949,2.0795203260491917,1.3822622483097575,834.885,10.646980051188516,856.178960102377,813.591039897623
2026-01-20,850.8,880.0,850.8,877.5,274826,840.7798135762017,842.3395572605351,67.63572172474142,845.2863328120295,839.0439998517202,6.242332960309341,2.9120828529012215,3.330250107408119,836.86,14.294143077346908,865.4482861546938,808.2717138453062
2026-01-21,895.0,909.5,870.6,889.9,372212,845.4579265689443,844.2046726620828,70.92750334015133,852.1499739178711,842.811110973815,9.338862944056132,4.197438871132204,5.141424072923928,839.26,18.573846921775612,876.4076938435512,802.1123061564488
2026-01-22,873.0,899.9,873.0,894.9,145601,850.1666954671401,846.1927247145502,72.15723526807528,858.7269010074294,846.6695471979768,12.057353809452593,5.7694218587962816,6.287931950656311,842.4549999999999,22.216861188126764,886.8887223762534,798.0212776237464
2026-01-25,899.0,920.0,899.0,909.9,295352,855.8555816131268,848.6910492355482,75.50470549512941,866.5996854678249,851.3532844425712,15.246401025253704,7.664817692087766,7.581583333165938,847.05,26.063374180716927,899.1767483614339,794.9232516385661
2026-01-26,928.0,928.0,891.9,896.1,240244,859.6883833642576,850.5502237753307,67.4680552547002,871.1381953958519,854.6678559653436,16.47033943050826,9.425922039771866,7.044417390736395,851.155,27.031433456934614,905.2178669138692,797.0921330861307
2026-01-27,900.0,900.0,872.1,873.0,254686,860.9561563771854,851.4306071566903,56.60664868396727,871.4246268734132,856.0257925605033,15.398834312909912,10.620504494399475,4.7783298185104375,854.0,26.126957242217806,906.2539144844357,801.7460855155643
2026-01-28,873.0,885.0,864.0,877.2,161861,862.5031891031676,852.4411715819181,57.93268277408887,872.313145815965,857.5942523708363,14.718893445128629,11.440182284545305,3.278711160583324,857.01,25.08698341455053,907.1839668291011,806.8360331708989
2026-01-29,885.9,886.0,865.1,866.0,136022,862.8362187123898,852.9728903434116,53.25881510119285,871.3418926135089,858.216900343367,13.124992270141888,11.777144281664622,1.347847988477266,858.21,24.904552532457405,908.0191050649148,808.4008949350853
2026-02-01,866.0,873.9,850.0,853.0,135423,861.8994359778765,852.9739534671994,48.37985417569559,868.5200629806614,857.8304632808954,10.68959969976595,11.559635365284887,-0.8700356655189374,859.0600000000001,24.39144371117898,907.842887422358,810.2771125776421
2026-02-02,836.0,865.0,836.0,846.2,142544,860.4042515990311,852.7083082331917,46.00575817748469,865.0862071374827,856.9689474823106,8.11725965517212,10.871160223262335,-2.7539005680902147,859.0649999999999,24.388657307506314,907.8423146150126,810.2876853849873
2026-02-03,863.1,863.1,845.0,846.0,156814,859.0324181134091,852.4452373220861,45.9343616363485,862.1498675778699,856.1564328539912,5.9934347238787495,9.895615123385618,-3.902180399506868,859.4300000000001,24.120991076780783,907.6719821535617,811.1880178464385
2026-02-04,846.0,860.0,845.5,847.0,108005,857.8864735311796,852.2316986035729,46.38241210952115,859.819118719736,855.4781785685104,4.340940151225595,8.784680128953614,-4.443739977728018,860.225,23.389040956010273,907.0030819120205,813.4469180879795
2026-02-05,854.0,874.0,848.0,870.0,191837,859.0401427186863,852.9284947367662,55.51391588863671,861.3854081474689,856.5538690449171,4.831539102551801,7.994051923673252,-3.1625128211214513,861.75,22.956950558538608,907.6639011170772,815.8360988829228
2026-02-08,887.3,887.3,857.0,857.0,241328,858.8458434121447,853.0881616098342,50.299573627235105,860.7107299709352,856.5869157823306,4.12381418860457,7.220004376659516,-3.0961901880549467,862.35,22.650909125470942,907.6518182509419,817.0481817490581
2026-02-09,874.1,874.1,847.0,849.0,117445,857.9081440395596,852.9278415467035,47.351983042432934,858.909079206176,856.0249220206765,2.8841571854994754,6.352834938427509,-3.4686777529280333,863.1,21.898642111227,906.897284222454,819.302715777546
2026-02-10,850.0,865.5,842.0,846.0,113805,856.774035083411,852.6561614860484,46.25727365954219,856.9230670206105,855.28233520433,1.6407318162804359,5.4104143139980945,-3.7696824977176586,863.5,21.48519686226637,906.4703937245328,820.5296062754672
2026-02-11,846.0,861.0,838.0,840.0,113689,855.17650793261,852.1598414277721,44.06319914259474,854.3195182482089,854.1503103743796,0.16920787382923663,4.3621730259643225,-4.192965152135086,863.6,21.364579639152954,906.329159278306,820.8708407216941
2026-02-12,856.8,856.8,840.0,843.3,122931,854.0454119390281,851.8123966658987,45.59176224957931,852.6242077484844,853.3465836799811,-0.7223759314966856,3.345263234472121,-4.0676391659688065,863.665,21.297276203402742,906.2595524068055,821.0704475931944
2026-02-16,860.1,860.1,839.0,839.6,71745,852.6696584210254,851.3334791495889,44.1354783297129,850.6204834794869,852.3283182222048,-1.7078347427178642,2.334643639034124,-4.042478381751988,863.6200000000001,21.34968507101201,906.3193701420241,820.9206298579761
2026-02-17,840.0,848.0,833.0,836.0,113608,851.0820719047372,850.7321662417619,42.70613868060991,848.3711783287966,851.1188131687081,-2.747634839911484,1.3181879432450025,-4.065822783156486,862.8800000000001,22.06203216291986,907.0040643258399,818.7559356741604
2026-02-22,835.0,837.0,827.0,827.9,105641,848.8742555328574,849.8367871734575,39.598745340926605,845.2217662782125,849.3989010821372,-4.177134803924673,0.21912339381106727,-4.39625819773574,860.4,23.09565919570238,906.5913183914047,814.2086816085953
2026-02-23,825.1,832.0,825.1,827.0,61825,846.7909931011568,848.9412268921454,39.256951158777944,842.418417620026,847.739723224201,-5.321305604174995,-0.8889624057861452,-4.43234319838885,857.2549999999999,23.149706716337906,903.5544134326757,810.9555865673241
2026-02-24,827.0,835.9,827.0,833.0,52083,845.477565186761,848.3160807395122,42.80150260855373,840.9694302938682,846.6478918742603,-5.6784615803920815,-1.8468622407073325,-3.831599339684749,854.1600000000001,21.95911032614086,898.0782206522817,810.2417793477184
2026-02-25,833.0,846.0,830.0,837.0,32452,844.670178026117,847.8723128673746,45.10145556160618,840.3587487101961,845.9332332169076,-5.574484506711542,-2.5923866939081748,-2.9820978128033673,850.515,17.89390590175601,886.302811803512,814.727188196488
2026-02-26,853.7,853.7,837.0,838.9,71368,844.1206372617248,847.5204574608109,46.20790378030948,840.1343258317044,845.4122529786182,-5.277927146913839,-3.1294947845093075,-2.148432362404532,847.655,14.467694502248087,876.5903890044962,818.7196109955038
2026-03-01,822.2,850.0,822.2,845.0,61655,844.2043860939415,847.4216159917595,49.71214725620393,840.8828910883652,845.3817157209428,-4.498824632577566,-3.40336075412296,-1.0954638784546065,846.2549999999999,13.183820826255342,872.6226416525105,819.8873583474892
2026-03-03,861.9,861.9,830.0,858.9,106558,845.6039683707089,847.871748697965,56.643247757620415,843.6547539978475,846.3830701119841,-2.7283161141366463,-3.268351826125697,0.5400357119890509,845.3399999999999,11.443242087517985,868.2264841750359,822.4535158249639
2026-03-09,876.0,944.7,876.0,944.7,8620,855.0416856687366,851.668935023535,77.37372590235525,859.2001764597171,853.6658056592446,5.534370800472516,-1.5078073008060546,7.04217810127857,849.275,24.73426932309136,898.7435386461827,799.8064613538172
2026-03-10,950.0,950.0,885.0,906.0,506231,859.8948584621903,853.7995650226121,62.79046525597604,866.4001493120683,857.5424126474487,8.857736664619551,0.5653014922790667,8.292435172340484,851.925,27.803159135151905,907.5313182703038,796.3186817296961
2026-03-11,906.0,909.0,885.1,886.0,189772,862.3810624181722,855.0623271785881,56.82922563022215,869.4155109563656,859.650382080971,9.765128875394566,2.4052669689021666,7.3598619064924,853.915,28.77903613835027,911.4730722767005,796.3569277232995
2026-03-12,903.7,903.7,876.0,888.0,128475,864.8209612354891,856.3540006225652,57.266143342394045,872.2746631169247,861.7503537786768,10.524309338247917,4.029075442771317,6.4952338954766,856.015,29.689060097509294,915.3931201950186,796.6368798049814
2026-03-15,890.0,899.1,880.0,882.0,119343,866.4570601654425,857.359726088347,55.45296500209081,873.770868791244,863.2503275728488,10.520541218395124,5.327368597896079,5.193172620499045,857.765,30.157538553051335,918.0800771061026,797.4499228938973
2026-03-16,899.0,899.0,875.0,878.0,112801,867.5563877687337,858.1691485946862,54.220430813556426,874.4215043618218,864.342895900786,10.078608461035856,6.277616570524035,3.8009918905118205,858.165,30.38059067025382,918.9261813405076,797.4038186594923
2026-03-17,895.5,895.5,869.1,870.0,104162,867.78911274314,858.6331035517574,51.743332317011145,873.7412729215415,864.7619406488759,8.979332272665602,6.8179597109523495,2.161372561713252,858.8149999999999,30.493213653978753,919.8014273079574,797.8285726920425
2026-03-19,887.0,894.9,870.0,887.9,201643,869.7044353390314,859.7808249811003,56.52885241285332,875.9195386259197,866.4758709711814,9.443667654738306,7.3431012997095415,2.1005663550287643,860.76,31.06938584590833,922.8987716918166,798.6212283081834
2026-03-22,887.9,920.0,887.9,910.0,261691,873.5421081638856,861.7502043936063,61.59299766037354,881.1626865296244,869.6998805288716,11.462806000752721,8.167042239918178,3.295763760834543,863.96,32.72110859014771,929.4022171802955,798.5177828197046
2026-03-23,928.0,928.0,895.0,905.0,157192,876.5380978625631,863.4462748095433,59.89301824865298,884.8299655250667,872.3147041933997,12.51526133166692,9.036686058267927,3.4785752733989934,867.21,33.43626930838679,934.0825386167736,800.3374613832265
2026-03-24,923.0,923.0,892.0,898.1,155496,878.5916123518427,864.8052444248553,57.533116144715464,886.871509290441,874.2247261049997,12.646783185441336,9.75870548370261,2.8880777017387267,869.95,33.618643010903064,937.1872860218061,802.712713978194
2026-03-25,900.0,902.0,876.2,876.2,209679,878.3638397469053,865.252097584665,50.704343419625786,885.2297386303733,874.3710426898145,10.858695940558732,9.978703575073835,0.8799923654848971,871.78,32.86736663429982,937.5147332685996,806.0452667314004
2026-03-26,858.7,888.4,858.7,882.0,151387,878.7101407233905,865.9088780715409,52.31849127153388,884.7328557641621,874.9361506387172,9.796705125444873,9.942303885148043,-0.14559875970316938,874.0799999999999,31.82472722833129,937.7294544566626,810.4305455433373
2026-03-29,885.0,885.0,851.0,856.0,365880,876.5472701783057,865.5202946177551,45.1770969365795,880.3124164158295,873.533472813627,6.778943602202503,9.309631828558935,-2.530688226356432,875.485,30.260505352857535,936.0060107057151,814.9639892942849
2026-03-30,855.0,866.9,842.0,846.9,183555,873.7237206375146,864.7900869856863,42.9664954252052,875.172044659548,871.5606229755806,3.6114216839673645,8.169989799640621,-4.558568115673257,876.4800000000001,28.877939130430413,934.235878260861,818.7241217391393
2026-03-31,850.0,850.0,818.3,835.0,361889,870.0357472434656,863.6218482803654,40.196550222874805,868.9917300965406,868.8524286810931,0.13930141544744856,6.563852122801988,-6.424550707354539,876.5800000000002,28.722494393947013,934.0249887878941,819.1350112121062
2026-04-01,819.0,827.0,785.0,786.9,889897,862.1180570298022,860.613148347802,31.388265229881625,856.3622331586113,862.7818784084195,-6.419645249808241,3.9671526482799426,-10.386797898088183,874.075,34.047240787807674,942.1694815756154,805.9805184243847
2026-04-02,786.9,798.9,745.0,783.0,380411,854.5830039793449,857.5694954714177,30.79895661019374,845.0757357495942,856.8721096374255,-11.79637388783135,0.8144473410576842,-12.610821228889035,871.28,39.01835735299626,949.3167147059925,793.2432852940075
2026-04-05,767.4,767.4,704.7,704.7,811186,840.3084321717882,851.5746132960679,21.906375343893743,823.4794687111951,845.6001015161348,-22.12063280493976,-3.772568688141805,-18.348064116797953,864.265,53.80288854503341,971.8707770900668,756.6592229099332
2026-04-06,691.0,747.0,665.0,720.0,788078,828.8504862506655,846.4148245393594,26.379441279559032,807.5595504479343,836.2963902927174,-28.736839844783162,-8.765422919470076,-19.971416925313086,857.32,62.752316795140885,982.8246335902818,731.8153664097183
2026-04-07,728.0,744.0,720.0,727.0,244100,819.1504399410783,841.7318902436983,28.400102072916553,795.1657734559443,828.2003613821457,-33.034587926201425,-13.619255920816347,-19.41533200538508,846.4350000000001,65.61353579062184,977.6620715812437,715.2079284187564
2026-04-08,740.0,740.0,710.0,716.0,230400,809.3265885181185,836.8012278812005,27.139507046167367,782.9864236934914,819.8892235019869,-36.9027998084955,-18.275964698352176,-18.626835110143325,836.9350000000001,70.1344143694608,977.2038287389216,696.6661712610785
2026-04-09,720.0,784.0,720.0,769.9,531040,805.5716753259167,834.177650317232,40.96668683898259,780.9731277406465,816.1863180573953,-35.21319031674875,-21.66340982203149,-13.549780494717261,831.1300000000001,70.66237069033856,972.4547413806772,689.805258619323
2026-04-10,769.0,782.2,750.8,756.0,222552,800.8505633901151,831.111860108713,38.915636312144855,777.1311080882394,811.728072275366,-34.59696418712656,-24.250120695050505,-10.346843492076054,824.5300000000001,71.23325731263665,966.9965146252734,682.0634853747267
2026-04-13,750.0,756.0,739.9,742.0,154179,795.2457478291517,827.6172773593518,36.91115911786471,771.7263222285103,806.5630298845981,-34.83670765608781,-26.36743808725797,-8.46926956882984,817.53,72.16128208103596,961.8525641620719,673.2074358379281
2026-04-15,740.0,747.0,725.2,732.1,270193,789.2318670835183,823.8715017766322,35.517948736730446,765.6299649625856,801.0472498931464,-35.417284930560754,-28.177407455918527,-7.239877474642228,810.235,73.09513825721935,956.4252765144387,664.0447234855613
2026-04-16,730.0,730.0,712.0,713.0,256498,781.9716892660404,819.523599746176,32.935089587748294,757.533047276034,794.5252313825429,-36.99218410650883,-29.940362786036587,-7.051821320472243,802.385,74.75061186160372,951.8862237232074,652.8837762767926
2026-04-17,705.0,720.0,701.0,715.2,190793,775.6124807645127,815.4324781875025,33.53463521108023,751.0202707720288,788.6492883171693,-37.62901754514053,-31.478093737857375,-6.150923807283153,793.75,74.3259429100877,942.4018858201754,645.0981141798246
2026-04-20,715.0,716.0,701.0,705.0,123104,768.8874825964639,811.1017927683847,32.10172987963503,743.9402291147935,782.4530447381196,-38.512815623326105,-32.88503811495112,-5.627777508374983,783.5,71.53351073374411,926.5670214674882,640.4329785325118
2026-04-21,680.0,715.0,680.0,703.0,86062,762.6124842539435,806.8625067774677,31.81467436022956,737.6417323279022,776.5676340167773,-38.925901688875115,-34.09321082973592,-4.832690859139191,773.4,67.62964936833676,908.6592987366735,638.1407012633265
2026-04-22,738.0,738.0,679.0,695.2,237378,756.1922476583298,802.4835849430573,30.66307232565842,731.1122350466865,770.5404018673864,-39.42816682069997,-35.16020202792873,-4.267964792771238,763.255,62.99889284741419,889.2527856948284,637.2572143051716
2026-04-23,670.0,709.0,670.0,685.0,97271,749.4120335956318,797.8763855335256,29.17580824424914,724.0180450395039,764.2040758031357,-40.18603076363172,-36.16536777506933,-4.020662988562393,753.6949999999999,59.35963075321378,872.4142615064275,634.9757384935724
2026-04-24,680.0,690.0,665.1,683.0,123903,743.0870780150955,793.3714292380932,28.880017633935964,717.7075765718879,758.1889590769774,-40.48138250508953,-37.02857072107337,-3.4528117840161556,743.745,53.06565422092464,849.8763084418492,637.6136915581508
2026-04-27,683.0,687.0,675.0,677.1,90198,736.8025943946102,788.8117653464033,27.978865154317205,711.4602570992898,752.1823695157199,-40.722112416430036,-37.7672790601447,-2.9548333562853344,734.8,47.98213483326794,830.7642696665358,638.8357303334641
2026-04-28,677.0,691.0,677.0,685.5,87233,731.9166330236949,784.760323568113,31.267205690339836,707.4663713917067,747.2429347367777,-39.77656334507094,-38.16913591712995,-1.6074274279409906,726.73,41.23424866731433,809.1984973346287,644.2615026653714
2026-04-29,685.5,685.0,676.1,679.2,74867,726.8960013071526,780.6207030360301,30.155155608332763,703.1176988699057,742.2027173488682,-39.085018478962525,-38.352312429496465,-0.73270604946606,718.94,33.738957647768565,786.4179152955372,651.4620847044629
2026-04-30,677.0,679.0,666.0,671.1,104696,721.5820964207571,776.3257735052055,28.73985404352885,698.1918990437664,736.9358493971001,-38.74395035333373,-38.430640014263915,-0.3133103390698153,713.1500000000001,31.31138182161526,775.7727636432306,650.5272363567695
2026-05-04,671.1,678.9,655.0,660.0,93369,715.7171348568755,771.7639784657856,26.87815486091172,692.3162222678023,731.2368975899076,-38.92067532210524,-38.52864707583218,-0.3920282462730569,707.0000000000001,28.852711265467896,764.705422530936,649.2945774690643
2026-05-05,627.0,669.5,627.0,655.4,77067,709.9726458228874,767.2006851926176,26.122946740481197,686.6368034573711,725.6193496202848,-38.98254616291365,-38.61942689324848,-0.3631192696651695,704.5350000000001,31.079563009188934,766.6941260183779,642.3758739816222
2026-05-06,688.0,688.0,640.4,654.2,48547,704.6609652683268,762.7692857732992,25.91835750801036,681.6465260023909,720.3290274261897,-38.682501423798726,-38.63204179935853,-0.05045962444019381,701.245,32.79185513443754,766.828710268875,635.661289731125
2026-05-07,650.0,662.0,650.0,661.1,47335,700.5123019094385,758.78225495866,29.344903986271007,678.4855220020231,715.9416920612867,-37.45617005926363,-38.39686745133955,0.9406973920759256,697.95,33.37346093435453,764.6969218687091,631.203078131291
2026-05-08,694.1,694.1,660.0,678.0,54949,698.3682731561587,755.6143233916538,37.027677532335055,678.4108263094041,713.1311963530433,-34.72037004363915,-37.66156796979947,2.9411979261603207,696.05,33.37346093435456,762.7969218687091,629.3030781312908
2026-05-11,680.0,705.0,680.0,704.0,112914,698.9046280936674,753.5902322782556,46.64062562209482,682.3476222618035,712.454811438003,-30.10718917619954,-36.15069221107949,6.043503034879947,692.755,28.611931169762205,749.9788623395244,635.5311376604756
2026-05-12,709.0,715.0,681.0,682.0,118376,697.2946635133181,750.7827721889123,40.9449960507439,682.2941419138338,710.1988994796324,-27.904757565798604,-34.50150528202332,6.596747716224712,689.0550000000001,24.49076034151083,738.0365206830218,640.0734793169784
2026-05-13,680.0,687.0,671.0,677.1,37540,695.3713622263355,747.8932517109157,39.77980249502646,681.4950431578594,707.7471291478078,-26.25208598994834,-32.85162142360832,6.59953543365998,685.8100000000001,21.182537495231845,728.1750749904637,643.4449250095364
2026-05-14,643.3,650.0,584.0,626.0,600022,688.7645658238273,743.1131241928406,30.145349414398382,672.9573442104963,701.6917862479701,-28.73444203747374,-32.02818554638141,3.293743508907667,680.505,22.239023904177863,724.9830478083558,636.0269521916442
2026-05-15,626.0,648.5,626.0,631.0,129221,683.2631786025104,738.716531087239,31.883746495947534,666.5023681781123,696.4553576370093,-29.952989458897036,-31.613146328884536,1.6601568699874996,676.405,23.45828268044921,723.3215653608984,629.4884346391016
2026-05-18,631.0,644.0,631.0,636.9,44963,678.8476377832237,734.723725946563,33.97183814943391,661.9481576891719,692.0438496638976,-30.095691974725696,-31.309655458052767,1.2139634833270705,672.49,23.175052376028372,718.8401047520567,626.1398952479433
2026-05-19,631.0,635.0,629.5,633.0,94579,674.4811960895834,730.7345602231685,33.246334088311954,657.4945949677608,687.6702311702757,-30.175636202514852,-31.082851606945184,0.9072154044303318,668.89,23.449764896141176,715.7895297922823,621.9904702077176
2026-05-20,630.0,646.9,630.0,645.0,62593,671.6734631286707,727.3724206065737,37.65800225873921,655.5723495881053,684.5094733058108,-28.937123717705504,-30.65370602909725,1.7165823113917469,665.99,22.579657822219307,711.1493156444386,620.8306843555614
2026-05-21,660.0,660.0,631.09,640.0,45270,668.6569428307021,723.9460511710217,36.57340972343986,653.1766034976275,681.2124752831581,-28.035871785530617,-30.130139180383928,2.0942673948533113,663.23,22.19160818156951,707.613216363139,618.846783636861
2026-05-22,635.0,645.0,630.0,641.4,50050,666.0610435134923,720.7089511250994,37.11950447687074,651.3648183441464,678.2634030399612,-26.898584695814748,-29.483828283470093,2.585243587655345,661.05,22.081726191107496,705.213452382215,616.8865476177849
2026-05-25,641.0,661.0,640.5,653.8,111322,664.8933250836359,718.0850706888209,41.89164834494899,651.7394616758162,676.4512991110752,-24.711837435258985,-28.52943011382787,3.817592678568886,659.59,21.512026012395765,702.6140520247916,616.5659479752085
2026-05-26,659.9,660.0,647.0,653.9,44432,663.8463417423372,715.5680090931809,41.92992314861456,652.0718521872291,674.7808325102548,-22.708980323025685,-27.365340155667436,4.656359832641751,658.4300000000001,21.14043518946804,700.7108703789362,616.1491296210639
2026-05-27,659.8,659.8,648.0,650.0,66358,662.5276425287814,712.9967146189385,40.80117670686235,651.7531056968861,672.945215287273,-21.19210959038685,-26.13069404261132,4.938584452224472,656.655,20.218164709256563,697.091329418513,616.2186705814869
2026-06-01,645.0,719.0,635.0,674.4,379125,663.658343240326,711.4831179672155,49.88998181442512,655.2372432819805,673.0529771178453,-17.815733835864876,-24.467702001262033,6.651968165397157,656.415,19.963342062788254,696.3416841255764,616.4883158744235
2026-06-02,675.0,699.7,660.0,693.0,223778,666.4527867412473,710.7582898116384,55.49882153692486,661.0468981616758,674.5305343683754,-13.483636206699543,-22.270888842349535,8.787252635649992,657.51,21.362778746913367,700.2355574938267,614.7844425061733
2026-06-03,693.0,697.0,668.0,669.5,138255,666.7429975277953,709.1403176621624,48.16369121447486,662.3473753675719,674.1579021929401,-11.810526825368242,-20.178816438953277,8.368289613585034,657.9849999999999,21.526049702385542,701.037099404771,614.9329005952288
2026-06-04,670.0,679.9,663.0,664.3,81024,666.5103310965767,707.3818738322736,46.69308365612997,662.6477791571763,673.4276872156854,-10.779908058509136,-18.299034762864448,7.519126704355312,658.43,21.561761962962738,701.5535239259254,615.3064760740745
2026-06-05,631.1,679.0,631.1,661.0,79072,665.9855376588075,705.5629768192433,45.738628673474174,662.3942746714569,672.5071177923013,-10.112843120844445,-16.66179643446045,6.548953313616003,658.7700000000001,21.545156984199075,701.8603139683983,615.6796860316019
2026-06-08,661.0,663.0,642.0,647.0,102326,664.1773912151116,703.2663894929985,41.83193280060491,660.025924722002,670.6177016595382,-10.591776937536224,-15.447792535075605,4.856015597539381,658.0649999999999,21.695070383556427,701.4551407671128,614.6748592328871
2026-06-09,646.0,654.9,633.2,646.0,110360,662.4462110993867,701.0206487285673,41.55887980541558,657.8680901493863,668.7941682032761,-10.926078053889796,-14.543449638838444,3.617371584948648,656.4649999999999,21.324319573277332,699.1136391465545,613.8163608534453
2026-06-10,645.0,653.7,635.0,644.0,42478,660.6894290899213,698.7845448568588,40.982704936180724,655.7345378187115,666.9575631511815,-11.223025332470002,-13.879364777564756,2.656339445094755,653.4649999999999,18.289492957205887,690.0439859144117,616.8860140855882
2026-06-11,644.0,645.0,635.0,638.7,57304,658.595197748024,696.4282881958055,39.42290236886273,653.113839692756,664.864410325168,-11.750570632412064,-13.45360594853422,1.7030353161221559,651.3,17.268194066430254,685.8363881328605,616.7636118671394
2026-06-12,638.0,640.0,635.0,636.9,69283,656.5289884386884,694.0938455214603,38.88165589151856,650.6194028169473,662.7929725233038,-12.173569706356488,-13.197598700098673,1.024028993742185,649.29,16.426131299663783,682.1422625993275,616.4377374006724
2026-06-15,633.0,639.8,630.0,633.0,47015,654.2881323969086,691.6980084421874,37.674749339105986,647.9087254604938,660.5860856697258,-12.677360209232006,-13.093551001925341,0.41619079269333525,649.64,15.9720611331855,681.584122266371,617.695877733629
2026-06-16,663.0,663.0,628.3,630.0,55529,651.9749769305364,689.2784786993566,36.73026600838048,645.15353692811,658.3204496941905,-13.166912766080486,-13.108223354756372,-0.05868941132411365,649.5899999999999,16.034925696908385,681.6598513938167,617.5201486061832
2026-06-17,658.0,658.0,631.0,632.0,49120,650.0725981752472,687.0322638484014,37.84889533882197,643.129915862247,656.3707867538801,-13.240870891633108,-13.134752862131721,-0.1061180295013866,649.345,16.274664682457388,681.8943293649148,616.7956706350852
